Detections,X,Y,Energy Per Nucleon,Z,Height,True X,True Y,True Energy per nucleon,True Z,True Height,Phi,Epsilon,Guess Log Likelihood,True Log Likelihood
4,43.61209417131829,25.21070350743031,1810.5633584954114,28.0,41010.644918722704,50.64570776670439,20.741050706130352,1853.6637749669874,26,34261.21351780854,1.3845702391263597,1.9322676739901876,0.9227981889004431,19.977073763242462
4,30.472029159013914,84.73366517999335,424.1837629215876,23.0,26008.006824871343,16.996126986607038,98.24889075476531,377.87116460404104,26,25990.285948569464,1.9434238601897769,1.9273640725322803,0.0020451946075035034,16.29817853765019
