Detections,X,Y,Energy Per Nucleon,Z,Height,True X,True Y,True Energy per nucleon,True Z,True Height,Phi,Epsilon,Guess Log Likelihood,True Log Likelihood
4,1.3453256695624418,-26.104038998876945,250.57494593323094,29.0,24737.858235783544,19.568536974483408,-21.133819494769824,239.2360654022552,26,23471.091048642265,1.7933311985068734,4.939653583819948,0.12611065599291899,3.799014432458537
