Detections,X,Y,Energy Per Nucleon,Z,Height,True X,True Y,True Energy per nucleon,True Z,True Height,Phi,Epsilon,Guess Log Likelihood,True Log Likelihood
5,43.04408140859323,10.817151763870584,769.6040048296207,28.0,39805.940932860394,32.67043618656709,5.07344401808183,780.6542034004369,26,32451.83785306478,1.5756731002883921,2.851263278305408,2.8987882833987872,104.19982172964254
4,43.436721435507536,94.92528926578757,774.7104962106735,22.0,26382.877369244405,25.84824035602719,64.63131675483925,726.7174026583651,26,28744.849345748353,1.701294270217697,3.1669261935894273,4.091526049376769,14.851271116599706
