Detections,X,Y,Energy Per Nucleon,Z,Height,True X,True Y,True Energy per nucleon,True Z,True Height,Phi,Epsilon,Guess Log Likelihood,True Log Likelihood
4,13.893225163033947,116.95267998618323,1045.6213767002787,23.0,34169.979078003635,12.566962570239468,61.68799258692127,860.6622653938697,26,32849.45630263002,1.768197579467891,3.065005788871788,1.2017731912228982,6.91009790850383
4,-3.8077446605487353,-19.144227045672153,1996.1335552065489,28.0,35734.33290417584,-0.8576560599603056,-23.198386971670104,2222.7196189319134,26,34886.94861755513,1.8982281100534517,1.5831129985381769,1.435138642160293,9.314640864163112
4,57.956649427398645,-4.71991895681316,1266.9613564112678,29.0,38035.930840659305,56.43383261889028,-6.146597434879936,1344.2873208180617,26,35441.917909185526,1.93705742603689,1.6102345189572196,0.8094504339604712,3.0870104279736506
4,33.61688494572576,-84.82497470151745,768.7459983124171,23.0,30707.28191604698,28.8779664669064,-68.65145952316266,755.2668987272842,26,34085.21322686729,1.8816737194709476,4.570025245134569,0.5519802288136515,1.6255912035933824
5,31.950929900266146,6.434533933510181,615.2060622901581,23.0,55049.2178311631,33.095238655611325,-0.4743941466709316,635.7588933183033,26,23929.4052904984,1.900812214065712,0.9648140895258346,2.005129360028476,15.770269725657487
