Detections,X,Y,Energy Per Nucleon,Z,Height,True X,True Y,True Energy per nucleon,True Z,True Height,Phi,Epsilon,Guess Log Likelihood,True Log Likelihood
4,-48.395509654903975,-15.570016154412883,492.3020119266266,29.0,33239.03036067067,-35.693514208405006,-31.667153994648658,495.24453342398715,26,29129.56321498408,1.5350736631570945,3.43276966096153,1.655680393126517,5.419042470246825
