Detections,X,Y,Energy Per Nucleon,Z,Height,True X,True Y,True Energy per nucleon,True Z,True Height,Phi,Epsilon,Guess Log Likelihood,True Log Likelihood
5,35.06657532851369,-19.29140041286422,3408.9888355308008,25.0,24657.65828431797,33.00372727812433,-14.170077647397306,263.53126353711644,26,19038.061357471663,1.7665832088525075,3.168929725014576,0.09105734194323722,2.3860519984728894
5,19.654292016095383,20.79389158084416,441.63370134816915,23.0,27414.65012505866,19.70721333940378,15.993309704110658,439.6500941258864,26,28479.540365585064,1.744818918998178,1.3278875622560942,0.5410613018357284,1.8277526461030007
4,194.36300544895806,37.713541484996995,583.35585188701,29.0,25217.699087358542,101.7449677591116,22.47980048213256,478.6598440312324,26,23497.717340368228,1.9099207076651243,2.8406301781352763,0.9697779295406894,23.551189535904058
4,22.987385853545902,1.3861897109480878,857.7847110075821,28.0,35740.467936862435,1.9836426978830275,-12.00199937641537,867.8719866518841,26,33841.154167032495,1.4772000618345824,5.785961392942598,1.533488863133591,5.207057009186883
