Detections,X,Y,Energy Per Nucleon,Z,Height,True X,True Y,True Energy per nucleon,True Z,True Height,Phi,Epsilon,Guess Log Likelihood,True Log Likelihood
4,9.415503126181306,-19.028927076346463,279.7788735082254,28.0,24700.48210231874,2.2844650017992763,-19.71669318263693,306.74236331121955,26,25984.072699959885,1.398660123119379,3.6232612974928484,0.0017683951079041451,1.023087522553563
4,56.219908661323984,-3.169553223724165,399.9512224481855,22.0,29276.962242599315,99.28167403760577,17.663257622103288,401.9754279561757,26,23959.525399238442,1.7863600129816763,5.205502062220594,1.2823610708980502,8.623452022876396
4,-51.85207407635002,34.826988749831685,564.98577143673,29.0,31122.024325344144,-69.79795658652567,36.05416448239603,557.3625875576251,26,28650.77913621387,1.2848970389192713,2.117470268992515,0.793190341372464,2.8249922359608886
4,80.66066781002354,84.55814976796557,405.3611324807317,23.0,25520.622998463805,49.879987876014894,86.31214396662216,403.14607876864596,26,25904.280998840728,1.2621822875813282,3.587755780468804,1.2844203936656875,4.391003171508887
4,-7.662813678262296,10.21785186673145,1743.5827277040883,29.0,62485.43440738007,-27.77128823640996,11.714990165546567,1988.832080555967,26,35473.62139441669,1.533381190029938,4.066175559563845,2.068574288826401,5.823606261946005
