Detections,X,Y,Energy Per Nucleon,Z,Height,True X,True Y,True Energy per nucleon,True Z,True Height,Phi,Epsilon,Guess Log Likelihood,True Log Likelihood
4,24.16700945916284,34.28800514601397,590.304342935497,24.0,28638.3192379236,15.043340956488493,35.362308230277876,596.011995970594,26,30578.184220895717,1.5757264866680978,3.0951567915152607,0.5120211486059003,2.763635549190025
