Detections,X,Y,Energy Per Nucleon,Z,Height,True X,True Y,True Energy per nucleon,True Z,True Height,Phi,Epsilon,Guess Log Likelihood,True Log Likelihood
4,16.06512576558447,23.280079445887566,304.55160776819736,24.0,25008.63151497863,2.967942622772995,36.971928629969796,291.80815189789683,26,25190.44957642733,1.4891043935880979,0.6774507497390132,0.015452769189838032,8.63782265873352
4,-31.702350479965048,-94.80141165052555,764.1182236917854,22.0,25054.529515165912,-33.05834357762356,-87.00131855322108,738.8547349824382,26,28920.162814177136,1.6050558526381737,2.3247098995928797,1.203142148023288,1.5982859172573078
4,-12.996186335285984,15.847214109922675,653.5270940322284,27.0,27122.74350742148,-20.819333458006298,3.803118580186151,673.2112409156972,26,28962.025574071053,1.5016800152443326,0.2760262644357264,0.8037502250762092,2.1297360395152647
4,-66.63186069489205,-89.22036004441415,1406.0027802104203,22.0,29934.36939569152,-84.55718950628332,-74.42213553648824,1365.5558962429463,26,30973.927780076025,1.7787209731793834,0.02870514390838373,0.19418824823920733,1.6449532146107324
