Detections,X,Y,Energy Per Nucleon,Z,Height,True X,True Y,True Energy per nucleon,True Z,True Height,Phi,Epsilon,Guess Log Likelihood,True Log Likelihood
4,14.62334721459797,-42.61131160689894,302.0579490656772,24.0,25016.061882035327,-5.186872926286696,-60.526976572996475,271.28436125732213,26,25100.251571111392,1.8971393947233381,1.8279101191514744,0.0003898484643146588,1.149298167028159
5,70.19762701537479,85.90686183942637,549.9557107142575,29.0,24686.895395644882,56.076280526169086,28.12397949352828,521.8822441194133,26,25327.410383785034,1.8353680806051251,5.830781307064306,1.6977009407390296,23.226861721603264
4,-49.87856756583889,-51.15439852970948,937.8901914502766,24.0,48530.08773828417,-28.03576376279638,-47.211637431732,916.7053221297232,26,35066.390911995746,1.210143035563249,5.678549450361282,1.2003163612576875,2.9247740480794255
4,-23.05273515214617,-27.391474577135057,423.6772203020048,28.0,31905.933132165817,-26.868189678355776,-41.627387541196256,424.0959669339305,26,30040.719473339606,1.7810817775772316,3.9268518754564914,0.4780216680418849,2.18714086692934
4,49.30897572879962,86.56237683735492,1000.5548877535965,22.0,25006.560059345065,53.34507396337082,84.09638149270305,384.9829955012789,26,24500.979960813045,1.5308554863030792,3.775218553189153,0.046473705896473545,0.24218892552772456
4,-77.29395099506985,41.55786091355503,1714.1408647970075,29.0,29578.11524442266,-70.87760187980756,36.514155061259146,1593.0572243407526,26,24097.332158453264,1.6040603766069819,0.26537960605211636,1.4913737248646173,10.457281692754275
4,-1.5150150159386726,45.20614036313532,1235.5903787566472,28.0,34974.0652064508,6.921586976403688,53.98222476866147,1271.392881279316,26,30830.22005980604,1.5552669732745283,2.771760713812465,0.7732756077583782,2.1436363651719255
4,6.241069749987503,-36.064495779902245,451.4091311633405,22.0,28883.073095372914,13.172255600645173,-79.56372425961989,259.9863190183288,26,23214.31926212324,1.2165133509370774,3.178413197458584,0.09141757187287486,2.0441159485867164
4,-112.00633249512066,-32.702325211560265,1795.866685239959,24.0,26872.871850833595,-85.5610328560803,-11.215057734024185,1416.1970995423424,26,31953.157721293184,1.5210023422596388,2.4689927836316015,1.7426711369324481,4.037443444534367
