Detections,X,Y,Energy Per Nucleon,Z,Height,True X,True Y,True Energy per nucleon,True Z,True Height,Phi,Epsilon,Guess Log Likelihood,True Log Likelihood
4,-25.274470374901796,-8.867440060997922,1463.0215990493687,29.0,36636.85133641411,-26.87155972558635,-16.36751413174889,1471.2740119179568,26,36397.31812116911,1.7566147901656188,3.941173419060575,0.8525151995157707,1.6525452826945122
4,-22.899338872671535,-56.129339706834855,335.2459906987377,27.0,24767.213923055184,-21.067446603776546,-57.539546369676955,311.608760376949,26,25565.426816661482,1.8608204310055212,5.533189325889928,0.005843203108001021,0.2444841646138373
4,36.01467064283747,-73.10521457810816,2313.5823717185144,29.0,30967.329736962176,31.655874610936394,-64.74810140107319,2113.6310326291273,26,29711.024355038906,1.7937661653994486,1.8424748040525543,2.3217817080897563,2.843713801466261
