Detections,X,Y,Energy Per Nucleon,Z,Height,True X,True Y,True Energy per nucleon,True Z,True Height,Phi,Epsilon,Guess Log Likelihood,True Log Likelihood
4,-26.210990633531424,2.2885605150887613,292.0535785801099,29.0,24930.466064045788,-27.782718884985158,-9.316949181729399,322.76017080808026,26,25031.512534480527,1.510561438980809,2.778329340634721,0.0887600689774347,0.5126958945565224
5,93.11250999464698,19.7982787158856,669.5765918671178,29.0,29173.721264386448,84.09205813543687,13.962695091088193,654.4720563949221,26,28062.150754034155,1.1894983627104276,1.8889619487517262,1.0620780727511425,3.6407206918263864
4,15.455549292282058,18.95358423095479,527.9367672280346,27.0,29195.41689040156,14.863298309352047,25.413555754238615,546.8565982753408,26,31091.72294161832,1.487585050774848,3.3140459936348026,0.1502052453641731,4.11630193398082
4,-22.70885256803564,-12.900289645900898,962.3506586822604,27.0,37474.05743156208,-18.13380021260693,-16.321339233416836,898.2471289065726,26,38187.150725473904,1.268435927903805,0.021179063287262163,0.5152780485134862,2.1295459327897324
