Detections,X,Y,Energy Per Nucleon,Z,Height,True X,True Y,True Energy per nucleon,True Z,True Height,Phi,Epsilon,Guess Log Likelihood,True Log Likelihood
4,-34.38975354512013,-24.81377422488913,1674.7615208598124,25.0,47059.65666959669,-43.25476356158488,-21.9931099663751,1751.3004249013488,26,39458.18605478238,1.9399465266316391,0.797570644166574,0.8547476603897817,177.12546105056768
