Detections,X,Y,Energy Per Nucleon,Z,Height,True X,True Y,True Energy per nucleon,True Z,True Height,Phi,Epsilon,Guess Log Likelihood,True Log Likelihood
4,-84.40756008032699,56.817797122542515,301.46434172233035,22.0,25015.16482391633,-81.6891824256533,47.23443362634558,329.56531398587583,26,24662.330831962994,1.7625356786793576,4.972653654806497,0.3451002198923633,9.290850485121805
4,-63.51429190817072,123.16782016073086,1223.1453968713577,22.0,21258.246743580195,-58.827042127682034,117.71705397135827,1092.0667331246038,26,23532.35972308587,1.3403117037971395,4.780259745548939,1.3349981250857508,2.1417726092802263
4,-5.437276524160438,36.46297441181724,2315.9756976040117,23.0,33373.755473581645,1.5985984035808656,32.1388007879373,2417.9578045689755,26,36208.52655186614,1.4700347544606565,1.1517318853388756,0.8516304037928561,1.7798292124008352
4,-278.55195213215825,205.58136475672325,1579.3903172762218,27.0,17500.109457177798,-68.0698889609198,45.657437335195596,467.71534591578,26,24857.757959446244,1.3160188315410675,0.5737102782587161,1.8247090434087863,11.986618490111624
