Detections,X,Y,Energy Per Nucleon,Z,Height,True X,True Y,True Energy per nucleon,True Z,True Height,Phi,Epsilon,Guess Log Likelihood,True Log Likelihood
4,-8.956101451983898,22.187674614696334,1457.4707368793256,29.0,36052.64128589316,-13.945716467007713,20.06678035678553,1486.323055115893,26,34394.53930118418,1.4220120663188447,4.909857853189164,0.42121819258848603,0.8092863802930149
