Detections,X,Y,Energy Per Nucleon,Z,Height,True X,True Y,True Energy per nucleon,True Z,True Height,Phi,Epsilon,Guess Log Likelihood,True Log Likelihood
4,45.31565366755075,-7.579110255941146,2296.7747036876654,25.0,41305.04144614695,30.305967639135588,-16.527786615094612,2297.2953339263963,26,37696.120382480454,1.8416466778093408,5.0700994179212735,2.6840471515614057,12.227896103472661
4,63.04072369559901,-7.962778925343571,1158.659788498461,27.0,35896.07354857717,54.38051430714157,-11.40653009435323,1174.7012194844144,26,33994.1037423724,1.5162449331621788,1.891643301093708,2.60337398556335,3.515474007742811
4,15.66328859254071,-88.19778408972493,235.81059610011806,27.0,24930.05182811244,47.1383539800016,-89.4916947737483,327.09935952082884,26,25734.437044007595,1.2089144839785562,0.2391672028339759,0.2815723306446424,28.078164490198986
4,-76.95881634361552,6.40281052389895,1987.2203800203617,29.0,36951.38806606029,-65.00877101299257,4.841000117737053,1622.3477073644071,26,28655.72601933711,1.5013149503826264,0.4452803158730267,1.4484848474660925,12.057008337434619
4,-58.73858441232434,17.15272044648384,344.0761934738759,23.0,25005.776548070004,-56.09185927768176,21.63376456443288,390.585072565092,26,24792.11458305753,1.9319253383798436,5.833120012375384,111.16297183767465,5.5254447184693625
