Detections,X,Y,Energy Per Nucleon,Z,Height,True X,True Y,True Energy per nucleon,True Z,True Height,Phi,Epsilon,Guess Log Likelihood,True Log Likelihood
5,-61.0609867631068,-17.134743783602858,238.46466523923414,26.0,19576.556556187126,-53.602467188157235,-18.632378738369653,345.5096517672052,26,23967.759071178156,1.5698701137339273,0.5372457979605294,0.005727513110729881,0.4199304919437999
4,-17.947619769119,18.821920692987646,1720.5361606096642,22.0,36804.98869100415,-26.051707510483965,16.07494689224336,1562.2284870241376,26,34778.168966293495,1.6807762596683693,0.5861803567222993,0.9155828137110374,11.775437385463508
5,2.367160850719813,61.706774357179256,1205.421376755445,29.0,37932.95601228849,-4.346901899421539,31.859638564262895,1109.476020326278,26,30275.377600375687,1.3910285106447733,2.827201443806689,0.8866228751395666,4.536236283325232
5,39.96502494915495,-31.557966964998172,954.6855632679857,22.0,37333.95841585923,58.73992175719508,-26.44290107989437,1088.717630278073,26,29355.24929183904,1.29830978514057,0.21134861599882104,1.333143568111454,5.062335383094296
5,57.57887210856779,26.133261154342335,341.0472805473949,22.0,24899.495481739275,42.638981538623966,35.22855362611955,279.87824193705364,26,23677.01498286266,1.225571356792184,3.7765411904582304,0.050812707432389415,2.476651017699129
5,-23.840197901696797,78.9252265483878,348.3070344455953,29.0,23833.839802173723,-25.868253499817072,78.70003910208663,334.3252070437271,26,23720.071521484802,1.3132513053134751,1.6004072973914254,0.11120988512883026,0.8189437408365468
