Detections,X,Y,Energy Per Nucleon,Z,Height,True X,True Y,True Energy per nucleon,True Z,True Height,Phi,Epsilon,Guess Log Likelihood,True Log Likelihood
4,71.13920157688972,-84.43632428052575,996.1262172867995,20.0,29608.344107344084,41.26396790893497,-73.94491523141676,912.6508048724199,26,33691.155298719066,1.5347184419130349,0.24414856613741182,56.61355068052734,59.648404943083335
4,31.82129195461937,3.1388505936885736,1251.5015618948278,26.0,35111.18434625938,28.30896839153837,-4.298726701852814,1350.0533525526926,26,34359.444415882564,1.862880796506315,0.7777153170037516,62.65508350285932,66.4541166431308
4,-59.65189924731604,-88.17223415316826,794.0949587732129,21.0,26550.720482710632,-37.67415094918269,-56.27084867185911,724.2264621131536,26,31466.377765837362,1.3062210427854135,3.5499013206955228,59.18204561918193,61.39600613939808
4,7.162783949879156,-62.330901804163176,1460.6797535048177,20.0,29387.382965587487,-9.18472010882985,-50.232980611786545,1403.086728114697,26,33947.61704158975,1.889856325767214,0.8685372385608281,64.931319253144,68.40025533957905
5,119.67917614885584,-18.766381303272794,658.9856142007013,21.0,17587.177435434885,98.34016598468332,-14.430858512362448,607.6058685937037,26,22308.99268409466,1.446224215444264,4.564554989806761,64.41242683783332,65.52927054509479
4,-5.065661081925441,44.530573876779044,454.13659921317577,20.0,28634.730482168314,-2.0307226923453072,38.25353507643044,451.17181164826985,26,30574.65802647833,1.7627936075552473,1.1510211413014362,50.36555217585145,54.29537893223203
