Detections,X,Y,Energy Per Nucleon,Z,Height,True X,True Y,True Energy per nucleon,True Z,True Height,Phi,Epsilon,Guess Log Likelihood,True Log Likelihood
5,-88.76773879880881,-27.404947853420254,515.2676152951207,25.0,27489.958756766413,-51.03669693642276,-19.6179930234764,495.4803750243907,26,24101.77102632814,1.9480138672198164,3.0367376154055608,2.0655713945246474,5.229313657933989
4,51.176390384883575,40.398375124470306,1598.1541828491156,24.0,30501.19023356142,47.39767631903456,39.87334863568475,1510.083121289791,26,33881.03539876235,1.3750592869481257,3.752578409683492,1.9896562386550953,5.01869295527467
4,13.416201648979722,-27.17554376395418,755.3742145509983,28.0,34187.02780337795,12.690559587302118,-25.573213932484833,791.272653817742,26,34934.042490870816,1.9175901620103915,1.9672013923128646,0.9567424617283296,2.46057219056759
