Detections,X,Y,Energy Per Nucleon,Z,Height,True X,True Y,True Energy per nucleon,True Z,True Height,Phi,Epsilon,Guess Log Likelihood,True Log Likelihood
4,60.18542094937965,25.377174073591732,777.8649831056767,27.0,29826.49209982343,56.310678808986836,20.03108583665363,841.8958412507044,26,28440.762805562295,1.4897214239650833,2.5169935921479483,1.2932546160273177,14.22137056301475
