Detections,X,Y,Energy Per Nucleon,Z,Height,True X,True Y,True Energy per nucleon,True Z,True Height,Phi,Epsilon,Guess Log Likelihood,True Log Likelihood
4,-32.45863099478686,-13.504797020253022,1836.7703259414245,26.0,33984.66096955196,-30.565949105738667,-15.420869585177059,1711.9373544050209,26,35991.63276876828,1.459247967922734,1.751636625703251,0.2816764694309429,0.8992092520019696
4,-169.47434560487125,-114.49244121360385,2833.4661046762126,23.0,25305.556226554167,-99.63594031806059,-76.6485346151773,930.5004753649134,26,25321.24053366205,1.2987853326137704,5.647947534692311,0.9870366576096544,8.855509232394713
4,42.66687328629797,-66.68027220070746,675.5337388179664,29.0,32047.468797146925,43.01287017997822,-68.48316668361335,702.1471695793444,26,29418.03223143169,1.3605678627552569,1.5926377237195344,1.0307776080133955,3.5361654084174
4,-67.31526682758056,-18.17410266657828,1345.1670305194057,24.0,36849.319383662434,-34.86253067206496,-27.656413229455083,1266.7869546996858,26,39593.614204782956,1.8847627830496156,1.089104470581823,1.722723920302189,6.339808252397866
