Detections,X,Y,Energy Per Nucleon,Z,Height,True X,True Y,True Energy per nucleon,True Z,True Height,Phi,Epsilon,Guess Log Likelihood,True Log Likelihood
4,-37.98087796307135,42.049795769669345,420.52708411371765,29.0,24805.206918012813,-35.55177907137883,43.6805500516551,368.3223504945079,26,25957.653789277178,1.302871526797525,1.3813377623143195,0.022491815393205918,0.7111370717908261
4,46.23259688910065,6.451584923954613,281.62562306553684,29.0,24977.72338075933,42.106206181614255,7.389780631372588,363.9697788621901,26,28195.33801218353,1.918206281621519,0.58869452722796,0.00047068848088155726,0.8608945645332123
4,57.00457681522374,12.59194295482149,1385.816856859077,23.0,28995.464476606474,64.30889282115791,17.369039413242803,1387.4318476053645,26,28370.01054368187,1.2479894201124284,2.803581276312203,1.9148264901168643,5.2258031163926235
5,-24.53543861411964,-49.14224463675825,2171.6919856463137,25.0,51421.79576162026,-34.5752470832232,-50.7267003966018,2176.8805284551477,26,29497.738047443076,1.190551686314791,3.324227933162395,1.6071408132081917,21.77875812042623
5,-66.11106922368543,-18.360767335615094,995.3122023211665,29.0,34927.90078433103,-54.18058440529528,-10.742526030990433,990.234529964823,26,31304.83270053933,1.2291163582437807,0.12584792278691748,2.0228963687447914,3.3501216347282625
