Detections,X,Y,Energy Per Nucleon,Z,Height,True X,True Y,True Energy per nucleon,True Z,True Height,Phi,Epsilon,Guess Log Likelihood,True Log Likelihood
4,1.716913003562297,44.57372609849983,654.1819670596782,26.0,32130.584075048642,-8.548257108308519,51.82845085273672,651.4789701542225,26,30927.345646399335,1.5702245823472853,2.2835905119939817,0.9122589326454857,1.9737254307568244
4,6.975635481952395,-2.2241404988906197,541.8935094239212,24.0,33151.97428303676,2.008318988854768,7.34167485007444,545.9857016289524,26,34147.31608261535,1.8748340896240692,1.1572941118170132,1.4600809043178828,2.8002300667691054
4,12.452770357944985,69.10655946977226,873.7592840326706,27.0,32339.311392699477,7.294538057672128,57.25822774905086,833.9145804820524,26,33858.661646623295,1.8922115397459234,1.4784411748807529,0.4673921723803138,0.8634926290421422
5,14.793279581425509,-20.29627068090042,494.54849471372677,27.0,52190.184206755504,-33.35540021141307,-14.044272425667316,506.4158252626957,26,31709.437543207,1.5787618640749022,6.257425940455091,2.1264965447445934,7.799641777203491
5,-20.268505802479012,78.11648359064321,663.1824930008256,26.0,23804.951284680654,-23.621503299939988,72.71369476749706,644.5922593469732,26,25789.175861907985,1.4186627353288346,3.275817555472719,0.8831725149619752,1.5614119945546738
5,47.264825695089655,-14.43565953051717,638.1981830640657,27.0,25544.657549838885,53.49670125567246,-17.620169450803616,642.1171668630773,26,25943.795584430747,1.6969910314013057,1.8288598872789188,0.6347890856027838,1.4082129630677518
4,23.281003704186674,29.296020530802934,464.0934383883756,27.0,29598.15052921036,24.58591849640348,42.801443886716584,471.24543056813843,26,28219.30035481583,1.4900469218326755,2.3741372828616183,0.3322473088658383,3.860516936962798
5,-40.44420851924514,7.6808312133817935,900.3462940015422,24.0,38780.15422169021,-47.218298022770284,23.183592733604684,908.2133549530693,26,28656.02543845099,1.7845069242015654,2.87844528271445,1.546363787989638,3.5070055476066972
