Detections,X,Y,Energy Per Nucleon,Z,Height,True X,True Y,True Energy per nucleon,True Z,True Height,Phi,Epsilon,Guess Log Likelihood,True Log Likelihood
4,-15.075229141514285,-24.800573553037054,1919.3008748147618,29.0,27165.85310340143,31.12799263802657,16.65534803920187,380.62670969811643,26,24931.735461198463,1.3860631987177154,0.9503474918838002,0.004696332364518703,0.8239672430229936
4,52.05612094498264,-2.8549282638895193,3317.7104278808442,22.0,36526.993089635725,53.19023463272791,-2.2824606918570964,3025.567512411997,26,34051.09298232899,1.9388783355035297,1.8265371712852063,1.0310872289140078,4.004651093941299
4,20.779328696072866,18.53699845550466,2019.8995044440596,27.0,28698.022390133432,24.607505805604262,6.988750906717598,2070.3582974853603,26,25877.509462819282,1.904439448875266,5.909664523259712,1.6746782416478068,3.559578719018092
4,17.892311350958835,-18.003566756316047,478.46807205974653,23.0,30430.681105713127,9.756734297019932,-19.58654712003596,475.93883285578664,26,28858.417003376595,1.870683768887453,5.614485798236219,1.2179753560979556,7.889160763576658
5,-95.40632504127319,27.319202471546305,488.34144495826627,24.0,24019.889453098323,-97.23907477420934,26.71296546764762,488.4663371736625,26,22919.158627285862,1.5451808553314006,5.695388286347739,1.0826039883749334,1.6852131604547012
