Detections,X,Y,Energy Per Nucleon,Z,Height,True X,True Y,True Energy per nucleon,True Z,True Height,Phi,Epsilon,Guess Log Likelihood,True Log Likelihood
4,-81.47358712910909,-34.99775879475504,566.0015695020099,25.0,27716.210580643183,-75.88053544799521,-34.95275693648911,579.2625546980911,26,30105.035384282422,1.824029031728465,0.30317092883674895,6.2588416575226775,7.828864245474255
4,-30.661897766718766,122.98761621420135,518.0251675893969,22.0,18303.782832314988,-30.14993200056692,92.61445335612655,492.41784626417433,26,24293.036513859584,1.757212146447183,2.046936544673644,1.0214532710641764,2.3179983915471096
4,39.8568102542348,-45.337153974417106,940.1415133036056,25.0,36725.0985844322,57.87264984638034,-35.94612279459437,982.1146329096765,26,34277.83969256901,1.9259553162805292,1.8478119845753578,0.6715538466266077,2.4405060155007927
4,37.457891269218635,92.4785433656516,425.05166201452903,22.0,23161.470187677332,29.93142656037341,62.90250501684608,420.0947532943451,26,21842.67153930923,1.7522926020490537,5.314362893127675,0.9361188554325911,2.2211742310495386
5,-23.641682918328343,54.800447144142424,3495.8630890019235,23.0,40903.58020006619,-23.788128106223297,53.162014222870994,3174.6793149136392,26,25480.559841796283,1.9259249483776208,2.721513579655215,0.9354293731632836,8.561106391832606
4,50.95871282121209,-4.930432756627852,2757.436832346175,29.0,33162.21190727307,52.80407749544756,-8.726102038958771,2509.97779789882,26,34632.07883473804,1.3937359353470382,6.134593319351786,0.7751296493950027,2.1728467948055066
