Detections,X,Y,Energy Per Nucleon,Z,Height,True X,True Y,True Energy per nucleon,True Z,True Height,Phi,Epsilon,Guess Log Likelihood,True Log Likelihood
5,30.006070242786677,5.972736458051884,285.4442736925923,28.0,24251.536658766898,36.891536027343875,-1.8943526956531969,313.4032232928835,26,25139.076534527394,1.5437571576644347,3.4505884571472194,0.003061115054219187,1.154462774484963
4,55.78678037657971,36.17052311929257,1042.8915745906447,28.0,31539.04600778015,52.4660589048427,32.484075242214885,1103.373011929739,26,33466.15810890513,1.4664137174467988,5.474830253186734,0.5711908594067505,3.0298556349470833
