Detections,X,Y,Energy Per Nucleon,Z,Height,True X,True Y,True Energy per nucleon,True Z,True Height,Phi,Epsilon,Guess Log Likelihood,True Log Likelihood
4,78.75741881699497,-6.525307814467908,486.1545925609114,28.0,30731.756983866224,50.43218334676081,16.166368056223888,475.51384098818914,26,27967.197837057913,1.718429683445288,0.8125025347935653,1.7402727252274692,3.661277702022975
4,-66.38149611040382,31.486502768937328,545.1674362817264,27.0,25004.468196525555,-51.28663473380121,46.357995570807674,522.9639704579092,26,22581.517743164,1.4276220399507604,5.204240283398322,1.9415695104235509,4.227874180444671
4,-38.85950773089024,52.76072565741248,520.4287979098162,27.0,24474.640121390978,-36.49691577155345,59.91949561741447,539.425857590972,26,25198.71919480324,1.9143545878911925,3.3107717769697187,0.5336222367194411,2.354775875382205
4,-73.46751850360906,-18.903581378848173,1169.9629497366336,22.0,34110.94774642299,-46.96685605174332,-16.546841801029274,1080.4838446884298,26,23982.437081693195,1.9397973174591283,4.509706374276079,0.525025352062869,8.699903142614616
