Detections,X,Y,Energy Per Nucleon,Z,Height,True X,True Y,True Energy per nucleon,True Z,True Height,Phi,Epsilon,Guess Log Likelihood,True Log Likelihood
4,18.304587252456827,-0.8964547726378669,309.53336350183105,23.0,24949.916521416042,16.588531090440455,-6.838891957769391,369.0845840461172,26,24556.19176366126,1.7469889325644226,5.266325096634958,0.08987433500207088,2.8322586361964563
4,1.1380468221258297,-47.56186722372681,844.6240164339782,26.0,39834.03731137613,8.643310027476986,-21.860051579478636,813.2844456311092,26,31736.76440567722,1.3880793072910105,0.26918951245363365,1.4414394633957772,6.286854165593738
