Detections,X,Y,Energy Per Nucleon,Z,Height,True X,True Y,True Energy per nucleon,True Z,True Height,Phi,Epsilon,Guess Log Likelihood,True Log Likelihood
4,131.37164015514662,46.59538151911056,2184.0959075476458,22.0,37353.748531989404,87.97765334992832,50.522826101041716,1347.012901566887,26,27704.223955016478,1.6881619970603274,5.874792859977783,0.8753309332172262,557.115311851967
4,4.89008325678401,-4.468007183051043,1166.266113079123,26.0,32189.719146565698,8.812871037730474,3.902382148548213,1299.0297831641337,26,33757.19731582998,1.2254169919018825,4.488404152733633,2.0849415854712174,5.3497408003277265
5,-4.385295673140206,-55.096061163202535,601.5329270060258,29.0,34311.783922854076,-15.40474315243668,-36.56661721397538,614.6158265653182,26,29044.946441499498,1.6909911512644733,1.7014745962304711,1.488697832998834,13.520429502002875
4,-68.90753863024784,-9.075903644700759,521.2100049069653,29.0,25037.490544736054,-75.35044407802788,-4.431915311057168,364.2400086969494,26,22592.079103121534,1.2073974414932769,2.3624137383243897,2.472358810720074e-06,0.40396454626997297
4,50.57051473070402,111.94941283499446,2118.4618665888474,24.0,46695.71202406194,61.41948690818299,88.00260078374211,1660.3177168649713,26,24800.91383493049,1.8723299221583722,3.58404140552921,1.1645638774674936,2.8054861307865386
5,-27.455729510484275,23.58817445378037,1727.4576881442129,28.0,26212.65503725838,-31.695890431889495,17.779652408168886,1806.2868714966153,26,27505.32271844464,1.7144426606857324,5.969520398842107,4.001204088845217,4.881395214147037
