Detections,X,Y,Energy Per Nucleon,Z,Height,True X,True Y,True Energy per nucleon,True Z,True Height,Phi,Epsilon,Guess Log Likelihood,True Log Likelihood
5,93.98984815308381,-2.853806193940102,1729.4229586856868,25.0,23275.271685288022,83.90259511276037,4.129100182291069,1658.4806580742677,26,25912.191178574503,1.556825386930953,1.6879693210106306,1.4595925565314984,2.3711457982105872
4,-5.191629854394989,-30.337159150979744,405.98309486453763,29.0,29485.229439940846,14.3752064109608,-34.3407519672252,405.75861325988456,26,29487.971234378514,1.2204280795419906,5.244780429250177,0.910853304248883,3.573464455613812
5,36.008561293504556,33.161393258350984,465.20770712656247,27.0,27591.156851435633,33.822183684875995,33.17983091284907,469.2537554897342,26,28147.94616824945,1.2518446581301979,3.8609946599181315,2.976424326486951,3.4763527511044736
4,-80.63230554859476,-1.2513555098250322,1122.8887783817668,28.0,35680.46888824162,-64.73016949347618,19.60423463384322,1176.3570166515199,26,32487.308863584924,1.2441941103549858,2.3237176763678438,5.003465241680681,13.87776705738459
4,-13.522642651695094,-89.08940734085868,1586.7528360890358,24.0,34308.24679795685,-17.20137495429941,-91.19326089965202,1905.5462393539274,26,27844.63814421563,1.5305129336984458,4.235104145787709,0.7256035909960302,18.550521373106488
4,0.9283777920172156,-45.06169663227004,661.6244209642355,26.0,37023.07879059791,-14.327827492348405,-47.13079314221791,675.9160005164835,26,31283.081331053836,1.5896369614777024,6.065215470005796,2.8252473209552855,46.49629196525293
