Detections,X,Y,Energy Per Nucleon,Z,Height,True X,True Y,True Energy per nucleon,True Z,True Height,Phi,Epsilon,Guess Log Likelihood,True Log Likelihood
4,-24.276134852411644,-25.911886326146885,1344.311275612212,29.0,43349.41215177918,-7.016046145137068,-39.85409855484086,1372.4649529048374,26,32674.622071072718,1.332203774053235,3.4133448332456413,2.145781311023663,5.795157252180218
5,0.3075327827779688,70.61353220360678,294.55034672366673,28.0,23411.2632866493,-1.921791383716993,62.9023126177411,290.35865927169016,26,24868.293550512717,1.5408080231511638,1.1719900500243479,0.0037047505948755465,0.9567157631835337
