Detections,X,Y,Energy Per Nucleon,Z,Height,True X,True Y,True Energy per nucleon,True Z,True Height,Phi,Epsilon,Guess Log Likelihood,True Log Likelihood
4,81.49377801961691,-69.99295307444379,2810.1632922837666,32.0,23913.004417530527,83.84416589613804,-65.16669898092672,381.6235322575009,26,21062.884484542847,1.5740794215688778,2.1454174085466633,25.79500072274501,27.023368760293387
4,-75.5505406783499,91.15628911540881,414.711776217625,20.0,22057.76130554883,-54.94115379727779,86.9180388459728,411.36860260076605,26,24350.027519178835,1.5399593071144961,5.99543579715138,46.18228286034918,47.550965996572295
4,33.01616083069865,-39.60140766397393,779.5757924143293,30.0,34076.4825339942,24.129610188250666,-42.257215452815515,788.3366695919988,26,29801.205691984014,1.8577605204777559,0.5549227906610061,61.11993826069375,65.41356695268674
