Detections,X,Y,Energy Per Nucleon,Z,Height,True X,True Y,True Energy per nucleon,True Z,True Height,Phi,Epsilon,Guess Log Likelihood,True Log Likelihood
5,39.99924620952021,16.783406543771378,334.24109227906416,25.0,24502.69813678007,30.82146508883153,23.813988839675915,380.2342115984325,26,24610.62642072253,1.5356229276378213,3.6733623555998545,28.176748879696405,29.82881519927301
5,5.056097019776587,20.354792773623046,1128.027906694564,22.0,30870.75449523724,-8.634248384731592,23.19781826964453,308.9456027901399,26,25610.60302544177,1.4398430761579972,0.3588057809120367,25.10964035147809,28.19507634900424
4,66.18568460650005,15.70060280852283,1685.1611967127762,23.0,31343.17315288143,46.11689786448446,23.623921019726907,1646.029493554438,26,31443.728279187606,1.4531107468974125,1.4139250772308944,66.3439053213695,69.9756385533702
5,-1.9708006927186261,31.986374292579285,1565.2449980578965,23.0,35057.04151983063,2.177960226210331,28.301201954155317,1531.0659422796555,26,31888.7130203739,1.8890612009458003,5.620202024762426,70.62613939347814,73.84622537794502
5,-7.820006667929988,-36.99753316962244,638.240564260599,26.0,29841.262815947557,-0.9521000396155443,-33.676698331864,627.1612426694442,26,29948.488866412743,1.4587721437106127,4.025733446587253,64.71017729650887,66.56529398053563
