Detections,X,Y,Energy Per Nucleon,Z,Height,True X,True Y,True Energy per nucleon,True Z,True Height,Phi,Epsilon,Guess Log Likelihood,True Log Likelihood
4,40.312269577354186,-54.35014865878529,478.01222692082354,29.0,27097.485347606187,40.03211467243776,-70.21600086780703,233.42354158003718,26,21578.92266470264,1.22587296736035,0.6686819845883469,0.027688691590322053,0.5249570019230864
4,-33.7824903361668,46.81236375617095,910.0030513054838,22.0,33056.377447632774,-34.60332819938304,40.23764786456769,912.6464496643772,26,35476.11533556903,1.2285079359383424,2.1756594995681717,2.4717261225040295,6.865790218678016
