Detections,X,Y,Energy Per Nucleon,Z,Height,True X,True Y,True Energy per nucleon,True Z,True Height,Phi,Epsilon,Guess Log Likelihood,True Log Likelihood
4,34.32410779560206,-112.59564581369742,1087.9068629409194,22.0,23993.460818522846,48.65806031691835,-102.84733650035932,1039.6703999314984,26,22667.14699318364,1.7821672056447617,6.1070671905562754,0.5493957690988663,2.595409985829243
4,12.141743074018677,10.633104780549218,425.3417618259723,29.0,27918.56118524749,0.9004256866262494,8.038708790238246,427.00679190505656,26,22941.64403922808,1.4350200073642778,0.06812857794415926,1.3657525705167841,4.235168649861758
4,12.77349246307358,-77.36486561084664,439.9054193617374,29.0,32503.056761979427,41.98541835897066,-72.08816970593045,444.9373967999346,26,28138.760347373907,1.3295209270105939,3.8796465857807827,1.7329193089447814,5.741232194530086
5,-1.7850007905589678,-54.615000596559554,800.9312235449935,27.0,29042.12827765564,-3.032215701263965,-55.72869579838195,812.0031566761725,26,30423.42104820189,1.2475471347311051,3.244691183207713,2.9666351990726354,3.2248502441359537
