Detections,X,Y,Energy Per Nucleon,Z,Height,True X,True Y,True Energy per nucleon,True Z,True Height,Phi,Epsilon,Guess Log Likelihood,True Log Likelihood
4,-38.848262770733356,-26.13729575923253,1616.0131255882955,29.0,44440.47270298555,-35.247854975456065,-2.650854899877089,1554.157621941681,26,37216.3149147489,1.6673003813172809,3.6514263279193497,1.125911288295271,7.779334924170199
