Detections,X,Y,Energy Per Nucleon,Z,Height,True X,True Y,True Energy per nucleon,True Z,True Height,Phi,Epsilon,Guess Log Likelihood,True Log Likelihood
4,14.515231550817305,-19.61935536687463,1055.2602901748219,24.0,29270.63052087345,18.96121262691878,-15.342896946757747,1075.1362938984573,26,32114.51267053942,1.3600144145324018,0.7980476646164979,0.8052184747384176,1.5048656937385851
4,-52.343977184518025,-1.8017151462424863,293.1046203188442,27.0,25015.032504243944,-59.09098805164159,4.267835540741544,328.4757234676955,26,25100.67819210278,1.328966646031219,4.445674624106012,0.00016948958573252443,0.49361624998514136
5,-31.852729335010736,-18.003608839582228,2210.0860178897865,26.0,32294.813228836505,-36.946225226144506,-9.27906302796444,1997.19756947013,26,32334.901137683955,1.6816590130448366,5.806532128982656,0.6336383335595681,2.332174913672514
5,19.581591638365524,-61.8941896006734,412.9289048281047,25.0,27822.18017120663,28.699055765760562,-46.89493800897539,410.77868372336394,26,25820.04701233252,1.203989828445084,6.227411843655935,0.8340392759589498,2.3289106368239905
5,-26.29912378457101,16.855199998400224,619.2869078016336,22.0,34141.5455097095,-3.9762456915813402,23.957794594892903,616.4286347512708,26,34310.7506835194,1.2760519902626515,4.222280666263285,0.7928250613773291,3.5516307824621487
