Detections,X,Y,Energy Per Nucleon,Z,Height,True X,True Y,True Energy per nucleon,True Z,True Height,Phi,Epsilon,Guess Log Likelihood,True Log Likelihood
5,-4.716248069087499,-56.581163415093755,2477.4408013682755,29.0,31838.14184766241,-5.199689334193238,-65.65108731560308,2755.5162613035272,26,30741.315498141947,1.4453879826775256,1.1274634868025464,73.66013193956945,75.76437686119263
