Detections,X,Y,Energy Per Nucleon,Z,Height,True X,True Y,True Energy per nucleon,True Z,True Height,Phi,Epsilon,Guess Log Likelihood,True Log Likelihood
5,-2.3577318079027805,-106.23380946803232,760.0240682867079,29.0,31712.726416725265,18.74134312821326,-97.1218724541473,735.754017135613,26,21083.142945106916,1.8865582375175665,1.2348683314818762,2.5414370185201682,3.5799954356475507
