Detections,X,Y,Energy Per Nucleon,Z,Height,True X,True Y,True Energy per nucleon,True Z,True Height,Phi,Epsilon,Guess Log Likelihood,True Log Likelihood
5,6.32360261092316,-41.13834002359073,1778.572142248532,26.0,26722.55527270101,1.9366261237897504,-44.6208190085829,1718.8387682982634,26,28973.297360659606,1.439182127903868,3.479631795243375,1.967741440190925,2.755640698726668
4,-19.858541697716134,-0.4165761811475477,450.40743175936257,29.0,29861.801742464533,-10.156332350244213,-16.296651623401942,452.50523245857755,26,28475.952482977802,1.4245791815462678,4.269173705255492,0.7295977662368396,7.071718186896662
4,-34.690045663609794,92.67025641551334,1017.5219210137182,28.0,28486.53370662851,-11.240205377163761,71.59333124533254,920.674222244249,26,28173.71332804831,1.2726304655593323,3.17252163675029,0.5630809826870313,3.2129650772169773
