Detections,X,Y,Energy Per Nucleon,Z,Height,True X,True Y,True Energy per nucleon,True Z,True Height,Phi,Epsilon,Guess Log Likelihood,True Log Likelihood
4,-32.74557921536831,27.92113030522205,1802.531197665295,28.0,43390.13199011884,-29.602617818046767,26.0916205085648,1787.7512926330394,26,33564.97699375109,1.2631043033816667,2.744035232893921,1.196197598499681,56.74111776312576
4,-12.728312759884318,-35.09833132975757,492.6179645733924,22.0,28273.51434320023,-19.362777314372067,-31.410063909388754,495.409018522112,26,28891.83636824332,1.4604018997194432,3.993149469185494,2.354570480912597,3.694798783515196
