Detections,X,Y,Energy Per Nucleon,Z,Height,True X,True Y,True Energy per nucleon,True Z,True Height,Phi,Epsilon,Guess Log Likelihood,True Log Likelihood
4,21.349003602442963,-145.38881398158225,841.4781480937694,22.0,24551.661924086056,14.150628546521972,-107.21547869519074,675.0270640521459,26,25131.618729342026,1.947375034175686,4.114735752360338,1.6893224993035139,47.40640345611313
5,-56.955054137065844,22.428299668823684,822.9342830925373,27.0,31051.8388181105,-56.08170033410187,6.529916716963356,818.8624748131258,26,32063.09257671017,1.2277476480214966,4.567942726595995,0.808043231794371,6.65215473404633
5,-66.19434608940153,8.704713993798293,587.4116540611672,25.0,31723.134452427636,-56.00082154147505,16.614855166911838,610.1577827479945,26,29828.96391848158,1.2929917884044138,2.0917800841135845,0.9634211722673727,5.205907386776707
4,-35.27602407274395,10.497393009118014,958.0566528203971,28.0,24512.873242383135,-37.145898452181896,8.942764592339813,339.80912802866317,26,23266.326090615872,1.7609980221954662,1.080747949881104,0.004032827036844702,0.44941670701794895
4,-78.05618232021075,-55.71037615305903,2483.7835355274815,29.0,23658.57123780241,-78.74148914818448,-55.737621695442826,312.9987954216826,26,20602.325628270217,1.3231016212789295,5.477297884369132,0.004401074634548083,0.31699375531214224
