Detections,X,Y,Energy Per Nucleon,Z,Height,True X,True Y,True Energy per nucleon,True Z,True Height,Phi,Epsilon,Guess Log Likelihood,True Log Likelihood
5,35.30113681263566,-39.15690460483029,2314.4798787796217,23.0,48293.45496887932,19.90967724901185,-41.90600174564332,2506.2023669597806,26,33584.04488867845,1.8149849722339475,2.5137227678385132,2.2194328251967512,6.662934458679155
4,25.664329827249162,-31.957780775388642,1001.9397368543068,23.0,40877.64283414166,35.063138656680906,-51.19659593098872,1067.6326064017687,26,36032.138988794046,1.9430219831043944,0.505266269110039,1.3440562956276576,3.5599318855654465
4,-65.25699876320769,15.946003399793312,283.55913548509704,29.0,24117.284397391988,-61.10082135247809,11.425076822608787,255.37577193437414,26,23126.487987908866,1.4326012055235693,1.5688613381141425,0.0002687634336293797,0.4905682567575473
4,-13.13033607563483,-71.50579145951644,1681.9172013317016,29.0,35216.85187406067,-5.403237187359508,-78.75738769023938,1843.6542954692345,26,24210.322170265696,1.855531932650842,0.2167738189904979,0.5293139126927844,4.4522561451580245
4,-50.569361271093584,-22.035680783007194,1343.591238886946,29.0,37832.502471494736,-38.15630212887412,-27.515592493807716,1348.365348888601,26,32456.722436019332,1.3835115402275289,2.695822218056441,0.9471780243400278,1.8695114818926362
