Detections,X,Y,Energy Per Nucleon,Z,Height,True X,True Y,True Energy per nucleon,True Z,True Height,Phi,Epsilon,Guess Log Likelihood,True Log Likelihood
5,2.116183237534301,44.20426384755058,604.0602896488258,23.0,32093.33014898954,2.953100236514331,48.61411354443729,602.3856145622561,26,24954.37495178966,1.7818778489248843,5.789213925190041,1.4586644234642105,3.29759630045224
4,-25.20499519082557,-57.579831869660666,311.510605677498,27.0,24989.383524749253,-22.769708605403935,-61.10973919271669,283.9947753646144,26,24283.566559896994,1.517664616958326,2.596183695176216,0.0022946227489095724,0.04482699589090218
4,-16.410650240186328,4.241695838161377,1625.4630891908184,29.0,39683.386106365055,-12.480030113382526,4.874060848708439,1475.035209226742,26,37522.504845485004,1.3079357118590766,3.1902016808629545,0.422716322126571,1.4251250179861648
