Detections,X,Y,Energy Per Nucleon,Z,Height,True X,True Y,True Energy per nucleon,True Z,True Height,Phi,Epsilon,Guess Log Likelihood,True Log Likelihood
4,23.55771869801896,-46.571752725263565,648.401682080864,28.0,24247.19264051498,17.119225616131672,-42.876625901882065,656.3138382306074,26,25478.397445470906,1.5292077446768382,4.961229720793333,1.228300938414689,2.862195403124269
