Detections,X,Y,Energy Per Nucleon,Z,Height,True X,True Y,True Energy per nucleon,True Z,True Height,Phi,Epsilon,Guess Log Likelihood,True Log Likelihood
4,18.69534862410154,6.0562682720641305,1088.151143422322,29.0,37611.552943247254,-20.627668536488983,8.954620214249019,1227.9679205141958,26,33093.570435068956,1.2318591194252697,0.5831557046183992,1.7150220373377232,13.834229548158566
4,-31.203959627176857,16.46277969219966,510.8664584530339,29.0,31391.14407804195,-38.46660979814371,3.6780485232390276,526.2413478117334,26,31310.24255489895,1.8053382788096128,4.698844778888497,1.0338852854166756,3.5163912290006145
4,22.102406045990733,-82.81860752400905,717.2499456910639,28.0,32927.952591873924,70.81471978308178,-108.18975302772351,903.8845616218424,26,24350.399324807007,1.6291028938497092,0.14877410410274802,0.6183896086631953,6.903159327478973
4,80.14431768065981,3.842812383354726,1694.1774189920588,22.0,50375.85794755564,105.72346963071098,-15.413827500652644,2404.046267597602,26,25087.51137881612,1.5856635125532685,1.7205368467231341,1.2554107344546184,6.236680408517584
5,-7.849085137826535,-91.92854042242558,3988.590570694179,26.0,22986.506067780527,-13.746388115270008,-100.09682872256695,240.04398249986187,26,18516.12245689494,1.5201814422508644,4.9110307531501105,0.0032414839939845052,0.5315739364385891
