Detections,X,Y,Energy Per Nucleon,Z,Height,True X,True Y,True Energy per nucleon,True Z,True Height,Phi,Epsilon,Guess Log Likelihood,True Log Likelihood
4,48.81220394669458,26.491682974510525,390.4528230572582,26.0,25929.122573976558,96.45165675561782,51.10518572126051,391.58468389320666,26,22682.039935707624,1.5368082711814175,5.461543902424792,0.9388108401686588,3.3880915706871235
5,-22.33817546344426,59.83120488810954,983.9266458531041,23.0,27528.6485352268,-22.679157809930814,56.80236895152015,954.2001932665124,26,28715.05036787525,1.196845313791821,3.9216433120676806,1.02905987549814,2.4469893038247306
