Detections,X,Y,Energy Per Nucleon,Z,Height,True X,True Y,True Energy per nucleon,True Z,True Height,Phi,Epsilon,Guess Log Likelihood,True Log Likelihood
4,-114.90609399411579,-6.954281343184789,1048.3590775625441,25.0,24247.140512279646,-114.18152189564898,-16.564886429604627,1027.5436381254437,26,23036.1324229724,1.213241513339422,4.766879253938389,0.5004353008937338,1.7210435828713968
4,91.94704973506174,-1.5820560514902127,389.93785212393703,28.0,22760.322734998394,87.95225930880264,-7.341509637813147,390.24238137105596,26,24718.437665043188,1.2105287713336192,4.739202237381188,0.9386185249587358,4.610436404770496
4,67.65997528048575,23.302407925693444,1607.2992299492782,29.0,46936.323955226544,59.50147651650249,23.04858334805607,1435.6505053512722,26,31437.103424646222,1.8454732374844227,2.147749643715113,1.849137609188241,16.57909779677346
4,-51.29514264037252,-11.917820917686186,317.85446173319315,27.0,25116.74015696908,-65.77060608966917,-5.5952259159522555,332.2110236726701,26,24820.376742291606,1.4242309694587396,2.2137932664206037,0.0047876952397154825,1.4538782821632754
