Detections,X,Y,Energy Per Nucleon,Z,Height,True X,True Y,True Energy per nucleon,True Z,True Height,Phi,Epsilon,Guess Log Likelihood,True Log Likelihood
4,-43.01612053375243,2.3526074017142378,797.1752882565752,28.0,33634.34270473759,-45.95193799138137,-3.9294487593270446,900.4586419250842,26,32038.02117266962,1.3611195559305316,4.786716917084505,1.612768260426334,7.908899403163924
