Detections,X,Y,Energy Per Nucleon,Z,Height,True X,True Y,True Energy per nucleon,True Z,True Height,Phi,Epsilon,Guess Log Likelihood,True Log Likelihood
4,-33.60878333310677,-50.44979104260818,776.4023680010395,30.0,33057.37785581242,-46.51058687050799,-81.6687876509276,861.8839747585029,26,27898.23048873982,1.5460925055994275,2.270365257875496,62.28794712101591,67.64043270446068
