Detections,X,Y,Energy Per Nucleon,Z,Height,True X,True Y,True Energy per nucleon,True Z,True Height,Phi,Epsilon,Guess Log Likelihood,True Log Likelihood
4,-14.778589497240546,14.220677634638548,412.63381139251464,26.0,21384.70387914024,-16.4936575761796,10.04383991332844,410.8823745756425,26,25484.695700479933,1.9485560667495647,2.0955625360418075,50.40723384448448,52.7622870773597
5,-16.261379730827173,-13.341648188237002,2258.6795007073392,31.0,17572.154988491213,-9.327626009039477,-20.730029605795153,2323.586929637217,26,24508.67801381206,1.8015099461451978,4.743070877867829,77.23581957300034,81.34921074157504
5,40.844299813141504,-26.60547224788263,336.79732293108896,20.0,23844.987646737478,31.52672278683707,-17.348733448057033,365.2590901102798,26,24873.199755914546,1.8380787443568354,1.4269476384350646,27.28438887436397,30.97022508841745
