Detections,X,Y,Energy Per Nucleon,Z,Height,True X,True Y,True Energy per nucleon,True Z,True Height,Phi,Epsilon,Guess Log Likelihood,True Log Likelihood
4,48.33101759786598,32.416942139527805,468.54301202866435,29.0,26428.386039169716,48.709143529299126,33.97295102270351,465.81503178746016,26,25586.727573642693,1.932447410188865,3.5784606555395255,0.7949951206080287,1.7908401256430964
4,-34.45114231993017,57.40087070239497,775.08727117311,23.0,31397.41860141052,-24.586194559132764,49.00067365759901,782.4009280673182,26,33093.51662560721,1.2217154693172245,0.9098626815489321,0.28855783301347004,27.64873770716128
4,-20.54612686281189,81.79356364595208,3462.5626147852663,23.0,23653.44673728005,-5.610438794958554,72.81684106886166,243.95167018932452,26,21542.816741982304,1.9492383706646381,0.7392871811744325,0.0016874316466183041,4.61259520638839
4,-38.76019329752472,-19.52218732012045,550.8196440145791,26.0,34571.55889269478,-24.78512041530236,7.060017277780588,557.5649557918982,26,31816.59078687377,1.6087719002301413,0.269276166402003,1.2076925384197623,5.788509882415807
