Detections,X,Y,Energy Per Nucleon,Z,Height,True X,True Y,True Energy per nucleon,True Z,True Height,Phi,Epsilon,Guess Log Likelihood,True Log Likelihood
4,78.72237463355856,55.87902539504472,533.3141123787289,22.0,19962.61762373358,59.544377914232484,60.71921665259819,544.3018747559553,26,24450.397348690294,1.948575790917593,1.9683771208020773,4.67598534237544,9.61299988342342
5,21.37943248014409,10.138370870677022,605.5909741665289,26.0,30162.230190097853,20.546241983485857,9.105569090304073,593.5416258104234,26,30637.373537791802,1.3338943377924286,1.2326968865815888,0.6862445840571753,1.2332160834691437
4,11.843625281306004,-19.675433539586436,233.798501657229,29.0,24890.92533243722,18.682769701997785,-24.63323047329446,327.86260789025533,26,28391.16113582145,1.7405768439578313,4.533160766644723,0.22401863321144883,5.85132142742604
4,-3.2979379702394453,43.74528044632473,978.6911977901829,22.0,24806.787877918585,6.626906107944933,28.543276820615063,949.4891840863278,26,29027.256352232038,1.8756563520309892,4.255052474180511,0.8934139267154071,11.891179830284191
