Detections,X,Y,Energy Per Nucleon,Z,Height,True X,True Y,True Energy per nucleon,True Z,True Height,Phi,Epsilon,Guess Log Likelihood,True Log Likelihood
4,-100.12863173629438,-237.49414563668253,562.5919177368762,29.0,17521.80986993857,-80.42812539991488,-85.539980717723,457.2022223108104,26,25041.47605407802,1.2507270925908522,4.832573544095939,2.025054767465153,555.3285427235934
4,40.994743873797916,10.153210594167547,489.5109233697683,28.0,32597.699033913,55.305981842800065,20.64592577285549,507.17349032673457,26,29147.20750118862,1.66487310687111,5.235041567050931,0.815555564044017,4.457111949425374
4,-23.326888018378384,47.282812508880056,654.9167387458292,26.0,33766.79943239764,-9.057736280058748,100.92844272560112,778.2773245972185,26,24118.619884465606,1.3121156557746718,0.9836609744486853,0.5855235743117143,19.639736276557755
4,52.55710947913781,29.1616541969305,1181.5565007621447,26.0,30264.336899023296,41.996438210978425,37.06357636852243,1261.4045051345138,26,33665.38182547295,1.6444600662974955,2.1173206043536,5.559563306683364,7.683515119583456
