Detections,X,Y,Energy Per Nucleon,Z,Height,True X,True Y,True Energy per nucleon,True Z,True Height,Phi,Epsilon,Guess Log Likelihood,True Log Likelihood
4,56.41344431794403,-88.97299008396388,1366.3260010266742,23.0,26221.77083640916,37.68373754853275,-80.47555675319235,1265.9754472599357,26,30264.177264868413,1.7784952249140416,1.4465217660500933,1.837781200927834,4.17492773158053
5,-29.502523655181335,7.133948747125771,824.3105669897542,22.0,34249.39122487277,-3.8240956783106412,24.115310068171738,882.9632567180536,26,32093.721166029412,1.8896135992762186,1.7615915710272567,4.507251170554509,16.263478585318573
