Detections,X,Y,Energy Per Nucleon,Z,Height,True X,True Y,True Energy per nucleon,True Z,True Height,Phi,Epsilon,Guess Log Likelihood,True Log Likelihood
4,1.2270927042488324,71.78026383846077,307.17258670699596,20.0,24278.361983301824,8.119069956884744,60.92953167116423,235.64803897359997,26,23153.293012849852,1.8169895680131891,3.349547721781019,19.03564201024946,21.935137296240075
5,-21.799953699322487,23.10130592589468,880.6573114577036,30.0,34929.71219799662,-17.76939216715587,29.693162161774126,849.0627580623335,26,33378.042136935335,1.2215531244207845,2.729589688869644,66.38839354238443,68.94632155630372
4,-59.27438273267447,-5.486092019634157,705.9984846297245,20.0,26827.363545257303,-48.67811017398479,-19.464219521988213,692.6562851294444,26,32393.242560569706,1.6329379930878694,0.6418041162516233,58.956477497609384,62.657502524006595
