Detections,X,Y,Energy Per Nucleon,Z,Height,True X,True Y,True Energy per nucleon,True Z,True Height,Phi,Epsilon,Guess Log Likelihood,True Log Likelihood
4,-9.001748689748354,56.03676877199757,3049.0951591490225,29.0,41506.138769795645,-4.411091292541727,40.61973399539491,2395.5343084163665,26,37284.437936363465,1.292148799389441,2.346340371980018,2.167198044838204,5.467889593699151
5,-42.15977397250117,49.55428310226114,584.4566680137341,24.0,32378.56019167551,-45.51304985041037,46.81073937012914,587.5500529167459,26,22067.91683788839,1.8796166702650041,5.073404137117453,2.072057591715151,10.439014546028673
4,-118.62975934067558,6.917756822035869,915.9409905505033,29.0,34158.87866302126,-76.5714669293388,15.806807817835278,777.7490387028256,26,29858.67539147902,1.9002606459529463,0.9582253514028146,2.0438920130947995,3.9739248115426786
4,-44.25517738372312,-25.733369807822953,501.7865005118888,25.0,34607.8431540162,-61.70879983846092,-40.77211616627022,532.2900083521564,26,30590.573978400877,1.5745197288695136,1.5957443895392347,0.8611204410836397,6.629035466708762
