Detections,X,Y,Energy Per Nucleon,Z,Height,True X,True Y,True Energy per nucleon,True Z,True Height,Phi,Epsilon,Guess Log Likelihood,True Log Likelihood
4,-25.08164894030125,-45.677603346729285,270.94795527308446,22.0,24366.32422643947,-30.56331636181929,-24.928345391010794,272.3978898972299,26,24986.38691165885,1.5454162801905016,2.237787757890745,0.03903140186230624,8.152421354667979
