Detections,X,Y,Energy Per Nucleon,Z,Height,True X,True Y,True Energy per nucleon,True Z,True Height,Phi,Epsilon,Guess Log Likelihood,True Log Likelihood
4,-44.14111191644918,13.51218952089556,808.2042616807083,23.0,25390.878121251124,-45.76056541792504,15.55381935383599,820.7315792602692,26,25272.82134196856,1.6390984275057423,0.5009994037943907,62.79023003021348,64.11346582843383
4,-22.229713630398123,-38.012821838025445,1433.1994402972043,32.0,37742.0720534812,-11.719942586050394,-44.88582821295557,1413.4557846487203,26,35410.517668952256,1.6348451588993833,5.698879995606903,66.23250352728292,69.77408978192636
5,15.596794100072486,-38.17810473421139,544.0553320891538,24.0,28501.697526912976,12.86005909084298,-46.86243075355901,547.7603498429982,26,29034.288942536892,1.2895504303300775,0.8634608779209012,65.25275087028304,66.9663935766265
4,-22.921265537672014,-71.79288654598966,2785.349629940197,20.0,29883.784324667686,-30.34401823978054,-52.418416363409094,2700.8415324708135,26,31388.09737817198,1.1953509036245757,0.6915722197952001,65.78915701403051,68.90282990664626
