Detections,X,Y,Energy Per Nucleon,Z,Height,True X,True Y,True Energy per nucleon,True Z,True Height,Phi,Epsilon,Guess Log Likelihood,True Log Likelihood
4,-37.033924588657555,-52.65808285226163,1209.9328103712305,29.0,29160.908013044136,-47.40875355179129,-58.678574267625635,1185.0530548627723,26,27989.391655365074,1.8671152510183493,5.626928042704925,0.7444023795654573,2.2827121305156326
5,-38.68693899241674,-21.008345950646287,1000.9061586860714,29.0,32005.518120189852,-23.4411396671169,-33.61101708937704,1000.0799906814872,26,32344.353944952658,1.7659480511796752,0.14888163716541802,1.605166323759397,4.213563405512435
4,-11.153326758802393,-16.9291590477186,518.8863838818397,28.0,32159.28230401111,-10.324340866542173,-17.429671400186294,529.3244132087428,26,32993.707706212874,1.3462700322277334,1.9966729994380095,1.146409843656825,2.091826238599084
