Detections,X,Y,Energy Per Nucleon,Z,Height,True X,True Y,True Energy per nucleon,True Z,True Height,Phi,Epsilon,Guess Log Likelihood,True Log Likelihood
4,-63.96744475751308,8.816466264072687,493.7831723866656,29.0,30604.81676730811,-48.79282729875973,2.3452569919777773,490.1008523024203,26,24597.378384583473,1.6460817594033639,5.472787454651163,1.0494430734301003,1.5759967372594201
5,28.28559759169167,-24.434401592638608,623.8651495516339,26.0,37805.923610520156,14.558322964006578,-11.513551924960865,613.1884253973253,26,31878.83741664834,1.6546384529831455,3.3489736474404985,2.2681206795036006,5.34538017016116
4,60.9014899878901,-60.36620132520858,449.2356520406199,22.0,22056.096534454035,49.04116285539669,-47.25064236753812,454.1838322348856,26,25310.091540601636,1.9021642336935838,1.8285960754158392,0.2312657635693101,5.376716995453761
4,6.354514017838142,57.08313368512938,1117.4961825668092,29.0,37147.75422936014,5.986425868739161,37.49195753449405,1084.9450839173237,26,31141.5605335876,1.6336356007827038,3.5526180446455706,1.65301993464487,3.232826507320878
4,14.405661972514054,-31.046829212911575,760.9295585286457,27.0,33920.723632230816,26.699265834589596,-30.151010259765357,782.0090320284932,26,31761.71237208233,1.4607158510260374,4.160650256079563,2.827725552483474,4.580207177850971
