Detections,X,Y,Energy Per Nucleon,Z,Height,True X,True Y,True Energy per nucleon,True Z,True Height,Phi,Epsilon,Guess Log Likelihood,True Log Likelihood
4,-4.228381385796126,-79.88709867060552,699.0428281094746,25.0,27625.54097851397,-12.045970489520727,-72.0475133954806,676.9938143621812,26,28882.649577911063,1.261868647897618,0.8482126270357443,0.7655714936309874,1.6827416683005416
4,-78.07869194368439,83.8660964877306,406.8354301869267,29.0,25979.759430367478,-78.69706782108516,85.22514158882313,406.28902390516265,26,25992.418753640766,1.7711806610898897,0.4419909082687484,0.578125296592568,0.8620506381873673
4,21.904202298291068,-0.9675312308598905,1725.1126061246714,24.0,34098.624636360255,20.1759604314571,-1.8732083275757816,1789.575535885353,26,29129.637036130942,1.613309322692038,4.2839312349541805,1.6372643132022535,8.781617556050751
4,26.12447184756519,-30.037735432656405,877.7912152602158,27.0,40544.31893424341,39.08385316338527,-66.77437157303477,962.0563413652787,26,28159.267120691176,1.317187846178073,1.7610080308300133,1.1007006749126358,5.663516122072922
5,21.328283416740987,63.71170816636112,1284.073889809568,23.0,22050.150333431535,20.642801107049536,70.82960546345919,1458.7802951823944,26,19413.798750119062,1.526096782917823,0.6700364402624428,1.2125795664407464,5.562698295782257
4,18.270080680548574,-4.484796768659862,783.3299571463984,24.0,41051.33475173185,42.08402380130158,1.0362590244363616,838.4803444896004,26,33407.05777023708,1.3296897120099131,6.189996808221158,1.77752741142361,3.987767363089794
