Detections,X,Y,Energy Per Nucleon,Z,Height,True X,True Y,True Energy per nucleon,True Z,True Height,Phi,Epsilon,Guess Log Likelihood,True Log Likelihood
5,96.67444067281514,-8.585031956868022,513.2027778318696,23.0,19119.459273541153,73.66615089105608,-6.131283177274355,487.1928930583894,26,24689.993782638478,1.6120391612883676,2.0298637907353534,0.9890263593712469,2.453100625904909
5,-18.064150363937983,11.572979376908563,1050.325298749302,22.0,30925.05431444212,-5.359411912927669,18.56432144122138,1131.775381689547,26,29055.63680752679,1.4923462454140943,5.8128480952760375,1.416547694427464,10.04473142895212
