Detections,X,Y,Energy Per Nucleon,Z,Height,True X,True Y,True Energy per nucleon,True Z,True Height,Phi,Epsilon,Guess Log Likelihood,True Log Likelihood
4,34.32570716407997,-37.73132116009924,601.2488168408142,29.0,34291.59096729367,25.9783305405372,-69.15366931068847,653.6495670940901,26,31269.466131496207,1.6725941369802517,3.096953207069711,3.04956444141059,6.316929958685101
