Detections,X,Y,Energy Per Nucleon,Z,Height,True X,True Y,True Energy per nucleon,True Z,True Height,Phi,Epsilon,Guess Log Likelihood,True Log Likelihood
5,-38.60155366885505,56.85223860796458,1392.6647616383673,25.0,29018.08774384045,-50.83005830718078,37.67602007043263,1390.5279443503932,26,30140.402069329702,1.5908787798188642,1.0748702006629922,0.6506617131119921,4.203035246918583
4,-278.81418901255313,271.07079189731587,395.3708333164478,29.0,17503.79659126953,31.52941320840941,-76.5006153262448,388.26365533352714,26,28537.071853260783,1.9428209916365413,4.969981630656943,9.613712412630834,24.457144974157814
4,24.854746763153344,-72.68570740978271,1562.2817945954978,29.0,32235.949792013336,18.37240585252175,-54.63927157727451,1460.783108639693,26,33553.11050183773,1.5206876186691494,1.1828277631794186,0.7425655833082523,2.3223021242765856
