Detections,X,Y,Energy Per Nucleon,Z,Height,True X,True Y,True Energy per nucleon,True Z,True Height,Phi,Epsilon,Guess Log Likelihood,True Log Likelihood
5,11.528849822494635,56.72212114815039,333.82215448284296,27.0,23968.011492001748,6.658259390242478,60.67300786002963,354.2622142698095,26,24075.326610835127,1.2420708527899171,2.4282304151386698,0.04340216667997249,0.2956504942929453
5,22.49793194982084,-11.725340884538866,712.2129343525473,24.0,32179.138816368537,17.693486489834925,-20.458793730103196,740.175826285955,26,33491.78033507419,1.212723438717006,5.302528026016342,0.3875189680975736,2.901904680969597
4,-28.128757084410438,0.3110814861145741,320.83547489810076,29.0,25940.877415788018,-6.265996122819672,4.469581945612475,311.38726575673553,26,23523.20359106763,1.7898591954291714,5.088020737192802,0.2158432459351024,23.040872304712035
