Detections,X,Y,Energy Per Nucleon,Z,Height,True X,True Y,True Energy per nucleon,True Z,True Height,Phi,Epsilon,Guess Log Likelihood,True Log Likelihood
4,-50.22943027195902,-129.91481221654692,541.8586904288559,22.0,18712.8166220775,-30.734266210035855,-101.64249317802583,550.6292410559802,26,22803.66578425359,1.5028613895350857,3.395830650963126,0.8742558389577386,17.33090179841762
4,-24.264442857806443,-59.68057242708875,497.0293116134844,25.0,27303.26568675546,-13.568862006091706,-62.5866293336891,503.0273588292912,26,28393.598769334723,1.3137183704380448,4.503620420894129,1.7804494681596774,6.359150182175107
4,-25.3007527233338,32.094793392745544,341.60217996226544,22.0,24903.688639342286,-34.98706794524129,6.254867397248432,284.29536171128393,26,25709.212032801515,1.3012505845389317,5.223886802516601,0.04913983358893321,11.944487941887232
