Detections,X,Y,Energy Per Nucleon,Z,Height,True X,True Y,True Energy per nucleon,True Z,True Height,Phi,Epsilon,Guess Log Likelihood,True Log Likelihood
4,-77.20599989122533,9.200170869775434,1462.5968279319732,22.0,39100.54534197289,-37.64838591650668,24.929235585144625,1326.319944253338,26,32180.300675722858,1.2125531832446992,4.210159888754746,1.4999941695122765,38.704997382703986
5,2.481327295517019,52.59465572078403,585.6695879973381,27.0,33393.623732058484,18.6106807173893,84.77891425626547,653.8959116723736,26,23945.60794237309,1.8565606205752945,2.0562533793488056,1.1363745858808851,9.991520554246653
5,-1.058351278064947,47.956501849597544,467.69212714356,29.0,30733.191702573182,14.44843595249003,56.6902199540574,477.9500963302595,26,25396.124186814985,1.9394778621252036,4.036755584946159,0.9901724297608934,3.4854511648277993
