Detections,X,Y,Energy Per Nucleon,Z,Height,True X,True Y,True Energy per nucleon,True Z,True Height,Phi,Epsilon,Guess Log Likelihood,True Log Likelihood
4,60.06549384643114,0.2435398610244306,1332.3199492190301,24.0,38547.74357283831,56.95479427473606,-15.628651338074917,1396.0715349830757,26,36616.26703763619,1.9042976124888187,0.8438871368106436,0.9181295101268124,10.489404380956687
4,43.92485816895436,24.005619073530625,899.6016497498906,29.0,30378.77261042477,52.25008427890131,3.452485147095018,917.91030408483,26,29249.382522187312,1.2286924433439284,5.584481452884048,0.07238592935849764,4.277157886998293
4,-39.54573416280709,-41.98700685550597,1399.5905486110585,25.0,24581.152650063847,-32.93041010093778,-57.454276770952816,1418.0452787943414,26,25329.731727359263,1.2838580423638817,2.032441042372345,1.8078423491165774,3.783035060165995
5,5.174235565450715,49.274783785258535,443.26902023847464,28.0,29456.293598574324,-1.8928726433504153,51.025651227665065,443.286985308243,26,24419.955324447503,1.2636463380461302,0.01659693489355855,0.6640108956454125,4.1788913757978055
4,-30.086087278441425,8.885903491656052,486.54204098391597,22.0,30673.212939650683,-50.2265352224008,25.86308971670786,515.4100359872845,26,32210.70107904174,1.4547176352078297,3.3262782791141396,1.1092691942409834,10.378484013907904
