Detections,X,Y,Energy Per Nucleon,Z,Height,True X,True Y,True Energy per nucleon,True Z,True Height,Phi,Epsilon,Guess Log Likelihood,True Log Likelihood
5,14.69056635292668,87.28441821477594,3651.3493622670526,29.0,29270.4499983205,12.620519530789238,74.2436313669823,3038.0993642280364,26,28803.201184799,1.689483136837857,3.1483395136675147,1.8384660296746018,4.752449935774457
5,-58.83082317180646,-17.632825552112195,512.9439026664453,28.0,33165.177386139316,-29.481731220020563,-18.32245851980926,517.6092405891925,26,23386.27179574857,1.3237963101448753,5.880444883301416,2.6974805017095758,17.683113125485967
4,-22.919718612251188,-23.32619448049843,705.2250336151791,28.0,30499.082930842233,-26.449504404110527,-20.58574673864939,696.7539450485237,26,30457.023606634815,1.7343233381173562,1.5172038604914206,0.7110011655404287,0.9734416997832877
4,-28.50503907595629,5.550764844017749,1157.3430972623464,24.0,26776.161424101225,-32.07382304033143,2.7584206587959557,1104.2089726304546,26,29394.194541597957,1.1876831063001099,1.4171375389888758,0.6446289054413916,2.727957397271385
4,20.729173245711877,-30.067238208827177,623.7385258616591,27.0,26707.37606793948,28.500041865686484,-21.81933674243342,663.1568100484582,26,25076.399295153336,1.6963878307462772,5.741090915628361,1.6967726376447558,5.585911084914898
