Detections,X,Y,Energy Per Nucleon,Z,Height,True X,True Y,True Energy per nucleon,True Z,True Height,Phi,Epsilon,Guess Log Likelihood,True Log Likelihood
4,-46.68067406707925,88.59019484220892,3689.92187856778,22.0,31921.331007788896,-49.64619983343506,86.60180363351779,3412.859635619056,26,33089.14884082595,1.7841121708059362,2.4052261528616388,0.5900128137113965,0.7736235063976844
