Detections,X,Y,Energy Per Nucleon,Z,Height,True X,True Y,True Energy per nucleon,True Z,True Height,Phi,Epsilon,Guess Log Likelihood,True Log Likelihood
4,129.74156896986943,2.823930952001092,565.186332560811,20.0,20110.405045372914,101.35638677763129,-4.832898332747504,545.1721119631792,26,25961.125073149196,1.350161930325623,5.805464233735532,58.74615836325279,61.314673390109476
4,-66.78742373018437,2.968811094993214,582.367182625927,28.0,29403.842979648194,-90.09893590803472,-4.612310516966005,611.7069649117276,26,25404.550323651925,1.9096627780176585,1.0043895284944386,58.123725064548296,60.2361444333293
4,-80.63292403495021,-22.074068636562743,488.3273654842957,20.0,25005.313533822817,-94.94335211500567,-47.63051632129567,506.00337249809496,26,24965.808362661108,1.7370281941217902,5.639925358553642,56.645698225328644,58.56515692806487
