Detections,X,Y,Energy Per Nucleon,Z,Height,True X,True Y,True Energy per nucleon,True Z,True Height,Phi,Epsilon,Guess Log Likelihood,True Log Likelihood
5,-16.66629200231108,-96.43435577609063,1219.5871199698754,22.0,19012.501154982587,-14.982911942830725,-77.64098506609177,1038.5730070839313,26,21650.1725963042,1.3637519881412483,0.04086190892585339,1.9729568735687406,4.107811006499371
4,-2.263741598114052,-0.9629294267619457,2403.3044986846635,22.0,36603.82431806927,-8.684772894374277,-0.9228839350784313,2605.710735475955,26,30127.269397086755,1.374904917761423,1.660222808340221,1.3911674391106283,16.281405490561774
