Detections,X,Y,Energy Per Nucleon,Z,Height,True X,True Y,True Energy per nucleon,True Z,True Height,Phi,Epsilon,Guess Log Likelihood,True Log Likelihood
4,85.2253628840806,-76.43690084646278,1347.7187584881287,29.0,28537.941121148127,92.51804130668765,-68.9473974113947,1448.1848375312798,26,27762.731104249713,1.3506192860598363,1.1894300779685638,0.312195190734912,1.084136311296468
5,25.012821066729884,80.39966612105525,1654.8168716931607,25.0,28963.57021491109,17.175430758150867,68.55641882185304,1377.6181721207201,26,27661.590471580454,1.5298722501904307,4.990730967882726,0.6805327974198274,3.5148756111735344
4,20.75680529144853,42.77449550429759,478.0821653800888,28.0,33002.51545704641,16.20317910602148,23.56758194791351,475.70742289144505,26,32406.227300939558,1.5177741908757065,0.5520600249750238,0.7309024313840956,1.7352047440480582
4,-43.18457286982215,-35.01833020501357,897.08448479193,29.0,37918.718838072,-39.16721253611141,-35.456746807357746,882.9727757755116,26,35446.41958952529,1.19631423537182,0.1429104707711779,0.57617738534309,1.655391045004243
