Detections,X,Y,Energy Per Nucleon,Z,Height,True X,True Y,True Energy per nucleon,True Z,True Height,Phi,Epsilon,Guess Log Likelihood,True Log Likelihood
4,24.297024930685495,-54.969728017001074,571.6670228227106,29.0,30001.802497143566,17.2756551777953,-65.12537148915956,570.8425512620123,26,29690.882250757084,1.3883639397976033,5.517634004524648,0.7302395485931736,1.8059311685742192
4,-82.5355408697763,69.56153464163782,877.5207565502418,29.0,26078.95830836625,-58.70344679669266,86.3766286750122,831.5364273055948,26,25466.09913045127,1.7273592519001804,2.0225951789060974,1.2041045298911066,2.875858389261844
