Detections,X,Y,Energy Per Nucleon,Z,Height,True X,True Y,True Energy per nucleon,True Z,True Height,Phi,Epsilon,Guess Log Likelihood,True Log Likelihood
4,96.58560669371315,-27.32274287130923,719.9375325540854,22.0,20722.83876993706,64.46838548199659,-16.598303877108123,235.14464127992855,26,21887.684009649496,1.8425597684760755,5.970566760548651,0.0034603499515973575,0.8582416010102774
4,21.863668083861626,82.71442347893634,517.0640647176857,28.0,31316.944086459684,3.181476216862677,29.755533130944514,497.0347032306302,26,30888.829537248374,1.6969876080042163,2.605790765707189,4.698837833637146,12.947186699248338
4,36.78367585759332,-31.653590694029276,332.91040103845495,24.0,25004.067370517037,33.41908889630304,-29.17629119866973,317.4537236491875,26,25310.5582223466,1.1925597781618993,1.9090463112833114,0.009571389425321554,0.9264911955200513
4,5.532905906532733,72.3534399993901,1148.2192960864759,29.0,34254.61360673864,-2.776530948267748,61.70142825687955,1223.1063893003018,26,25446.18286562423,1.4175012110298606,3.545586308634455,1.4681001147542012,4.888540680549713
5,-25.25205577009575,-37.24361989266157,496.84041374803746,27.0,25000.97933520404,-27.594997537160893,-37.671901020442576,339.1671632367469,26,24253.914209310162,1.3916159054115629,6.140055868289833,0.04049312742650782,0.3937732284229185
5,-8.49128832287704,-69.04514215415139,386.6883890871994,28.0,25000.058500042065,-5.291534339725729,-70.83220751913125,310.20556821814415,26,24184.69003440435,1.7381067250924358,1.794354560962766,0.009602261641732097,0.36183158534889626
