Detections,X,Y,Energy Per Nucleon,Z,Height,True X,True Y,True Energy per nucleon,True Z,True Height,Phi,Epsilon,Guess Log Likelihood,True Log Likelihood
4,-97.95541389871008,52.75796176991423,1100.4480868845649,29.0,26479.97192745622,-99.23005345556557,67.19574601136938,1163.5887742358757,26,25483.30705756433,1.442853593716553,4.833704208546821,0.7957690541685176,1.4472960031240114
