Detections,X,Y,Energy Per Nucleon,Z,Height,True X,True Y,True Energy per nucleon,True Z,True Height,Phi,Epsilon,Guess Log Likelihood,True Log Likelihood
4,10.681171849418263,-29.63339631693708,626.8779048889006,22.0,29997.652909231663,-11.172740729749279,-26.405490893947118,634.5740197926752,26,31746.557860102985,1.193302684009248,0.3314380470118139,0.8458243448530856,3.479729285331833
5,24.025084766636837,48.13615680459009,387.273832772884,23.0,24929.49032503984,26.100162351365128,37.45474752991706,263.27924742407055,26,23540.072393648596,1.4285524000995586,2.1508840602578982,0.0028776182482525667,1.3488342400618756
4,71.85035082654889,-19.37957847395569,1646.3489966995153,29.0,35367.30010934455,70.17884093827848,-18.668348487005403,1611.9884070347373,26,33405.13611573402,1.9432770147231437,6.10978581414674,0.7517811246335004,4.881741769143476
