Detections,X,Y,Energy Per Nucleon,Z,Height,True X,True Y,True Energy per nucleon,True Z,True Height,Phi,Epsilon,Guess Log Likelihood,True Log Likelihood
5,37.296110936782895,-11.30209409534541,457.3421383447099,25.0,22687.017733865356,34.38180926475883,-10.44945618970766,452.5595006899247,26,24031.91856282726,1.9167311459584568,4.62401367489127,0.11996316902382799,0.7788581913724796
4,35.56141567215337,75.65624687136045,1764.5139997355748,26.0,29535.894693157323,32.414315947192506,73.27329157573561,1538.7415143590006,26,29050.697301542994,1.8401313606993792,2.881245738001773,0.301011886882295,1.707741075591306
4,37.79666107591294,20.071716855115653,408.18100883719745,25.0,29356.276509954296,36.25283188497917,20.398538162479923,408.08971640541756,26,30699.78223874725,1.6801754364692836,1.2311128461162384,1.4310994999131559,1.289513472565413
