Detections,X,Y,Energy Per Nucleon,Z,Height,True X,True Y,True Energy per nucleon,True Z,True Height,Phi,Epsilon,Guess Log Likelihood,True Log Likelihood
4,-9.428284489845225,-28.71300053390803,555.4457182511328,29.0,35454.47725213286,7.367679544014663,-43.25523016559262,548.050540113658,26,31215.37754815575,1.7088294223420164,3.1942343616404485,1.7768431410398065,4.108945311351022
5,40.751480757006505,-43.988350915820774,884.07392785364,24.0,17611.3534705905,41.11689276108831,-26.39665881787309,885.6823101769188,26,22206.45830869481,1.3387946640278972,3.2825389543978845,2.2034630466695786,38.43912440300276
5,35.84266410783039,-22.90290375276203,638.7606756934288,29.0,30594.772405913896,46.50496132304491,-15.216497194678823,627.2905494162349,26,29232.588300320127,1.3920312418261593,5.149042276458484,0.5422822403135714,2.784352566712573
