Detections,X,Y,Energy Per Nucleon,Z,Height,True X,True Y,True Energy per nucleon,True Z,True Height,Phi,Epsilon,Guess Log Likelihood,True Log Likelihood
4,31.393981244062445,15.034593707463216,883.4272712256762,28.0,27097.229665749823,-32.17969673866247,-41.18199285482952,332.22363045148614,26,21490.76507836225,1.561829690337327,6.1059032024934465,0.002322982229901705,5.113512093258593
