Detections,X,Y,Energy Per Nucleon,Z,Height,True X,True Y,True Energy per nucleon,True Z,True Height,Phi,Epsilon,Guess Log Likelihood,True Log Likelihood
4,-37.96929307149003,-67.00368645354467,630.3635532808647,22.0,29910.57025422318,-38.611687808861944,-60.54831825449098,607.5183046090169,26,24700.65748600127,1.537121449539428,3.9658318950297056,1.129669563931311,12.645263550397441
4,41.386091745148576,25.28206888761349,740.9300743310971,25.0,20482.53826366691,30.54545297435743,43.85671006132239,739.7924744443607,26,23289.746194837327,1.438551145840957,1.0988189121540894,0.9160513708914741,3.3719607618195404
4,62.705471503348406,89.70894905337934,1466.1216317067979,22.0,28908.910106661126,47.140096240951834,82.0714796635178,1504.9240106249265,26,32721.92598411474,1.1871697048333976,3.161494444538526,4.55974084548942,8.19964635542969
5,-16.493305289325008,-12.56480472929212,543.4291896938764,27.0,26499.18438041687,-19.00140954195112,-10.591632773626174,541.7441140694433,26,27560.250319136227,1.5081186150762862,2.650976740454416,1.568137509551194,1.9457783211147293
4,-78.37489232763386,-67.4342355039943,307.7627510577552,24.0,23845.86014684074,-77.28967204022898,-51.71249725438601,273.2404429655898,26,24146.752979506484,1.7818239642068607,0.24554478343791364,0.07067576200475599,0.23896107443182174
