Detections,X,Y,Energy Per Nucleon,Z,Height,True X,True Y,True Energy per nucleon,True Z,True Height,Phi,Epsilon,Guess Log Likelihood,True Log Likelihood
4,-80.73825133153682,54.24411709058489,1272.5443134015147,28.0,27672.60079718999,-59.956020108108646,39.016040653608314,1165.4758765142606,26,30517.599139899994,1.493862843148095,0.0485382297762359,4.140100926912924,7.358195467927354
5,-33.15964933961794,-19.969127966347116,872.1385933495229,26.0,39075.01580407702,-4.025794235794365,-27.610683370129635,828.4193521272707,26,31120.64410931231,1.8204678475651423,3.1971821011335133,1.3011735925523569,4.131524109029072
4,-8.831669088826743,58.06294111908653,1046.174274499823,25.0,37012.88160505697,-1.8647034934874114,61.08925986231563,1034.2598602229482,26,25163.09257849529,1.5712029381966053,2.0716258754125154,0.7058286014213792,7.262740110969347
4,-0.30668028698380567,-86.20100415595769,602.3300842174895,27.0,30918.797681214586,33.849033255433966,-107.94309207383215,646.9188399785676,26,17771.322788705493,1.3842599943596554,3.1472445975931067,1.1636755913517962,5.773709057428503
