Detections,X,Y,Energy Per Nucleon,Z,Height,True X,True Y,True Energy per nucleon,True Z,True Height,Phi,Epsilon,Guess Log Likelihood,True Log Likelihood
5,-37.46382950570694,2.2194351880165755,918.5509086331407,24.0,33620.91951103271,-34.19580422894553,9.167059558049573,925.6574408133318,26,30764.05285196004,1.63030455555886,2.424087329710352,2.3222352147714487,2.5283969072006975
5,45.27205485452379,31.940634576866046,988.2624783118571,29.0,41552.52065723412,36.11004031366329,15.622069224867175,1030.9405018917355,26,29806.016238436478,1.5558079400942237,3.697479893263559,2.2869821355431137,6.0677632230923395
4,-29.982878728126707,-73.54670985171248,705.5459139575246,23.0,23155.23779547848,-34.3772544546203,-65.05807633186647,696.1687583361023,26,27714.471972666128,1.4151618725372495,3.535220099315459,0.5386296433041601,1.5389560472632202
5,26.15486981904047,0.06914467542912917,687.8435304403602,29.0,35555.154274173154,7.254778220325818,-28.329705666346555,716.5280225397571,26,31969.87114646194,1.2847339076332667,4.3465377517587775,1.4694958506201248,8.492160045987216
5,-69.20235567869867,-14.334946884812496,315.9434437705804,26.0,24677.268928098485,-56.794568748577234,-15.462746326896166,329.4126901842706,26,21997.46111382094,1.4242710712594004,3.4958055933290075,0.23904947818879468,37.500921046397956
4,-30.386123657160567,115.78153943156173,526.849412133407,23.0,19394.361540688253,-19.674694111145612,106.00753085077491,515.2519868288798,26,23576.197628276816,1.4825009664668303,4.974881859958249,0.5270056277231452,1.0851399548238334
4,79.44637351482044,49.88238176580296,2938.5339573049987,27.0,38048.23504464523,73.1879077962576,42.87365866214441,2684.573696715791,26,33513.709965670714,1.8440448676025432,5.7658945527860865,1.0942617817401241,7.863253011329901
