Detections,X,Y,Energy Per Nucleon,Z,Height,True X,True Y,True Energy per nucleon,True Z,True Height,Phi,Epsilon,Guess Log Likelihood,True Log Likelihood
4,-9.68848864415969,-46.841986764723686,915.4109770358258,29.0,39128.106378885714,-20.017490315782112,-51.99618522518533,962.1877234503044,26,34772.41766433317,1.1961865005517747,5.0242246168412885,3.5936258048858365,10.990590256420589
