Detections,X,Y,Energy Per Nucleon,Z,Height,True X,True Y,True Energy per nucleon,True Z,True Height,Phi,Epsilon,Guess Log Likelihood,True Log Likelihood
4,-84.85439773282661,-11.500122518990338,927.4685853308191,25.0,30109.893010516542,-67.47586431708854,-4.344611165263302,861.4560739888536,26,25503.85926429695,1.5485098912643795,0.9149024470114098,2.085103258380688,4.523725778403353
4,52.33726271040905,-19.32007331910313,820.212413539598,27.0,40325.15055382989,84.23169585622404,-59.62445911933443,1052.7222655036499,26,25731.489625693135,1.250376344697589,0.6482685264771617,1.4391533278764015,24.958621189250557
4,50.19842908422555,-25.645068880319684,686.7897954900216,25.0,38261.80053638069,27.08157147163027,-28.04707232975943,664.5676100044606,26,32962.002626369205,1.849867301956081,0.16582625361313644,1.7232796642361385,124.04743126619232
