Detections,X,Y,Energy Per Nucleon,Z,Height,True X,True Y,True Energy per nucleon,True Z,True Height,Phi,Epsilon,Guess Log Likelihood,True Log Likelihood
5,51.83536793883587,23.75442431519741,360.9171503465425,25.0,24992.24698333762,47.722231601847625,19.15690639103758,341.2739174263505,26,25951.849091741187,1.260318464026089,4.547218470851962,0.08594311502983966,1.233155304248433
5,39.51305386359246,2.9980557739533538,575.0697474543895,29.0,32232.024312870493,35.84487970393633,-8.171296034271109,559.69784211704,26,25354.49667304513,1.779486985696319,0.30360693864004146,1.476420376270454,10.306958676288422
5,-48.08761528949006,-8.844331081327482,618.6747742041614,26.0,34538.48892289787,-62.37228877830148,-16.935810496399256,641.1688855257897,26,22756.349241109558,1.9113508761472973,3.72730685479282,1.3270982647957184,25.005411180102087
