Detections,X,Y,Energy Per Nucleon,Z,Height,True X,True Y,True Energy per nucleon,True Z,True Height,Phi,Epsilon,Guess Log Likelihood,True Log Likelihood
4,44.86458466535203,29.80527044190029,323.93080692776687,29.0,24938.12393546874,53.21634588426443,22.461880872888656,239.9164340112923,26,21476.645274524264,1.643247350363988,6.135198836111519,0.0036980027930993958,18.873135753003893
4,37.452228075133974,-33.375257071527585,802.9652238474017,28.0,36592.32889552399,47.65180632776864,-26.93301919640865,830.1290913786207,26,29553.818835099257,1.4514354290506029,4.9920432450065695,1.2737550385755363,3.543415094233105
4,74.60248182780163,43.63542795767523,244.73801295577988,23.0,20273.395242134975,62.58802369096438,39.21978129491637,278.60073270690265,26,22591.48774086082,1.4826777419180985,3.733293945843976,0.02203951566829441,0.08988569399690473
4,39.269035818675036,110.35919263916685,424.47914636298856,29.0,24010.948703782455,34.567306333654216,104.2670604377904,424.54615467211875,26,22262.989115874603,1.9493676720577844,2.3176018254116575,0.5536107919794343,2.6701862490794968
