Detections,X,Y,Energy Per Nucleon,Z,Height,True X,True Y,True Energy per nucleon,True Z,True Height,Phi,Epsilon,Guess Log Likelihood,True Log Likelihood
4,-9.689365973364602,17.985822770840173,278.2222366458731,22.0,25008.592727229567,4.432945367622267,19.30421931079718,272.43550214531837,26,24755.10062715346,1.7412894586443084,4.215299781027615,0.21100171931177913,1.3765767895963603
4,82.5599912647296,-53.89409738902481,1126.193659797908,26.0,29122.229164718476,58.747964268119944,-36.97217801429437,958.5776398208585,26,31804.246592142794,1.8883377284409784,1.918691480690129,0.8336587339594483,1.3569366435877233
4,-77.49297127842127,-85.53736526705492,432.2457033037006,29.0,26118.020818018744,-62.33629566357749,-90.6051270452235,432.30497072236557,26,22780.778594992615,1.283190728133143,1.7267989388240463,1.222337806042335,25.62603285955733
