Detections,X,Y,Energy Per Nucleon,Z,Height,True X,True Y,True Energy per nucleon,True Z,True Height,Phi,Epsilon,Guess Log Likelihood,True Log Likelihood
4,-61.00220477946664,85.50175664724571,461.23100655064934,29.0,27779.899970611383,-76.70547570346983,78.95709410492944,472.518322732027,26,27678.829731182574,1.4391806019592983,4.022885223093486,2.0219222600843243,4.610845145536098
4,-76.14417641471687,36.6109763471523,3038.6840225798164,29.0,33521.51231345993,-69.01975829349975,33.754142973122185,2638.5225774263895,26,34008.98784115253,1.3610524135148332,6.21400428018776,3.6509360173074796,4.5512367949043515
5,-15.921541778025244,-44.63967153670626,717.1262439521334,28.0,35606.35419171445,12.750125998126691,-50.93594525917531,710.247046436233,26,29176.477331830476,1.756450593486187,3.90727720096381,0.9779568421569413,4.967369366642126
