Detections,X,Y,Energy Per Nucleon,Z,Height,True X,True Y,True Energy per nucleon,True Z,True Height,Phi,Epsilon,Guess Log Likelihood,True Log Likelihood
5,7.427579542609692,-32.558852346432275,557.5093937135521,29.0,30025.38530807833,2.886630400730212,-37.73633297587476,551.8807071297325,26,25637.01814779973,1.5601138470001614,0.729798971641389,1.949192840850512,4.496264159375501
5,32.14732577318455,29.37159687573069,866.3407849675406,22.0,39644.70102058069,23.961483242878614,13.297597168031245,851.8738194065304,26,32002.91172130379,1.385211927624882,3.416792035954523,1.6173317794810018,2.9598763353644455
4,37.907709560281546,-66.84273433426458,711.6004295485418,28.0,26194.317644511277,35.330644869515226,-56.176745140256884,724.3971568075237,26,27860.737154911487,1.658090158121348,2.310282886822391,0.9915086582130966,2.9434815150777256
4,81.98898942549732,-17.547104580948087,953.2389908051734,22.0,31521.054742099914,46.396653799156354,-14.137454758215398,812.3392139747649,26,24868.00494755633,1.2155656972971596,0.16627684210788987,1.3490925536231557,5.511559836902539
