Detections,X,Y,Energy Per Nucleon,Z,Height,True X,True Y,True Energy per nucleon,True Z,True Height,Phi,Epsilon,Guess Log Likelihood,True Log Likelihood
4,-51.44630261058043,35.06022635867538,666.0750219211252,28.0,31841.801378072698,-46.132437628613616,35.85790769877468,671.8052511071389,26,31923.570904586635,1.9269592497723083,5.36937606634776,1.7698502588518168,2.194167798136606
4,-18.170512658336577,-57.599302803353936,401.1211911161644,24.0,31838.670949175703,-41.43878667442429,-67.88568168649181,404.85480881753523,26,25555.641612131538,1.2929035496174786,4.0090531201922275,1.9307722711810693,9.812016466204685
4,-56.232151819778295,-18.13220383059496,459.8605036191335,29.0,31443.217484171855,-28.474056512850794,-30.09035596170466,448.64106164552084,26,30361.95732780581,1.6871699189232,5.814152595130211,1.5694052826857408,4.667122782736144
