Detections,X,Y,Energy Per Nucleon,Z,Height,True X,True Y,True Energy per nucleon,True Z,True Height,Phi,Epsilon,Guess Log Likelihood,True Log Likelihood
4,-36.62993078532742,58.792682715205046,410.5500411186025,27.0,26351.82954834323,-37.48432637798854,71.80909789294867,410.92153244729263,26,24513.89122139144,1.8977409936620688,0.6719608877278044,0.7870408832325277,2.2173734726068677
4,-3.0505319482389837,33.45849102020719,507.62659079407496,24.0,34176.64499609613,21.698509022028645,25.321534415712478,501.9605860201836,26,32502.007857493463,1.8140487927717452,3.9471570525853563,1.0419809864390481,2.421233792697949
4,37.21965758678243,8.521834118229549,567.5140855303871,23.0,34640.166662179196,35.73757340303675,9.167060699517748,573.8397087734567,26,30522.55539176361,1.2354525357026183,2.072947175325808,0.5728440531399223,85.0875114425703
4,-17.993334366627607,83.43604249531472,631.6324848959125,23.0,24569.28434528625,-30.12200240386946,108.98672377393541,716.5927098061514,26,23040.803548402022,1.8065842021896574,0.20510589884000946,1.1500340843057122,11.591088350201142
