Detections,X,Y,Energy Per Nucleon,Z,Height,True X,True Y,True Energy per nucleon,True Z,True Height,Phi,Epsilon,Guess Log Likelihood,True Log Likelihood
4,-26.294919737211558,-26.19912430100277,274.4555040677702,27.0,24692.726708777707,-17.481631670639104,-30.056742831757006,297.356356657037,26,25523.835968018553,1.34293150195352,6.017925623990101,0.003103712541367921,0.3448678750693872
5,23.481755006878302,-33.57429567142066,893.7157693352611,22.0,31211.68096876799,35.05109160038222,-37.678433491203464,924.382441213377,26,30659.58579153417,1.4226581143241506,4.422871470673809,1.52995682988124,11.218123839118011
4,42.907381297048516,43.03316561759402,325.0344379641982,25.0,24855.636842047024,59.623846269392175,36.30642051968485,344.2920016096988,26,25587.211706135815,1.3280577719098225,2.42909958618873,0.007461919896827178,0.8452711390380199
5,-50.81210514805932,19.080379258050414,3417.0157415322274,28.0,36222.95994642876,-49.27373213226184,9.960886798360235,3309.757660182131,26,33345.2443609379,1.2356514999331611,0.6112649434517394,0.4054688180509297,2.429035979950653
