Detections,X,Y,Energy Per Nucleon,Z,Height,True X,True Y,True Energy per nucleon,True Z,True Height,Phi,Epsilon,Guess Log Likelihood,True Log Likelihood
4,-93.54973091779425,-44.67108004099359,444.48326953433474,32.0,27280.010119802362,-110.49480173122336,-47.70741599955686,448.3217661515582,26,23483.88875420739,1.6517905981170022,5.89185180729431,49.51541019383529,51.07281013292878
