Detections,X,Y,Energy Per Nucleon,Z,Height,True X,True Y,True Energy per nucleon,True Z,True Height,Phi,Epsilon,Guess Log Likelihood,True Log Likelihood
4,-14.271091091456299,44.6199886810021,681.2570216516472,20.0,27048.137938176165,18.583252782762287,33.09640550870162,681.2658728829358,26,33012.251929187536,1.771705195366687,5.568304419699211,59.367452160268975,60.4919437418712
