Detections,X,Y,Energy Per Nucleon,Z,Height,True X,True Y,True Energy per nucleon,True Z,True Height,Phi,Epsilon,Guess Log Likelihood,True Log Likelihood
4,-13.939390561806817,-3.1265452370431603,410.1297398299655,22.0,29485.012086618197,1.0944049005672696,-4.391255383262859,410.3069912796261,26,29624.305790262908,1.2365305863333504,5.504081349960074,1.3993154459370225,3.0336841273640918
5,-35.04625667475477,-20.57632867977594,452.0285339827948,25.0,32218.851849973616,-55.21079651981499,-31.342446258506712,462.17685679730533,26,25455.34135869915,1.5024157805393277,1.169615121754548,1.2281392644182605,2.4993244466369395
4,-38.03482648880953,-33.012903760705,615.0956775590748,27.0,32335.874615603225,-46.18646465763918,-31.11255843579599,599.0261195387171,26,31091.084204262042,1.9507256413178857,2.1044865914321216,0.6641619623952587,1.9508446470721945
4,21.950964711380948,23.979811889089262,247.4540845298631,29.0,24715.51394874727,22.020790166502934,24.303967557268635,345.2011785109512,26,28877.08739556843,1.7848152122940417,2.090954756376036,0.0018808817638658274,0.4810286179064248
