Detections,X,Y,Energy Per Nucleon,Z,Height,True X,True Y,True Energy per nucleon,True Z,True Height,Phi,Epsilon,Guess Log Likelihood,True Log Likelihood
4,71.94383065115977,-42.088989911983504,534.80787497498,22.0,31204.034027894704,73.57788678891896,-45.376956062280016,546.3381964552876,26,29735.32654909174,1.3706760145030112,3.8671168590358063,3.002844333306675,4.480451442381269
4,-67.04345247727468,-33.460655718554676,1063.5281793309487,24.0,27734.990945605092,-64.0266131829107,-33.395921260196076,1022.9924769966159,26,29983.45841207407,1.8394558961155152,1.7935932591949513,0.7636264408549613,1.1130253302194784
