Detections,X,Y,Energy Per Nucleon,Z,Height,True X,True Y,True Energy per nucleon,True Z,True Height,Phi,Epsilon,Guess Log Likelihood,True Log Likelihood
4,7.899293516010175,49.34491181586861,671.9816481003179,26.0,34517.224389971874,14.842386966678646,66.66855377526326,699.4600994804367,26,29420.78423037409,1.4998711783646517,3.425172737548347,1.9181643580946273,3.8894189341255494
4,-3.5922346359720905,26.376725919646617,695.1341160741687,22.0,24585.855971008434,3.2580603747572354,25.478418251026426,717.7625582075206,26,28741.559695795644,1.3749803718200415,3.975553686304769,1.6283670613796488,5.564609733257779
4,-15.250095233415777,-16.57777800003248,1015.7940595027169,22.0,31287.011419721326,-14.93346647977691,-12.86058530717267,1024.6124730640618,26,34187.22298617078,1.581406693798071,0.05230390946020362,3.1938809975192024,4.070158523198541
