Detections,X,Y,Energy Per Nucleon,Z,Height,True X,True Y,True Energy per nucleon,True Z,True Height,Phi,Epsilon,Guess Log Likelihood,True Log Likelihood
4,-112.36971197638888,-131.30723694112737,683.3653007034359,22.0,34405.48519527289,-39.14983505537366,-58.6451135162048,521.666392846583,26,29348.698303418318,1.5587786316973453,0.8943021801852443,2.100680242494005,239.86471426168728
