Detections,X,Y,Energy Per Nucleon,Z,Height,True X,True Y,True Energy per nucleon,True Z,True Height,Phi,Epsilon,Guess Log Likelihood,True Log Likelihood
5,-36.53462334556343,38.34397109852324,324.7480112737785,23.0,24074.872756539862,-32.2172610399258,37.34461962274949,322.82608635655384,26,24472.24779468513,1.4156938593227695,0.380959258893018,26.425928815810387,27.497689298787783
4,-48.6673741408182,-54.55652690177661,1454.4613931877343,28.0,24344.011425854296,-45.40308894697411,-48.944944041655546,1514.507087047204,26,24546.19223480684,1.5902435158258814,1.282532818059515,69.69137851404004,71.26919833808398
4,6.008002624582332,-31.745048056123494,887.3692838988578,31.0,31114.62222106534,8.875452888646976,-32.01183531438035,872.8308690966813,26,31160.10734474333,1.6227774688229415,5.928593131376202,66.94003632305498,69.65057452739977
