Detections,X,Y,Energy Per Nucleon,Z,Height,True X,True Y,True Energy per nucleon,True Z,True Height,Phi,Epsilon,Guess Log Likelihood,True Log Likelihood
4,53.475564090234684,94.45706600592712,3925.8396333214355,23.0,30522.95374359444,51.7912830127641,92.72087452673904,3181.246712337087,26,30163.01082012138,1.4037707702559714,6.218439224510012,63.85485191562502,65.29512340193611
