Detections,X,Y,Energy Per Nucleon,Z,Height,True X,True Y,True Energy per nucleon,True Z,True Height,Phi,Epsilon,Guess Log Likelihood,True Log Likelihood
4,7.8463851834926,-80.75079326212355,2442.236717313179,22.0,33178.83063553946,11.049352331062039,-60.14274060391455,1959.4765728479554,26,27970.70318651225,1.835016436294599,3.5271605791828198,0.4687789839333474,9.034362707304604
4,45.095517755260744,-1.3112183557749972,1210.3396654527587,29.0,37313.725223331756,49.4865264297178,-2.0016319710865105,1229.1940364731663,26,33244.543568573186,1.707240184816535,4.473039623252263,0.9876956707632031,6.337105499190575
