Detections,X,Y,Energy Per Nucleon,Z,Height,True X,True Y,True Energy per nucleon,True Z,True Height,Phi,Epsilon,Guess Log Likelihood,True Log Likelihood
5,40.57652814740982,-30.864023582242794,539.2002908121376,26.0,24787.255008056938,36.92243863805345,-35.65106623632137,310.9032001078568,26,23418.611417902302,1.583256407627581,3.026764790874611,0.00789259613379043,0.2741586042587256
5,51.44760612450415,-15.2110056174443,354.5778465894738,27.0,23384.107729413936,48.360698079431586,-10.995125745736686,345.8493215706054,26,24141.941471970094,1.93571460512491,0.7220486418002976,0.03870160888554998,0.5106745195588076
5,14.699421330208907,4.7808924633786205,1418.3944517531631,23.0,62825.419923792375,-5.061545649197029,30.059804764098715,1537.2816180951886,26,29835.444083488404,1.509326417692329,3.2314136567507337,1.8585233448167144,7.298479913487275
4,-114.65075619964165,-58.83664087313932,3230.7460496948493,22.0,18574.194695488903,-85.80762980882952,-27.450924459971816,331.41129462748466,26,22818.824913054726,1.9504638154677498,2.1628383398780744,0.05409531647133944,0.7604999810874422
4,-18.964982643418807,-40.859230608225516,472.4553869731736,24.0,27971.9320974653,-22.592450047575667,-42.09936293995331,476.3270654466786,26,27604.637568554765,1.8004105659665133,1.069611257812303,0.7571338800318362,1.4710956826300379
4,27.211846736419545,-38.851241142445986,528.0103331192361,26.0,31000.27351755331,18.74187352414873,-40.17662438749552,523.7077428765208,26,31821.864357717586,1.3043286578284041,1.4804664627505435,1.1110010324840793,2.3747153773139407
4,13.215045427916266,50.75865348002458,319.31876146447735,26.0,24726.74526268461,16.700403326052196,61.47810307510582,279.2769074257283,26,22398.06569958655,1.456011317871852,6.049720832267768,0.0008097335057482894,1.1284221132735632
