Detections,X,Y,Energy Per Nucleon,Z,Height,True X,True Y,True Energy per nucleon,True Z,True Height,Phi,Epsilon,Guess Log Likelihood,True Log Likelihood
5,86.10907463643508,-33.912427962069444,652.4401813571276,22.0,26147.277786945415,53.31720750523695,-25.19127385846916,582.8113287421501,26,24962.708704630782,1.922603267862431,3.7514712887294053,1.0988939095370667,4.738557503080647
4,37.56366310027926,-28.66315306365317,411.3930585607964,28.0,31300.20525304414,15.498868408069228,-28.60572542701128,411.85937587306535,26,23369.803486876583,1.5557361809749386,5.258604518219425,0.8449958821686054,2.577728148900963
