Detections,X,Y,Energy Per Nucleon,Z,Height,True X,True Y,True Energy per nucleon,True Z,True Height,Phi,Epsilon,Guess Log Likelihood,True Log Likelihood
4,23.383323648914427,46.70349765878581,530.5687464039738,23.0,34050.70039533697,63.979399956360965,108.58969383057826,627.0953106900201,26,24907.35850041541,1.8869808410680813,1.0546002987031977,1.5726322031025879,26.44120356657832
4,-21.89751080487497,44.399109233121976,963.8423854351502,25.0,39760.17907333873,-46.02139003106474,26.377428267138868,966.5993359492463,26,29442.323604070913,1.6175232438131073,1.7597662840690742,1.6857037548618052,3.4832620373572354
5,85.35140671820767,27.89640207587064,1700.7569965762705,22.0,25564.887683311936,86.48010445796612,21.490144808809333,1428.7738946878528,26,28150.7279480961,1.301636122100518,2.0154173625424607,0.9995580243468754,9.585651625342834
