Detections,X,Y,Energy Per Nucleon,Z,Height,True X,True Y,True Energy per nucleon,True Z,True Height,Phi,Epsilon,Guess Log Likelihood,True Log Likelihood
4,-34.83883697085503,-45.77043049486912,1414.5355503366839,23.0,30094.505176315954,-38.89114004691598,-45.54897623212743,1563.71607574133,26,30256.491333036593,1.3495603212604514,2.6271859979159746,0.6907103721480179,2.695599768051526
5,-20.742760619758485,29.45617095422739,1981.579258519036,23.0,39919.330379150284,2.5604049556289397,28.36950040046449,1984.3023529291656,26,28051.798366609793,1.2270470969938565,3.5761855878571853,1.105315688873244,8.529271837773058
4,-59.14618464055101,-120.75833550219588,3227.259328887971,26.0,44325.823679467314,-61.93979812984651,-86.2959941506883,1739.368357677245,26,21927.13263056557,1.275723444290387,4.287503564507893,1.603085853016318,5.707376351508088
4,100.32508122113535,-30.307311821450128,614.8054728578862,22.0,24853.868488305096,66.65546965582408,-21.660884131540087,572.565111561712,26,23044.761895719552,1.212548503297978,2.79388754033581,1.2683931596002465,2.7085118699335373
5,30.18871870597053,-16.333702552811474,1103.6590166929552,29.0,32279.547211754565,31.13151395608304,-12.292083463193137,1171.7351117564297,26,33534.39025498361,1.5673109062604162,4.29252087844818,3.4922256545871924,5.222666419752325
