Detections,X,Y,Energy Per Nucleon,Z,Height,True X,True Y,True Energy per nucleon,True Z,True Height,Phi,Epsilon,Guess Log Likelihood,True Log Likelihood
4,33.86166519817709,-31.642390373416163,414.87904037807954,29.0,31442.397988124598,18.904006055347196,-26.469603018091135,418.3905226167702,26,30790.28875375823,1.4094696256195496,2.632562286476613,1.9718317082906744,6.861894488889286
5,-65.84031108178706,9.680590104118664,1625.164091982413,27.0,36000.61387883273,-71.87933868632872,19.6598150948559,1702.2837099734,26,30118.541453998365,1.4993714331663648,3.327996991301661,1.473531027099173,15.598797093743647
5,-88.09158717564944,32.95955905827657,677.4049549954361,27.0,22642.030981782656,-92.86054263936121,29.631325593954244,691.3905600147904,26,24459.483016525268,1.2213525789662336,0.1174458548413077,1.7121689799144604,2.341535346012968
