Detections,X,Y,Energy Per Nucleon,Z,Height,True X,True Y,True Energy per nucleon,True Z,True Height,Phi,Epsilon,Guess Log Likelihood,True Log Likelihood
4,-55.3142132436011,-15.557908046853925,447.8096279542738,27.0,27108.59392279302,-70.5499421641996,-18.896099765393757,281.9897106680041,26,23423.638411250206,1.3576650268875983,2.468439587095088,0.06069527069441919,1.3312519430976422
5,-40.292292708151706,13.547603785917659,886.2851560207962,24.0,23549.520196381258,-29.12354057268486,17.661337225578848,855.8852485381185,26,25504.054102172253,1.7504955502043453,1.0143306410698534,0.7057254425664021,2.6334706931577903
