Detections,X,Y,Energy Per Nucleon,Z,Height,True X,True Y,True Energy per nucleon,True Z,True Height,Phi,Epsilon,Guess Log Likelihood,True Log Likelihood
4,-5.659978184954184,15.260908788782956,1286.8711753318444,29.0,38996.88992755711,-10.654128887651524,1.0113711893950779,1306.8143589096403,26,30081.22465663749,1.8780998666531004,3.536948138070059,3.6452042155805886,194.47313720158544
4,78.03183062131438,-21.77888514167222,996.4611438067766,29.0,31502.504718906628,70.51490111630804,-10.233541198243017,936.8349779549125,26,28353.80284995936,1.9357427749515788,4.417262023798955,0.5435769580959982,3.3677162178209334
5,-18.49441047626152,-9.972865801247792,458.921496119101,23.0,28073.27985209001,-19.073071770116144,-7.8116193928560165,468.48072118531235,26,25686.267633747007,1.2113783811246495,1.8993297466037558,2.825363783995966,13.159440199687698
4,-30.533627345761886,26.807789212193086,794.9102072371975,27.0,26999.7107612251,-25.051185593310535,30.827150616751766,788.5665680174453,26,28954.946682123238,1.9119641199433555,5.914492914218428,0.5879451450485258,0.8408838789058927
4,-66.5954101845808,33.034134828220374,944.8844560834713,29.0,31013.40409582354,-81.38346217358006,36.67030054476649,1103.0193011808324,26,28031.657493081064,1.433744792095634,4.265480392845583,0.8134153969883737,3.3420804326803424
4,-80.76375629376054,-91.39711164201827,1703.2693511304542,29.0,32338.51058063651,-91.58273570296481,-94.18544167697664,2171.709856037617,26,29614.284493874056,1.9174315438816416,0.15590905283738407,1.0304345855495265,2.3221172767814213
