Detections,X,Y,Energy Per Nucleon,Z,Height,True X,True Y,True Energy per nucleon,True Z,True Height,Phi,Epsilon,Guess Log Likelihood,True Log Likelihood
4,47.19174427485888,-34.950956614692814,2688.2794578465414,24.0,38592.384932570974,36.320873501527444,-41.36034859125131,3050.934416237864,26,35973.59706976517,1.1947455871959733,3.1110711097172397,1.7527495466515095,6.886051533106973
4,28.205509212494007,-3.9406524166381587,810.258082066459,28.0,33577.952586210624,29.89426670310951,-7.800770045678632,846.50061646475,26,33028.89112971535,1.271630909023439,2.7116630060638203,2.0787861998507204,3.000839564091482
4,202.74375494404734,299.94829182988497,1520.3213206861788,28.0,21761.76873428842,42.468047297368855,80.64993083055327,451.04040410593956,26,25550.52381289739,1.4370134460105901,0.5509548920342799,2.0201590150695337,79.69921040888269
4,41.03678866246639,139.73918283651187,1470.3518804336204,22.0,21953.421052650017,43.64842752531371,121.25984018713291,1267.3089338312986,26,22616.58738362889,1.5908599007378665,4.406747552113556,0.8016877497672199,1.3426346214767229
4,26.583416139268593,-28.862129862532356,512.3441955418821,26.0,33869.526843034655,19.21869047047639,-22.321245883216235,510.4714868404444,26,32281.52315348,1.3384958846003456,4.319137989173255,0.9070294511630421,1.6758891112463619
