Detections,X,Y,Energy Per Nucleon,Z,Height,True X,True Y,True Energy per nucleon,True Z,True Height,Phi,Epsilon,Guess Log Likelihood,True Log Likelihood
5,-89.0,27.0,572.0804570175086,27.0,25000.0,-89.66841385842064,26.970211770914773,324.7790098001692,26,22124.68084416081,1.4579415817469654,4.365557675459205,25.42504501634548,25.728261107760837
4,62.39227419945354,-19.5293985031401,1750.028272225771,20.0,30075.156089641037,65.62735872972536,-13.983128892098847,1725.7079699871347,26,36898.53146302175,1.2158914716410913,3.020712458397046,65.34326019290785,70.67176350928487
