Detections,X,Y,Energy Per Nucleon,Z,Height,True X,True Y,True Energy per nucleon,True Z,True Height,Phi,Epsilon,Guess Log Likelihood,True Log Likelihood
4,57.204508210661345,-20.631123963737025,487.4924226866118,29.0,31145.60514914595,63.5083370983192,-13.02859164203224,501.4489185663725,26,27631.04256567041,1.5493065030513027,0.5957201765709573,0.6582066998113291,8.065256960184236
4,-29.636203430329772,-25.491583785993384,640.8748246029963,22.0,35874.364116706376,-24.87734340343013,-31.57693945471874,644.801586529742,26,34344.907248327516,1.5827513170056873,3.276293531228759,0.8155636631824086,5.645918711175835
4,2.6785008442017215,-67.97060618018864,583.8822794597876,29.0,31901.33821304892,-7.660246411386197,-36.35443614443196,558.8527190756489,26,29878.01854764142,1.6863745841452344,2.139718796691537,2.3787583064780873,3.4222191831240827
5,49.999809469147806,-4.802294749094358,2044.3732191969352,28.0,40266.01571855559,40.80505745392455,-14.916441115720886,2053.2396324119813,26,33340.79621663618,1.7885663558451816,1.5768169920807298,3.129109126774729,5.215478002398754
