Detections,X,Y,Energy Per Nucleon,Z,Height,True X,True Y,True Energy per nucleon,True Z,True Height,Phi,Epsilon,Guess Log Likelihood,True Log Likelihood
5,-0.24212879081136407,65.04853579832985,899.6813976970683,22.0,35698.213910107705,15.885888906110608,62.37543996108988,901.4308807535443,26,31674.85210823707,1.2091590580396214,3.333637075248182,0.6390916632000476,4.283872319123059
4,-21.913323503575555,-55.16615803496535,672.3200600963085,22.0,34096.815838432805,-26.560031452166584,-44.476873854008986,688.1044193697012,26,33338.426725005505,1.2112318912454862,5.888860468797728,1.6515200248347703,3.817945189678622
4,1.2834923512405112,33.8506141035474,740.7143489194391,29.0,31077.520454006437,6.170454355261256,33.41508133779314,690.1511266105663,26,29966.22409702814,1.2759610838469393,0.8177443670240893,0.9347873613398695,3.515787093881623
