Detections,X,Y,Energy Per Nucleon,Z,Height,True X,True Y,True Energy per nucleon,True Z,True Height,Phi,Epsilon,Guess Log Likelihood,True Log Likelihood
5,90.05337498450899,31.484628522875084,337.5187524318703,29.0,22006.89003245768,85.51098922606457,16.920615114811824,332.2078640055199,26,22276.69718477767,1.7234657912685714,6.006118267869086,0.1344828502336684,1.7544892285658686
