Detections,X,Y,Energy Per Nucleon,Z,Height,True X,True Y,True Energy per nucleon,True Z,True Height,Phi,Epsilon,Guess Log Likelihood,True Log Likelihood
4,-25.562229148710003,6.25725063982037,1390.2346846777104,32.0,37303.28739072906,-27.999691645185138,-7.838919123126118,1366.499029954797,26,34215.85907021144,1.3807391347924085,2.1694353262452157,63.74712620871789,65.44730541420414
