Detections,X,Y,Energy Per Nucleon,Z,Height,True X,True Y,True Energy per nucleon,True Z,True Height,Phi,Epsilon,Guess Log Likelihood,True Log Likelihood
5,-6.148088203624184,-54.95549493807201,641.0996314201054,26.0,33449.80307942614,-8.936116499625399,-71.33974131839163,640.9023178698407,26,22985.37199366526,1.3107797382220907,3.6690210805552397,1.489979044376886,11.493100472535433
4,-31.560188907853274,-67.81594443535369,1285.1689688632464,26.0,26809.512095750226,-28.104087516048338,-65.19616743994843,1383.5116191138384,26,27889.54647481451,1.9027283752117752,3.50001472430282,1.0248836558753491,2.7307552460345406
4,-15.132358327795032,2.220530801338043,1285.3629244632198,23.0,32579.581618658565,-12.452855095047681,5.807363028960793,1250.2753755554102,26,31439.035726380935,1.3319494933875478,6.0070068082986054,0.6227701456978791,1.6879479947179707
4,-73.73088020772093,-4.109551851943763,1337.0370084560993,29.0,34264.867801664164,-72.70735468069654,-3.4570369903003098,1384.7716248719075,26,25446.618242008077,1.8831486061419034,3.8145559021260222,0.7182927265113453,1.1867795254122169
