Detections,X,Y,Energy Per Nucleon,Z,Height,True X,True Y,True Energy per nucleon,True Z,True Height,Phi,Epsilon,Guess Log Likelihood,True Log Likelihood
5,-19.502168093006446,27.704675102513534,1038.4377532718124,26.0,28674.607934935946,-24.131988087563613,36.188194944606096,1119.7215545753165,26,24052.235449479533,1.192243091093329,0.9493247814130548,1.4066312538981007,16.230820721657377
5,-35.72037066145242,-32.73666089067518,754.7217491686092,28.0,27842.820155733367,-29.4957410365667,-35.99934956099344,765.0175481249453,26,29050.432343403045,1.31528735430466,3.9073124955590535,1.1151047038819881,1.6772473548216886
4,60.568460107158614,16.91971639174801,2414.6522303375064,26.0,48052.93254674686,71.63145615420825,33.50146485343245,2928.4632480202094,26,29878.657313679934,1.353136259565217,0.3354413203629831,4.093697670219392,11.030693988015217
