Detections,X,Y,Energy Per Nucleon,Z,Height,True X,True Y,True Energy per nucleon,True Z,True Height,Phi,Epsilon,Guess Log Likelihood,True Log Likelihood
4,-19.422016034017076,75.10779472771077,1741.6656549897089,29.0,31202.296241576194,-16.63688576883854,66.0612785076896,1963.0944089099962,26,30201.73582927042,1.7719455580422696,5.320144515034254,1.209276424050828,6.168278021288672
4,-40.660417346650945,93.23932243553304,509.4033319956521,22.0,24377.158609526476,-46.04506254765275,88.94698316603606,513.3550614295427,26,24950.377817516433,1.7384475642106103,3.761352141301957,1.1833112894560383,1.6935674953575803
