Detections,X,Y,Energy Per Nucleon,Z,Height,True X,True Y,True Energy per nucleon,True Z,True Height,Phi,Epsilon,Guess Log Likelihood,True Log Likelihood
4,26.44711063790629,-27.284883761558945,1447.811621828697,29.0,36620.77469405315,24.453249320145346,-27.72641198848278,1471.9562208694429,26,38291.37079656668,1.9303916517799524,1.0168590409632001,0.913791928556394,1.4484409827620737
4,-25.517130716055533,46.14600610596966,578.9880975036108,25.0,26741.66938382316,-11.304893482676334,51.09422087178419,588.417177108288,26,28690.5365115884,1.627085183978795,1.5346971162480214,0.16679732138006606,4.87460153758361
