Detections,X,Y,Energy Per Nucleon,Z,Height,True X,True Y,True Energy per nucleon,True Z,True Height,Phi,Epsilon,Guess Log Likelihood,True Log Likelihood
4,-51.91444875523382,104.52341777581825,730.5657646005343,29.0,26976.575184955465,-60.509813310158876,113.16207219290834,762.5527921213849,26,25053.915384959953,1.8274770860688603,6.229431037140617,1.6898821427326305,1.8052767137670243
5,-18.597057814868606,44.88502478579102,610.2481121089528,26.0,29856.98751960223,-10.82905450227247,52.39860750459715,636.0329269036899,26,31265.741569716876,1.3638223060604715,4.991582723356114,1.408477054471026,3.590016462555412
4,61.93350284156253,-6.677380019847135,870.5683995476795,24.0,35631.448617840746,62.282625186404914,3.474651345234861,874.7630754101439,26,31937.407306064488,1.5238627397599513,4.4454768982920365,2.077881362180131,3.314665023611436
4,-21.991815672174596,-98.97530405677085,1189.5979786061753,22.0,18783.234628528146,-34.97986909973848,-91.56972628540439,1269.0864565386426,26,23488.117658336494,1.4423764403801373,5.953413668303072,2.6993284288397286,8.645880834985938
