Detections,X,Y,Energy Per Nucleon,Z,Height,True X,True Y,True Energy per nucleon,True Z,True Height,Phi,Epsilon,Guess Log Likelihood,True Log Likelihood
4,85.31832536576303,65.13303195516391,465.68664111243845,22.0,24694.92274877723,81.17632434565814,69.22292917406537,463.472507785682,26,25008.68481994536,1.8923574314849685,1.181062388871311,1.277869767853796,1.4930738916092525
4,1.8452560281466504,-29.68605296972146,1296.1254418881072,29.0,39969.13583038692,-1.1961570412323965,-30.75371887691989,1171.5539814054246,26,33680.987045948306,1.6894475042860022,5.329548546886422,1.2271319507974996,8.955267118076751
4,-198.67702530878884,166.31995020099635,542.2434681710286,27.0,17529.863544592077,-100.89019792287687,88.36552190830534,452.22187118658627,26,22357.156125314155,1.2468712006517733,3.668867928245597,2.358381067090082,7.632905607096297
4,-215.43439225505443,145.75534136796944,642.196450048506,29.0,17574.436905078102,-111.85999392327122,54.795647884350416,469.2239651249122,26,21156.003577194788,1.204423504659319,2.528373761903105,4.207773782727657,5.701980944011764
