Detections,X,Y,Energy Per Nucleon,Z,Height,True X,True Y,True Energy per nucleon,True Z,True Height,Phi,Epsilon,Guess Log Likelihood,True Log Likelihood
5,12.221243398755519,-47.627697117472366,1359.9216320724438,28.0,34890.41588890186,-0.9791357650325097,-49.14156052931553,1369.5324654565213,26,33246.73512031551,1.9262850475742486,5.133028989708159,1.2281205494320249,4.024162658439144
4,-75.08097758046958,-10.48093878525998,1216.6667597446412,22.0,24176.37352745545,-68.66253871229485,-3.0495065198794578,273.14564600879174,26,22382.70437260903,1.8351547476576382,3.85923313355635,0.0003562248058842809,2.821324814247728
4,33.90232998641403,21.00717501305843,2515.027655922091,23.0,33245.410974146645,42.41874030262855,26.27775512847876,3189.6001152115873,26,32190.38396048976,1.6775671935913568,1.7422378546177781,0.8545240023059,9.894562270193711
