Detections,X,Y,Energy Per Nucleon,Z,Height,True X,True Y,True Energy per nucleon,True Z,True Height,Phi,Epsilon,Guess Log Likelihood,True Log Likelihood
4,-33.67784988343908,45.496837851308555,389.3573884309577,22.0,61271.67831011207,-47.20904657954894,21.69529005411644,389.4874710653516,26,24941.878860217807,1.7942136009182987,5.854835794272431,2.108534216814031,4.889001107971334
4,13.568092721431071,37.25789692932142,1362.9461065719502,28.0,38113.6826846207,16.15840035967281,43.017302135957095,1389.1820160087045,26,36435.99162372449,1.6357207566306216,0.2882119383111775,1.099147740762748,1.9704183120666832
4,56.26930095004673,-26.338934732229234,315.33605484365626,29.0,25006.604038789454,75.47570788796392,-24.847638309273577,351.2672230044722,26,25814.847347849285,1.847448741695569,0.8618866669025963,0.013143816150045624,0.17998639946766054
