Detections,X,Y,Energy Per Nucleon,Z,Height,True X,True Y,True Energy per nucleon,True Z,True Height,Phi,Epsilon,Guess Log Likelihood,True Log Likelihood
4,75.19667094866907,15.06028131756068,454.7157246741531,25.0,25005.037676727225,86.35916653931679,21.518778565397326,371.14885413941136,26,23068.600783206333,1.8476692216804012,3.749688808569586,0.0046197254035802715,1.6721365162531632
5,-19.028779990534304,99.91457780431995,885.0116775698384,22.0,20362.25802319241,-14.818880941431559,68.48392000958557,278.4640488082181,26,22534.49209557262,1.5346721923935922,5.826570420388132,0.09238152484669793,0.8864683967523503
5,18.70335074934502,41.89336312697884,482.108682437089,25.0,21439.936413836847,36.66513968047792,25.157535226466564,508.86359992544556,26,25454.438431625662,1.4356617265663143,4.132410981421121,0.9091327435387205,14.136643750164957
