Detections,X,Y,Energy Per Nucleon,Z,Height,True X,True Y,True Energy per nucleon,True Z,True Height,Phi,Epsilon,Guess Log Likelihood,True Log Likelihood
5,-4.014174536665564,65.6588819584369,1700.2828217263707,27.0,26965.188382526463,-11.873956001388876,88.29433427789994,2279.0724250329827,26,25112.744089108855,1.2066118882287844,5.049401148103718,0.6630106664945038,6.919580535312605
4,22.41034790255202,43.80996335645966,449.3458131976634,29.0,32042.679082716983,3.334196842544827,43.41036593800308,449.30074559549604,26,28124.95077045306,1.7829391078000238,3.4322946125995006,1.4903478926736917,3.491667949938915
