Detections,X,Y,Energy Per Nucleon,Z,Height,True X,True Y,True Energy per nucleon,True Z,True Height,Phi,Epsilon,Guess Log Likelihood,True Log Likelihood
4,-41.677177882565445,73.86261214611403,463.94442504313747,24.0,23890.97544411422,-32.742621617187496,60.42406591770467,466.28684391880523,26,24987.815383855028,1.3569354668068385,5.537493719601288,1.2319170564900377,9.615457332452122
5,43.12893188164509,-102.46690514197937,3051.276466530395,26.0,22792.717855250983,39.12338089001648,-99.8635798203947,2507.635729042499,26,22942.79273745551,1.2069909978279103,4.899975288443901,0.15320380694834423,0.8758946976588058
5,-45.96796947106495,5.546713965118784,1247.1283628521771,24.0,43751.9632863009,-26.300058186897076,-0.0636276979285526,1214.3058047586023,26,32274.955055749902,1.4583970483336215,1.4830457415600917,4.14319614830054,9.228382892639297
4,-59.047194394350754,-199.22326973064213,1041.3139247981317,27.0,25965.998275459242,-53.98471309511014,-89.74703452163827,638.6009839487928,26,25131.205571789327,1.8316180781240352,1.5185200707107411,1.8057588233398092,3.881216264280949
