Detections,X,Y,Energy Per Nucleon,Z,Height,True X,True Y,True Energy per nucleon,True Z,True Height,Phi,Epsilon,Guess Log Likelihood,True Log Likelihood
5,3.90575721417315,-42.30240034143873,766.546490292875,29.0,34263.18639169626,12.472759387275573,-38.969826505517986,764.4114706151089,26,30557.60074456415,1.8953369274867053,1.092795414775678,1.6867415360621498,10.439682850101894
