Detections,X,Y,Energy Per Nucleon,Z,Height,True X,True Y,True Energy per nucleon,True Z,True Height,Phi,Epsilon,Guess Log Likelihood,True Log Likelihood
4,-11.33326660689329,-57.722421219223065,338.53859345048227,29.0,23882.36070689996,-3.824632206592412,-58.548599095720405,384.29656190328234,26,25860.25998774435,1.3140599839854377,0.8223696456973293,0.1555318850557756,1.3661823001429856
5,-156.3985535094011,-28.36360463531298,1007.142783556577,24.0,32187.28906301126,-50.94985510971031,-36.754593056033556,700.5954147831027,26,25576.75831791045,1.382387436196032,1.8340208262899587,4.947562324980085,15.125627362839957
4,17.3422301029658,-16.239150424387617,602.6677994940922,24.0,35874.82125657625,24.09115036298894,-6.382472817770946,653.5172139954251,26,34013.20116371107,1.3272964575675836,0.6835654618531009,2.3224746336689286,18.32430123300166
5,25.912316218380056,-66.12837279589289,1505.7822705446797,22.0,47471.18832948532,40.62330170241202,-59.891549889287546,1436.2258074156864,26,24342.421805922837,1.5685155469339476,6.243758653562428,2.0898641234173874,4.340509333277121
4,22.55693204866003,27.082583358212105,777.0177450537378,29.0,36448.45477167367,37.09100909014748,15.650493413456843,758.0694755845548,26,35758.631776842194,1.8378534016637067,4.75090393733344,1.0988692226272976,3.144351377143694
