Detections,X,Y,Energy Per Nucleon,Z,Height,True X,True Y,True Energy per nucleon,True Z,True Height,Phi,Epsilon,Guess Log Likelihood,True Log Likelihood
5,-11.39073981479396,-90.4700577226505,454.66583307056675,25.0,22736.865177734973,-2.0804506435266035,-72.00411631080688,449.45924423291916,26,25601.667867717675,1.191866228521799,2.81705584717692,0.811762057212815,2.305990844889523
4,72.85923126548647,-78.4455565487969,1278.6394768472817,25.0,21753.74802382078,60.200026560563884,-84.1008923944971,1185.06456786507,26,25028.419639563097,1.5359138663033731,4.155135798858629,0.7169809986626783,2.4285858877433473
4,73.79853376372546,2.310516969991454,245.90596934127282,26.0,22220.296681703716,83.08892057956072,0.08158674369175856,296.89766798985704,26,23148.88930350443,1.2874403939066021,3.2082712853730686,0.004401464394130856,0.4502419851152457
