Detections,X,Y,Energy Per Nucleon,Z,Height,True X,True Y,True Energy per nucleon,True Z,True Height,Phi,Epsilon,Guess Log Likelihood,True Log Likelihood
4,-20.7363522968501,-100.55095675654678,3149.0341938109855,25.0,25092.15228387869,-15.238041664344053,-78.2620630533888,2620.9943976988784,26,25849.941993452565,1.4156610470689093,2.1073722045236383,2.4946746492355056,7.250054768837305
