Detections,X,Y,Energy Per Nucleon,Z,Height,True X,True Y,True Energy per nucleon,True Z,True Height,Phi,Epsilon,Guess Log Likelihood,True Log Likelihood
4,-29.454046406476664,-51.07296524291678,1385.9495926421382,22.0,27397.55570607261,-32.430884411180585,-50.15501828563164,1375.3300786319605,26,29120.489595948406,1.6198296263688232,2.295806352664549,1.2755229618821315,2.0283654102622513
4,-19.903464857355402,9.037437706044614,433.4666386215155,22.0,29930.617720639726,-20.84153430065217,0.2994631095010618,438.89162547211305,26,25924.465376805183,1.9131261621553277,1.853306715125968,1.3286504082673947,58.09906636056762
4,72.16068925829211,34.43670335070584,1253.9021778668398,23.0,30888.971628970627,55.291004377494914,31.638927279485017,1161.2092884993463,26,31302.877641044655,1.8327274701365994,5.564071295635748,1.095532512666415,3.616632468085932
4,48.368916836191886,-30.736085533328264,358.6910457305362,25.0,24803.69260346477,44.15405775999892,-28.449186515226955,302.3291762263414,26,24977.11701287336,1.432843324368027,4.322507157672793,0.0013895762252128076,0.95965197709391
5,-16.438383520512446,-52.06508274431587,452.3042177055885,29.0,25052.716382650535,-12.426938061595479,-83.4943124807871,470.67758557900856,26,22341.92787819903,1.210794744171751,2.4347840950384723,1.3840603207623503,7.514945052929087
