Detections,X,Y,Energy Per Nucleon,Z,Height,True X,True Y,True Energy per nucleon,True Z,True Height,Phi,Epsilon,Guess Log Likelihood,True Log Likelihood
4,30.900698880612765,-68.67475460360313,608.7331390166999,24.0,28873.001987323252,48.212820745542786,-82.8058914193938,616.1342535431284,26,24560.044860379865,1.1932586591654932,3.811086210658145,0.8383208054102257,2.418216103559211
4,-32.18688719563448,-72.80257072747534,1382.6728337488814,23.0,28475.30169589726,-27.224272515374096,-59.85536419568224,1346.9920898300177,26,31585.71134931636,1.4600223409782176,0.7191318666913813,0.9263092820583954,3.013097586356033
5,46.40407013642897,19.654773612379245,388.82680275481164,24.0,23593.97840328593,26.96072594396719,29.658061599732576,308.0939740947254,26,23641.757960439405,1.4331625720076442,0.842287607460396,0.0017802581595773976,1.021485333503593
4,-65.87479212541427,16.55317480467562,420.044999153904,25.0,31136.73545172304,-64.34466916268346,23.802155728013133,423.8050098132413,26,25543.876610172356,1.539583751604679,1.3045948309967192,0.9523219137580845,286.0324940118725
