Detections,X,Y,Energy Per Nucleon,Z,Height,True X,True Y,True Energy per nucleon,True Z,True Height,Phi,Epsilon,Guess Log Likelihood,True Log Likelihood
5,-3.026143321601978,-37.75288008984654,751.8027881839799,25.0,37557.26123639732,8.98885060862088,-53.004431656929924,853.8567446717252,26,31698.589821784044,1.4986586527702035,0.44626425830650296,1.7843473391612994,48.12101227062621
4,9.355289430503092,28.960726906056948,1498.030508348415,22.0,36509.45572651903,17.147382002406005,16.01322034424831,1581.6928231706995,26,33248.41376827739,1.660881349460496,1.3798512120270041,2.617414576578958,7.744555853222552
4,-78.09892306036318,46.94534162672238,468.8136140976426,22.0,27596.885931877347,-81.80325299427557,53.337455780720006,466.93494827440315,26,29035.99568730713,1.2602436847248835,4.0486391867651985,2.260183649734734,4.6680666777614
4,52.205371057033574,-42.21326041976283,1408.4929475162983,27.0,29536.032220557026,45.289772239492976,-46.71777975571473,1597.4860168494904,26,30057.64910257038,1.277038644745475,0.5935491556189009,4.275315218938159,7.765349117990281
5,48.76485324539448,-26.57783567164688,257.739023570476,24.0,23136.03584070893,41.92799028116906,-12.411232678059037,262.77165984234927,26,23530.575272912625,1.5699310500997576,3.572495997322297,0.1338225616476963,11.57567968249126
