Detections,X,Y,Energy Per Nucleon,Z,Height,True X,True Y,True Energy per nucleon,True Z,True Height,Phi,Epsilon,Guess Log Likelihood,True Log Likelihood
4,29.70604587071574,-49.30788111633754,566.427247287043,24.0,28138.126495294433,39.32497721338319,-90.20419964687022,613.4823284526831,26,25204.575751239256,1.7061699129040406,0.6318176439757112,0.1351334265058507,3.883165478668144
4,-54.76004045942534,-15.386158423274367,631.9157171016521,22.0,32658.775207368562,-25.79273562485963,-25.629509294476094,610.5700018579059,26,31354.67045825376,1.7595648133947688,3.496809272802511,1.436633696362942,6.194587645706176
