Detections,X,Y,Energy Per Nucleon,Z,Height,True X,True Y,True Energy per nucleon,True Z,True Height,Phi,Epsilon,Guess Log Likelihood,True Log Likelihood
4,70.20482544783715,-15.500756380830069,641.7841612954269,29.0,33043.9529558205,43.78055777492736,-5.697926694231569,597.9607493918232,26,27989.816721940955,1.646907632356212,2.754532127062934,0.941251757688574,80.8973339642859
4,-4.61426164860228,-38.7538414696715,595.6380869504019,27.0,29573.686625576254,-1.958494094290245,-37.98098549138477,582.1547917710875,26,31300.501220031456,1.2838150241243353,1.5124840540569489,0.34695334280690215,0.967780709932429
5,4.263218393879583,30.858325817894695,384.4295321966975,25.0,24875.65167015298,-15.649979055392237,22.15133463293958,347.3691246882418,26,25284.56016163501,1.8591626772113499,0.288112316977926,0.005332191756576753,0.8066692142971658
4,-0.7968925861424054,59.61731025954464,1204.8374904390334,22.0,35436.89612541726,-18.885084054072507,51.01752570173133,1242.680053456307,26,36186.348083228266,1.4251457217358474,4.740391103872365,2.2821730804449034,4.157326466835683
5,-17.59598100139891,66.48287358530456,1270.0098983662244,23.0,40948.03942265875,-4.25207033990074,95.39119380985056,1555.7647670615524,26,24461.73162897292,1.3430787500053425,0.4466604970236444,1.3278536779910937,4.641122896876236
