Detections,X,Y,Energy Per Nucleon,Z,Height,True X,True Y,True Energy per nucleon,True Z,True Height,Phi,Epsilon,Guess Log Likelihood,True Log Likelihood
4,51.586902570232155,19.486795379517787,957.926681015895,29.0,30073.74250027569,59.480141902517005,22.098072426187287,990.2136260949711,26,29013.42008218683,1.4535032070647746,3.888743054496689,0.8313815335079087,2.356172276912363
