Detections,X,Y,Energy Per Nucleon,Z,Height,True X,True Y,True Energy per nucleon,True Z,True Height,Phi,Epsilon,Guess Log Likelihood,True Log Likelihood
5,-11.614410673633586,-42.763107792259234,857.7284556568402,27.0,30184.948396256572,-12.97472078713102,-41.087228394893486,884.7395001343668,26,27674.139849432853,1.8884955616064594,2.9703134254543295,68.3206430323123,70.37303505866718
5,10.592813636252231,-32.122575850522026,586.934349972862,32.0,31937.282379020304,5.418627449425941,-41.70948448636102,614.2316178619332,26,30402.615140497735,1.214613780974425,1.06435224910275,67.43653741146156,72.86502053333132
4,-43.20278096084769,48.12332788308578,994.8382982171605,24.0,32738.128075913126,-40.701835087529346,50.02034381853983,1004.4250324933907,26,31866.09832575308,1.4236427161190295,2.1841879781979023,58.81905222853703,60.46162796171404
