Detections,X,Y,Energy Per Nucleon,Z,Height,True X,True Y,True Energy per nucleon,True Z,True Height,Phi,Epsilon,Guess Log Likelihood,True Log Likelihood
4,-44.68443166914014,-10.464920278042655,1961.7191607829832,22.0,41862.38906592934,-53.960907164249434,-33.1980834022081,2267.6795934989646,26,38436.75531643877,1.7826743193416783,0.6589612905490078,1.966489512860198,7.832130955258471
4,73.26186867249822,-102.08278121526561,1890.6562260488483,29.0,26606.084281023963,59.74132046726541,-108.79041031891748,1968.6307579337954,26,28390.259278539022,1.918983192703973,1.2664813833107649,1.0108471046503622,2.094431360400007
4,-20.26740562117749,-47.14841409692423,281.81686431785175,27.0,24508.30325743567,-21.181704562586475,-46.69601673392104,267.48427184880666,26,24678.325986089283,1.3130538878043017,4.068229677975288,0.0023814281568010727,0.21054777709270292
4,-87.88861868883419,-3.6635904892450526,551.5082965072321,29.0,31405.52731965055,-54.410120386324905,6.210126682476471,521.5790369054877,26,30290.100510728862,1.2787501326908852,4.318004152562411,1.0613769338900763,2.6124162429770057
