Detections,X,Y,Energy Per Nucleon,Z,Height,True X,True Y,True Energy per nucleon,True Z,True Height,Phi,Epsilon,Guess Log Likelihood,True Log Likelihood
5,5.553357507332862,73.63190593797032,1444.1576905785412,29.0,25958.624877975555,8.932282265115447,75.30101775376988,1340.0703457395387,26,25431.786915905926,1.9292109788024412,5.70242942572872,0.7414121989622995,2.272869463973604
4,15.27521120412365,91.47949840465031,798.7578339022198,29.0,32181.544012464983,-3.0445071105130808,82.25100254984571,798.6809390118971,26,30681.332485104525,1.7965568345488911,2.0523415998234324,2.791748814588979,7.998089612385484
4,40.827384431163125,-32.29526232048346,481.8291150621677,28.0,30076.641741379157,36.564149998520975,-34.42063106328949,477.21087192211195,26,30418.0023502281,1.8034213959579186,3.316481479677895,1.0174853173072482,1.4960712102057188
4,15.390910815565348,-84.91530061895628,1207.2277280034816,29.0,31748.74844236558,15.418737672788069,-67.04935289917162,1172.6200615514515,26,30223.733151989472,1.5613805312881217,4.832405910076195,4.5507725023387655,14.18708280059294
5,-21.51189299712854,12.918290903433444,336.09719516944347,25.0,24958.246693218316,-23.576760960935573,18.63925854644637,354.1958459775649,26,25952.494615045976,1.5860273557677689,2.342640533141043,0.019832945719015605,3.447247377065099
4,-120.6544484456225,38.14947690263739,475.5565356487807,29.0,21348.600150047492,-93.57711622737838,4.553727945951039,463.701371879057,26,21561.79666747773,1.729643940624557,0.5936447182896308,1.9219575854128828,4.276341487195571
