Detections,X,Y,Energy Per Nucleon,Z,Height,True X,True Y,True Energy per nucleon,True Z,True Height,Phi,Epsilon,Guess Log Likelihood,True Log Likelihood
5,58.04684739812859,-4.255335438366558,929.6401228579097,27.0,35737.17668578804,39.680731145757875,3.8902614156583013,934.5297276373444,26,31938.722568591533,1.3320344126636012,4.943692124685492,3.2606097589485943,6.067666821530129
4,-64.75761409820174,-3.665667760173278,922.4210389936396,29.0,34448.38883724946,-70.02269911614557,2.51386545551037,944.5472125407324,26,30063.046140026498,1.8874013357067854,4.244355505378764,1.25053854025409,1.8358004187144046
4,71.64538342680441,-15.305719176770992,538.0943608884589,28.0,35357.746980647935,57.41258264003241,-24.627556051950478,523.6440551932867,26,29734.329012668622,1.411951208411216,1.8782054546277893,1.5745533025123264,72.66757860338936
