Detections,X,Y,Energy Per Nucleon,Z,Height,True X,True Y,True Energy per nucleon,True Z,True Height,Phi,Epsilon,Guess Log Likelihood,True Log Likelihood
4,20.088025415477034,-29.987365357299097,828.8584609856636,24.0,32315.240051286553,29.278529709196988,-25.348711185034816,847.8977998805162,26,32561.161332183106,1.4283158116142123,2.678638681467131,1.2731577613712526,2.2815985291322627
4,-15.956173480643258,16.243012506785192,638.4387536401659,26.0,23707.57899383699,-18.10358177849446,18.66699131236058,678.3095150048828,26,25982.177319624676,1.5594031330930769,3.708062679210655,0.9875837220792955,5.06324899904777
4,20.936055552422715,52.56721503676579,403.5390405268215,26.0,31013.640443992386,-7.772621885024762,62.346526209092076,404.4414356139013,26,23425.28129163972,1.4530229356191597,4.17193648212026,1.4255232508080102,32.68792335604845
4,-35.063387063376865,-43.55536947673954,281.1229270708575,27.0,24364.157831911867,-33.563468477131835,-32.00504914232185,279.54513412809115,26,24480.68600843459,1.1939227626700835,3.063681025000104,0.0003100997912632444,2.799817854235539
