Detections,X,Y,Energy Per Nucleon,Z,Height,True X,True Y,True Energy per nucleon,True Z,True Height,Phi,Epsilon,Guess Log Likelihood,True Log Likelihood
5,-23.945969827830424,-13.603316812765911,690.8487676861198,28.0,28974.69753012154,-23.562995980040725,-22.791857684744187,679.236421674597,26,24353.801501622627,1.5023423386899268,2.3037659489636106,2.6106728301240314,7.19091681165917
4,-72.5842096424131,42.16306890695779,1394.8829827651803,23.0,24286.771473623525,-70.9854794710559,42.23218066834386,1547.6210857836743,26,25243.109987049032,1.8123907171420233,5.333957764799996,1.551776258144452,3.626906699418014
4,76.37307699933211,-90.3790132482631,1802.9951496905126,29.0,22887.59740047317,81.22757246530114,-96.55505460690362,2241.6525635948833,26,22824.646129782803,1.362812949732493,2.511726494074762,0.8196644378071563,1.9256297547775065
4,-50.57766463712181,34.556889886732506,602.1062461783616,25.0,23933.353357181142,-49.03707509656418,34.74676061391287,646.2528074081536,26,25941.452952759086,1.916651078268123,0.3569924077217315,1.4765737460763944,6.2748150097359465
4,-74.29202544537,-42.872961812610924,1174.9607074998034,29.0,32316.39045119687,-48.58228309863942,-40.36895899045318,1103.2077013265134,26,34833.891149699506,1.189611851531691,0.5113054025784338,2.662561933892594,4.681439114996152
