Detections,X,Y,Energy Per Nucleon,Z,Height,True X,True Y,True Energy per nucleon,True Z,True Height,Phi,Epsilon,Guess Log Likelihood,True Log Likelihood
4,41.97704166113607,24.572610548073783,437.9171328685268,25.0,31067.640154870176,17.917005329416327,56.16251326666665,449.17979918942916,26,28493.288481837426,1.3077956146246592,0.6356892576109571,5.924427258010881,9.72686914693934
4,109.88937892685857,-3.2343924825680688,2615.7114300997464,26.0,34096.70773275768,88.19413536168861,6.179934540941645,2003.7193805975144,26,29223.142453476354,1.2778443277892377,3.230750515598959,0.6096720469078469,7.573634946913007
4,-24.88782404012784,-48.78565399119378,272.70911763708284,27.0,24942.909584199304,-24.08820687638962,-48.52680162623875,370.4589553355317,26,28729.670329866716,1.7932118587665478,4.750320347171093,0.0015730726742519113,0.19616648817678928
5,22.243902358031846,11.238608693839694,607.287779025901,23.0,28425.148201292926,17.73705291636486,14.291058037220694,588.370809684461,26,27686.48464361547,1.7911699555184173,3.0577570123931612,0.9157149394708397,1.8313312142568032
