Detections,X,Y,Energy Per Nucleon,Z,Height,True X,True Y,True Energy per nucleon,True Z,True Height,Phi,Epsilon,Guess Log Likelihood,True Log Likelihood
5,-117.7951265533708,-10.207228389697548,2503.170608434369,23.0,35432.772405674536,-101.22827360235354,-13.44343617127305,2007.860948083361,26,25722.44657006875,1.8190610539131842,4.858127951436415,1.7538982504914802,11.062739202705751
5,-22.70957093361841,14.805282197667282,1706.0339426144199,27.0,29131.67872455683,-20.52670551327614,14.041451551218472,2011.1809610191503,26,27936.573417943368,1.5908757825133808,3.9988824298712484,2.311557934789274,6.9173594720570835
