Detections,X,Y,Energy Per Nucleon,Z,Height,True X,True Y,True Energy per nucleon,True Z,True Height,Phi,Epsilon,Guess Log Likelihood,True Log Likelihood
5,11.174387832598654,-19.406685558798074,548.6239814055534,27.0,29088.515741290415,6.736541574560533,-24.276973004672925,335.83598939957136,26,22773.009872853876,1.3004505640114663,2.1214754685826764,0.01958989085140569,9.490593307672444
4,-35.37232371760808,-49.46692885969003,1380.256076926728,26.0,35630.79366228689,-47.174203728600915,-80.60657413071056,2120.6005343954166,26,29084.326863343787,1.7471168937011068,4.336049778185286,0.7107453644348577,13.456778924239224
5,-82.16775209269525,-27.277676374931843,1063.576232002214,24.0,28457.741283760573,-75.33141554130997,-7.660688003560438,1049.3109897291838,26,24464.947398026234,1.4643313744001536,3.9622369937487285,2.3833168101781594,13.184603613215867
4,8.58160614251858,-96.34021092060809,1148.1587235752509,27.0,34153.585608000074,-11.702913385408834,-82.72042136097716,1165.626638954752,26,23484.867231718283,1.5884495364691202,2.6305002280950327,3.0934000972689013,6.174940286132958
4,62.449403543735116,79.9083359129483,677.5445348493986,28.0,30106.416868493106,81.05697355466049,63.225668207319416,745.0727858624066,26,27606.944873735873,1.645492864730114,0.6386722100679553,1.6515519132981313,9.71991929693209
