Detections,X,Y,Energy Per Nucleon,Z,Height,True X,True Y,True Energy per nucleon,True Z,True Height,Phi,Epsilon,Guess Log Likelihood,True Log Likelihood
4,-19.074291176467398,-148.77933293872508,1276.9562142143932,23.0,29750.961956534942,-31.406506027626648,-84.89735228101182,1068.1750970535936,26,30217.519267370117,1.8596449877045447,4.798823277488559,3.7410002115636596,18.59559109786538
5,39.75004286991276,-37.780394439174245,545.1418691187383,28.0,27259.48240917662,50.897987669387476,-31.424696422281343,549.1475453184366,26,24837.44286562544,1.7033406971298477,6.159042539890532,2.085867552915859,55.25415724990162
4,48.63472905882816,33.527940677753975,1185.3926295444103,25.0,34787.48121856426,39.179727465403744,41.11709307099207,1232.4551282898,26,36291.40653768108,1.2405058193385323,4.6584308734621676,0.9017039772704951,1.913141508896338
