Detections,X,Y,Energy Per Nucleon,Z,Height,True X,True Y,True Energy per nucleon,True Z,True Height,Phi,Epsilon,Guess Log Likelihood,True Log Likelihood
4,-20.931207855616037,-84.86625477027923,658.0438930930064,29.0,27815.45062359764,-21.37640532257376,-90.50787300322855,650.209468511384,26,27568.51825855109,1.744329454246346,2.1428736462096416,1.6111065128733304,2.4108507227004305
