Detections,X,Y,Energy Per Nucleon,Z,Height,True X,True Y,True Energy per nucleon,True Z,True Height,Phi,Epsilon,Guess Log Likelihood,True Log Likelihood
4,-294.2376828059585,-220.39300419230324,417.8617990656247,29.0,18279.65990922049,-47.01644629916434,-51.376572904265004,390.968440947697,26,25744.748380360368,1.7347860766767136,0.5319950816184872,2.536966510415565,2.6734628508657843
5,-48.87094002784258,28.81888562043133,632.353769459648,23.0,28647.168849137935,-61.89321661993222,24.97124358688521,653.7706651483509,26,27808.364884804203,1.5460151565558744,4.413241978532723,1.4511370687231735,6.497524621992988
