Detections,X,Y,Energy Per Nucleon,Z,Height,True X,True Y,True Energy per nucleon,True Z,True Height,Phi,Epsilon,Guess Log Likelihood,True Log Likelihood
4,41.335479427746634,32.27782764543991,1627.5822478412754,27.0,38121.51239333731,48.99661997738286,20.347945112116378,1771.4750579206634,26,37136.53888275731,1.8838856557744053,4.63538193209785,63.071573058138185,66.20236062937141
4,-8.833874579552571,109.30935842850067,1410.5394285216257,29.0,22458.162488640537,-10.818955961262247,116.70081620460871,1530.0955576577219,26,21166.892711852568,1.80907576351257,0.673533702756454,69.82225448780824,70.26792928093512
