Detections,X,Y,Energy Per Nucleon,Z,Height,True X,True Y,True Energy per nucleon,True Z,True Height,Phi,Epsilon,Guess Log Likelihood,True Log Likelihood
4,-132.937052614593,36.554641775822006,679.8214077207674,23.0,19827.987394829186,-48.82321349017724,2.7678806755752703,300.5349683207189,26,25927.950638681134,1.4247332121621126,5.048850318798496,0.1911934298635269,0.8057408561788861
4,85.80000499394794,88.03684263977448,877.1127905015493,22.0,26128.83507270697,84.91912900773426,80.36599729785237,845.6937852109304,26,27791.217003103775,1.9450230756021645,2.66404469773965,0.3457356972788984,0.43425205310016746
5,20.37709757182563,28.78576885627035,1242.1135596522126,27.0,31647.43049496328,-8.333599224801219,39.19854862359719,1229.8638566346162,26,30711.403834305467,1.34047659959252,0.564713209797022,0.8512502029909298,10.033876650234832
5,9.240051543776872,15.312125521113444,712.7196373949685,25.0,36832.15022816077,-12.298232388524667,-13.70732904372366,852.5145946281536,26,33666.94798205975,1.5338199155348917,1.502791391191274,5.24036296674104,59.603773751917004
4,-14.398070827499396,51.179796573883095,391.671517327532,25.0,26624.361825629174,-16.873966101337516,53.58231677019734,391.9789292086781,26,25783.994553864664,1.2398092575016306,2.662981117556588,0.884484221918798,1.8490517805205324
