Detections,X,Y,Energy Per Nucleon,Z,Height,True X,True Y,True Energy per nucleon,True Z,True Height,Phi,Epsilon,Guess Log Likelihood,True Log Likelihood
5,56.80536588472569,19.5964533825192,444.58923443872766,27.0,22314.727123991303,44.07726612307778,25.375801929452393,325.5990933290273,26,23477.819914743715,1.2589047470104764,1.8450905254839722,0.02421545567574659,0.983107941011785
4,-47.27871590139131,-44.874874931729494,763.6251088769842,23.0,56279.243280734096,-46.33110396986895,-28.53986816446097,782.1838795278969,26,31608.08588054257,1.4605079657814757,2.382023775258722,2.290464262960828,3.86913027268572
