Detections,X,Y,Energy Per Nucleon,Z,Height,True X,True Y,True Energy per nucleon,True Z,True Height,Phi,Epsilon,Guess Log Likelihood,True Log Likelihood
4,73.77299146376771,-29.879203907286012,510.37076742226526,29.0,30686.12718139528,82.18845838889376,-29.49815714521384,516.8044546713903,26,28097.69871020289,1.2847693707178893,1.396572363470071,2.0018506876058852,4.673322142335324
5,-40.07559728856398,18.806962300951966,573.350046850438,22.0,31435.39653441521,-44.44627278193255,16.862855119801083,584.3806438559213,26,30110.526815710637,1.9542955867797023,4.931494486965115,0.7697626932941233,6.365028026964154
4,-51.31065079131619,18.585978256456883,448.53508958023485,29.0,32055.678826011892,-33.76739521781809,11.522852809645315,447.7577602345075,26,24063.309820005095,1.847538895890231,5.551041304811255,0.8848879760758355,2.0402745107139744
4,-33.413755413068316,-1.2371714184506004,739.2943014816808,25.0,40087.24603315455,-18.555822434307345,-6.049413670001087,727.6909026597274,26,34285.73038817202,1.718484213072157,2.928770758868661,1.349553230723859,16.829561723789116
5,-46.56934588460388,-4.216846321053708,388.0112867098194,29.0,27758.651183780796,-70.29054159958244,12.753238463272254,388.0709151963514,26,25577.419667208385,1.3906082615276472,3.597213660090603,0.09122557181615122,3.1256945461109655
5,134.39081990154466,-270.05799988229523,1219.774919264384,28.0,17549.544406236495,44.74232676971221,-96.63627017856169,523.9316286472852,26,20861.414651954852,1.2982682155970315,5.6811072892334575,4.325887766557859,13.985072063451682
4,30.35034710172289,52.23753106599747,458.1792715509,27.0,22881.92249992716,32.236615390495075,75.25240401303427,468.5803244511538,26,22827.190457142875,1.91807439497258,3.5851839158298526,0.3893710082576906,3.642744563696612
5,44.82395179428994,-34.480716024762216,277.1417496323173,25.0,25615.21887618004,36.660058803522105,-29.113036061937407,293.70111822812487,26,25978.22086758061,1.755517374854642,2.824380309168359,0.2409716460728745,5.523968121536364
