Detections,X,Y,Energy Per Nucleon,Z,Height,True X,True Y,True Energy per nucleon,True Z,True Height,Phi,Epsilon,Guess Log Likelihood,True Log Likelihood
4,58.71535103762932,32.64405312307031,1025.351106126675,28.0,34627.43678808892,83.55427965076794,36.855312920202124,1084.9360899349128,26,23761.344234100434,1.9283985470794298,1.3726833225363044,0.651604454875766,2.626537632834624
4,-38.00095739201544,-70.49067085680451,1529.463987673257,28.0,28103.92808320673,-36.728575586493434,-68.72141989219794,1455.3076857707447,26,30499.697534011364,1.2952583935767068,0.6468818852817575,0.7326939648243703,1.2552637381647322
4,-40.78441148117548,65.58795508589156,497.6154732200673,29.0,24194.28188198051,-47.41486645411892,77.56675735571807,508.77115545304906,26,23888.84238563797,1.5378089206796277,6.265855868434608,1.8615355368960254,2.8753582136844837
4,-36.0861100765577,-7.5801297109914,927.6558622364012,28.0,35151.320083955914,-35.62077926669511,-11.754400882539272,962.3589894253008,26,30607.426665937313,1.7056240829222011,2.7460260549053555,1.162304632269781,2.0562696001653213
4,5.472333180956127,-17.08040263488823,518.2058303324663,22.0,31308.871812960264,-1.432501574134335,-20.615219218015028,527.605889238973,26,32250.01248965101,1.8818314582139628,1.0587675527309677,1.3463402433571363,90.83528888389604
