Detections,X,Y,Energy Per Nucleon,Z,Height,True X,True Y,True Energy per nucleon,True Z,True Height,Phi,Epsilon,Guess Log Likelihood,True Log Likelihood
5,15.410064311909991,61.008683684837365,497.6133354615254,28.0,31962.651633379395,7.558849432636578,38.54423084695421,491.9353591177344,26,29594.99430261582,1.873389833765308,4.326060629477905,4.722432402543201,6.609375641810116
4,3.931254681886685,48.858469337196595,431.08741160350485,25.0,30354.454787900264,26.041280929545422,46.98158475724895,433.5566948772495,26,28168.077632090073,1.4464708354809517,1.534765377729989,1.5113726947260169,3.5793509049380163
4,14.772342843895728,-46.52240783138717,2756.035387724207,25.0,29493.171912222057,6.305949101402064,-42.76069807352327,2449.0830386188118,26,33553.050283605706,1.7038873058875703,2.3550434927059296,0.7955150875507733,3.5235551107745366
