Detections,X,Y,Energy Per Nucleon,Z,Height,True X,True Y,True Energy per nucleon,True Z,True Height,Phi,Epsilon,Guess Log Likelihood,True Log Likelihood
4,32.30396975992045,20.52516420134856,751.8459124857211,29.0,31267.217108272253,34.38107953179889,13.427551709740783,729.9363136110702,26,33541.17528236248,1.2702038368582325,4.268887029375889,0.8730813395155226,2.379279461922346
4,49.18987578728235,15.119735833934158,472.2612990520712,26.0,32083.72501960818,35.896684991673595,29.22817488940646,466.255908086374,26,31509.64763922186,1.8116470602712706,0.5401147403798111,0.3472264592257126,1.700203239380592
4,-34.223785856199356,-61.67179763309764,390.3477348069267,22.0,46004.92077011735,-28.071515223957505,-96.22421003431552,391.1411411721153,26,25244.031150849896,1.833599466194613,3.5052289415430766,2.286962905355956,4.296235735863428
