Detections,X,Y,Energy Per Nucleon,Z,Height,True X,True Y,True Energy per nucleon,True Z,True Height,Phi,Epsilon,Guess Log Likelihood,True Log Likelihood
5,62.053044933036915,-2.020199968282327,418.0578303610864,28.0,29230.896259798283,74.63133214142132,6.008920908412563,423.0898813337952,26,23814.054309547548,1.5378283198302745,0.5212459122355292,4.065721413802521,7.079282448616533
