Detections,X,Y,Energy Per Nucleon,Z,Height,True X,True Y,True Energy per nucleon,True Z,True Height,Phi,Epsilon,Guess Log Likelihood,True Log Likelihood
4,27.80595862337674,-45.5308103818582,454.7845368914467,26.0,28245.452941875457,16.097858146567546,-53.487442041605775,457.43607834892714,26,27970.140822030728,1.6358538824174371,3.363575072825492,1.96651662711339,4.826566868114372
4,-202.0655817802555,79.25132682916916,1361.352092716399,26.0,19076.34335979856,-117.88830213605746,94.81534419736869,839.7066987798742,26,25727.650207247978,1.3158998178222918,2.622393522923577,0.6767750042922531,3.410529030197649
4,100.1473152580005,-75.37415950415567,779.9278211686677,22.0,22855.515761054176,81.05917323563915,-37.26735044226727,700.9999834748656,26,24999.747278039376,1.672657260248824,0.013582306722866543,1.423525305856062,22.793845696075483
5,49.51831553281494,-8.478714607481095,611.2713759657709,27.0,35574.68629972216,38.962034974804965,-31.953631364560195,582.4673149264623,26,22508.854983106106,1.288467913212291,3.9521147969831754,1.3165977938439752,5.39996179294332
4,-142.88966248676303,86.40666989607132,2646.6227845350286,22.0,34712.835482099385,-91.53138851505031,43.165499579763974,1178.9416982232772,26,23485.24049052747,1.212355782414945,5.129959160152608,1.9038821790448068,13.833915331569155
4,-35.6044179870413,48.11454537387294,934.1882220700317,26.0,32826.1111483426,-33.73116337143567,51.103554571246434,999.6721650464568,26,33568.4164066454,1.2894105689430355,2.388360045449875,0.7634257423097736,1.9220704673691658
4,26.436348676497914,60.79285605286839,600.55596676707,26.0,32285.491762619866,26.854667343514677,34.30485280075632,632.7748104847797,26,33321.132994155436,1.601074088854067,0.7750846362231671,5.835895002544721,18.040657554681545
4,8.575381612501701,56.541601432069,485.6888990554075,28.0,27182.612991292925,0.8374411086900864,67.60661334043328,476.4087024968782,26,25612.15888948691,1.3946502246579726,1.316344082953341,0.44274190228479515,3.436301236624698
4,46.75658653244392,-82.98754461400785,1387.091561871313,23.0,26148.473297110664,44.82542590475106,-77.22748876169211,1299.3292031473582,26,29448.72878008976,1.3972111500532993,3.612685572536023,2.09562864739107,2.5529687254153908
