Detections,X,Y,Energy Per Nucleon,Z,Height,True X,True Y,True Energy per nucleon,True Z,True Height,Phi,Epsilon,Guess Log Likelihood,True Log Likelihood
4,-0.5808028473963418,-69.69814673337308,2636.24309836333,28.0,40315.988937023896,-3.9237893555998937,-37.91334430556191,2682.9386249716476,26,40075.49289405661,1.2338642087717917,0.537415867158105,5.355870938320494,20.81260532812233
4,-75.21006851282067,13.545479223092173,962.6701425124198,28.0,31836.310930698386,-75.46883695040275,12.851422667492926,1080.3629850830455,26,29941.46856307,1.7230900878868338,5.308921130950949,2.5215283674496303,7.762017273769696
4,18.573708243676492,61.210706085513266,1137.1145089662475,29.0,31178.77454732911,7.875394617940401,69.83216251120794,1328.9064922058544,26,30357.249728225033,1.4233445356347898,2.38423873157338,0.6054611712851172,4.91654025402812
5,10.958919675691106,-32.992799941426426,669.7080469085057,29.0,33377.342200051244,-16.03790352605256,-38.32404113682831,727.8879249262664,26,24617.125742922446,1.7705755509913994,5.897241757728126,1.8534067507554988,11.24208782608227
5,8.832986393271256,37.442642340282475,863.8814445576023,24.0,29569.068619488957,-3.6614952165500085,31.65056984773588,880.6508225459131,26,33355.69844138882,1.483522751439841,3.1770271337404066,1.2476714034472056,2.7443499823676936
