Detections,X,Y,Energy Per Nucleon,Z,Height,True X,True Y,True Energy per nucleon,True Z,True Height,Phi,Epsilon,Guess Log Likelihood,True Log Likelihood
4,-89.13196206256166,-57.69460464023186,488.856174043217,22.0,24866.576973368334,-83.36631025424285,-53.993335989095684,294.1452770637613,26,24399.35739161133,1.4296936729053382,0.6765354679283657,0.019285438815308302,0.479760182360481
5,-10.665548264583549,37.40145071104382,1277.3257882257706,24.0,32790.13434353329,2.0055266031539247,36.58988497836094,1247.1100792025325,26,34371.525289480094,1.8364841800361051,0.7203931232689675,4.2509156717552505,7.966172156978143
