Detections,X,Y,Energy Per Nucleon,Z,Height,True X,True Y,True Energy per nucleon,True Z,True Height,Phi,Epsilon,Guess Log Likelihood,True Log Likelihood
5,-27.260367557005395,-99.1564164758073,443.7736388158529,22.0,23622.773986530276,-17.948823484918364,-63.54115928607473,438.56649826634487,26,22501.50438265932,1.5108244616332567,4.562844600545439,3.4207365132125256,6.610010279835555
4,43.53954174416572,13.187123912767959,281.7357184333909,26.0,24942.074100898495,48.177344015839,7.741706972779099,365.71044334924227,26,27603.83236526862,1.6520214812876937,0.3350132573009456,0.002150187245009383,0.31490404416081513
5,32.20210871797218,-47.546647838288635,862.1969689495038,23.0,28669.902434829717,33.244321405722076,-42.268403681676645,902.9542487808897,26,30853.012518907784,1.9082160575479805,2.522672144789649,0.5486683878412091,2.7816989149351565
