Detections,X,Y,Energy Per Nucleon,Z,Height,True X,True Y,True Energy per nucleon,True Z,True Height,Phi,Epsilon,Guess Log Likelihood,True Log Likelihood
5,-45.54290313460015,31.44421446514434,391.19020028410864,26.0,25352.106165968664,-46.47783294918462,22.840504959791275,391.0690636972496,26,25665.36992203011,1.6225045431858505,5.903635862218314,1.7393534789162686,3.8887886588383043
4,55.761182468916104,122.99201694773285,1679.9494152564691,22.0,26883.0834064,58.20751211415143,113.29043794367112,1593.153415190252,26,29884.0966124467,1.2172266821534388,2.8041861382130935,0.43365551229779525,1.0333947054658397
