Detections,X,Y,Energy Per Nucleon,Z,Height,True X,True Y,True Energy per nucleon,True Z,True Height,Phi,Epsilon,Guess Log Likelihood,True Log Likelihood
5,-15.674355113666024,57.459167326878685,346.44768369568544,27.0,24882.084067513344,-9.947114274862543,52.52209339953552,288.80798639962114,26,23873.11883614146,1.2565439531774656,1.7415413704023015,0.07508104042646077,0.7361279224084216
5,-32.89393804340273,-23.73140130598432,306.58868816846785,29.0,23979.544416667264,-45.55553989046092,-11.605556584774604,311.02410458924527,26,22681.343544296888,1.681514383713622,2.0248444427676433,0.0646480909800423,0.5464683983034674
5,72.2038364242062,-86.6166716715243,728.5547155438306,22.0,21290.904793073103,61.09388606558403,-84.98485743760172,697.1365824519719,26,22130.37696877306,1.683771138389842,3.2130423678389377,0.9043969211125769,2.301128658581418
5,-34.81957490695203,-3.4324458739553734,962.734561665288,29.0,39155.78571755193,-21.966420166510744,-38.34102241168462,1118.8284094701087,26,36146.16668095839,1.2376173931899566,0.008432485761243697,2.983925602537,13.480804654757701
