Detections,X,Y,Energy Per Nucleon,Z,Height,True X,True Y,True Energy per nucleon,True Z,True Height,Phi,Epsilon,Guess Log Likelihood,True Log Likelihood
4,-3.976601646403708,137.53637807919517,543.2670257378294,26.0,17644.79661617952,-6.475178298002419,135.52170450140125,564.8786447242541,26,20488.239161179685,1.5853993305941256,1.217380690663738,3.3975161828689906,5.842382800820584
