Detections,X,Y,Energy Per Nucleon,Z,Height,True X,True Y,True Energy per nucleon,True Z,True Height,Phi,Epsilon,Guess Log Likelihood,True Log Likelihood
4,12.86534649948345,44.41912425521252,434.1964301921266,28.0,31564.532309593094,17.307674880859622,84.19368555878282,446.5198307321062,26,24000.815168704266,1.2208636761634388,3.6424539419609956,1.1622290619640685,4.2448078304081935
