Detections,X,Y,Energy Per Nucleon,Z,Height,True X,True Y,True Energy per nucleon,True Z,True Height,Phi,Epsilon,Guess Log Likelihood,True Log Likelihood
4,-19.836828779608084,-89.2278455015412,1927.3774485979416,22.0,43317.70555451802,-33.13401809980836,-79.57270189182697,2097.7687948502225,26,32885.21108021812,1.3455176337080554,5.707610976411253,0.8840926648681827,5.421658161424016
