Detections,X,Y,Energy Per Nucleon,Z,Height,True X,True Y,True Energy per nucleon,True Z,True Height,Phi,Epsilon,Guess Log Likelihood,True Log Likelihood
4,80.4577222517828,83.26246289337655,454.1816948051458,29.0,25544.11245673076,91.05532989659866,62.90175938350308,452.48730534800404,26,24895.549976746493,1.5605419245529009,1.5775720930033152,1.0247595943228178,2.0192375417713073
4,-97.35334890053076,-98.12393010982277,1769.383337270107,22.0,24811.551336508677,-96.12666734103854,-91.9807127087698,1617.5650167133692,26,29262.095872233058,1.6479002161211445,6.093635139282493,0.8213277475556847,1.2964884989812686
4,54.230102160157344,1.7620978427011664,756.1749638754,28.0,34353.63937709808,61.00215773392185,-7.793096382708683,760.9173308387943,26,23330.50391298801,1.8161613410879558,0.21719312560896137,1.0684802501171309,45.58846833205263
4,8.671174114319683,95.47015532849736,471.5267694308264,24.0,21586.4931167535,-4.088588429484076,98.41631374266015,474.9006373284068,26,21096.500483217485,1.4362023995460558,0.5538472775225282,0.380267539951965,3.254667655191778
