Detections,X,Y,Energy Per Nucleon,Z,Height,True X,True Y,True Energy per nucleon,True Z,True Height,Phi,Epsilon,Guess Log Likelihood,True Log Likelihood
5,47.22226066265523,-3.630062952587366,1528.6214658163008,29.0,38397.88288369049,60.58813981784971,4.887441988983966,1819.6834796040205,26,27649.274550837654,1.7494955553987461,4.829633463959818,1.1597673532337045,10.6483532888192
4,-40.27726748328985,-33.633582620181414,844.0506138094739,24.0,31294.397821721643,-37.97714885630208,-36.96544906422426,908.8542041652779,26,29846.038561346842,1.593144520921512,4.868598507327405,4.434325227472071,6.864417548865878
5,-20.25269581775308,-6.932804031145565,848.4050028972498,29.0,32530.029288833495,-21.296897648522815,-4.580021151340844,852.1430258841939,26,28041.607628682366,1.8753890039290586,1.0687416478495846,0.9538493652662812,4.1028910064582735
