Detections,X,Y,Energy Per Nucleon,Z,Height,True X,True Y,True Energy per nucleon,True Z,True Height,Phi,Epsilon,Guess Log Likelihood,True Log Likelihood
5,3.7287640680003733,21.83588687017965,310.7538290831883,25.0,25624.433911954613,-11.863006334290873,17.130370727752933,291.98295688827494,26,24362.14010923752,1.4134947270070237,5.9574767094045225,0.02960797364097996,4.142903882431152
4,36.240710960743684,29.54176105358721,3028.3744338491024,26.0,46808.21566642003,33.79960717425007,23.680853914863235,2628.307408237925,26,37034.151097479466,1.7665607250500108,4.534535810962147,1.9499094145359837,22.87944910708332
4,24.132426457802353,8.07915245022815,1319.1642302843754,29.0,38101.52196869071,21.473382532054387,18.20934382560685,1480.8459514473336,26,35383.750628746115,1.387496037684939,5.34373430875182,4.87382254795082,15.483203887569355
4,-60.69131383968801,23.061692292407713,1809.4352998481509,26.0,36977.81179514015,-37.882063377164826,16.50942935967899,1608.039548443658,26,33579.40704821129,1.6189467963585265,0.6623161352295038,0.7218687789025704,5.784411532514079
