Detections,X,Y,Energy Per Nucleon,Z,Height,True X,True Y,True Energy per nucleon,True Z,True Height,Phi,Epsilon,Guess Log Likelihood,True Log Likelihood
4,22.626781833011876,55.96383741432942,774.0942467896165,25.0,20962.54970938285,21.34725728885917,52.34391015052469,811.5244709500836,26,23544.664068730366,1.6731996366171675,5.4433606461571795,2.6692179737609916,4.180585475310644
4,-27.739962195021292,-110.87078070238371,466.22554476287127,24.0,22733.21349702144,-27.696618169488616,-98.24068953997975,459.41312922507734,26,24650.03516518929,1.86692763350262,6.258240556148948,1.037152297781117,1.1966791648241961
4,-17.33766524302189,-12.73243568943991,1099.6363380092132,26.0,37994.38304193961,-21.399699190878323,-7.782103906106869,1093.4095077060351,26,36680.924071076144,1.559240560307469,2.3660838132274917,0.9868052836766316,2.6262942319681293
5,-44.64576321379124,-3.6842224874581007,846.6053996880204,29.0,34396.492002993284,-46.86657631152404,15.205330518323308,879.5773066393917,26,25124.250200183826,1.4149662724816034,2.0996546249797694,0.954199748572144,2.5122131142200117
