Detections,X,Y,Energy Per Nucleon,Z,Height,True X,True Y,True Energy per nucleon,True Z,True Height,Phi,Epsilon,Guess Log Likelihood,True Log Likelihood
5,-7.219872530512475,-16.637427985295403,265.6536835010255,29.0,24917.981795322165,-13.42327748581161,-12.98381068697546,363.39668391736734,26,27971.6865416612,1.9402642795463712,4.382579626896635,0.1030104797081288,0.32773174419561296
4,5.150498937936732,-77.29766036163704,489.04312560104404,29.0,24185.414848651286,11.78339446071621,-87.29237817320904,490.9202217220375,26,22691.71825227241,1.7549605606547691,0.8814429494438257,0.36979026440109375,1.3315331353412163
4,-66.80375913628927,7.992932709131139,1407.3204290583274,22.0,39449.9179381759,-44.54067076277012,11.919548291234435,1192.2201984893043,26,34711.3345086384,1.714226895445005,3.6301469753293496,0.9586728659359119,22.363720130213473
4,-83.70323487396087,4.0395427269382935,713.2359753081128,29.0,32707.97195497845,-80.31412065683017,-12.676198857529783,734.7148155294097,26,29164.13441603239,1.2412715933349423,1.1714227124831018,2.6561156040204974,4.696351124406807
5,36.75316592058897,-21.679404502622447,619.3973089545575,29.0,35321.01940197895,51.76540477458863,-2.9950789580884702,607.3723823419062,26,27667.159924616557,1.760571537345577,1.239396571852232,1.2648087136322956,4.912995226464236
4,-59.14718903546614,42.239719021587405,637.7137845000082,23.0,51836.6389434878,-58.26570044814842,21.456803271046766,647.5148815131329,26,30254.52041736817,1.690139695656128,5.938630491698285,2.5024363660435798,4.483313747851735
