Detections,X,Y,Energy Per Nucleon,Z,Height,True X,True Y,True Energy per nucleon,True Z,True Height,Phi,Epsilon,Guess Log Likelihood,True Log Likelihood
4,-67.11845290115576,-15.242516720071308,940.3967160104223,28.0,30874.924158006834,-87.22933651177496,-16.643181200641237,1122.7451211715606,26,29811.305026911516,1.374417836059511,5.2457157699720245,0.29363183043979457,2.990227201285487
