Detections,X,Y,Energy Per Nucleon,Z,Height,True X,True Y,True Energy per nucleon,True Z,True Height,Phi,Epsilon,Guess Log Likelihood,True Log Likelihood
4,-21.59040888078391,-51.4375302574752,2588.0240239099153,29.0,33591.051468957005,-11.224290587425287,-51.84361969583752,2483.5274286546774,26,31707.525570554288,1.2342598412868644,1.24478768652238,0.9829024829372304,3.1411562900477774
4,-71.24808735658877,6.134715850141902,411.4153608173474,28.0,31084.492679392337,-75.01000540197896,27.263698452420186,411.94624445166176,26,25466.517148023868,1.6255490216005235,2.061543302871802,2.7254908623766836,6.077541447132156
4,79.47994522110946,6.516088144140099,409.5684967444603,27.0,27555.175553523586,80.91942407101635,-2.5423568949761943,411.70826913478083,26,25843.782942505975,1.3411244069152188,0.7339053874144617,0.44544316602300826,15.25177909825553
