Detections,X,Y,Energy Per Nucleon,Z,Height,True X,True Y,True Energy per nucleon,True Z,True Height,Phi,Epsilon,Guess Log Likelihood,True Log Likelihood
4,-30.820355182019114,5.017820189206532,407.2489440065353,27.0,27341.601960361746,-16.58376483818185,0.8531951820023949,407.84192800856147,26,27920.71448005492,1.8177076530124388,3.3375662849949053,1.1575593831290127,2.886749583468865
4,-17.112200015228268,-16.09964917137512,1457.4491340019422,22.0,36381.3019690208,-19.777774481680865,-4.8999900052249075,1483.7044725145324,26,38958.3322683088,1.3874910251432622,4.734095237542786,1.4649505560146827,3.474532716217948
