Detections,X,Y,Energy Per Nucleon,Z,Height,True X,True Y,True Energy per nucleon,True Z,True Height,Phi,Epsilon,Guess Log Likelihood,True Log Likelihood
4,-115.52322489445982,-40.092326766639076,2626.261120031544,23.0,20523.088723555804,-103.61740856948694,-30.331904709310564,2452.193889026363,26,25394.967377846187,1.7586742704748346,5.076817138295343,2.2615279777660016,4.718197788883459
4,-5.20363394395207,60.420314193502804,596.3291661113869,27.0,32505.701299455905,-3.7814807686943652,44.12034029858523,613.434402826245,26,25333.903266163077,1.451880371069506,3.0911594838117114,2.4481011042104246,5.457060446119786
5,4.515104886679637,27.884793716228046,462.997454454278,26.0,30359.735905876725,-7.5427537310580135,28.45691088981573,463.90158162606645,26,29756.004741667795,1.2910396786831841,1.7437409073374575,2.6149551545430727,6.873444430696471
4,-33.09807882113182,72.8359112061076,515.5201394382946,29.0,31209.49914090657,-14.454967368237703,49.8086995459424,498.37442992748714,26,32248.799501559257,1.2106975905860797,3.818062669115496,0.41018941495970557,11.423033947436855
