Detections,X,Y,Energy Per Nucleon,Z,Height,True X,True Y,True Energy per nucleon,True Z,True Height,Phi,Epsilon,Guess Log Likelihood,True Log Likelihood
4,78.11242846076908,-8.129192402260855,1077.1639789229248,28.0,34121.69175721549,72.97429879883819,-2.257975117494425,974.0385133938156,26,25335.745473602543,1.4101670163721989,3.3102487347493037,0.47085455481346294,4.080895761904362
5,-20.431472783405184,-5.707752259314418,726.9849626236032,28.0,32027.491892150072,-20.551731348481724,8.745769746635801,737.1438102568659,26,32018.22425371368,1.6856995890123794,5.9795688508964835,1.7389620094198022,10.065076564039426
4,-71.43282437637671,-82.56361060056113,603.2561962407669,23.0,23354.76771886662,-54.03900964798774,-80.95857010610712,585.7995085362379,26,25935.054855407965,1.5446691669554409,5.54946398513778,1.8376953364585125,2.5640507581188485
4,-25.66057221520424,24.762035178833855,948.1241076836732,28.0,26711.773398113408,26.620316948591125,-28.86180712300775,340.078775133647,26,23222.574374432155,1.4459787567981277,4.0133476627812295,0.06442808852371883,0.6033168525440435
5,11.10347497513709,15.09226870456564,938.8855934091742,25.0,29020.696620134695,9.873672140478703,17.789212673014845,925.1625761509538,26,30420.94350283036,1.3116953012591346,2.377919189994796,0.7639470139015322,5.9833240822344
