Detections,X,Y,Energy Per Nucleon,Z,Height,True X,True Y,True Energy per nucleon,True Z,True Height,Phi,Epsilon,Guess Log Likelihood,True Log Likelihood
4,46.79481864912361,-13.915252645498697,331.86944506810823,24.0,24823.99302258844,47.79304200171626,-15.125781163068694,310.10356046247574,26,25640.004936061472,1.3857362586416588,2.015156211288254,0.0022217135551234187,0.44775427087525443
4,-13.947651773128825,-76.92095510445625,577.0916984557218,28.0,30819.409396517378,-1.4046875891844195,-45.471833421396326,557.5031894082944,26,29380.955936356717,1.6981605931051085,3.7422493196266053,2.64093655353334,6.351763456154749
4,6.803898128321805,-126.16111349214552,950.9252683286592,22.0,17688.60755530571,4.212202212955958,-96.8916386028481,844.1623413613538,26,23485.297769594643,1.874318646926114,4.914895421517372,3.966280965701821,5.048549225860719
