Detections,X,Y,Energy Per Nucleon,Z,Height,True X,True Y,True Energy per nucleon,True Z,True Height,Phi,Epsilon,Guess Log Likelihood,True Log Likelihood
4,-42.660513557137335,44.17227644148363,3354.082427982258,25.0,38672.80846332983,-44.15298396250262,42.8404927922405,3117.863309155421,26,39591.43485654409,1.2935998116628606,6.095000251657487,0.5043864278600458,0.6420706107971922
4,21.56463267893298,50.64303922643427,1862.0726400283088,27.0,29980.82296621325,46.436044884391094,17.42969087635288,2277.36850768436,26,31256.266268984742,1.4119600154891492,2.869834252933322,1.1888133077704763,19.061729962935658
4,-9.079391402118404,53.38813889528984,495.1998797829563,29.0,30632.14308478224,8.202592888658899,61.785885636529,496.7618145121444,26,25614.131140376026,1.8163188402312174,0.18067550630429657,0.555030267328964,2.826531893546258
5,47.12003999490105,-0.10001379397965593,815.2780249556879,27.0,34487.20142179467,55.05907918278123,9.597298139625622,812.4257694545372,26,30282.72742643368,1.5585009822686626,0.2063444184510357,2.6030540361908914,4.670510422350391
4,-43.02629303278161,20.967414982094397,1658.6907290902582,27.0,35907.79993790222,-46.997399595070604,15.899995192404788,1532.7539074381407,26,36626.19363119044,1.2978690431753905,1.884555085331919,0.9812145406455373,2.080306565959687
