Detections,X,Y,Energy Per Nucleon,Z,Height,True X,True Y,True Energy per nucleon,True Z,True Height,Phi,Epsilon,Guess Log Likelihood,True Log Likelihood
4,-5.963722753300658,-27.12121850369749,3473.363810379096,26.0,35285.35220799288,-9.244137187950173,-30.41085996482343,3557.3475100144647,26,36517.05128240899,1.2200276077560646,2.203676970409378,0.6525715548583959,2.060787297678587
4,-19.30861558029204,-37.722122470510726,345.69953108269664,24.0,24935.733628761645,-37.978706161542604,-29.105560710729435,370.65923804314804,26,25344.945839320466,1.3263790973989085,3.999563423200305,0.006398051364289482,2.6556654741804664
4,3.7385766194412895,-28.26535413924188,658.0208614557482,26.0,34020.17831483642,-0.6056579039446035,-26.90110879575751,650.5439913131688,26,34854.42190905528,1.2467860655720588,0.25331053984697555,0.8175944244818558,1.2679731008686366
