Detections,X,Y,Energy Per Nucleon,Z,Height,True X,True Y,True Energy per nucleon,True Z,True Height,Phi,Epsilon,Guess Log Likelihood,True Log Likelihood
5,-4.656138135765559,-27.665655121144766,1208.6362854541976,24.0,34085.90243978416,2.9612454632920446,-36.416629561918654,1175.5035444506864,26,33778.90733390178,1.501732977022205,4.525156961532791,0.4351977490824318,9.63374626722821
5,-10.133122782518399,-16.016703593116915,474.51239091991636,25.0,46877.408713821686,-35.499957144879204,-11.385357705716132,485.22004073753135,26,24508.1873612544,1.4448208726411913,4.344904375455138,2.3216453880527905,14.10897615533515
4,-33.60546013670114,-37.20319100875548,984.5034473644744,26.0,38811.94376202249,-30.296574042157644,-53.198028625452395,988.0002817456437,26,34946.61263117932,1.8067077621025827,1.050705506035233,0.8060302996941225,2.776456523907913
5,57.26464842130838,4.050255831297022,959.2812512436199,27.0,20732.197403946066,60.35497829461457,2.828603872307127,1018.3255364365343,26,23368.90456364757,1.6450183443584738,1.7252277907280853,1.108439665848037,2.0277741239749125
5,-20.551993094579416,3.199932092261747,402.51262961597797,28.0,24852.233486632704,-21.153183123521075,8.43286403679403,336.84833483281886,26,22958.432411408907,1.9100329832432954,5.295650849569188,0.12007985800588644,1.430809406889456
