Detections,X,Y,Energy Per Nucleon,Z,Height,True X,True Y,True Energy per nucleon,True Z,True Height,Phi,Epsilon,Guess Log Likelihood,True Log Likelihood
5,38.11010604379004,-7.022760226846174,802.9580494362885,29.0,35771.558507119014,31.507539801278114,-30.042405564887744,763.9000795364984,26,30172.577068946903,1.2250691356774284,5.472460558370725,0.6923549164269501,3.093827550944345
