Detections,X,Y,Energy Per Nucleon,Z,Height,True X,True Y,True Energy per nucleon,True Z,True Height,Phi,Epsilon,Guess Log Likelihood,True Log Likelihood
4,50.99331743823882,-9.957210870340589,488.87177639987397,28.0,31740.899376756366,59.250200815670155,12.93735340837867,504.4691216840396,26,25312.878386096512,1.8733622399606387,6.110986215571576,2.017084241735343,14.149726812290353
4,51.6211723585198,-12.924327297445757,3160.269728436461,23.0,40479.32798768353,39.75543702357061,-27.00609679812102,2914.8740465388464,26,31021.4684725102,1.388467576723224,3.14992214539927,1.6835578397582447,4.0747273534612924
4,-42.12589647715117,71.44627616513412,843.9904478847145,29.0,32956.84413547415,-72.02219199811142,80.60463806829264,972.2252802854463,26,25588.68924479515,1.4403061862006348,3.34658188522381,1.1029431105319922,5.188918838468006
4,28.969977467934314,8.41536547433111,813.8196956336762,29.0,35274.282158161484,29.167232508585073,13.725205567475854,869.9969878533874,26,25307.760933897094,1.6904540855424397,5.371759606309031,1.6346467012366106,4.412593344685908
