Detections,X,Y,Energy Per Nucleon,Z,Height,True X,True Y,True Energy per nucleon,True Z,True Height,Phi,Epsilon,Guess Log Likelihood,True Log Likelihood
4,-21.67261960066162,54.290965392636906,353.72356162562284,24.0,23502.88434087956,-15.899364782452409,41.72009803786483,333.59420913116304,26,22956.1210980538,1.5252467284720497,2.3695860331547203,0.004967473548400389,3.6915208732881952
4,-80.89228599776672,65.81744604094484,511.0583872223641,29.0,29155.27882362841,-66.67465965093729,79.78362660920465,515.8566656213204,26,28770.0352786764,1.4281083115789763,0.7416017967658386,1.8534394579095457,3.7940808335885694
4,26.798560886907126,-19.540895692417678,1994.3591228032285,25.0,31274.462802349568,23.60946316786348,-25.80839848275137,2078.0087640968245,26,33838.205612691185,1.5858599117937378,4.352856704222523,1.2079074093913862,2.0693071907101857
