Detections,X,Y,Energy Per Nucleon,Z,Height,True X,True Y,True Energy per nucleon,True Z,True Height,Phi,Epsilon,Guess Log Likelihood,True Log Likelihood
5,-40.11097694814748,0.9310772325430889,232.12888452326715,27.0,22178.040830674734,-43.88264003939119,-1.1339054754395193,261.5980216534762,26,21850.251846619612,1.51748058685267,5.874286137838778,0.027794718407882432,0.9252187815634659
4,44.06261212312654,-39.99328233743938,279.82444475802026,27.0,26263.876203906126,25.49343312201509,-20.921665673888015,384.99258242641883,26,30393.611747991305,1.6102004648674706,0.24774675001048257,0.07596189701952412,0.16329747964062485
