Detections,X,Y,Energy Per Nucleon,Z,Height,True X,True Y,True Energy per nucleon,True Z,True Height,Phi,Epsilon,Guess Log Likelihood,True Log Likelihood
4,-11.557580513984476,-6.522962897110801,2570.9225273565344,22.0,36596.323161669,-7.255620463258083,-7.544193674563871,2444.1159559677303,26,40202.55977078336,1.6181970284381324,3.656742921662562,0.1360531736674271,0.5871259355335441
4,56.33231171425109,101.82104234550235,397.3314035118986,29.0,23795.129607340696,71.09951771948298,103.6302710679075,398.3277880581093,26,22032.44977706502,1.814428370537716,0.012093785745170914,2.060969278400278,2.5799205665531053
