Detections,X,Y,Energy Per Nucleon,Z,Height,True X,True Y,True Energy per nucleon,True Z,True Height,Phi,Epsilon,Guess Log Likelihood,True Log Likelihood
4,40.434375509112215,56.26211356118944,1903.4064704585933,29.0,36837.100590434886,68.46945894770928,42.39370711045916,2026.1551826313628,26,28568.08685046367,1.5784593337451231,2.9331148722678893,1.1388231545669043,5.062305210395051
5,6.101285878135172,-46.607627963372664,3039.332385750543,27.0,36244.45971816485,-2.885433519629345,-52.48335897690187,3527.1032357095087,26,28514.51559189751,1.4666583969576736,6.082677967976348,1.0145374664571378,4.187457931475324
4,-23.355032040839546,-1.072604693374501,304.8349808243723,29.0,25022.77267554696,-19.48085145899472,-11.705608284126413,257.301951710392,26,22454.959523340694,1.4272033964856483,6.174091351451667,0.10778124071898515,1.4837133300750873
5,26.09183334992781,-37.33880410555827,1874.3716405485852,28.0,32207.674541414635,36.108811013263534,-26.414461034117267,1914.397859925802,26,27713.795713800257,1.5047447177993134,4.144473004677392,2.355113900911697,3.9349052127094657
