Detections,X,Y,Energy Per Nucleon,Z,Height,True X,True Y,True Energy per nucleon,True Z,True Height,Phi,Epsilon,Guess Log Likelihood,True Log Likelihood
5,49.51108139441561,43.71170680086624,453.2586816805614,24.0,38139.243607264914,18.831221669279074,58.939985124195175,462.41414612681376,26,25002.886050710124,1.7758947490665546,2.3620456376926513,1.4693110258435544,7.902559057190965
4,-21.31720290191845,64.25850267902615,329.30972719031837,24.0,25036.125264064856,-4.76248400217699,60.324829225085836,312.16180214250045,26,25714.992963555498,1.4551554333123131,2.262640481691237,0.002546791376182089,9.413238839655156
4,-26.07498623072047,-18.800139004256266,739.1063936758472,28.0,33773.30930386936,-23.35126390271175,-16.374231773601053,754.6998261060264,26,34387.241715635595,1.9254149026620109,2.2010481161236854,0.364675581885759,1.4926087186926107
4,-98.83031806358179,-26.582713988597334,504.5043693502308,28.0,24975.595804175144,-78.8894131866307,0.07293068308905504,498.0074094435779,26,25679.787526646825,1.3278138245067141,4.4084256545406495,1.9048577834480915,5.91291790540542
