Detections,X,Y,Energy Per Nucleon,Z,Height,True X,True Y,True Energy per nucleon,True Z,True Height,Phi,Epsilon,Guess Log Likelihood,True Log Likelihood
4,55.18004832054527,-95.15960736178303,851.4680116003494,22.0,25000.420635702914,38.88022205751878,-77.23459758143888,772.7464427163939,26,30349.612552768944,1.6391830436359054,5.2300973406632965,2.324690605271187,3.2409800568284557
5,-20.49867971811443,59.89264857016565,510.98688556326374,26.0,28175.193207107306,-19.585171482796966,54.42117789499116,507.0914247203506,26,29759.102450057537,1.5132326456845315,3.7182134570511978,0.29768086129101184,0.6896954277514592
