Detections,X,Y,Energy Per Nucleon,Z,Height,True X,True Y,True Energy per nucleon,True Z,True Height,Phi,Epsilon,Guess Log Likelihood,True Log Likelihood
5,16.66462951566399,67.48285216547572,499.60719090976863,27.0,24205.25303157952,21.39286231312883,66.0719921279591,515.9822665790061,26,25932.02080035083,1.6706010705637877,1.3506222187644168,0.9548195884460327,3.968185137377735
