Detections,X,Y,Energy Per Nucleon,Z,Height,True X,True Y,True Energy per nucleon,True Z,True Height,Phi,Epsilon,Guess Log Likelihood,True Log Likelihood
4,-85.55775364360235,91.78830111240723,491.73286611933514,22.0,21916.200569402154,-76.99473564067678,99.99360250476258,505.4864887619925,26,24044.2810057521,1.5405347386967194,5.432736014296409,1.2216801599211256,5.060853389844175
4,126.29834013032234,47.69807218380225,805.0099775747738,29.0,21394.96066658642,84.51969335367772,-0.5335246505066777,673.7751169037032,26,25929.53824764443,1.3543589660380133,4.390023935616328,0.32182086987369923,4.448122667169088
5,-15.021754955689687,-69.3798824513039,758.5790003549976,29.0,30000.11887918857,-24.881727012813855,-96.10257076706434,918.7493606247401,26,22886.938971797008,1.755859334845405,4.62051382139186,0.9868017745610347,7.402932203753881
4,-115.63131217456834,19.123419785241992,417.56332625556604,26.0,26392.486798015954,-59.85869681465793,-16.570039221046585,410.015372421354,26,25688.108992798487,1.3114319048729552,0.990743971170701,0.565876699978805,5.511188743347299
4,22.41639815699267,-39.963416889922144,314.3588198885177,25.0,24963.841819452642,19.19057899035812,-36.008406105583916,307.3330063051926,26,25976.69618611025,1.8798082487764434,4.52096091829825,0.0013505176783914336,0.7364298014545858
