Detections,X,Y,Energy Per Nucleon,Z,Height,True X,True Y,True Energy per nucleon,True Z,True Height,Phi,Epsilon,Guess Log Likelihood,True Log Likelihood
4,10.514191854201613,-40.92114634350219,584.0300124448167,26.0,33229.77150428665,4.912345189730644,-40.635784903415086,577.859935624257,26,28266.780075926647,1.23402151380235,5.958180751318862,0.7444708310852219,1.5264258761476186
