Detections,X,Y,Energy Per Nucleon,Z,Height,True X,True Y,True Energy per nucleon,True Z,True Height,Phi,Epsilon,Guess Log Likelihood,True Log Likelihood
5,7.1237853413373955,-37.95486922215741,867.3744641350094,24.0,20522.013676235398,11.647980277116005,-32.68083922256993,831.3806700561712,26,23684.957420312596,1.3056664480819267,4.569298078787198,1.0020319737302625,2.585705622081357
4,-36.057459431361565,75.9934043020341,828.9612696621595,22.0,28131.576195345762,-39.520839533874735,72.44660133791155,807.8979026525218,26,29689.57302331647,1.683818114744841,2.4854264155725647,0.3724276861936787,0.7940783148109858
4,9.465750963209302,-17.153990860843578,836.4686157586193,25.0,37065.78352359505,18.17990501311573,-4.439237139962074,863.0357263827487,26,36380.33186411819,1.4011701460229333,4.67611395580179,2.4621942646141695,4.795113884728927
5,14.769932688092467,-25.191071582038262,1774.0328563575472,29.0,39865.36531122188,18.413454696742292,-32.684530859956254,1694.6427346940206,26,31623.736757841543,1.269307502860074,4.936920157678675,0.8158034779282248,6.2902021044686425
