Detections,X,Y,Energy Per Nucleon,Z,Height,True X,True Y,True Energy per nucleon,True Z,True Height,Phi,Epsilon,Guess Log Likelihood,True Log Likelihood
4,7.833004567429498,-3.4467550947346126,678.3082638124986,26.0,20765.107275001366,7.237192060448848,-4.003783740603126,684.674534310265,26,22156.42023010248,1.5415302420149015,1.0629124093604934,22.290526183585825,22.377482322717697
