Detections,X,Y,Energy Per Nucleon,Z,Height,True X,True Y,True Energy per nucleon,True Z,True Height,Phi,Epsilon,Guess Log Likelihood,True Log Likelihood
5,12.585790842382437,28.133759039087522,454.73405001419883,22.0,28970.400551071984,18.72145424069285,18.94324124151572,451.45416635743106,26,24334.665351011845,1.2055519181022223,0.7999337969483001,1.6809797209140842,124.86272288769575
4,-17.565626831378438,19.909566814645245,391.3637904391377,22.0,26644.210144602774,-1.3707315420824955,0.9471608792556196,391.17581891280344,26,28037.099954856203,1.9206361163189727,5.166004838960834,1.063513710700974,3.64763072797716
4,-10.562724873352238,28.12106072654808,1856.494712750742,28.0,35458.17708341063,-9.073647218861282,32.01836024852787,1922.130104698802,26,31787.6133525527,1.3726869783116347,2.8859577680420436,1.0925594934372573,2.7302893734148554
5,94.09903547530593,-15.555197026375367,677.01200104844,22.0,28749.09091220484,103.1401781291151,-7.6954814116966475,698.5928735586751,26,21777.838949414407,1.1932675001807342,4.918647455787011,0.9499642241070121,8.093176172670185
