Detections,X,Y,Energy Per Nucleon,Z,Height,True X,True Y,True Energy per nucleon,True Z,True Height,Phi,Epsilon,Guess Log Likelihood,True Log Likelihood
4,152.37118509837433,84.58123434462192,898.4329299407249,23.0,22396.55057756771,143.15558974077197,88.12054200600187,878.655058419806,26,24442.223576986886,1.8913346595816303,2.7616719198001975,0.42648747269715515,0.6704859498634301
5,44.96451858850685,24.9833767351858,1056.6323462539945,22.0,30137.183670438964,35.87835793457421,23.338675970637553,1068.238202781365,26,31462.895890481228,1.9251302041678786,0.23325686956457106,0.4835548581616478,4.839259921125922
4,0.6932987304890048,-31.532333039989396,1000.8715170392773,29.0,37345.60233099911,7.717184396815583,-32.2597192146236,1015.535136722706,26,32358.46475884456,1.6955254676404037,3.6383689243579798,1.7147098313512954,40.498401506238324
4,-24.08813603930014,81.7785744243003,983.7048857561541,22.0,30567.272119285873,-23.632383226513,66.0664927100884,887.8695436520793,26,33328.14079241284,1.7621583203069986,4.051782895176367,0.551403973490801,1.3791413904696992
4,25.623848475950695,114.55923275874255,923.5874700328037,22.0,21642.05549547474,25.41892433298301,111.38509062212484,939.1917932178004,26,23727.392949236844,1.503950403780418,4.248201783254136,2.146322938154937,3.974409671615446
4,37.42678693108161,-48.962441491056694,3934.140859219199,28.0,25877.51135449614,3.2890142117489063,14.862872716757579,309.7633198944197,26,23280.066012717984,1.8621297564895194,4.157051877591939,0.25218847224345875,31.155397696246183
4,-78.6687923258473,-82.34253718132882,435.5078236673611,29.0,24981.860851197656,-81.30835209889693,-82.97623680448095,315.9837096433381,26,22402.870958789827,1.3581183656051432,5.738065801514813,0.02214158278501392,0.05964296906306769
