Detections,X,Y,Energy Per Nucleon,Z,Height,True X,True Y,True Energy per nucleon,True Z,True Height,Phi,Epsilon,Guess Log Likelihood,True Log Likelihood
4,-37.684927907608255,-20.120647132854174,236.21642991151887,29.0,20895.100050279023,-37.81046313015223,-19.040997810261473,365.19702347251734,26,24889.472838655674,1.3709844272739105,1.8917220234029881,0.004808184629939984,0.8096739471125103
4,-8.597833752748272,67.10677177393842,560.0862806091293,26.0,26711.831991617404,-5.61699496276762,62.55983798404387,563.4980630673639,26,29896.014982932025,1.1896301522742858,0.3422680174578155,0.48842123188732334,1.026149102451499
4,9.496205064632647,25.107452808390462,2943.126544338731,25.0,37256.39582378417,17.674950359828443,22.238798556633384,2799.484586127786,26,35803.47054067305,1.5951552984779642,0.004419508889060531,0.8176900828413431,1.8866595990219022
4,-117.01187112817183,65.44508411656398,1287.5823118778537,27.0,20553.01773285894,-60.01812698203129,-1.8049028516104215,372.6192450864468,26,25926.30740540962,1.6123535403799023,1.352297747576849,0.0002761350816433515,0.7041210489558443
