Detections,X,Y,Energy Per Nucleon,Z,Height,True X,True Y,True Energy per nucleon,True Z,True Height,Phi,Epsilon,Guess Log Likelihood,True Log Likelihood
4,120.23207357640831,-62.10661153622533,1827.3092321692106,27.0,44823.3683041823,79.97885254352369,-49.01722851871912,1327.8131410443095,26,24361.673635874875,1.5038404107185808,5.290543359036034,2.33437116729712,4.9583233930482695
4,86.90878851340426,27.991463827501605,589.5099895105593,22.0,25975.724825137,67.83582403182064,13.910549305179075,563.4117605196633,26,28048.129675001685,1.3074822896054505,4.4590142224203575,0.3018640135209153,4.00542552121692
5,2.2365289013399092,59.393364214525036,558.5195975738123,27.0,25079.91756624107,9.823479851447416,67.0527032352187,295.41298228019906,26,21293.15781361419,1.9207376533741725,0.14342056608054282,0.13596795904948247,0.8091700291722829
