Detections,X,Y,Energy Per Nucleon,Z,Height,True X,True Y,True Energy per nucleon,True Z,True Height,Phi,Epsilon,Guess Log Likelihood,True Log Likelihood
4,33.063164526328194,0.3187042007488685,621.9507278650935,29.0,31422.1288124579,36.76456751189684,1.6395502997142444,622.1835179713172,26,30847.135282385127,1.8074674982202228,3.0944843309421204,0.3751937243355379,1.119795143613687
4,53.84366224499598,-11.357461603463776,562.9127422011015,28.0,34680.84656080048,49.10998442729817,-23.60602295439375,573.3292979594146,26,30800.104499470006,1.8350395035759035,0.5511692210527328,1.6693388539809018,8.97948212636922
4,-1.986839239156211,30.8660089492829,2807.57939012456,29.0,44186.23235367035,-12.081895497999426,29.305275534419593,2927.163198907706,26,37015.52035000655,1.3234197470475042,2.843583078529702,1.2191865150482675,3.789633515951638
4,41.6572991366354,82.26247969939482,808.2442521874835,22.0,29145.41158502273,46.50341635504316,81.60828008992044,791.15724685044,26,29392.419496014943,1.6535333141519617,0.3925370612791351,1.6850791779149645,2.0318998748729307
5,32.12763321685054,-2.10919623193638,273.9193160420874,24.0,24842.65461314334,28.060069034608546,-8.153539529300701,284.9508681242086,26,25296.121298939677,1.6236438681108265,5.542240087015145,0.07887278079411172,0.444407119008535
4,-142.7544413819099,-210.54843201309217,743.4740379544045,29.0,17500.778281358,-81.45092427994707,-101.74690656938373,505.31912201702414,26,23044.97610666344,1.5640676580145776,1.1202596415036512,2.0841887996488815,2.5704307324973503
