Detections,X,Y,Energy Per Nucleon,Z,Height,True X,True Y,True Energy per nucleon,True Z,True Height,Phi,Epsilon,Guess Log Likelihood,True Log Likelihood
4,-23.328309741946896,64.29303923168004,304.8081477381519,29.0,24747.275010694855,-15.871798899303428,69.74342595493246,317.32513544020827,26,24096.17625056785,1.6014245351911576,0.7477364349152131,0.02064231258568841,6.5773823864549055
4,-27.011873581369116,61.073412587586176,607.1817348335212,28.0,23383.67244457255,-25.463170032727817,60.744954589018135,614.0066312450559,26,24877.371959661894,1.6658719723149822,0.07420754971648191,0.7638071977637151,1.3061119257461347
