Detections,X,Y,Energy Per Nucleon,Z,Height,True X,True Y,True Energy per nucleon,True Z,True Height,Phi,Epsilon,Guess Log Likelihood,True Log Likelihood
5,22.322676041844772,41.1097942192435,1504.3035845387014,24.0,22015.358113182767,21.4125771726562,39.00501082712853,1542.3943151516528,26,20549.117764009792,1.5197831585820212,4.728112288465122,73.71399950743698,74.84146511515914
4,9.523083628632321,-30.775952939330978,800.9806211942138,22.0,21348.00661327365,29.703723199189056,-23.837302834927556,854.9956142634868,26,29392.590912097978,1.716275114331307,0.5365004213685987,61.70658433988025,68.93963160306322
4,73.74091169003913,-82.40430954527955,530.4459650958124,20.0,24158.990259036233,77.63756551485253,-80.8821219312912,543.6115311451213,26,25414.02815580759,1.6644906110201148,3.091730896704302,55.275884623439026,57.55446828324983
5,12.330933978289409,-124.07089606873859,1365.035510665901,25.0,22496.360265626456,10.16201019002824,-100.0029274380585,1171.1210330031518,26,27821.215028412713,1.240898500792354,4.28422558903769,72.0982610982062,74.98350313605971
