Detections,X,Y,Energy Per Nucleon,Z,Height,True X,True Y,True Energy per nucleon,True Z,True Height,Phi,Epsilon,Guess Log Likelihood,True Log Likelihood
5,-37.994117498172045,-5.839198747679518,573.1979046971442,29.0,30145.202363759352,-37.840883321711274,-0.7997613086326965,581.0836671359651,26,29850.49331082344,1.351323348963211,0.7000695258837,1.679549053587322,2.6808571849620964
4,-12.53860765753717,-75.22211212696678,718.5883527654873,29.0,34396.1208390065,1.2867311655946594,-60.93047057201777,653.337196390455,26,29841.810597116793,1.5048728894780836,4.761468425668147,0.5913054101120684,56.9440323995711
