Detections,X,Y,Energy Per Nucleon,Z,Height,True X,True Y,True Energy per nucleon,True Z,True Height,Phi,Epsilon,Guess Log Likelihood,True Log Likelihood
4,30.33110776023699,23.587550595894413,868.8134607625096,27.0,57786.17787794638,50.608377758952315,34.1697001292012,1017.9184304299501,26,30687.53768370079,1.2407997823812258,1.276998334189714,2.0809325372276777,9.212105593536595
4,-69.07133552224346,-26.47298604863505,572.7388787131356,29.0,23067.583500732148,-65.13116171495082,-21.588175659078246,309.0373845902966,26,22130.55175716038,1.8744609244367303,1.3510175825644588,0.023454052693575617,1.0708103544806238
4,-3.427047747981419,-20.42378792859904,818.9176267692769,23.0,30232.650694788626,18.29885606054239,-6.375380255172473,830.565659525331,26,27588.138757013992,1.334172213676067,6.223794165402135,2.345699087558556,8.87375938774326
5,62.32508305634832,-28.49321627356386,520.1518452121428,22.0,30272.6962760789,51.727093769468325,-34.09029201538685,523.3707946470525,26,25357.913129691344,1.6678391484851263,3.7831943346255743,2.1242568906260857,34.48955832534087
5,-67.55961200248777,-19.837560765265096,401.71357103737296,28.0,25904.940377748826,-84.85635848151335,-34.15839521391362,407.24843154843404,26,22911.449284804254,1.8494887301789302,4.032577558921132,1.4500964240187295,10.78819906132706
4,65.52270254210987,16.38543538176765,446.4112527052844,22.0,18776.610776628582,46.22143451786326,26.819209804403528,445.64765471158785,26,23512.622557390514,1.4406784398913226,4.829376832430432,2.562220870035012,6.766517718748933
