Detections,X,Y,Energy Per Nucleon,Z,Height,True X,True Y,True Energy per nucleon,True Z,True Height,Phi,Epsilon,Guess Log Likelihood,True Log Likelihood
4,40.41964166560791,13.218924949339339,312.70189216783433,24.0,24480.202005654093,53.41819065459933,6.939647529515611,327.4427683055662,26,24561.874422567595,1.6019380906819722,4.334283596862864,0.02261341231977465,4.503034141831105
4,-84.48337761608406,74.69694111400588,1984.4408315717483,22.0,29746.295804849484,-84.36613952228237,90.47320638903898,2039.7140103586078,26,27653.952798932984,1.8023803213517593,0.7768081636181555,0.29781656984061267,19.559967668533194
5,92.61203843925148,4.713662130308364,1617.940670679229,26.0,26743.078175854418,94.62945975986648,12.023328234313169,1725.3623308455176,26,27594.727264717327,1.8801522196766143,2.2904624102117643,2.264243028739576,3.2195998752915425
4,-13.762878266466544,-50.25974803287855,734.9066184089852,26.0,34915.574384549094,-21.870858449562064,-51.30347493853303,757.6811108367564,26,33936.75821186466,1.4025390628018364,1.4138319345254042,3.911961684938998,5.470946573509957
