Detections,X,Y,Energy Per Nucleon,Z,Height,True X,True Y,True Energy per nucleon,True Z,True Height,Phi,Epsilon,Guess Log Likelihood,True Log Likelihood
4,29.58186376096745,-54.94565661554461,1708.0988885307984,24.0,29626.28018557711,33.24978412818004,-52.71871659221074,1997.8559933509935,26,32187.272909197432,1.7302915915242132,5.284006084103446,0.5906017842078687,3.6919664568310284
