Detections,X,Y,Energy Per Nucleon,Z,Height,True X,True Y,True Energy per nucleon,True Z,True Height,Phi,Epsilon,Guess Log Likelihood,True Log Likelihood
4,-6.263293595680011,47.007538611668735,578.6644084517463,28.0,32742.05922695175,4.641695267769251,52.18624822629357,583.0764312835986,26,32450.633053347054,1.8501965247474357,2.2355331684424606,0.7736283016733144,1.544584247469107
5,-38.5929793346034,10.101073366846663,638.8899712235893,27.0,33215.823951424456,-41.95505162824816,-7.47233189255607,641.0473463534421,26,28481.511226027582,1.4994577380709977,1.136788632261793,1.5415521297392984,3.808610885207335
5,49.988436550241374,27.352539172785555,559.9470764299215,29.0,24408.696196534667,53.4477980362866,18.877573616214534,554.015808705016,26,25144.664666556357,1.7774403837368977,2.4026690867148575,0.8832138684628307,2.4468486386766344
4,-52.12904220611253,19.871589984837613,1045.8219727195794,29.0,41185.054718800544,-45.40225728755533,11.190425804710856,1025.0323470388178,26,27685.44565372794,1.5199457491773825,6.039660197031572,1.6628690686531347,108.6449775840224
4,125.1278100825329,28.027704338799595,421.3098023522339,22.0,17952.96175289508,105.48459980540713,5.809971421574403,416.2482333325673,26,21467.204784474954,1.872240057035502,2.6817193512557442,1.0726023572898273,3.0269687410396644
5,46.96194124262945,26.28701605132744,469.32533631789954,28.0,33025.91397458382,71.29225186568539,-2.532807895582323,478.65992231188807,26,25162.08371439099,1.3987569245735625,6.003421766136602,1.33700387978913,6.619038580840517
5,10.018756692660077,-64.95195862176755,491.2831715966122,27.0,33302.95020990897,22.853774381342106,-77.26870482921493,494.0462906199364,26,23426.861082800828,1.2150137755341457,4.428471386101394,1.8692293821827721,3.950787766161668
