Detections,X,Y,Energy Per Nucleon,Z,Height,True X,True Y,True Energy per nucleon,True Z,True Height,Phi,Epsilon,Guess Log Likelihood,True Log Likelihood
4,-64.19942604702445,-93.15038947107206,703.419250227415,22.0,25306.521905068206,-40.04685463040384,-77.4012784098849,661.6097869040781,26,28834.185983637894,1.4439328030223533,4.043056000784049,0.929419647472561,2.80377716657305
4,30.948123844034,-48.46234629157124,1914.1534524261351,29.0,39143.7209635582,42.72087289528881,-32.6632764735089,2430.8790376813217,26,32191.681187732116,1.3836099764902314,1.3119020142017674,2.520956108268096,15.661245582441325
