Detections,X,Y,Energy Per Nucleon,Z,Height,True X,True Y,True Energy per nucleon,True Z,True Height,Phi,Epsilon,Guess Log Likelihood,True Log Likelihood
4,-28.028842780822174,24.978793509499724,1097.6687719274405,20.0,38496.39512609628,-30.196281882285888,28.97916379569091,1023.068052538335,26,37652.03746287384,1.8137087097500564,4.821185434365272,59.68048129503821,64.6715592271975
4,-48.62743520850208,44.93385575655759,2580.6879467698873,20.0,29543.984492521784,-55.47178805278212,41.31569772466261,2715.412115107264,26,29589.49809042806,1.7373833226169206,4.381611999762273,67.17896881966841,69.80092687284517
4,-58.286216326228185,-29.932838886883246,1039.2169111422781,32.0,35972.136294900745,-43.06481800132519,-24.121322289724617,998.9040497216005,26,37025.25100872718,1.5383708506909002,3.4021937838412915,63.01014907387366,64.16057526674767
