Detections,X,Y,Energy Per Nucleon,Z,Height,True X,True Y,True Energy per nucleon,True Z,True Height,Phi,Epsilon,Guess Log Likelihood,True Log Likelihood
4,-9.48210721213104,50.7571318169758,1047.9587533020344,28.0,34843.36016154903,-6.08807637916081,46.2523424431389,1150.3358911524413,26,32499.006263536634,1.2906941137709347,5.135549121749781,3.0636657663236395,8.160138962149137
4,-43.78204992106595,0.8374420612699396,1091.2608204070202,27.0,41855.3558832978,-36.03055264730918,4.170237818466234,1090.4878673895648,26,28867.46288365575,1.651235731124458,0.785215240230001,1.1077933663290114,9.855796886395956
