Detections,X,Y,Energy Per Nucleon,Z,Height,True X,True Y,True Energy per nucleon,True Z,True Height,Phi,Epsilon,Guess Log Likelihood,True Log Likelihood
4,-47.7159044705179,20.525513754457563,876.218900465589,22.0,22270.0622703201,-37.85544872054298,7.188579321993302,864.6402311092443,26,23456.460985291214,1.854415261837412,6.272500051761077,1.479054881108565,21.15827672934772
4,1.9596566662394252,-32.11132866901994,1955.530141508782,22.0,34875.8645559656,24.732933712618347,-21.64063680724584,2177.696760948194,26,30368.4026642252,1.8550321790933078,0.7910946562269986,1.0600796235873189,11.021321364870303
