Detections,X,Y,Energy Per Nucleon,Z,Height,True X,True Y,True Energy per nucleon,True Z,True Height,Phi,Epsilon,Guess Log Likelihood,True Log Likelihood
4,-30.031486856474714,-26.85075866170729,1954.993265270723,29.0,29122.101082796173,-13.76763163786461,-49.55678441355775,1844.0865621111523,26,29373.26404689511,1.2779569889847362,5.479265694879276,0.6202885031937554,5.624093211178824
5,-23.495345300728047,-58.02667665449687,419.1430949216332,27.0,26102.690391484506,-24.80402905342096,-71.80920174212285,258.2507892306063,26,22866.95972855845,1.8471196663084664,6.0616369548461035,0.08465491081384152,1.0430428069022335
4,49.48399145633738,-125.99810859177461,1006.6156816327306,22.0,22551.250985329432,65.70643201327914,-138.44126079004204,1152.5810632326131,26,21566.786061819123,1.9384285203353806,5.929697916354458,0.9214121701993069,6.0680088381460395
5,-17.415969314846734,70.60019456297442,1150.8881389994178,29.0,36739.46431844916,-6.886682282038294,51.879946163071224,1017.0731645155732,26,24530.439920210465,1.648371377814342,4.316823464837991,1.8921507405465587,16.97376294313471
5,33.139161431504306,35.78185606074504,776.7166562711319,27.0,31684.482683099803,30.42166227857075,40.62039195721897,771.7638498611019,26,31698.963496348097,1.4344644353485723,5.345017041723247,2.1453363345316077,2.4194667445899736
4,42.81703328626088,29.250004325069597,634.1616121949269,25.0,37410.5233569414,48.36912306676567,37.88185397683509,639.8706140980768,26,30534.721096539088,1.8403426328921884,0.21595073188091388,1.1838869295394405,7.0726349444903756
4,128.80610002162683,-20.105933201607456,1842.5617130083988,22.0,24009.97886793617,102.97696226977646,-24.296421520786765,1488.959934955657,26,29824.51904885449,1.2408046172076252,0.5479018807590361,1.1351041059623763,2.43383854747222
4,-31.374010855856113,-23.21007480383929,2256.869418700276,25.0,25007.16679834618,-23.584950687442998,-33.601121898423926,2651.3077993123775,26,24349.4531579466,1.4786328654648082,0.322672609917562,0.7119958765861695,5.034134655427628
