Detections,X,Y,Energy Per Nucleon,Z,Height,True X,True Y,True Energy per nucleon,True Z,True Height,Phi,Epsilon,Guess Log Likelihood,True Log Likelihood
5,48.44610172378185,36.42179080457049,666.8414783491762,26.0,31106.340440899683,49.51053996860773,37.05350600485488,681.7708093973471,26,30187.124394985727,1.193883976088089,2.5900336744499413,1.778838099298381,2.219606842408151
4,-0.24792219479428468,-0.12424123008815968,682.671001583886,29.0,28756.284909203983,5.762535100756708,1.9124277190323085,714.1066972574615,26,25638.39826994855,1.2832787679825273,0.9021689870874067,1.696059315037472,3.8337162205619117
4,-20.136667994204913,47.31947946306417,2347.053674692156,23.0,41119.27994592975,-26.38552382423252,49.483989614820615,2377.241069454795,26,38634.88014702496,1.6628822349415424,1.416483373979128,0.938059095585873,1.822646582584384
