Detections,X,Y,Energy Per Nucleon,Z,Height,True X,True Y,True Energy per nucleon,True Z,True Height,Phi,Epsilon,Guess Log Likelihood,True Log Likelihood
5,-10.894195660171363,-50.72990439064006,527.9008755925715,28.0,29461.607836439267,-13.192941672898655,-51.47688229870876,525.0297050787076,26,29506.95118905408,1.6195887047968491,5.630119182452757,2.18665993243682,2.5751307909653107
4,-71.2848168131521,31.52890421011267,668.3281114021532,29.0,31721.235824149146,-99.41289050870444,53.75693782854128,794.8846389511522,26,25201.108287794264,1.217450073659501,0.9706587662853892,1.3147251938659128,5.7274602991458865
4,-67.3657150939463,37.74519409473925,783.7341493077375,24.0,58046.26683809562,-107.193631614134,16.043702139939484,912.5823894748371,26,25280.515889539103,1.2586375961524487,5.320874734836954,2.777962260250025,9.22875857967406
4,108.11516734576048,-29.17042602984077,680.9799851726607,22.0,23938.812748146745,82.08373870297615,-29.731952857365243,625.2944096716861,26,25316.734735115206,1.2086110435944604,4.24140970678819,2.0363239866635072,5.971987432743474
4,100.88436285297053,-45.715361084385506,496.74508297775986,29.0,22736.2505133197,95.86242098161901,-27.833219291481058,499.14629165269736,26,21408.864482212037,1.9406193043055102,2.7716708035912787,0.7389441721480785,2.408395805587495
4,22.70151588187099,21.53613304110604,253.0945061989983,22.0,25001.68448818547,19.328152367443153,18.139743986578793,367.16064997294865,26,29854.029205251012,1.2471324763835994,3.5346589238020094,0.0041654957267507715,0.3106700310542064
4,-92.04965607098993,52.044903122694336,1216.7948619271442,29.0,29384.469602983547,-97.58981268494894,67.85601485380127,1461.9504702919637,26,27973.587735823417,1.8923377975633024,0.1292380738460116,1.6304602515903508,3.309965978171708
