Detections,X,Y,Energy Per Nucleon,Z,Height,True X,True Y,True Energy per nucleon,True Z,True Height,Phi,Epsilon,Guess Log Likelihood,True Log Likelihood
5,-2.9377649445894463,23.352828043347643,1926.2485591392497,29.0,36159.77655279967,-3.3786660513081017,30.297568605533826,2032.1353740708041,26,29829.64478014859,1.433856290386942,4.35502675564756,1.477812172930384,8.43796158782688
4,43.53499226293201,-39.39394936724557,413.98118032112916,29.0,29838.686112065618,58.13056634120113,-27.669744325225167,418.48843580685445,26,27919.34200043612,1.785137870294433,2.133001777778021,2.741150835842262,7.604193539515359
4,-10.623260720908092,-21.501050914278608,253.10973201356848,29.0,24934.592121702568,-14.803502690882937,-18.87641162327003,359.4436495837929,26,27819.510846915655,1.1892008060483512,5.729402983153062,0.0010787769606696357,0.6007996129778892
4,-17.139436306432913,-137.07591197922633,876.831392915454,26.0,30152.553898051206,-15.625110428948432,-45.875657895268446,670.1331923978564,26,32373.664459872052,1.4716096929988982,4.152219218508321,1.2706318888923123,7.336557741929886
