Detections,X,Y,Energy Per Nucleon,Z,Height,True X,True Y,True Energy per nucleon,True Z,True Height,Phi,Epsilon,Guess Log Likelihood,True Log Likelihood
4,68.80172732450205,17.860102394217222,2678.141236393273,22.0,47026.24938723125,67.39780646053867,34.794741703539614,3198.455807062188,26,34928.58065313994,1.7061873163070482,2.059307525254472,1.6758455323807373,7.517395783251248
5,29.177992301965844,-15.207875707635026,3150.6043271905223,24.0,24231.126875402464,22.628331685369517,-22.650182738487416,3185.7241198603715,26,25415.627448482024,1.2396012387992654,3.4585059038603108,0.5295450761647572,2.5142682808776198
5,4.665372327855039,33.19200372286468,412.89532021429306,26.0,29131.792737901807,30.932971816030317,-7.278411447395513,414.64410103192336,26,25400.996957194464,1.467853361172504,1.5176023078971637,1.6390127947606652,5.303757520939121
