Detections,X,Y,Energy Per Nucleon,Z,Height,True X,True Y,True Energy per nucleon,True Z,True Height,Phi,Epsilon,Guess Log Likelihood,True Log Likelihood
4,59.22773591130806,97.27763050045985,292.703220717287,23.0,22727.662765472844,34.711160476097945,73.61206466455644,326.3231915402855,26,25833.522806583063,1.8434849874154473,2.3999432994200944,0.17966241140529404,1.2643354668632332
4,67.719363906279,-116.89029808065976,582.7917035816547,22.0,20194.061598831882,53.46090937815802,-99.72563780565147,271.408951961268,26,20763.276927061506,1.1974148000746458,3.6193949002560553,0.12957738891502313,0.593284591701643
4,-24.700130607308154,-50.77698789931446,1464.934425925993,29.0,33749.51295329764,-13.133418644347984,-67.09675161719636,1692.9502003681844,26,29994.991666092348,1.6115295278047876,2.3566855244498868,0.8459735912595449,9.166560024503642
