Detections,X,Y,Energy Per Nucleon,Z,Height,True X,True Y,True Energy per nucleon,True Z,True Height,Phi,Epsilon,Guess Log Likelihood,True Log Likelihood
4,-109.72101177964197,38.22081164854052,686.7129112663413,26.0,22238.296285844837,-109.21193136344777,33.30425138919321,697.5463789473218,26,25448.438975527355,1.4307705202292627,1.55808116700354,1.9414901570479568,2.6205024852319925
4,14.248931890058998,-10.350699262510034,346.4938925675299,27.0,24654.08514470661,15.363320167266721,-9.237968298197671,313.37690344546417,26,22466.02247331876,1.6972879186029926,5.39003180292077,0.008897404675258905,3.420904060886145
4,38.41086576016687,-18.95353056013971,603.0615656915822,26.0,27532.55035004372,31.566192355662565,-28.915764098373856,615.2417340107132,26,28413.587860974403,1.793688446961536,4.085393840321815,0.29685365405060865,1.182101452648835
4,-59.50563632749038,80.17485988040056,1361.6365972802273,22.0,31908.564489437784,-54.61992912284251,80.51837392251073,1339.5222756201592,26,33591.50109213518,1.339280272786802,4.173066658492695,0.6963448651024334,4.751245509817522
4,19.983236857891143,-43.09455255171963,2485.9028520440584,22.0,41443.010916818734,30.27822520940768,-31.614758602043295,2586.711012602974,26,37435.89254044905,1.732551437102894,2.5051267914537236,3.0018185565809623,5.9699453843338635
