Detections,X,Y,Energy Per Nucleon,Z,Height,True X,True Y,True Energy per nucleon,True Z,True Height,Phi,Epsilon,Guess Log Likelihood,True Log Likelihood
5,6.452523207944466,-34.666927311112545,242.28713718688525,25.0,24768.525341280096,35.06294524098689,-34.89618420076587,392.0375692986242,26,28062.247208396977,1.8786986547212903,0.6492662066856407,111.59858069122578,11.540846467216618
4,-82.29169632741369,3.393427729654036,600.9135065856423,29.0,31569.528686714126,-60.325446331993476,-2.349893756562068,570.8751115881515,26,25941.11802059816,1.7580659216341807,4.20615593680171,2.159420064404453,4.707947469151053
4,24.63586181871358,16.527703271429232,593.3512978861331,25.0,31723.21754425468,22.021722940759275,18.030241528537175,588.5007195209503,26,33537.06214624366,1.3463509493917418,1.3730263612047235,1.6766549157754558,1.95267929139608
4,256.15458008188614,-62.6200412420294,615.7731458370725,29.0,17530.47984792571,103.27971136971891,-54.648104767888725,458.34232392471847,26,23422.19736736411,1.8467263702088588,0.9396948936005972,1.3965162367360953,23.49483087387765
