Detections,X,Y,Energy Per Nucleon,Z,Height,True X,True Y,True Energy per nucleon,True Z,True Height,Phi,Epsilon,Guess Log Likelihood,True Log Likelihood
4,101.02967848943081,-220.60560425039228,2948.137843017689,26.0,21695.78907382934,66.83695470301905,-85.87517081396867,661.9902963363637,26,29849.89983022575,1.8719777555837087,1.1202970270467587,5.451107155178063,16.169735236882858
4,39.95230296536943,42.959171914253375,866.7155815285754,28.0,33253.61370175087,32.71589894628556,48.3388689991377,831.5724392055306,26,32445.10206974622,1.7130654495981457,5.570516336391153,2.480648022006207,3.6713158827716743
