Detections,X,Y,Energy Per Nucleon,Z,Height,True X,True Y,True Energy per nucleon,True Z,True Height,Phi,Epsilon,Guess Log Likelihood,True Log Likelihood
4,16.977973148112653,-23.92332780285733,353.85824094986924,22.0,24969.168964778317,11.959547682116721,-24.044509432313006,290.0624709613143,26,24908.305873457724,1.2948739942353087,1.8933167574587542,0.03164200093407771,2.6367402537972664
4,-12.105365251817034,-67.71261913647464,817.3241638026655,22.0,36460.881106729066,9.380264093267584,-58.54271697097835,819.522025880848,26,30678.34135587031,1.2765330019406296,3.4174936492161163,1.971840829428607,3.795195968641312
4,16.785558802039077,38.445937063049826,871.9182482225981,28.0,40970.76375062429,8.232413517236694,20.486558716611057,834.508137647044,26,35372.201467928506,1.7599304366865842,0.23882993045876355,0.873185190891433,1.5575365908221754
4,-58.812534825123066,24.359252228684852,528.6970222868363,29.0,30501.917741779114,-52.62048628030952,22.566899657584287,536.2860345393337,26,28837.470483630488,1.5119483763499386,2.1710641260147887,0.42324988234510397,1.6010567286571007
