Detections,X,Y,Energy Per Nucleon,Z,Height,True X,True Y,True Energy per nucleon,True Z,True Height,Phi,Epsilon,Guess Log Likelihood,True Log Likelihood
4,22.053272850528174,-23.827356163119532,1798.7407150167403,27.0,33790.927138054656,30.80594314573338,-13.196201424352154,1955.7504459052661,26,28342.30687299335,1.7790107952638807,5.545661242148109,67.3134883508861,71.34872214916632
4,67.99645779486212,77.4402134424862,1793.774225093712,20.0,21478.026936577953,54.005908853736486,66.51852545271595,1577.00654624336,26,25245.16451528463,1.5898669667529453,0.615630662872535,66.86560839659174,68.34081442954844
4,52.31025807371742,-2.9924127893203263,1713.738479942247,22.0,28754.790479526993,-23.434624390401297,-46.785022197349775,304.26503761399493,26,25158.861260242367,1.7641442301119312,3.5409033751517236,20.424338681646947,22.653416522520146
4,-36.49266229569412,-13.170043452578511,972.2375851057737,20.0,22218.540041326458,-22.912034424408645,-30.153426393155087,997.6259282553987,26,29093.209303118307,1.296688313927779,3.783497977846555,63.95522304051553,69.24849047016801
