Detections,X,Y,Energy Per Nucleon,Z,Height,True X,True Y,True Energy per nucleon,True Z,True Height,Phi,Epsilon,Guess Log Likelihood,True Log Likelihood
4,63.884022691181315,40.457750372612395,542.005196910199,29.0,28526.177690505956,60.861877087185235,40.049900847607375,544.1431514187359,26,28441.628195143385,1.9497304197542658,4.816352775774093,0.7544889557998977,1.0268557614703056
5,63.872343449466484,-4.354179528612974,593.3253711726431,28.0,23286.891811832662,55.86214546210121,-5.060247468525091,581.2532744659036,26,25458.551043030813,1.3985897419238975,2.0219454148683775,0.7286709755194869,1.7225111780013265
