Detections,X,Y,Energy Per Nucleon,Z,Height,True X,True Y,True Energy per nucleon,True Z,True Height,Phi,Epsilon,Guess Log Likelihood,True Log Likelihood
4,33.241098890230035,-33.465135318676346,511.22052326465104,24.0,32071.52758945977,32.02505866956838,-25.965019498793822,518.5979405778585,26,33241.91282715869,1.1963493659373179,5.726065614917766,0.3035039813155751,3.4582669505876464
4,49.15861088728832,41.758636039879605,255.6022769313458,29.0,24905.958911851878,45.141084685245374,34.956118566267094,254.03663075783544,26,25287.106268108913,1.4708727404951294,1.406108859760072,0.037070359437105946,9.830255635682382
4,72.83177447942933,3.1498994224868966,379.1842618976211,25.0,24898.367257721235,69.86178102995785,-4.43584929397224,310.9086532099872,26,24191.682868387583,1.7671839633306419,1.0436916769609834,0.005059234354731429,0.6359172987278474
4,33.69536062287733,-21.834473920695302,670.8689154306337,28.0,35064.743264631485,25.815617389521208,-25.158712905748615,673.3938973276071,26,33847.804344516335,1.6997721000286352,3.3211830172418746,1.2088281818151803,2.4954497696789364
4,96.20989196422738,-54.470287757969174,1526.9589526631626,29.0,31608.68089629451,97.27495137415036,-66.73419053573267,1576.701023718075,26,29409.145278298896,1.7813876398450816,1.9685615138294916,0.9781766190227057,1.3840222896690593
5,-14.502538224670161,-5.534330403601643,647.5828372979963,24.0,46576.26753065372,-27.51942767245174,-22.497101869570713,680.0935405317545,26,24970.117603514638,1.7594825539805725,3.9393479199233097,1.8898591928209487,4.816688896036703
4,36.74841615269247,-31.005294818357697,856.5278687801182,29.0,36993.34990383789,44.653907828109055,-29.81601396904334,852.6710721427353,26,33986.23860058476,1.3899057709530316,2.5235157120910126,2.603263015744008,4.565882691147127
5,-45.24906847064187,-75.81480766459882,1406.5486080647884,22.0,18477.03743458389,-41.6471884952077,-68.1893434831493,283.8262277492593,26,18821.09659603694,1.3843189431957381,4.308590228301913,0.29579174407507186,1.1476749308323202
