Detections,X,Y,Energy Per Nucleon,Z,Height,True X,True Y,True Energy per nucleon,True Z,True Height,Phi,Epsilon,Guess Log Likelihood,True Log Likelihood
4,-39.86498790867688,34.43991710971568,2291.4890082331617,29.0,44734.16006117809,-52.81669881231427,23.169560955835976,2426.4568682485406,26,32607.12866226018,1.4388144669465754,2.2521806768455,1.3934568890355183,52.65030450132534
5,-90.71157357870064,11.524869971387432,559.894814205438,22.0,21740.98747442649,-80.66734767231422,8.369463383970356,553.2844661164708,26,25552.678949661502,1.204879456552478,3.0446255176230865,0.9021772540828337,2.634414564307642
4,78.90999397243053,-68.79864997954772,788.8380175440758,22.0,24056.64147619457,79.97483374437635,-56.984683272195596,369.91329997645414,26,22306.389876963272,1.8471151873175964,4.012149871182029,0.30572405124918073,0.8202563490541372
4,79.159666875926,-4.515031462507977,634.234381510405,29.0,33758.624508767534,93.58628302195808,15.70426632415348,689.3348499037129,26,23197.00068011761,1.9485854816368762,3.0606858343054615,1.2712562281665245,6.218330187283345
4,67.5047507119836,-81.02096094815332,1031.4853818265292,29.0,20963.469655044886,76.73583910930148,-66.28198859204899,1013.7070194379553,26,23341.11852118794,1.2418498960104412,1.3569253189994883,1.3310072458740745,2.6901699526419645
