Detections,X,Y,Energy Per Nucleon,Z,Height,True X,True Y,True Energy per nucleon,True Z,True Height,Phi,Epsilon,Guess Log Likelihood,True Log Likelihood
4,-4.8456327911243875,27.496412037947096,297.6819358790576,23.0,24901.581079524356,16.616712921459367,15.732280072851495,270.72863566920233,26,25190.222195284034,1.5409490365031917,6.250745084134299,0.14805437645945704,1.17479414379469
4,-32.77342510322279,44.188776669628396,253.41947363627025,29.0,24999.097781088494,-28.374829794374477,51.861639501721214,276.6642750768935,26,25844.554063877342,1.2822897398415256,3.993984644086118,0.1092297338518664,0.4451867164568081
4,39.4602933317542,7.4243585285474865,465.01741002132076,29.0,31520.870954770056,40.48101003224261,-10.512602142949163,463.4186455817253,26,30269.063264583303,1.9000684011807263,3.6858070996133465,1.9550834591110866,3.7406376008982414
