Detections,X,Y,Energy Per Nucleon,Z,Height,True X,True Y,True Energy per nucleon,True Z,True Height,Phi,Epsilon,Guess Log Likelihood,True Log Likelihood
4,86.3419476275372,-84.28195132550482,568.3333691211424,29.0,29204.61899915372,83.79273549657469,-116.1334217276897,605.0303578683933,26,24389.35079547778,1.4957815652020856,6.163348420103644,3.6034727287349946,12.29346589085941
4,-121.46411128535709,61.36002063376998,411.4921546659351,28.0,19569.53088967077,-64.3607637883637,8.356381278421225,358.28891320867683,26,25451.08537364268,1.3544745079405571,1.275943352028091,0.04445501267580913,1.1770239525369206
4,-45.762067513511795,43.10415020024152,1331.140691189482,29.0,36676.93322358673,-34.462198667282934,55.11074740126455,1269.4275703390927,26,33537.95699666567,1.335992319101747,6.160590409909569,1.6774441373454725,4.165211842855921
4,-18.30359151178601,-37.29272912901638,816.0152517861311,26.0,26168.172029793004,-13.30826850960932,-36.53807633355021,778.72395199163,26,24922.81673955656,1.7539701470466214,4.337263947843458,2.8113296797425473,3.8699668372484295
