Detections,X,Y,Energy Per Nucleon,Z,Height,True X,True Y,True Energy per nucleon,True Z,True Height,Phi,Epsilon,Guess Log Likelihood,True Log Likelihood
4,-24.712488064306967,0.07651103265658321,388.7801206230149,25.0,25373.13885423392,-29.47544885500598,-15.4191672632613,288.4993317970601,26,23848.70007730191,1.8195780336481984,5.817407722888215,1.9906426549311448e-05,10.694214810332774
4,-8.96501093997199,140.3659570377019,565.2709087196228,22.0,18009.852889529684,-3.5105646931306467,96.4086247526757,505.46099058582934,26,25520.89539383651,1.5039633091867572,3.515403928444442,1.1307665366580821,3.020526345668608
5,16.283683863766726,10.517886284963652,628.6151145178512,27.0,30649.560568505934,16.217391654465416,12.003064513133324,629.722076823173,26,28387.965782388386,1.8130332417789703,5.2135780292212255,2.044336800272701,3.404163583904957
4,18.214533335745614,-35.87066560812298,736.4148013905397,27.0,28340.18986472443,10.649705773423534,-43.09893640728882,746.1987536183739,26,29111.047665544946,1.609171560703482,1.7290252090171498,1.0036186803255263,1.9417726574022067
