Detections,X,Y,Energy Per Nucleon,Z,Height,True X,True Y,True Energy per nucleon,True Z,True Height,Phi,Epsilon,Guess Log Likelihood,True Log Likelihood
4,-41.590081571907945,-23.34963795377155,456.16011308688576,29.0,27983.28713002178,-49.003560842121956,-10.930568281380545,449.26465330371354,26,29493.413136545438,1.2507116800173181,4.924975950014907,0.9953220996246133,3.2287469648607017
4,-42.34046235136418,-8.149636643768474,433.315655753545,25.0,32030.522574883107,-12.97928559294246,8.632743807032398,432.36569324007183,26,30782.481251855665,1.606807153037431,4.710687451036876,1.2557806945653032,5.64084531345618
4,48.436900135459894,-100.2560357162586,291.8605320016387,22.0,21783.254134387906,22.822324499244218,-68.52859160050379,294.87431619821723,26,25089.57085954035,1.6199935732336923,4.502837804098836,0.10400275336740009,0.6581854283102639
4,29.573769219303074,52.342480340382394,763.5578813929467,29.0,33206.97842383681,25.36219770150109,58.975606336378206,821.2907555961639,26,31347.339890485557,1.5047287911377452,0.372439455940013,2.417971111535332,5.762269155678174
4,-53.142320341581836,-44.72076907706452,477.8293395457847,29.0,25797.51681648247,-55.869032271993376,-58.16516725096321,478.4681374035391,26,25358.232209508606,1.400557855093805,0.7822601303759278,1.0678846818924512,2.029610067176246
5,-6.111762376024103,53.13055196866446,1458.7414726683307,22.0,39102.49467903428,-22.300678702513466,68.2717825315006,1962.75876231345,26,29106.248761607163,1.2067296988371063,4.625810131840014,2.767432356201014,10.941633225372914
4,87.27652960989445,31.681181055318234,682.8135936957642,29.0,27356.499474030956,64.69111548273037,12.660221464687027,644.4909876802856,26,28423.376655619748,1.685591261523184,1.064042242920249,2.2219146364807565,3.5756630470925828
4,-18.026987524135507,53.45521845329955,627.9179717474742,25.0,21872.63335952632,-7.414098873892215,51.61916215369163,664.9320823700323,26,24624.3051264412,1.6385677000474619,3.430327175585421,3.7881229284080216,9.967646226869483
