Detections,X,Y,Energy Per Nucleon,Z,Height,True X,True Y,True Energy per nucleon,True Z,True Height,Phi,Epsilon,Guess Log Likelihood,True Log Likelihood
5,-25.696554270863203,-12.70450788469185,584.0035707001355,25.0,36282.23779322849,-46.23359270568315,-15.075195345349101,612.2398319891896,26,30564.154825767033,1.669219477182732,1.0016897483476823,1.6320309147163639,3.820058974900013
4,6.6662868761900995,102.27463999568573,1066.0470956337667,22.0,26141.724327799973,3.7686375106593744,52.12559006180447,890.5347209750928,26,31530.692825654925,1.3633131768056361,1.9722531506962235,1.6034475714271155,4.874612560402234
4,-18.075969399544135,19.747064905410866,722.6763154011428,27.0,33448.65415360761,-22.11131025442309,16.531453707773295,756.4823833744914,26,34257.93341458459,1.739740405283147,5.968583284647025,0.6607496805436016,1.743559643630755
4,131.2938559115326,-111.56056525832611,1385.0074474946969,22.0,23019.662697552492,126.51843938649029,-118.42079119596562,1414.7231575653148,26,24652.11050326906,1.8466056833027322,0.34477611284188164,0.44876334820465524,1.7183116060302175
