Detections,X,Y,Energy Per Nucleon,Z,Height,True X,True Y,True Energy per nucleon,True Z,True Height,Phi,Epsilon,Guess Log Likelihood,True Log Likelihood
4,45.864453321329165,38.94663771351986,1398.838984812851,28.0,30702.6078243394,41.265378037908135,34.20841528157791,1493.2891676474599,26,32640.944644893018,1.6915572632541465,1.9890440659206075,0.8780092444821332,4.874439365518631
4,-30.364564949868054,40.598272424730226,3756.4719488716046,25.0,19432.26176479652,-1.0065054856169695,16.500711244116218,308.33723750997353,26,23714.832882885392,1.336047074598912,2.7365949223180897,0.007392447884970905,58.46640712314268
4,-81.92832953053102,-98.68222669977916,720.7556876820188,29.0,24403.134964299323,-81.26848662954043,-105.63581665551428,758.6795608930902,26,22243.95308191357,1.7250641904994155,2.7830917306392102,1.9001706315725173,2.3542012777452124
