Detections,X,Y,Energy Per Nucleon,Z,Height,True X,True Y,True Energy per nucleon,True Z,True Height,Phi,Epsilon,Guess Log Likelihood,True Log Likelihood
5,-49.95873253436787,21.37335049293779,762.6820067523191,26.0,39797.63372243035,-50.29036502162188,41.698439936544645,765.240167463533,26,24999.965791976338,1.2949856437894978,3.1390899424569243,1.1847333107158735,2.3856521835632605
5,-12.77809355987705,17.403932151026538,248.83451684454332,22.0,24554.8431139523,-20.201507272592778,-4.620456918079185,270.11483537025475,26,25598.864394585293,1.3520587458299969,2.9378241076155165,0.22534629713967136,6.097227497704396
