Detections,X,Y,Energy Per Nucleon,Z,Height,True X,True Y,True Energy per nucleon,True Z,True Height,Phi,Epsilon,Guess Log Likelihood,True Log Likelihood
5,34.15786318117756,-43.16450327841693,620.8988693051353,29.0,29811.300218318116,34.89084627088076,-44.20278911887941,622.1037755852703,26,30852.12230624255,1.8088120458399326,2.205662387277391,0.9030791542516645,2.0025150648161363
4,13.22597003706403,-41.25757382939071,876.8725063015778,29.0,27134.922022075814,16.507473532484624,-41.901630105853386,877.7200834149075,26,29912.768316414335,1.473562043446457,1.233105223799899,0.8997086404198482,1.6167328863625539
4,8.714156265309668,-21.972029082243125,2257.391861970597,29.0,36430.289897230745,12.917584404481772,-22.873803543417864,2497.7540558139426,26,30940.537035593836,1.3712786024419503,6.153564636174009,1.3658263078379376,3.334505923418914
4,-83.52182780339805,-19.232113686926027,1454.1695440089895,22.0,31603.32381743665,-52.53803619186047,-23.10335414846206,1168.1560507158918,26,30384.313071597633,1.2024950147427833,4.775978020058596,0.5802541559665961,2.679491906176164
4,40.1557853561755,24.615941551792048,695.1600107542358,28.0,28905.59618333963,20.14951895473962,35.07476252629189,669.425625979207,26,30207.242754106937,1.8831937529015146,2.2797949639723942,2.499970488905035,5.766071540371691
4,-6.912677651680156,-47.48749993900054,3724.516518655816,29.0,23369.197556757885,5.801589754162364,5.28125675573466,327.05640525283405,26,23848.374385872663,1.2165497197628108,2.648230083598816,0.0006645351931637063,7.903638559143224
