Detections,X,Y,Energy Per Nucleon,Z,Height,True X,True Y,True Energy per nucleon,True Z,True Height,Phi,Epsilon,Guess Log Likelihood,True Log Likelihood
4,-62.24536838322905,-83.79462139111419,438.75319295004056,32.0,25286.625583380453,-50.0913478286177,-85.58359767301754,439.6461945863195,26,25536.10893840354,1.2850967944357992,5.670129706240393,52.16563591872031,53.73099475164429
4,52.718722179107374,-89.58082341230761,3861.893044058027,21.0,21035.030003681553,70.06336867210109,26.95189119579689,341.88687643947304,26,25980.90540835117,1.6235449614800925,4.939001023922719,20.263723602181443,23.65370749997896
