Detections,X,Y,Energy Per Nucleon,Z,Height,True X,True Y,True Energy per nucleon,True Z,True Height,Phi,Epsilon,Guess Log Likelihood,True Log Likelihood
5,41.8450542922036,-4.258128227570751,416.4582694457597,24.0,20702.700156823455,37.21228835511647,-11.927855624727215,414.92661348022796,26,20243.34416267356,1.8926928846884512,3.2653737249312873,1.7625667067741744,4.096359743647822
