Detections,X,Y,Energy Per Nucleon,Z,Height,True X,True Y,True Energy per nucleon,True Z,True Height,Phi,Epsilon,Guess Log Likelihood,True Log Likelihood
4,43.43627904533491,109.56829914789535,580.9039322720917,22.0,20739.577921625933,39.39782855118935,93.20540825300452,548.5990628380338,26,23698.829377477006,1.5040219616677748,3.0779084440210513,1.8860161137166793,2.487830074198654
4,-1.12300603149248,-51.453117676770574,632.2085358311881,24.0,36475.01398096203,4.659546334210944,-21.93174895277383,604.9694902685484,26,32708.96561724324,1.7275477851294456,5.266820757584466,2.6025454893390965,3.840531577732281
5,7.685093432785777,-70.14662354288492,2417.1272794101283,28.0,41936.6394321812,15.097218286126292,-56.3148726546012,2026.7242540792038,26,29006.259716445762,1.5195553287544032,3.8383369681535573,1.1883008295915778,6.324292391550625
4,34.52294845366089,-66.61466720030916,726.1668379478217,26.0,29621.684890849145,30.88946282279906,-79.83904343415593,787.4635428161016,26,29920.78661964153,1.8726327743502504,4.757510838687738,1.6626419213311332,8.995656065103837
4,33.53379723490491,35.31447909220492,266.800224799141,23.0,24927.910551295583,36.15206547045753,37.545651224118984,241.07057741883534,26,24054.695567505292,1.66309575484472,4.958856550360833,0.0025215998913919574,1.1840291627993151
5,29.108096179204836,-60.08911222064745,1423.1827115775113,23.0,25001.96512454765,41.51538438019031,-38.972216966487395,1475.9708686154852,26,27581.17160896412,1.9085832402723228,1.719678146613264,0.7347456947752409,4.933250764762059
