Detections,X,Y,Energy Per Nucleon,Z,Height,True X,True Y,True Energy per nucleon,True Z,True Height,Phi,Epsilon,Guess Log Likelihood,True Log Likelihood
4,-16.433955098809463,59.756743459139955,2846.7322275740476,29.0,31786.570071074573,-11.625097925959636,54.413212950390545,2403.012883419405,26,33909.04533339115,1.807589148737209,2.8192975477675355,1.8759874480706253,3.7441698701947583
5,-14.326607646905131,47.09795222242457,1469.6671700017719,27.0,44211.17152360956,-9.092575113243385,26.428821929547183,1383.1255910445127,26,31951.50410414223,1.925321659512974,3.8046770495857727,2.9252725289086623,5.535835054479969
