Detections,X,Y,Energy Per Nucleon,Z,Height,True X,True Y,True Energy per nucleon,True Z,True Height,Phi,Epsilon,Guess Log Likelihood,True Log Likelihood
4,77.29267728292399,41.30235389183514,634.9232188034796,25.0,28917.11405471113,35.101741907892034,42.26057223147103,607.0945548511647,26,29881.945689275395,1.3999170168825503,4.74243683170297,3.513421931839365,8.010474447184073
5,-77.52368970402614,46.007059246937786,1277.4337762468715,29.0,30091.196413925656,-42.47186957584276,42.85922483271736,1172.3048272911913,26,29908.74611537159,1.223589753030164,5.376802856771506,2.7489601292594577,5.805037889644863
5,-7.654238415334532,65.80127600764945,536.8769855275542,29.0,31703.562753226608,-16.74874626287979,41.45024070901306,533.4090720033863,26,25449.17541766123,1.4641005947447914,6.0813675701329455,1.8425411644708318,3.647696542345381
4,65.62669114459447,-0.31429917094163784,833.5612698539765,26.0,34182.99501137245,54.33379185946001,-3.8775847217056025,814.4331157989388,26,31046.127298694108,1.8812037297442896,4.527738883403353,0.4251104523961787,2.2842890911396587
