Detections,X,Y,Energy Per Nucleon,Z,Height,True X,True Y,True Energy per nucleon,True Z,True Height,Phi,Epsilon,Guess Log Likelihood,True Log Likelihood
4,102.60960622392446,-13.112825820451917,379.20364620785324,20.0,20846.786305036734,82.71311947727125,5.827992648072211,334.56209931087835,26,25509.986272861046,1.4750899579369492,6.0999593584164415,20.588465039603296,25.601375534868545
5,18.453419708695264,-28.989251914864155,338.40091159264716,29.0,24321.341847022028,44.01029029140253,-8.549010104009653,342.3849700807882,26,23614.287298230494,1.2902094786861156,2.3023074676517665,29.61502442579119,32.48945072026236
