Detections,X,Y,Energy Per Nucleon,Z,Height,True X,True Y,True Energy per nucleon,True Z,True Height,Phi,Epsilon,Guess Log Likelihood,True Log Likelihood
5,-14.595929116632476,-35.907662232928544,909.6760897700613,25.0,30779.247215368578,-11.475326330616326,-38.08351400049776,905.6359634581493,26,30979.351097613973,1.868622076308747,6.168195456726775,0.6593945486507806,3.0445191752545635
