Detections,X,Y,Energy Per Nucleon,Z,Height,True X,True Y,True Energy per nucleon,True Z,True Height,Phi,Epsilon,Guess Log Likelihood,True Log Likelihood
4,37.43903297618283,-36.35316217954892,820.2322377370743,29.0,27562.00102076513,41.50816110147119,-30.971803292454908,793.0045376007972,26,30235.21184677802,1.9104327132421473,3.3026331602075856,0.458045857329507,1.6181706430398273
4,91.9672010338096,-57.62417596818605,429.5239207426623,22.0,23604.380627954695,82.05411638601248,-41.498982187199985,333.78760751448254,26,25122.162287483232,1.2513292632308703,2.98884098155304,0.0694661667454406,0.1988491018334046
4,-14.250789989048712,77.98105960705243,604.8895990860716,27.0,29645.071130305194,-34.9194581563454,104.18177602938835,646.4530110072632,26,25927.367908688302,1.2917907700591387,6.003000016026908,0.40752573095514677,1.5318811174194036
