Detections,X,Y,Energy Per Nucleon,Z,Height,True X,True Y,True Energy per nucleon,True Z,True Height,Phi,Epsilon,Guess Log Likelihood,True Log Likelihood
4,63.57486118480455,-22.63496376150738,652.5883216822548,29.0,32001.191515410836,75.6001502235157,-20.101666489065337,671.8328701631731,26,30007.307295377217,1.2150151539552057,3.8486247014822568,0.4425910251414606,0.71464236154895
4,15.53122218191703,18.51880277622479,993.94426451054,26.0,37119.483808780366,14.69520069567946,17.78357498964553,984.4670455026923,26,39548.121055050455,1.7365976994275778,0.0021447344306419667,0.9622999242155169,1.4747653065411028
4,38.385566759650374,-50.7385125593932,256.290385993429,22.0,21757.614416910845,27.864845547900927,-49.287888075557774,323.6478337911476,26,25318.42262763438,1.7716441875012958,1.7215726779303229,0.1114347072114919,43.85469723390445
