Detections,X,Y,Energy Per Nucleon,Z,Height,True X,True Y,True Energy per nucleon,True Z,True Height,Phi,Epsilon,Guess Log Likelihood,True Log Likelihood
4,-39.65889777331677,4.388998172272466,592.7392063509934,29.0,32351.802972312762,-47.703553037003715,7.524138573079085,585.5202754294235,26,33182.55430062928,1.8463457977138333,5.876160429465275,1.8140822966136996,2.7316971277359827
