Detections,X,Y,Energy Per Nucleon,Z,Height,True X,True Y,True Energy per nucleon,True Z,True Height,Phi,Epsilon,Guess Log Likelihood,True Log Likelihood
4,-0.9906860299795994,-18.20180604589501,524.8399885573153,29.0,24433.90469594607,-6.783089808992287,-17.416633919247204,510.0740573261634,26,24744.957882380084,1.4506888189348186,6.051178108308084,0.6155245349442688,2.385545244583269
4,-94.80855481739658,44.53491543029668,456.4366039931954,26.0,17796.485482507396,-82.42174949175319,32.237107723086154,454.1034985511739,26,22418.753839251123,1.565172950508022,4.637663738851801,2.1592737228571783,3.8908498265053435
4,-95.99602895166021,-48.413664687722616,1112.9629023520504,29.0,22118.99244039163,-92.392560256693,-41.81477576427973,1036.6052462757134,26,23913.967805265085,1.6260304117039899,4.839504521829491,0.47762308784527685,1.6309359043528175
