Detections,X,Y,Energy Per Nucleon,Z,Height,True X,True Y,True Energy per nucleon,True Z,True Height,Phi,Epsilon,Guess Log Likelihood,True Log Likelihood
5,-52.321961406455955,18.986895532873348,1554.186063032985,28.0,26133.325434638926,-50.635518411146435,13.783737643327896,1643.3881918672685,26,25940.945357035012,1.6398254652477722,0.9343774632354943,0.4281056991185592,1.6945396010724814
4,-39.2839839378467,-93.20239874351495,409.35361643898,29.0,29275.619052736336,-38.498680747491846,-33.80708802797923,404.794348483873,26,29502.216593450008,1.378386998494184,4.5042064197826,1.4857371834675714,2.7883578445108954
