Detections,X,Y,Energy Per Nucleon,Z,Height,True X,True Y,True Energy per nucleon,True Z,True Height,Phi,Epsilon,Guess Log Likelihood,True Log Likelihood
4,54.07076654577827,-96.13813649390553,1335.7028563067477,27.0,27558.07525202257,59.388552921731474,-95.62544243082448,1295.8925757688903,26,23975.78640173879,1.4203087416886704,2.4583727355541147,0.7620514880629647,2.627880293606788
4,-82.24946263879127,-67.50107130301953,919.4082319721072,24.0,20101.17687886415,-39.61152388066385,-66.03884707568717,374.87075120804525,26,24357.289567692733,1.2166686284974348,4.21111667890936,0.030285885416299275,1.0995048030927916
4,90.55619906287359,-20.85946744313088,404.65571722398175,27.0,23614.054979738583,82.0779834734353,-11.611686475090323,376.8406251377592,26,24575.9141297273,1.5409356996747001,2.1421873589113685,0.006395624701480663,0.980630418725766
4,-63.24923770238209,6.0401663949876365,1188.8778897069956,29.0,36846.049187244105,-57.9577824546994,2.3861092258765666,1165.402256607327,26,29122.4055202605,1.6687168839826143,3.274388232844242,1.3682656797037753,18.568954939239028
