Detections,X,Y,Energy Per Nucleon,Z,Height,True X,True Y,True Energy per nucleon,True Z,True Height,Phi,Epsilon,Guess Log Likelihood,True Log Likelihood
5,20.256094701312122,-39.95619000141255,877.6279160815661,27.0,30724.36781609547,18.919786819056952,-38.22522606032088,903.4741307688475,26,32038.41722384991,1.7663375068910252,1.7282238318340024,4.568265303561775,5.116119924515923
4,32.957795052051154,134.61379087155603,2499.7388105854534,22.0,20156.35904418727,16.711484064001183,132.00619739939577,2560.9382470835167,26,23359.47235791748,1.2129150716820005,1.2884792205678188,0.9804271936303856,5.6015832058360555
4,-36.58651594719049,-31.25071759117941,1614.3895842667089,25.0,33689.93836425924,-38.96986658562163,-28.490718373057533,1616.0036730801958,26,35386.724290743135,1.4573262148715038,1.9146144540427124,1.1187515165777895,1.2536702711789154
4,-26.910335274835063,-60.95771591970265,420.00043866181045,25.0,28960.150626113547,-27.53421514900684,-80.28268527294796,424.9017740036697,26,25883.490936229486,1.7153089286699195,1.681549977988508,1.8823381372050085,9.498133496903133
