Detections,X,Y,Energy Per Nucleon,Z,Height,True X,True Y,True Energy per nucleon,True Z,True Height,Phi,Epsilon,Guess Log Likelihood,True Log Likelihood
5,18.38235993256592,-38.23433912295093,603.5737286479501,28.0,25744.050348158446,15.72135803635058,-44.604455882162426,620.2375556163026,26,25708.778027216507,1.4295455044288712,3.059400595637814,0.48453185036137153,1.2398439768640839
5,2.6364323410417114,35.824338572662384,279.55447256519415,29.0,24613.987232909803,-5.032325470834849,37.56487947233964,268.01275747262036,26,24113.064499661046,1.8983625955567185,3.6171044670525245,0.00850509313438699,1.093759253119018
5,46.922126002590346,-183.7106973267529,1375.1966709378414,24.0,25639.814620185218,25.007879214154542,-84.7049336889642,808.7799227341426,26,24100.942600378366,1.2881258444925623,6.015266642019248,2.415989122159223,10.511568772673984
4,-52.151595998226554,-45.267793249338666,584.5668638632892,26.0,47508.7403410853,-24.50860087828937,-56.33499133718033,592.5886546287943,26,31897.277226000213,1.3232150806408367,4.646437208443035,2.7536065615530565,137.45318159535432
4,-27.25293863885713,65.97167797412249,1001.2756153615735,29.0,32061.787618352893,-17.31736095236073,69.2775226713675,1131.37130810816,26,28818.57997607405,1.2688091472339034,0.2690472733320678,1.3699965992303353,20.364636159778367
