Detections,X,Y,Energy Per Nucleon,Z,Height,True X,True Y,True Energy per nucleon,True Z,True Height,Phi,Epsilon,Guess Log Likelihood,True Log Likelihood
4,-10.585010578386004,88.76238572563682,646.1172986538227,27.0,34803.79296834124,-41.967064714486085,95.25951413015014,669.6632858591889,26,25523.733811069673,1.2499071129436239,3.3490614006438655,2.1516580125700475,4.068977894095308
4,34.90304380783016,83.87826908817988,585.6632468962928,22.0,26442.997517574913,31.51636663191084,78.75450091310213,607.3479977958739,26,28960.46576724341,1.4902475603169971,0.5394352433702603,1.8707250871910686,4.8725666437429345
