Detections,X,Y,Energy Per Nucleon,Z,Height,True X,True Y,True Energy per nucleon,True Z,True Height,Phi,Epsilon,Guess Log Likelihood,True Log Likelihood
4,13.869967967100763,87.22619501780798,1297.1961833005876,29.0,31050.37919220129,2.2731011378915014,85.85846209347983,1252.8517519642612,26,27845.711947262218,1.5981148841111925,2.827296506454642,0.897987829392207,2.2655922318686907
4,20.175524857316134,41.929162151863636,1712.1091153746574,27.0,37258.30797550961,20.283610984394187,44.80452640687409,1750.5512871126111,26,36147.786686262516,1.7880805445530723,6.07017553323451,0.5221149137977569,0.7339909885309296
4,-27.40345478619605,-27.069070881946857,756.3124635977825,29.0,37549.048444874155,-49.21265354510119,-31.386779204105125,791.5491282282384,26,28891.842714811704,1.548950225853707,2.9914892533633437,0.7259609457834831,1.9597267544679497
