Detections,X,Y,Energy Per Nucleon,Z,Height,True X,True Y,True Energy per nucleon,True Z,True Height,Phi,Epsilon,Guess Log Likelihood,True Log Likelihood
4,-17.182179168123696,-64.10485739100955,331.8733145674285,26.0,22607.527056403782,-19.850326532436412,-67.94059243423521,352.8508855182858,26,24369.453241071547,1.4778289352939324,0.008750157785831924,0.005977345804369368,0.27940858444046346
5,44.23559144348559,-9.239953934141681,1252.166721887048,29.0,34319.199362649786,51.17154155759738,-3.2100062484178977,1299.363540284076,26,34450.81980821036,1.7921022591674785,3.3622828668638127,0.8006915616626975,1.4012383173975773
