Detections,X,Y,Energy Per Nucleon,Z,Height,True X,True Y,True Energy per nucleon,True Z,True Height,Phi,Epsilon,Guess Log Likelihood,True Log Likelihood
4,-10.695830627502858,-12.759689871300736,720.6795256572494,20.0,31062.26111096411,-6.374772143351578,-8.918075662886281,695.251666979833,26,32689.84704640082,1.355728762806948,5.236610319065412,61.51379518209766,62.42992333520233
