Detections,X,Y,Energy Per Nucleon,Z,Height,True X,True Y,True Energy per nucleon,True Z,True Height,Phi,Epsilon,Guess Log Likelihood,True Log Likelihood
4,37.975112537264465,29.547373127083347,1658.3127331877624,26.0,44007.87425361747,50.91111883327426,18.73685677524429,1689.9680724888956,26,35516.80979033158,1.9311725647013356,2.0048029536731673,1.3741636845353045,3.070142797835036
5,29.217772325694114,84.05350883533856,443.46977382738964,23.0,24590.783361818067,10.292487599872914,66.68732851790193,437.18178357324257,26,25223.25239933476,1.8691514655406243,5.967038525404695,1.921075361361463,10.634035122613318
4,83.29274008163208,14.26780089667119,611.2934041298508,29.0,30202.056791008035,50.802514984049026,4.446628777690307,570.9658685526651,26,28172.10672415963,1.8643864001928885,2.4244603455088916,1.8585325417083847,3.3657578347529897
