Detections,X,Y,Energy Per Nucleon,Z,Height,True X,True Y,True Energy per nucleon,True Z,True Height,Phi,Epsilon,Guess Log Likelihood,True Log Likelihood
4,-15.858407458198599,-35.752659720208555,337.49016928319134,27.0,24887.17333668419,-10.824880274491875,-32.44564065004404,257.0503861884137,26,22772.37229369052,1.863794051708277,2.6922428341156626,0.03607713693654052,1.3139855245800889
4,-62.44120471958553,-41.33937315700581,2396.9371326249093,29.0,26053.705262131065,-69.79252112338379,-43.08412402379655,2573.1511139966465,26,23515.300148122078,1.1962511701950385,3.524911175264752,0.23670525961436073,0.9281568526413277
