Detections,X,Y,Energy Per Nucleon,Z,Height,True X,True Y,True Energy per nucleon,True Z,True Height,Phi,Epsilon,Guess Log Likelihood,True Log Likelihood
5,-12.515415041828135,52.36698675644044,623.7538730715906,29.0,30335.742712621985,-11.364021096219147,62.14302192686719,658.0554060147788,26,24514.929521651316,1.571281832926294,3.3562611159247373,1.584065211663999,3.4535514933075597
5,-50.18834076203379,-29.922996584430336,451.95945286421255,27.0,25002.71092782602,-50.48926695959469,-23.664194411240118,237.1169805637392,26,21707.430889518164,1.2432817605454156,2.7578302436806412,0.12526285501870965,0.954178283616966
