Detections,X,Y,Energy Per Nucleon,Z,Height,True X,True Y,True Energy per nucleon,True Z,True Height,Phi,Epsilon,Guess Log Likelihood,True Log Likelihood
4,-23.161447031788953,-58.79558843656403,2273.7990901434205,22.0,32190.50733438124,-28.27840947304051,-49.39796073962785,2278.2043018667246,26,35582.82420994463,1.3426570559087216,6.061423719906913,3.580182711646969,4.189541065139121
4,-51.94295207064127,-9.39599720859485,736.9786197894464,26.0,35190.661601423344,-72.9055710006449,-8.504909928125699,782.1077830469295,26,24902.432257466535,1.3284988274717406,4.874358690289785,1.0288476538366116,1.8197163447328868
