Detections,X,Y,Energy Per Nucleon,Z,Height,True X,True Y,True Energy per nucleon,True Z,True Height,Phi,Epsilon,Guess Log Likelihood,True Log Likelihood
4,-89.40644646612225,14.915680599894301,1403.97732704193,22.0,30000.36320093734,-82.39532527503329,24.57279841765083,1422.7658106671538,26,30151.488505208756,1.719643975404469,3.569330776670336,0.6004838504037389,1.847843942112596
5,-9.904850824798075,-17.477885976856896,444.2169937642865,26.0,31958.133516281196,16.990736202016564,-10.139374072905383,446.8786660770953,26,31482.392523417224,1.874070505850874,4.845578245421975,1.3118481118916523,2.710966905034277
4,61.100660860821336,84.57317315918709,1006.9275964166617,23.0,23041.35085748129,69.29316311781938,80.4708540939867,1129.770376419427,26,25054.405651618883,1.6213499286343827,6.271938700386084,2.4765495786069858,5.5110002297177605
