Detections,X,Y,Energy Per Nucleon,Z,Height,True X,True Y,True Energy per nucleon,True Z,True Height,Phi,Epsilon,Guess Log Likelihood,True Log Likelihood
4,-13.845234753417799,52.68640113340717,1290.4817581078585,29.0,36305.277290709695,-1.2755371239904036,56.73912243579392,1372.0590488227494,26,35389.20538072664,1.3432937489670869,4.771987496976714,0.23903318994764136,11.62602018736565
4,44.124601946727296,-26.691257726449066,2265.5094607774417,27.0,32073.934166188385,40.07499275465452,-22.049531690985162,2416.8712259960444,26,34425.78716457788,1.3613379281505011,5.176723499630481,1.479505048683555,3.242959594633316
4,169.57414120667443,-218.30180733415958,932.3613352624361,29.0,17500.47455536818,64.16382310472557,-84.36407108822867,496.83492256599874,26,25321.059329710628,1.643413362200188,2.5473195304858707,1.6894587574382016,2.1051568903013287
5,-15.527345061317078,63.23295526244175,504.05492240259827,28.0,26269.173063843198,-24.66076537339032,89.67733779930813,522.8069145935754,26,23034.792068248815,1.70405509535393,4.563039758455913,0.667369402494248,4.025372720802424
