Detections,X,Y,Energy Per Nucleon,Z,Height,True X,True Y,True Energy per nucleon,True Z,True Height,Phi,Epsilon,Guess Log Likelihood,True Log Likelihood
5,21.309032899089686,-1.2435843811239806,626.1203601710962,28.0,32251.28551185988,16.487707480007714,14.69889460170748,622.2176412766973,26,30113.696600491156,1.8192925712281236,1.2487624724846038,2.046604309522685,3.151807313954422
4,-22.952617186408247,65.42335689725451,1547.4381046104502,22.0,47527.13137019488,-37.17546541808903,59.49021026725586,1776.3994784891315,26,31730.346552965482,1.8882020331952043,0.5255241411815182,0.8673569680889859,6.400644201946731
