Detections,X,Y,Energy Per Nucleon,Z,Height,True X,True Y,True Energy per nucleon,True Z,True Height,Phi,Epsilon,Guess Log Likelihood,True Log Likelihood
4,-19.23389158326404,30.455496512824993,290.7045947633202,26.0,25107.92292213263,-15.142942912118002,35.35696903967823,362.1043905522118,26,27803.160608632737,1.4993800859383093,3.771470895631704,0.002611458634795287,0.28148661403874675
