Detections,X,Y,Energy Per Nucleon,Z,Height,True X,True Y,True Energy per nucleon,True Z,True Height,Phi,Epsilon,Guess Log Likelihood,True Log Likelihood
5,12.79805079251281,33.53742381284252,1744.593406326347,22.0,31371.59407844511,19.3025865412705,27.92010558998078,1689.9100012610938,26,29921.59718410554,1.7514351978200309,6.243074291502482,1.5994476494198566,4.76033990923764
4,44.78894215716491,9.79523669968006,1000.1263474413315,29.0,29027.90594262473,61.48955295709885,-0.3979468312754477,1043.3774429698153,26,28071.46526768064,1.4002586541156745,1.3402902176801057,0.7858561674090299,4.012720145854816
