Detections,X,Y,Energy Per Nucleon,Z,Height,True X,True Y,True Energy per nucleon,True Z,True Height,Phi,Epsilon,Guess Log Likelihood,True Log Likelihood
4,-29.197328682146917,-24.215632675350207,420.4045854656308,29.0,29741.173671121935,-37.26689345034141,-17.701792850449948,422.5241279220426,26,29227.244748285208,1.5062868575204067,4.153592612100949,47.54938071192791,49.22956315692478
