Detections,X,Y,Energy Per Nucleon,Z,Height,True X,True Y,True Energy per nucleon,True Z,True Height,Phi,Epsilon,Guess Log Likelihood,True Log Likelihood
4,13.679477928070014,40.04131835636548,396.753294706254,27.0,32090.434080770065,-9.797803478739269,51.676162464495235,397.687779221148,26,22870.10357240479,1.2507336984121613,2.809672709115596,1.9127186506307183,1839.038015131497
4,-49.68017925199547,28.35825698190962,1002.0846762339651,22.0,36005.47712084497,-35.16136945769381,46.15445433850641,1084.5556861792622,26,32661.654656228093,1.3168468013176633,0.12311687734390245,2.4364477374622844,8.102802080782446
4,-29.46163716618372,-34.34207680525287,775.485250347474,24.0,33159.67654541644,-26.612006154812775,-39.38350571603766,801.5644151535532,26,29812.519282635178,1.9046448354615675,3.621541219270556,2.7850932663220487,12.124562367336905
4,109.1646676216888,-37.673701396763704,1623.865788464729,22.0,21053.940344354072,93.07805600606503,-30.831390310623433,1401.880481644371,26,27541.494336615935,1.4741795863189262,4.842323407610995,0.9582166945638062,1.7993911051452716
4,-32.42024903527289,-15.034092297926748,598.9094478014537,23.0,35641.091303978814,-36.15729285564116,-30.90390848650597,605.7373990865815,26,28099.539738771382,1.7989400909513855,2.323438443491759,1.3398261889737857,7.637169796713565
4,-51.551131817921174,-8.370468128116272,1167.4777910358027,25.0,29009.04570904316,-49.79146885395444,-11.51510680064132,1206.486224651655,26,31183.55653571066,1.5804228290728812,3.1158761722339032,0.8472281796615833,1.4338833650984395
