Detections,X,Y,Energy Per Nucleon,Z,Height,True X,True Y,True Energy per nucleon,True Z,True Height,Phi,Epsilon,Guess Log Likelihood,True Log Likelihood
4,4.236987041207556,-65.20327327947416,644.4629324416728,27.0,32922.5823493311,-13.91097223995098,-70.96716961666134,641.2533329853218,26,22978.625740847612,1.6532602443210902,4.5013252728968185,1.3128492142152612,3.8650547767553265
4,84.84359759042025,-63.962230900339165,838.5111006753889,29.0,26669.239071366937,57.963843469445095,-85.38772220620437,821.8919334579829,26,25343.212153318265,1.1882764693850663,3.466662135611147,0.8857366652018448,1.375917311349383
4,-82.8056442078933,-67.08254695984357,549.7429804861137,29.0,24030.989688568552,-70.50177218315285,-35.39632169340085,537.0215905240127,26,27686.829096406633,1.8984407310669178,1.715019100778203,2.29389137424825,4.029800760320435
