Detections,X,Y,Energy Per Nucleon,Z,Height,True X,True Y,True Energy per nucleon,True Z,True Height,Phi,Epsilon,Guess Log Likelihood,True Log Likelihood
4,86.68031424621307,-84.03020492676043,423.6691409194383,22.0,24848.960198811095,82.56338418599736,-75.38942992505804,296.8117680816138,26,24634.12616540448,1.2103354835744553,3.9881327095887387,0.03625958594735704,0.5482419685845484
5,-47.607522853139756,10.060699559238685,3861.190724869052,22.0,22546.28832801072,-21.41165653042387,31.61322293816002,350.9533736555626,26,22261.676003965727,1.7628027535439414,1.7387350938573307,0.058975444703311515,4.221029416909915
4,-44.26991817629565,-2.4127508417771537,868.7396494904674,23.0,37471.79012631813,-60.44198635679446,9.944728510853452,940.3836476330174,26,34464.18549278198,1.6941746082505575,2.6333931455202806,0.868936144660905,4.167872952376495
4,19.755215417099123,10.654607937837568,541.7946091027666,25.0,32018.242405568813,17.3480523898171,12.344588188764305,554.0295331101444,26,29889.18809516454,1.455909723332575,2.6043737971648735,1.295012591710947,42.03549738246168
4,-16.26892442799965,20.403695195837827,260.51147770865913,29.0,24841.352561101234,-23.870768396047694,17.139780502743378,263.4183432447948,26,25477.245367654126,1.8570129899310348,3.521196810758124,3.3120361337615985e-05,0.30726735059017596
