Detections,X,Y,Energy Per Nucleon,Z,Height,True X,True Y,True Energy per nucleon,True Z,True Height,Phi,Epsilon,Guess Log Likelihood,True Log Likelihood
4,2.235392331350397,-3.802682376765631,966.4403699978737,29.0,35372.823659055764,-4.260728047311403,-9.189732144929138,1014.7002591606905,26,34656.385246808626,1.5994526629105308,2.553238054467606,0.20580881293681347,1.4514923591803133
