Detections,X,Y,Energy Per Nucleon,Z,Height,True X,True Y,True Energy per nucleon,True Z,True Height,Phi,Epsilon,Guess Log Likelihood,True Log Likelihood
4,-19.521541285609146,-24.89967720675304,551.2199668502128,27.0,31138.70831430672,-24.642360873898923,-30.857419618644045,583.3353008102589,26,30840.59352981176,1.2837071362733516,5.429812970067195,3.7197776570784624,9.16282467715585
4,20.283423519856115,-68.23041984777046,703.1545196395346,29.0,31721.796890644764,14.748136121902235,-51.6034861163165,740.4445302566686,26,25445.698270592045,1.5598373047511551,0.4877400939574615,1.3715346548466942,6.597111105060957
4,-35.11824459100774,-67.2181989402747,710.6465315783591,28.0,30997.175213342947,-34.02530883041889,-64.55412899474557,670.2032779625514,26,31367.61735459737,1.748889929722989,2.016920823335849,0.6515871168084214,1.9625984532528986
4,1.8147423918089203,-14.302509497039296,408.1285530063269,23.0,48233.60638637615,-27.640230120210603,-12.433291639879116,407.9447381361469,26,28666.100691009113,1.5184790566996946,2.0398414488783403,1.390823128075017,7.0644443265193635
