Detections,X,Y,Energy Per Nucleon,Z,Height,True X,True Y,True Energy per nucleon,True Z,True Height,Phi,Epsilon,Guess Log Likelihood,True Log Likelihood
4,-114.54376758398533,142.83089108194167,2409.1930868703525,25.0,69751.72820103249,-80.82124980389767,84.69131168185586,1079.191095873873,26,23360.02454630458,1.7501876334376132,5.820447604381395,1.4405504372315179,5.730466879842366
4,-13.694672405755739,-3.1482414790428948,502.67363485329133,25.0,36698.51976053712,21.24126835668534,20.160082171205744,509.9135500869997,26,24266.760473882616,1.9411890531421778,1.8035928760712425,1.8800493325523027,8.774107832299235
4,-39.94511193380595,48.75334576293136,565.3444383420742,25.0,24574.26539708617,-40.54582898127738,46.41997386681891,344.4200460799939,26,24128.39983345302,1.552874029629018,6.15926517156163,0.0016059378662546023,0.38647831593093923
5,13.326342035109633,34.917026074547834,421.73131709039245,29.0,27500.087724858568,-7.221418621341911,38.82068183066116,426.26491296203693,26,25566.11714498387,1.6738614727519279,6.022693738174525,1.111860790659585,5.668669837997752
4,-24.584598002428947,9.424628269741675,263.82265697451516,29.0,24888.399143101855,-29.558937842875693,-5.430048740793467,273.5764068016408,26,25489.994937602958,1.5854236494601868,0.9993292313134674,0.012349313967878387,0.4659350597867049
