Detections,X,Y,Energy Per Nucleon,Z,Height,True X,True Y,True Energy per nucleon,True Z,True Height,Phi,Epsilon,Guess Log Likelihood,True Log Likelihood
4,-71.26324682611047,-18.35557670830366,2902.934240149834,24.0,26824.57981804536,-61.195404204815205,-13.613190890194772,3016.2656037957554,26,29324.957648036412,1.784007760389451,1.950513052886678,3.7210456863840276,6.258288872667
4,-7.535408048301235,-22.269950422448176,413.9807561227219,29.0,26499.14626524112,-6.133236069837835,-23.86271271996503,417.9344406796517,26,23212.264597250538,1.3753926541180852,1.9954212608232504,3.28337695915572,7.7955981874849964
5,-53.410447272406515,-38.195638579301544,895.3162778429165,28.0,25686.387771593458,-56.4850663641398,-37.88081743908991,887.9317954614608,26,25115.676244778835,1.29034455485011,4.808656341701272,0.9803434374081688,1.924650340681114
5,16.64482928750033,17.15582607073958,579.2803013014087,27.0,27126.61536009705,-1.4912176298787188,23.192724463178337,556.1608451133272,26,24200.0789411597,1.447156168291066,4.432465448371121,0.30144869183962897,9.27102653690691
