Detections,X,Y,Energy Per Nucleon,Z,Height,True X,True Y,True Energy per nucleon,True Z,True Height,Phi,Epsilon,Guess Log Likelihood,True Log Likelihood
4,69.6716698224887,22.04329592477569,660.1153210503896,29.0,33349.397354035325,34.124744427722334,22.359753617894683,647.7166884068246,26,32887.04077135875,1.497927217308785,1.1865667075169184,3.365970204680214,7.315728985146545
4,-90.77918063733588,4.803377420774098,405.08494414981305,26.0,24728.70345914556,-64.1535620319443,6.709365359355218,402.7301021797782,26,25097.255340684926,1.6515215166357424,0.7498285335840598,1.4427541937510495,2.4617576369609813
5,-47.4427063402712,-25.820225414987362,1482.754955559309,29.0,36286.732250220084,-44.53964302200579,-29.168226272722194,1426.7905574928898,26,31601.97618415952,1.4669940790549767,5.128285440448794,0.6259680421853566,3.0376902028150234
5,19.78923186992381,-16.297961736913578,270.59293124379076,29.0,25000.98311551104,19.19784745264235,-19.328204636805623,270.7445653952848,26,25201.62066436979,1.2077063692534749,3.156170267284463,0.07337160682896672,0.560950877829331
4,-62.018303933574714,34.94827582336603,1610.7437823836315,29.0,28433.68543929988,-70.1873431683751,32.229486174012436,1565.4419048283296,26,29302.350582188334,1.9444731632597985,0.8153473573133955,0.5032897369580904,1.859834922439828
5,-16.033190188919207,-32.56832495464556,503.04438340774664,25.0,23121.172510386295,-17.085256261472722,-30.664924034338952,528.4638412528886,26,25043.617625745967,1.8269674701634735,5.099656682910256,1.5287196360651105,7.127737216757443
