Detections,X,Y,Energy Per Nucleon,Z,Height,True X,True Y,True Energy per nucleon,True Z,True Height,Phi,Epsilon,Guess Log Likelihood,True Log Likelihood
5,9.105646395534336,32.57066513795701,1470.0625375228988,23.0,31514.212287290895,6.598680882809248,39.06894042984993,1465.6419521826263,26,27969.638812483423,1.596989204322923,1.067200087734054,1.479465521794482,5.1499778061059205
4,63.33886894172616,-164.79600456671807,1331.2195660799557,23.0,27291.30678586423,26.227442276183467,-71.01845392761868,708.6977489468377,26,30511.576791127496,1.221319730143943,2.7775698934076365,1.9540630388211087,14.916239195120982
