Detections,X,Y,Energy Per Nucleon,Z,Height,True X,True Y,True Energy per nucleon,True Z,True Height,Phi,Epsilon,Guess Log Likelihood,True Log Likelihood
4,-29.120181102653248,51.60270666988799,762.0605194550425,27.0,31335.234736269755,-33.828356542956854,47.627977309184274,788.3933075086375,26,32052.56462076557,1.7437271837094996,3.0357289587279035,0.48162325573723774,1.7455188547706277
4,24.62369854562587,13.230265335382853,824.4587459875924,22.0,32333.00377536354,14.759556659634768,17.34034064352673,799.7599893707765,26,34578.653179163346,1.2914256442991638,3.934221874975621,1.249118842721591,2.4717092667189116
4,32.429471668394115,-19.193550380047668,570.2119377250099,28.0,34829.94248673756,44.71281867500687,-33.07774884787604,574.268579527835,26,32120.171148177586,1.372710539845685,3.354123266018819,1.4696521782158976,3.4868277630942828
