Detections,X,Y,Energy Per Nucleon,Z,Height,True X,True Y,True Energy per nucleon,True Z,True Height,Phi,Epsilon,Guess Log Likelihood,True Log Likelihood
4,-36.063903467644195,23.565516274288825,1719.6264573928108,29.0,42966.401747066135,-56.466297930702254,20.003000025963104,1807.8397688463676,26,30735.82862858908,1.3147591717725573,4.339071070713649,0.8770915099953147,2.2859266655672017
4,-35.44346722850588,-114.75460470581328,608.1749411815288,26.0,23197.488316503244,-18.179764099996106,-99.72797143610255,586.3281257049626,26,25130.847714682608,1.2808711630704241,5.065473733283726,0.7307042041447305,1.9794359967980237
5,17.551692418364496,-55.5977919750224,798.6473086035537,25.0,38125.48582304295,2.2911920436879427,-43.31154062246826,803.2234612878318,26,22572.35515000695,1.9188593681443444,3.8970789432998663,2.809266543111321,5.5710916011434275
