Detections,X,Y,Energy Per Nucleon,Z,Height,True X,True Y,True Energy per nucleon,True Z,True Height,Phi,Epsilon,Guess Log Likelihood,True Log Likelihood
5,39.27515789444601,47.25741361567037,572.5346022917349,27.0,26414.663677558707,62.956117736854225,36.82771937387989,599.5898689519241,26,25574.871068594628,1.308371433715856,5.89755789690498,0.15198959147777788,3.9855352792015806
4,44.036032328949716,35.698179972198204,1100.051186521948,24.0,36145.651682389485,52.37386722883855,34.46125447047194,1087.755318646484,26,38089.852578310645,1.7429785511865885,1.1326601516285633,1.6330070649601167,2.0223732448218703
5,-18.354441799729898,18.036346585040633,474.3159550287122,29.0,42127.42995060255,-10.921501241360886,35.22639699015605,471.57267727381304,26,22913.039169946656,1.8788756069547468,6.105220780646244,1.503218167679466,4.121730182210318
5,43.08347653432742,7.158306689009578,510.02357946198686,24.0,22684.582026687614,39.304581593379055,4.401808021388234,505.73648557410314,26,24024.793166552532,1.8492751490592954,1.8306952908916478,0.4288527941311601,1.256764327943125
5,-8.085597171762402,-46.777701424410054,1063.8006583840897,29.0,29072.187153826548,-9.650776423226318,-43.20456077236497,986.4683378863745,26,30651.273047147955,1.2963151186305257,1.7432792855195791,2.006126052581137,4.0538514866210535
4,24.818376127292765,-15.259999187936273,556.9747085488171,25.0,30377.363357460916,15.703024661909183,-23.68476722337175,562.6770098670246,26,31256.04060458133,1.2580400152222169,4.432331314023422,0.26688410331332496,1.0108887206865074
