Detections,X,Y,Energy Per Nucleon,Z,Height,True X,True Y,True Energy per nucleon,True Z,True Height,Phi,Epsilon,Guess Log Likelihood,True Log Likelihood
5,-81.89394593172042,47.748230623495886,864.3422803216899,29.0,23186.501117166274,-88.30277994307038,35.4591005037401,981.06619748006,26,25491.24998279455,1.6787833611116432,5.149652430952038,2.5362562589027586,15.493306246030265
5,-22.808354448970533,113.65267555023246,493.0373110492768,29.0,26041.74226698732,-1.606357634788651,69.25858969747893,470.79614297780324,26,24721.929227983193,1.8168586932568898,3.479230737143096,1.0700843850311217,3.2781356947977516
5,25.717345760418084,67.48007766736669,472.9440267811365,29.0,29430.814517665982,26.01534993900117,44.58699311229074,469.62860538900236,26,25889.886443411593,1.2618652264238608,1.3063065697573595,2.2890961331405038,9.342309538410294
4,-31.587652341342505,-43.22636807949414,512.1595031943724,24.0,27286.79418437091,-32.88236646015764,-46.09389349943791,510.6537101756808,26,28866.789338561648,1.7385033720326832,4.288593626475136,0.274455231117303,0.8555684436891571
5,-7.862689255773148,67.40767411095749,485.929813368787,27.0,23905.788929087175,-12.176334774442495,64.54509447475971,501.575187829569,26,23361.873760966224,1.711884316007572,5.384629210803235,2.59027630599371,6.484343873279453
