Detections,X,Y,Energy Per Nucleon,Z,Height,True X,True Y,True Energy per nucleon,True Z,True Height,Phi,Epsilon,Guess Log Likelihood,True Log Likelihood
4,66.21501004218015,84.42437234912938,368.2467910421319,22.0,23106.326499463183,46.01005505917837,79.31153717159478,345.4881387638696,26,25643.474591872287,1.8875278232420114,0.9810728209394541,0.0015712344569744176,0.29011319460554075
4,32.43953759479308,26.750990515989827,1799.9024812341613,22.0,36837.5030617462,33.65808686055141,32.71099036127325,1741.2426167049703,26,36069.80693183069,1.3929223278096983,5.964839322940752,0.5179413247855652,4.245479405883055
4,-18.333818266266064,-49.058410982075884,1719.3058460457992,29.0,32574.197133725327,-12.965588446854042,-52.89891828486287,1780.6700117218877,26,29653.430111482296,1.5895686591942664,0.7185688762593918,2.1714982546172563,3.8273942916140817
