Detections,X,Y,Energy Per Nucleon,Z,Height,True X,True Y,True Energy per nucleon,True Z,True Height,Phi,Epsilon,Guess Log Likelihood,True Log Likelihood
5,-66.56310439393403,21.614081497984955,822.5527298678969,26.0,22465.4883556853,-58.71331023993949,10.79744990107676,784.2294064137465,26,25626.9902315509,1.8911829154139868,0.4170601901441462,2.8090089672908696,5.682645119727848
4,43.76070260103421,36.04084603696202,920.1091206898211,29.0,29417.038315348436,43.09861844729414,39.234411758981366,833.9032689739661,26,28414.81717823092,1.2687917783205371,5.382995355091356,0.7277639234019562,4.112630744219839
