Detections,X,Y,Energy Per Nucleon,Z,Height,True X,True Y,True Energy per nucleon,True Z,True Height,Phi,Epsilon,Guess Log Likelihood,True Log Likelihood
4,-50.92006894006772,-39.425705505442636,766.8479126316116,29.0,24667.49742285036,-60.15310783208831,-41.919632910669876,770.2955281898927,26,23439.54006974269,1.713135249746196,5.568475470047627,1.5823643760100492,2.500856842780098
