Detections,X,Y,Energy Per Nucleon,Z,Height,True X,True Y,True Energy per nucleon,True Z,True Height,Phi,Epsilon,Guess Log Likelihood,True Log Likelihood
4,57.21027135449492,124.09655802276757,3551.795666089618,22.0,19159.65478847883,42.01053598829009,97.80692049497861,325.24313484066755,26,21591.228827488463,1.7717759734366885,0.5888741224327609,0.16225712978701504,0.9644289729559514
4,6.656078686587705,60.82654173343178,1154.7479542465853,25.0,44312.49386530888,1.6015480382721705,70.76155014764768,1193.096067261917,26,28167.681110572932,1.2142076243063595,4.339879861339289,1.8189908015508498,1528.9399700452625
4,78.94313895117989,44.18765614614688,524.0202446627832,25.0,25005.493913258764,85.39732941712384,37.28345625816357,266.8045513134587,26,21730.970545027565,1.5429354361529064,1.9584121309752014,0.015820574462219104,12.357652092870644
4,62.90334329916044,3.7488247042613807,571.1183627337869,26.0,32122.598874654504,43.615830857828456,-5.780353040159866,543.9602343174125,26,28172.019119680677,1.6944206279278753,2.5507999912154484,0.5585083010950113,7.752293990019935
