Detections,X,Y,Energy Per Nucleon,Z,Height,True X,True Y,True Energy per nucleon,True Z,True Height,Phi,Epsilon,Guess Log Likelihood,True Log Likelihood
5,2.133519497647569,-38.25316070873629,514.8869731558162,28.0,31476.216116133844,10.951461929554085,-45.60715106427128,507.9669272261299,26,29355.47509115919,1.285837139436788,2.4904949787246586,0.7543666809213514,2.8331103520902414
4,3.6851438808258763,60.10166466210194,543.6325566764368,24.0,31874.9256173474,2.686744303784508,41.13905753079732,546.173426753205,26,25613.334896088378,1.604546640844426,3.6928303305567782,3.1734911482410695,5.987290079865907
4,17.329392612576328,66.37270757534077,538.9691692134227,25.0,26939.884036878986,16.048892906638685,59.54967065636748,545.7316291898612,26,29107.68355935962,1.2108160396099312,0.7393205331015641,0.28915583197828487,1.3112056420238587
