Detections,X,Y,Energy Per Nucleon,Z,Height,True X,True Y,True Energy per nucleon,True Z,True Height,Phi,Epsilon,Guess Log Likelihood,True Log Likelihood
4,5.08935207241467,28.794034388008583,570.0351318919833,26.0,31038.61339811627,-9.768295667218212,31.838852669539847,587.0239712724325,26,29706.404036259726,1.302743534174311,0.9718898242735631,3.0579364338568586,5.4042196669630265
4,14.455835852730843,10.341995817237375,742.9055756480348,23.0,35811.028607835986,16.257846332704673,6.483273754740509,751.8453074738976,26,34648.655867868765,1.307738694022929,2.376005821918629,0.35366798548843226,2.6105120094301997
4,-55.687103640577334,-37.38316812778265,257.902763550396,29.0,24825.390980929595,-42.91255451011267,-43.01809404309222,278.94969856968834,26,24950.4405771152,1.6919657935516357,0.7767871728589282,0.24127605753325498,5.987139324038691
4,-19.0093033054722,27.40335075188733,491.23150707357667,29.0,31359.256557098735,-11.905291671957997,27.675185156584377,489.8106616139918,26,28898.910534580627,1.8541866335518604,2.7974047311506656,0.7600530577323585,6.999983530264269
