Detections,X,Y,Energy Per Nucleon,Z,Height,True X,True Y,True Energy per nucleon,True Z,True Height,Phi,Epsilon,Guess Log Likelihood,True Log Likelihood
4,-10.992569350071278,-73.4881604603973,1176.935981980965,29.0,34548.645841123376,-4.3513754431890845,-52.29008318326545,1041.0916132383934,26,31395.97522145648,1.251237948290233,2.7979935724367953,1.791380145324034,4.8935926726803185
4,-34.03941678556458,-0.8777235163007049,278.75482067159277,27.0,24433.456426790985,-34.95609889546773,4.047894776177827,344.99746395921335,26,25796.75198591935,1.189524370402595,2.3088869168542927,0.0007454795560953815,0.1979697756628016
5,-9.783347862924018,2.5163442804411034,1624.9688665645797,22.0,63973.32547239846,-27.702365763466375,-7.165821928072717,1741.1084371843187,26,29190.36903123409,1.90521647673591,1.3261236862538812,1.7784163033787315,3.7150817370649154
