Detections,X,Y,Energy Per Nucleon,Z,Height,True X,True Y,True Energy per nucleon,True Z,True Height,Phi,Epsilon,Guess Log Likelihood,True Log Likelihood
4,65.23908912955812,-56.261341199700155,1583.2626039127608,32.0,26862.324367923095,75.9210982646743,-59.75295399341543,1814.0578779666112,26,23456.79878691141,1.6255185300994435,1.6189165560378616,67.18286439789644,67.97550847311854
4,-31.655427959777796,-0.3090710351378334,481.74644240417786,20.0,28074.35186970568,-14.989526211662621,0.059681979991893286,476.60719401554877,26,30910.2498585679,1.6005724916650867,5.695952979510842,51.438536245149606,53.87733751777712
5,33.39050790055512,-25.297025028899498,455.7673055201338,24.0,17500.005290575064,36.93810815510372,-18.09787594054842,463.94903235632995,26,21184.073595907725,1.3051964780262477,4.070654221358746,61.62631981369043,64.66930249425397
