Detections,X,Y,Energy Per Nucleon,Z,Height,True X,True Y,True Energy per nucleon,True Z,True Height,Phi,Epsilon,Guess Log Likelihood,True Log Likelihood
4,-61.89243654747369,18.579288967805894,1011.3152086426016,25.0,39398.76503763794,-48.5104172402513,5.125313423714545,1016.2761176873445,26,30575.87470607774,1.5493520640602385,5.9522289501995,2.2132214595034294,5.649582184526311
5,-40.074886486680725,55.391654797818774,409.5453729872452,28.0,22812.523237069956,-39.9036556273832,65.49668356770678,413.388794636911,26,21562.30641729993,1.3743393008391487,3.606866692833568,0.91703467905738,3.685961740073485
4,-32.338460092972014,63.95257931837534,578.9475511407022,27.0,23752.04029757421,-34.17690559324457,63.66830718476868,582.9662468842212,26,24188.392295828966,1.492831372739977,0.8374678377247009,3.4443022012846587,3.8494078529814573
