Detections,X,Y,Energy Per Nucleon,Z,Height,True X,True Y,True Energy per nucleon,True Z,True Height,Phi,Epsilon,Guess Log Likelihood,True Log Likelihood
4,-86.12762352950239,45.20439134334737,1627.288132043333,28.0,33410.83617521035,-85.61715833595126,35.84321038173417,1547.5650216118127,26,31749.98758205398,1.8396382700086753,4.483906183612258,63.127910501134615,64.95887244531595
5,-58.83323744006998,-4.070334712653732,3488.7752560179906,28.0,29156.900488789055,-61.06002256165411,-8.650258262885984,371.67569869250144,26,24046.849737196917,1.2019757296243068,1.3127380138138751,27.32694577373839,28.37111895963212
