Detections,X,Y,Energy Per Nucleon,Z,Height,True X,True Y,True Energy per nucleon,True Z,True Height,Phi,Epsilon,Guess Log Likelihood,True Log Likelihood
5,14.828085891334865,34.74799770715447,1613.3388375753834,22.0,46047.813929979115,5.684814369923998,23.217307702812917,1598.0000740287956,26,33487.129076001365,1.5081660588438124,5.155607734742212,3.124440638368788,4.161133670842252
4,-4.0043256283267965,-32.38785609743155,683.0219943759089,27.0,33465.629790991676,-0.3881373669663333,-41.33436079663211,752.2400830265746,26,33420.11193288472,1.309059327219124,4.782854385020172,0.7545466197949813,6.694751086089175
4,-13.647148452670194,52.99108640634557,587.5342927038607,26.0,31667.44089329166,-16.067008575684525,43.279633810804796,561.107322248996,26,32274.810466385043,1.3546901862980518,3.6829694042896386,0.28351770431573586,1.9877066932025567
4,-44.61704162500223,-72.38220183370126,983.4397076108546,27.0,27473.5344515928,-45.57469694648759,-74.83671839157579,928.0783561004997,26,24510.1134851633,1.8367772321383524,4.3627362516811115,0.431121605991687,2.702952984414458
