Detections,X,Y,Energy Per Nucleon,Z,Height,True X,True Y,True Energy per nucleon,True Z,True Height,Phi,Epsilon,Guess Log Likelihood,True Log Likelihood
4,74.17003896083514,81.2811022244361,1732.419301188964,23.0,25154.259161010566,59.23107302490962,76.52343256591121,1791.6525415546082,26,25966.15315552008,1.7248328872173162,0.8846858773024643,1.902127836338957,22.16793791199636
4,-96.90855924343373,-76.96170407067814,502.45800537784464,22.0,24908.31867456808,-84.79539720029857,-81.50800795695343,497.27266271711244,26,23558.913191647356,1.913722217823715,5.782420332496595,0.13326124310983456,10.037108494088548
