Detections,X,Y,Energy Per Nucleon,Z,Height,True X,True Y,True Energy per nucleon,True Z,True Height,Phi,Epsilon,Guess Log Likelihood,True Log Likelihood
4,-86.06828171985313,46.771615010857545,1014.424255696674,27.0,25719.972965146953,-68.08813713505043,30.709416397494607,910.1457688129723,26,28750.259172809136,1.2549754514890588,0.7441654872989325,0.8358504769761117,1.3762557067935748
4,59.50391414994846,-7.353805142320766,502.04405204291027,22.0,32861.88191305907,30.27718945823355,6.625065572304976,498.7495627755821,26,25861.79639520386,1.8289519511918138,3.584975145981276,2.245156121348095,13.570098754881924
