Detections,X,Y,Energy Per Nucleon,Z,Height,True X,True Y,True Energy per nucleon,True Z,True Height,Phi,Epsilon,Guess Log Likelihood,True Log Likelihood
5,-13.570047043716784,52.836153326632314,309.0451043458125,27.0,24908.48758458098,-16.392408256985732,47.33493363338641,281.1548071810936,26,24595.528956975915,1.80482819922484,3.6266078701301923,0.13075955523041471,0.5007739621759894
4,-77.76502309322083,82.04705362645836,968.6919956657638,23.0,25862.62736307575,-74.35660142623033,81.23822798798446,979.711693129636,26,28918.329360076652,1.295397747458058,5.207760570891171,0.024415761272035378,0.4377682764282933
4,-44.16460393905783,33.53082714026448,461.8309636851515,23.0,26741.946439536317,-41.31235707124027,35.25217152853304,462.36370971133306,26,28639.734104228824,1.61449164309583,4.760953465929953,0.5521446570455676,1.3046165382753854
4,-77.04137123183327,69.22015730299995,465.02479272899825,28.0,24340.05140641831,-56.52770193124735,79.76100216392055,468.0961816330678,26,24727.873646271793,1.311233871204586,1.1077324790795533,0.7304854653848104,3.002142683006557
4,38.476222343744666,-30.2355050782881,558.6529349169275,28.0,24664.332766421987,34.51357367037207,-34.161832624730906,287.66650394538027,26,23392.993394070516,1.572645559450641,1.2957531678741163,0.002119812003821238,0.4895064404275337
4,-34.83560498352216,49.47863694663238,604.7823358205649,27.0,31029.313762457416,-24.619785239035977,58.31091050006907,601.009232968625,26,31286.405585213623,1.2152153233051726,3.1759395894240994,1.6257107731518645,5.154521304656665
