Detections,X,Y,Energy Per Nucleon,Z,Height,True X,True Y,True Energy per nucleon,True Z,True Height,Phi,Epsilon,Guess Log Likelihood,True Log Likelihood
4,81.06897046845955,6.605394382665054,516.8872121089469,29.0,27482.145690913498,60.484544485944525,8.757261410524166,511.14896874282744,26,25765.25217708774,1.6647190236180263,5.483775972407263,2.4950014740380086,4.417436207830451
4,5.292889041197441,33.270861279057954,304.4732757306228,28.0,23435.6510363904,6.596016342115519,37.31394128131882,254.20713291561026,26,21679.114685664288,1.4003431889612457,3.121080055253481,0.0028137589632194746,0.4274253406790054
4,-62.61180183760362,39.437361231975274,1247.1048850820603,29.0,32802.60267312444,-53.83690412278355,38.57650792766279,1228.5222198811407,26,33708.71603855448,1.6781615207728175,1.1973742190596786,2.8011310636266766,3.1954825779109073
4,-26.294496960419053,-22.41700348425394,450.2276508793051,22.0,31423.583108545285,-10.699528804030933,-25.30583375062541,446.52007626549783,26,31735.593142600806,1.284913290826593,2.229503853838111,1.8791034846153667,3.2903707629204293
