Detections,X,Y,Energy Per Nucleon,Z,Height,True X,True Y,True Energy per nucleon,True Z,True Height,Phi,Epsilon,Guess Log Likelihood,True Log Likelihood
4,44.93757527764524,-36.159151936344415,423.54779773574035,29.0,30543.807801570107,40.41330638845184,-42.64848016815306,424.1874911597238,26,30293.663136739862,1.2123943148415595,0.9887776923312764,0.16365220709570344,0.9948534476340712
5,-30.01998650151961,-36.15645378523482,453.3296385310827,29.0,26550.737280526726,-13.229430798066431,-48.381317599814324,460.74039759640675,26,23529.185243269338,1.5113934924353425,3.2636931395077933,0.7189356708598172,4.3003548440281785
4,-12.1732668141658,-8.382166213683945,393.0355541744701,29.0,28928.220932646753,0.08377846361341312,-9.95086235640693,393.2258269868935,26,29103.01998188625,1.215225117102576,0.15267968113123173,1.862759096040246,3.052742182284844
5,-22.83435492225766,-71.43580101254369,509.15199022359684,27.0,22192.51443243395,-26.66429380403332,-76.34284710048655,524.6335446269209,26,20010.130634671565,1.283680790564977,1.1981510847634484,1.9733734284295779,3.168483228138084
