Detections,X,Y,Energy Per Nucleon,Z,Height,True X,True Y,True Energy per nucleon,True Z,True Height,Phi,Epsilon,Guess Log Likelihood,True Log Likelihood
5,-12.497836943683467,-73.20023817148638,1402.8353171606013,29.0,35110.82541795798,-5.817384697748452,-59.07599986170618,1586.9843140571043,26,30622.93366388857,1.3085197660819983,2.776471752213972,2.508809368385668,18.232696621947113
4,-30.419396599622303,-12.16783959597143,1782.5313892758538,23.0,49659.832356779574,-21.911812575970345,-1.4606866767360032,1628.4333710030062,26,30723.940812965262,1.4596108833318053,4.835468305367175,0.8811861670332599,9.050952993624021
4,-22.138553315575223,24.478030215109925,2810.184683091798,29.0,35174.18462422832,-33.762479349049045,8.584617367703743,3031.5031423068185,26,36062.9794387787,1.3598259508292474,5.760693757303016,0.9326847443108988,4.395222356782801
