Detections,X,Y,Energy Per Nucleon,Z,Height,True X,True Y,True Energy per nucleon,True Z,True Height,Phi,Epsilon,Guess Log Likelihood,True Log Likelihood
4,-18.065728079400458,28.594417240762823,881.6769477112605,29.0,31693.560464624738,-17.137496179601442,32.39480771486279,951.4255494026755,26,31034.02196281063,1.4656730668535303,4.968121718203735,1.5717991759999705,3.586900602740949
4,53.903344782447334,-40.843661326593576,2903.8404686298586,22.0,30217.420771595436,54.19421642688124,-39.426612548854735,2970.070854656764,26,34969.73337506914,1.4214933375043264,1.2470522527694352,2.260878181592501,7.1790051102861305
5,-62.032350440236314,-8.339852041635027,990.2825953418519,29.0,34961.65673333927,-51.50407368924685,-8.732406698449012,933.6214681532422,26,25712.529429254937,1.5650679734670514,0.2909945829800196,2.34285460568061,4.388257424126554
4,32.79604836936346,45.62586357298727,1852.029014237473,27.0,27457.398388175603,27.531818438689953,51.04017099380951,1835.8854836422531,26,29887.468021625282,1.3320310476654738,4.087703548937257,2.016971642570354,2.44185585036599
