Detections,X,Y,Energy Per Nucleon,Z,Height,True X,True Y,True Energy per nucleon,True Z,True Height,Phi,Epsilon,Guess Log Likelihood,True Log Likelihood
5,5.255431981414972,-17.66959667050355,1477.2420552240883,22.0,39811.23926755339,0.5217000582898947,-17.9135371154737,1479.5277406052955,26,37907.256499713956,1.6366088667359644,4.621755304679993,0.6394390340358167,1.3036414913136627
4,-31.77579267993673,-5.5542096354679416,930.1867669959294,22.0,37686.945646662374,-22.9322653451067,12.551364047934214,900.7584306549652,26,34110.55191935373,1.9316544474732162,4.292780610303278,3.653975291859439,4.439051998795359
5,-20.125431871615262,-24.254163291347254,593.8138008551415,29.0,27484.607986525414,-5.177770760467439,-32.82790381949138,384.37015679321706,26,24183.837639068253,1.5948691489658224,4.426351773608632,0.047564893549013866,0.669086193822062
4,-16.95658831238586,50.34639103098783,1068.899387365732,23.0,36710.54426664703,-40.46178460514504,33.76089426568251,1028.806463312433,26,32494.315683599474,1.651334848734837,3.851418067086295,0.7051167893361177,4.166948733457894
4,38.46923719971562,2.870894449151251,565.0524831374448,24.0,29910.612631145734,43.66605549083482,3.2121889355428834,570.9234253896203,26,31063.3572219103,1.7266605911543713,5.724210418040022,0.5568580390076544,2.4945447088438857
4,56.55450387739842,36.23581974181593,581.0724248093477,29.0,31428.460430449755,60.32648874305943,33.19825563392854,604.8269252335119,26,31926.0129741652,1.3874377573945575,5.188112695572853,0.9291303664764815,2.442548270463825
