Detections,X,Y,Energy Per Nucleon,Z,Height,True X,True Y,True Energy per nucleon,True Z,True Height,Phi,Epsilon,Guess Log Likelihood,True Log Likelihood
5,-23.05658154237301,-18.894845015619296,683.4416786090594,27.0,37902.05125869591,-36.20084642934039,-29.568203299629786,708.0424908061921,26,28794.418571171373,1.4641970562568611,1.2429634468175923,2.23212940726187,4.281902443129082
4,38.51880700955451,-52.936706306919945,1716.0338032584277,27.0,37521.63109000608,36.79856060196485,-55.75645202938941,1768.4091250715321,26,37303.697834853265,1.8998490265324308,4.571223400751825,0.5089906629806475,0.6201179328682874
