Detections,X,Y,Energy Per Nucleon,Z,Height,True X,True Y,True Energy per nucleon,True Z,True Height,Phi,Epsilon,Guess Log Likelihood,True Log Likelihood
5,-22.400636179226638,105.45242978985254,959.2538795679114,23.0,26267.24585690075,-6.913505242325982,51.68060948062242,802.4961542908675,26,29519.4761360979,1.3239222258422334,0.7581707866381714,3.216740497156386,9.086340135278538
5,-31.94806938151345,-8.093277820377182,452.02930127738887,29.0,30057.670012886898,-33.82901650884236,9.576088318806597,451.89953601868734,26,25792.853981912787,1.2263684615791837,4.285756218786207,1.2416058556864171,7.3586635422731375
5,7.998503854328362,20.314757654134723,294.06972704695636,22.0,25728.375879805826,-7.2744390855963275,18.83890858928612,295.81878245688586,26,25943.423869456186,1.7960880712507408,6.066610174665279,0.16099152866272914,1.4213836099491033
