Detections,X,Y,Energy Per Nucleon,Z,Height,True X,True Y,True Energy per nucleon,True Z,True Height,Phi,Epsilon,Guess Log Likelihood,True Log Likelihood
4,-92.35221201213162,-79.80580642262186,471.1528196710438,29.0,24612.8254594228,-102.16078601367416,-73.03962028328125,293.5624573957413,26,22006.676220132445,1.8837273555639544,1.3470611848787308,0.0718389605868658,0.2206066936230569
4,-40.561261765928066,-25.793012970235623,621.8169896017677,29.0,34927.013006887326,-41.505192722053806,-16.27446784682857,606.914918492572,26,29440.276773373535,1.222539817297345,2.101183304515319,0.992634609805245,2.992709798069863
4,99.32610249457184,30.770701407343267,395.08061049997974,22.0,24542.119757161883,93.23533771299776,30.232944755265294,395.34980626909305,26,24397.625438112977,1.3377490383609738,4.728725571650258,3.171703767623467,4.303539863685996
4,95.1840231811035,32.89310846359962,450.52033022219064,22.0,25963.298371041143,113.81142046247396,56.510153527152085,459.2256811583595,26,23604.14019148754,1.8651595084538888,0.928854027118548,1.7648779798376297,8.436874242534543
