Detections,X,Y,Energy Per Nucleon,Z,Height,True X,True Y,True Energy per nucleon,True Z,True Height,Phi,Epsilon,Guess Log Likelihood,True Log Likelihood
4,-14.21931037058755,15.048495395365876,429.3911433508357,29.0,25769.721453299942,-21.10175648583416,-3.7701589180466613,432.00226912816356,26,25376.48318878192,1.6302233826051986,5.374973373308537,1.6601274456045985,4.537273976828944
4,-38.34618015247696,26.580699715893786,719.0039486253577,24.0,30454.041425142343,-24.957127125937404,29.532650264430686,744.4032724539389,26,29216.79582959265,1.2791185981077635,4.535677371953628,0.5657409474603627,10.104255309782035
5,60.039758637850184,-27.423798349962283,267.964713556656,25.0,22544.017706873383,57.540299835746964,-11.362482276883355,308.11866740145047,26,22453.928223944644,1.5516557823302013,4.937367198574948,0.17035226859928837,11.576637010174888
