Detections,X,Y,Energy Per Nucleon,Z,Height,True X,True Y,True Energy per nucleon,True Z,True Height,Phi,Epsilon,Guess Log Likelihood,True Log Likelihood
4,98.31069067208978,-110.19099506582972,1512.8428399310174,27.0,23070.52206843737,7.709338664940958,-37.69547287781535,265.54282161248005,26,25295.867228623727,1.4834247847467927,1.1126309431014696,0.016987400402197053,1.8579424131450775
4,44.24858202837129,-105.5273133319036,553.8406607305325,22.0,23396.081955469817,35.737889472107156,-87.07879416449305,543.2139733702558,26,25449.713248684217,1.814753181870722,2.9021539586202287,1.1288512856113673,3.277671448119995
4,66.04803729570875,-82.17701371026351,710.4771856918867,29.0,27047.18935425859,71.9428518296896,-84.9077558323022,707.9903926037323,26,23548.866741576327,1.2507334145739724,0.8775125996796195,1.7330957368699869,3.8592975189464886
4,37.60041963336067,-32.124855259380695,659.3975698870348,28.0,33825.21384544975,34.3969332527048,-41.17765242738922,681.2012901781328,26,32625.52203914229,1.5979521758311708,4.706840004952471,0.4663680087988383,2.2195354926404534
