Detections,X,Y,Energy Per Nucleon,Z,Height,True X,True Y,True Energy per nucleon,True Z,True Height,Phi,Epsilon,Guess Log Likelihood,True Log Likelihood
4,-45.660632350994774,-156.28894012537387,786.3216647408959,28.0,17526.035870111467,-20.03647870961052,-137.8403730401615,765.9724243624272,26,21053.399665344965,1.8132883436733924,0.253565886714091,5.435529853133088,9.13182099468966
4,79.70109235825095,1.2674793944595422,910.5501762486118,28.0,33883.45767212406,115.76766546459692,-3.327400252314362,1106.8951428108987,26,24484.435993950432,1.3315530639958664,2.428469361251408,1.0242891858519336,2.2010998485792377
5,-213.48398460427987,-9.102389816645825,1760.5435510958814,29.0,17500.02077369965,-72.66688935348566,-7.344144916347375,753.1880321415753,26,27567.79531807602,1.4394552537510088,4.460164197240915,5.615838292496206,31.72920845835001
