Detections,X,Y,Energy Per Nucleon,Z,Height,True X,True Y,True Energy per nucleon,True Z,True Height,Phi,Epsilon,Guess Log Likelihood,True Log Likelihood
4,49.61447298384218,91.52664957472865,783.350098396832,28.0,26523.165957791945,22.896757494117878,66.58829974339952,681.2527025585183,26,29461.558456161314,1.4521991670340337,2.704421510963419,3.657548950952726,6.605655000877892
4,-30.68004815974325,-9.475362536143109,1427.8567408489923,25.0,40389.693671748246,-38.78522847020248,5.267646919420457,1460.3714273257708,26,38559.016527952714,1.2626893600684976,1.6981133695237183,0.6714769513837048,4.7458598516247585
