Detections,X,Y,Energy Per Nucleon,Z,Height,True X,True Y,True Energy per nucleon,True Z,True Height,Phi,Epsilon,Guess Log Likelihood,True Log Likelihood
4,-12.095295115619933,-39.504866890054416,3191.9969073864186,26.0,22954.8218003205,-5.5612885490212705,-32.994345317730435,286.5240920557613,26,21406.222353451976,1.9530830723206434,5.189527701392266,23.613178863530376,25.581758202402483
4,-12.380766855094805,-16.363567209775,3999.9669076027085,20.0,35574.69654061263,-8.523850413942483,-17.393369738664916,3394.411792334368,26,37714.665514021974,1.8100143194130063,3.295656142078262,67.99634685377642,71.4518968153757
4,18.63936760781013,44.37180805716167,1024.6245885080039,21.0,34616.53001777331,24.972691755201254,57.34287410253478,1128.3167560581383,26,34722.99345734682,1.6177279392552557,5.928623673940654,60.61979305927326,63.23583880381422
