Detections,X,Y,Energy Per Nucleon,Z,Height,True X,True Y,True Energy per nucleon,True Z,True Height,Phi,Epsilon,Guess Log Likelihood,True Log Likelihood
4,24.657667419504037,-43.11694776713961,323.3281587797894,24.0,25055.328995452932,39.89984433096177,-32.57208330427687,311.4304110908053,26,24898.85673782262,1.3177777060747755,1.5056717578601693,0.00011496030978752038,1.2913608371375367
4,1.2454719636180585,59.482477681612124,1734.4861185582715,22.0,37839.9010180146,1.1165446986991583,33.472373533235356,1593.7174140710777,26,33573.3167945503,1.4347224685596633,5.5501364424760355,2.455455692578475,5.085527170968545
4,-25.915490755022404,10.762278724725775,1458.8918307303188,22.0,38277.171354668186,-14.608762106199947,-4.408247294043008,1527.223369227477,26,35570.824281614034,1.8244488740644844,4.6739783642491055,0.9416129439421406,4.435004407981966
4,-57.218993736338774,14.9127509368181,686.0091217222304,29.0,35407.2227145128,-30.899437339464868,18.473785221348805,681.1081927684422,26,34190.45282754935,1.8921982593786142,3.0055234162689994,1.3829356257983814,3.439840884268502
