Detections,X,Y,Energy Per Nucleon,Z,Height,True X,True Y,True Energy per nucleon,True Z,True Height,Phi,Epsilon,Guess Log Likelihood,True Log Likelihood
5,-25.794339618977972,-43.79155687609193,602.2935841397779,25.0,35407.13082564203,-19.827273005285548,-30.768044579841217,583.0414292070582,26,25928.70363926954,1.7656929194880582,4.270727039093218,2.0696168615675288,2.449372174831983
5,81.86982715618177,40.7628718602262,780.9574533168856,22.0,24073.55529718409,71.99604513676084,35.93825324123998,746.5048084098181,26,28278.91474225877,1.760903428776808,2.4323512733258115,2.0032940787352906,2.5790602392785313
4,0.9553597868198835,34.56086374164914,1055.0390770536906,29.0,39939.37048395681,20.067968448496742,28.089678776610583,1138.5064468095854,26,37192.55675423887,1.4114491349852467,4.985031982535283,1.6791606684534626,6.131783921051935
5,-51.55063597648035,108.035124206913,515.0289661805047,28.0,24262.09276534969,-11.057847539760388,77.79365674425318,354.74372107147104,26,22370.966738189512,1.274787232799931,4.769514218832199,0.40143983983040793,5.309380430031239
