Detections,X,Y,Energy Per Nucleon,Z,Height,True X,True Y,True Energy per nucleon,True Z,True Height,Phi,Epsilon,Guess Log Likelihood,True Log Likelihood
5,-14.178564448249176,29.02255824038855,818.1237134366104,25.0,28994.006354512305,-17.89406875286832,20.59647957687639,813.2512503480484,26,28554.397602279718,1.702779643955612,0.1778556769685141,1.2231060011843133,2.04503385177617
5,-59.534311946788165,7.369384506511494,456.5682801803235,28.0,26908.713686825344,-56.20123163287816,8.613628680656177,452.3859951054712,26,28612.88994364476,1.8999037229230078,4.186435044927737,0.8276178793524297,1.914457735745967
4,-21.402663094294212,37.28702848465582,860.9589963815924,26.0,28515.26264296889,-23.15183597414746,38.00691610372803,921.6128291838986,26,21942.315953539015,1.9366802767233438,2.846586069925605,2.23955291464201,6.679801672542952
5,87.11871746166548,58.66400204906569,628.0233745629255,22.0,24164.380230971256,49.97970263057084,37.74304669763589,585.8138616551377,26,22606.00570898829,1.8086244254276878,0.7821403089633253,2.135194729028206,5.353963326017797
5,18.091007340625197,79.11547900578267,1779.1623870321866,24.0,26532.328602526635,16.944930776896257,81.97977311727402,1976.572261864855,26,28954.713394816954,1.4786451697292367,0.9677922636884531,0.9243271905844171,2.579619618666395
