Detections,X,Y,Energy Per Nucleon,Z,Height,True X,True Y,True Energy per nucleon,True Z,True Height,Phi,Epsilon,Guess Log Likelihood,True Log Likelihood
4,12.219574842493444,-66.4758425484658,859.7911917086916,21.0,27327.79438210637,23.1988933699364,-71.84203034648236,900.3995811085788,26,29174.598642999485,1.591518675566412,5.040854803221686,60.6849016524217,64.9443835888774
5,-25.188557204319807,-59.682406442013274,522.5961508375151,20.0,24896.466431958615,-29.7268871028986,-46.94245155868198,521.996532630474,26,28200.66837467821,1.4521920203366603,5.902590785374598,58.48939474177119,63.23926235134998
