Detections,X,Y,Energy Per Nucleon,Z,Height,True X,True Y,True Energy per nucleon,True Z,True Height,Phi,Epsilon,Guess Log Likelihood,True Log Likelihood
5,-32.45652016572518,39.82682892138058,877.2401088002665,26.0,23831.926795136656,-27.575504120616472,51.28911684398631,983.647348342756,26,22993.545745528958,1.495836979307065,2.5022498733757668,0.568986548230782,4.214220869946184
4,51.27236868335643,-11.219007915442717,334.26935029022013,28.0,23955.00570307206,60.67389289592742,-4.778848388567582,308.45009632728016,26,24405.240053553807,1.2139225585526607,5.076525177779125,0.005285446911705037,0.6351603324870694
4,56.23770312619064,107.29576700448905,1298.6877087578205,22.0,21424.338193907603,47.76384059901696,101.02114392103982,365.83103484747363,26,23279.63028191541,1.9442794580034117,5.179750433319127,0.025304672452288186,0.4824828495246377
5,-4.544181946120091,49.7383538128949,786.6807677079166,25.0,26444.76763381567,-5.985751996370311,35.151486152881205,707.5375274400124,26,28644.485634261226,1.351339247129477,3.8326134132921093,0.31534691556819505,4.512270904009357
