Detections,X,Y,Energy Per Nucleon,Z,Height,True X,True Y,True Energy per nucleon,True Z,True Height,Phi,Epsilon,Guess Log Likelihood,True Log Likelihood
5,7.780069594279269,15.415446144030625,1748.6605782759605,27.0,29884.81336840325,8.204647923383106,15.080321263226296,2041.5793567247904,26,31069.167591121324,1.5286136677562008,0.22418081172760082,4.223369790601805,7.351320480471718
5,96.03510691891029,19.99638023796109,622.6202089956676,29.0,27617.80171667927,68.77529092977787,4.078011131393907,599.7600948206434,26,23559.871211762922,1.7200811601132828,3.0104817454934536,4.625333848422308,6.062838909580861
4,-58.77577425618864,27.38087470721996,3152.550919915068,25.0,55701.44466258677,-61.08725900326385,40.63807350222697,3362.9821263622784,26,25996.28974119016,1.6844143621573795,5.4330478305920735,1.5690253293743106,4.44544425954995
