Detections,X,Y,Energy Per Nucleon,Z,Height,True X,True Y,True Energy per nucleon,True Z,True Height,Phi,Epsilon,Guess Log Likelihood,True Log Likelihood
4,-32.667471906053265,39.919098213511404,725.6819840016582,23.0,38104.45831427873,-23.99442134854847,69.68524499009109,867.1155665079796,26,30217.61489173917,1.2249085790302923,5.14326254127411,0.9409491210746046,14.108546971320859
4,83.45423493326507,-61.790079841368254,629.4040892951913,29.0,27535.020074978616,78.60055929452093,-49.42355897377044,594.7987755248558,26,28914.058772497498,1.2181644506669713,0.6789242575334462,0.6717118019645254,2.490899068664577
5,-9.668475048892276,-63.53154839659055,1636.356948511993,27.0,42273.18284529657,-0.44822667470668875,-55.42838543602517,1438.9578505078862,26,29040.064680147476,1.4991021438914833,5.5228591690111095,1.0466640354118912,42.05956649366347
5,-40.819833088517214,13.060234364773976,709.5359571146867,29.0,24549.749419023326,-39.79267308375886,13.24787850343995,698.152192572713,26,24014.19846838074,1.4838839697858048,1.776885950108467,1.8155941912970186,2.5516721122799635
4,-15.59981162192446,83.0364452421004,1031.3240919822529,27.0,31837.938933118392,4.198975972790862,59.99480131915402,897.5062923199837,26,24071.167315577426,1.8895504368760627,5.2336389970168975,2.3105487050553286,11.998817583333711
