Detections,X,Y,Energy Per Nucleon,Z,Height,True X,True Y,True Energy per nucleon,True Z,True Height,Phi,Epsilon,Guess Log Likelihood,True Log Likelihood
5,-78.36938144562089,-8.348256227899356,670.3482552044252,29.0,31795.18012438645,-36.96849661384955,-5.976411001879939,650.2095344122296,26,24471.28002883135,1.5715526225163086,0.48526161639571114,4.640585415425361,8.744984720472369
4,-94.20604191929803,-21.984726138458882,754.3754151971056,22.0,29113.194890348106,-68.6300925222926,-14.526682677688086,691.6273926151831,26,22932.420642562764,1.9374209869197947,0.8711164490853904,2.1327746627716366,5.971284314123917
4,-89.60923207025832,-47.9316733434739,889.4378538443161,22.0,29083.854951878217,-87.42245105875126,-51.48219697918823,850.2120745634794,26,25289.358614834393,1.81317000842969,0.7392069959956263,1.2026512908242344,9.664047775870756
5,1.3407960299940669,78.15857554689609,493.4906460762735,26.0,24592.19238192983,12.345701445183153,83.53956968663525,487.4704199427747,26,24268.50404308289,1.763725407140757,0.1343836194871374,0.8508294659546108,3.253541902296319
