Detections,X,Y,Energy Per Nucleon,Z,Height,True X,True Y,True Energy per nucleon,True Z,True Height,Phi,Epsilon,Guess Log Likelihood,True Log Likelihood
4,77.82558684401431,6.300031043906813,1172.1999512012885,27.0,34597.76407560653,77.66977811375443,6.602046331621182,1182.1006149327945,26,29993.20653509469,1.7113044427043727,1.8287897098092185,1.1140247429517809,7.49060044631956
