Detections,X,Y,Energy Per Nucleon,Z,Height,True X,True Y,True Energy per nucleon,True Z,True Height,Phi,Epsilon,Guess Log Likelihood,True Log Likelihood
4,53.343043156658666,-23.399021032374947,482.187959813156,28.0,31779.22280838999,36.73882198666857,-28.49959035299547,469.205077661381,26,31591.017700593886,1.428309195175201,6.160437441787508,0.31144699530541253,1.88284639875153
4,-29.95606032180916,-63.173568206234165,1437.3861828512506,27.0,25411.27444792743,-30.626477959516563,-69.41091405897242,1381.3164980930283,26,25581.63596866434,1.6741886789590874,5.986262361871937,0.42516957305951364,1.1919864822943338
5,-83.69116783701028,-34.0,429.5786902005933,23.0,24943.87646428722,-70.90570858672685,-34.612122465143486,264.66778374017315,26,22785.423784607054,1.2983527818684613,0.07004193537196662,0.2503559304054786,1.4532778894547986
5,115.54020598530997,42.78146695729117,360.74511266415544,24.0,19838.272910243286,78.24020612521093,21.662217364998668,309.3942957909675,26,22685.721693136406,1.8209175176306232,0.9481875477027255,0.20714898561395736,1.7654940821941891
4,23.858717450172776,-1.6716115417883657,1300.2350225433345,29.0,24768.883762083045,25.746597220103183,-2.4633976508571322,265.82513758870493,26,21191.400460146866,1.8394281814421303,5.000243497321533,0.0021879188395393986,0.5319738131964322
