Detections,X,Y,Energy Per Nucleon,Z,Height,True X,True Y,True Energy per nucleon,True Z,True Height,Phi,Epsilon,Guess Log Likelihood,True Log Likelihood
4,-8.640499867774281,-20.540011400360015,1576.912112956397,21.0,39499.64248512804,3.6617074132183802,-20.090210320344596,1507.269042878596,26,40562.72062223865,1.2500709198282955,1.6943725443678266,62.66550046221921,64.76183343414024
4,32.99155304726696,35.78687870207989,647.3054072820489,25.0,32237.061665637942,32.320250191420854,40.9525525247721,658.5996509023812,26,30744.084887899135,1.5566155449761656,2.0489380980351815,59.150795684590676,60.51637003721721
5,-19.489965221050056,1.9171822270495795,262.6417350444524,32.0,26046.084147709647,20.351380338942874,-1.052292308983624,372.2194499448024,26,27930.079587807246,1.6246708693220713,2.5232337098750612,20.441760424111706,26.673825810095295
4,-21.633493600248244,-67.76523712439027,597.7897603138383,20.0,27362.87169023472,-23.329650236134427,-47.521616260693975,589.8645386814709,26,29653.129112420524,1.187434162550163,2.1703143633805846,59.082214680391026,61.67737828781692
4,-46.02857335998266,13.541872286560306,721.9450922038302,20.0,29573.89005193778,-34.59331488338344,12.42073556825244,702.0377921127887,26,33299.47262820733,1.6632302117138789,0.6652007665405015,57.932070240233415,60.946024694823436
