Detections,X,Y,Energy Per Nucleon,Z,Height,True X,True Y,True Energy per nucleon,True Z,True Height,Phi,Epsilon,Guess Log Likelihood,True Log Likelihood
5,-43.43726568912439,95.07017374003135,688.1603518519617,27.0,24377.84315176992,-29.87850975645128,102.32235461900592,698.1527823646662,26,24690.375502732386,1.8921453055595054,4.714794965078399,1.1955565704108952,3.870849343117468
4,42.58565379273489,1.4405722729594572,694.9985720981201,29.0,32484.741194126327,48.94213872381246,-2.4479250060892355,696.0644537408152,26,32412.27876090005,1.7118119819931317,5.691692378920197,1.1021164278309092,1.3837380892538444
5,-62.446422164765124,-17.08529254714233,1801.3460879410363,23.0,26217.51982472263,-50.993389920541986,-20.314473023635543,1777.3889093872735,26,32004.63751712494,1.6727582639071767,3.9589733308797284,2.1523472245771513,2.941561096432862
4,-3.722094731840059,-56.40826525681638,987.2392381885431,24.0,35254.972208927575,16.40944139587529,-48.10279612195313,1034.7303365542955,26,30345.949355832567,1.5066401969385421,4.827340223543814,1.6753423733081692,5.124421478251353
