Detections,X,Y,Energy Per Nucleon,Z,Height,True X,True Y,True Energy per nucleon,True Z,True Height,Phi,Epsilon,Guess Log Likelihood,True Log Likelihood
4,-28.529438032628377,21.384986640179307,552.6349846142396,28.0,36300.37064089249,-12.950562169346227,13.795000436695204,551.7740520400521,26,32672.129821161267,1.930310216239431,0.07584674112501952,2.158490792513769,3.090825037417588
4,15.187246704446238,60.69012731664293,323.81138533485193,28.0,24839.989414098432,14.24292549351577,55.030170362678234,294.45844949850675,26,25308.589332984004,1.6518319281714664,0.43539567430781534,0.002648921211405449,0.6811161817876251
4,-20.53551249046029,-38.583230266009025,641.0455837466826,26.0,34833.23577080574,-36.048194630761714,-28.343867446714555,625.9342837285184,26,33290.695218044704,1.3597583945534784,5.492299866477078,0.992544640311652,2.947003077084708
4,-40.75327154247856,11.466893284116168,1142.2956026277034,26.0,31845.700505560926,-27.212411352557794,22.5590097580575,1130.7806178752708,26,33214.470429245164,1.6076785342698603,1.8337517440396973,1.689123752465584,2.6935750567962624
4,42.71616161920781,6.7880626866119655,1354.300318723938,29.0,37273.70074430245,43.523578302976404,-3.672801336914432,1499.7499911679524,26,37224.13544136445,1.632588528727734,3.217901644563439,3.4375980497452243,6.565887152742227
