Detections,X,Y,Energy Per Nucleon,Z,Height,True X,True Y,True Energy per nucleon,True Z,True Height,Phi,Epsilon,Guess Log Likelihood,True Log Likelihood
4,75.92134970423888,43.37684418401568,1082.5695380988877,25.0,24241.39297703502,63.42263806295509,38.841455061326826,352.7556669979644,26,24534.21821739426,1.4509321336363592,4.187945759974376,0.0030559827456049155,0.6416048391153061
5,-18.7606179382056,-68.62624962424277,870.7543568008249,27.0,31487.617977990085,-17.509839583519664,-60.158668750294865,836.5923558159553,26,25894.04376038736,1.2203271984882942,3.424458593713383,1.0447110460273155,2.7080481479008855
4,-41.942858698632904,41.39433837040707,387.23284314138306,27.0,25114.109191081927,-31.464319594799917,51.21736904586612,362.2348577177375,26,23446.855530227775,1.6992930628831437,5.822724697336744,0.021378331627344635,1.0112039030900795
