Detections,X,Y,Energy Per Nucleon,Z,Height,True X,True Y,True Energy per nucleon,True Z,True Height,Phi,Epsilon,Guess Log Likelihood,True Log Likelihood
4,-18.14450793239638,72.80093259650255,1080.1716066820131,24.0,30893.585272201628,-23.07110522428492,61.57062086364934,1037.9463541662312,26,27570.972328782456,1.5266092076179743,2.3895233993221376,0.4058341624908961,5.285138033057725
5,-1.6529121545875682,-24.476534106465692,1460.5699985919634,27.0,24898.432162749596,-10.69300996421913,-23.941267688733845,346.7694402225722,26,23074.205558781465,1.7010053861190395,5.601615689711717,0.006894138866861418,0.6946409601335009
4,-36.40685633264633,-23.397791573364827,269.59955847981746,25.0,25010.274203695506,-27.441953660062296,-32.046171432049135,310.52645723795627,26,24745.753923469507,1.7394953307342167,0.5513944852797418,0.00442219248153701,14.359311764522362
4,-42.82824632679865,-110.26089505936221,781.3399666133711,22.0,21710.309427389053,-22.302324878972414,-63.18563764129067,675.0924158157145,26,29392.51043722998,1.333140946050839,2.307519414954798,1.668125006138647,3.798172266401803
