Detections,X,Y,Energy Per Nucleon,Z,Height,True X,True Y,True Energy per nucleon,True Z,True Height,Phi,Epsilon,Guess Log Likelihood,True Log Likelihood
4,46.667441294906666,-76.95230869769608,1807.9710072216437,29.0,34802.64305728564,45.06474702719174,-75.6016264306759,1679.6597295934002,26,32189.638222138976,1.706068550168218,4.6185977577860955,0.9484292411040544,1.915089848072995
4,30.415747788826593,-59.694259958582876,1261.0837467749284,29.0,31360.71712213496,31.43598742191932,-73.3356015269647,1344.3743235059337,26,29376.396023095003,1.7388174675362684,6.128391825957363,1.3375406140423947,1.7853210264597386
