Detections,X,Y,Energy Per Nucleon,Z,Height,True X,True Y,True Energy per nucleon,True Z,True Height,Phi,Epsilon,Guess Log Likelihood,True Log Likelihood
5,-18.088561886974333,-40.71418321459072,1279.4367116171131,26.0,25431.420807695435,-16.55156271672226,-44.57312620666556,1316.7475599618874,26,24546.24966489164,1.2116826552275426,6.137576978409669,75.76489150553898,76.10198004840234
5,-58.61005259670941,10.869716536747717,360.7519363493344,26.0,23091.850830246898,-54.61355231267213,15.333964688951141,273.46637277379745,26,22123.937983771604,1.4406418384600348,1.0545626099290093,27.603836424713283,28.311919150104366
4,74.23944793737286,-44.99954221500951,637.7415836371881,20.0,25000.040189426512,71.72243978703565,-46.83702596729516,367.7813389333195,26,25220.92789998779,1.2235354002611265,6.259361217536351,20.76215131629364,23.80010841266541
