Detections,X,Y,Energy Per Nucleon,Z,Height,True X,True Y,True Energy per nucleon,True Z,True Height,Phi,Epsilon,Guess Log Likelihood,True Log Likelihood
4,-11.73485319931416,-32.54512512168958,646.6289514177099,26.0,38148.50826781987,-1.5115752704678584,-20.070370829853317,633.4741857982558,26,33858.66278965037,1.803473030754777,1.729622554860335,1.1364029960008053,6.990955642411395
