Detections,X,Y,Energy Per Nucleon,Z,Height,True X,True Y,True Energy per nucleon,True Z,True Height,Phi,Epsilon,Guess Log Likelihood,True Log Likelihood
4,25.03894225136827,-44.86441207182435,480.13162131659635,24.0,33105.876665828844,22.90612254781277,-26.735752835733976,489.50877099053076,26,31556.626727114017,1.4433862118203424,5.715430863637609,3.6060735241476443,31.443135929402242
4,10.168424577653582,43.27316244799658,565.9228385766451,29.0,34067.473965653866,11.225092293419834,45.11833360146551,568.9211432117121,26,31663.282546425522,1.8575614528966267,4.652481957133711,1.834239390077034,4.075149926592009
