Detections,X,Y,Energy Per Nucleon,Z,Height,True X,True Y,True Energy per nucleon,True Z,True Height,Phi,Epsilon,Guess Log Likelihood,True Log Likelihood
4,95.51257329052765,89.09043195322585,470.8537717891486,22.0,23669.588377857082,98.62933275756868,96.66863379201999,475.8313742561611,26,24708.721779652078,1.3099728681565337,2.045637426081921,1.522852663744019,5.635903098861654
4,-38.26198727349623,47.22047168819677,823.1298547943978,29.0,34207.379197448965,-50.950747540233834,84.22190172806503,959.0053127034564,26,29206.784986337912,1.250251420251997,1.9087540578196205,0.4950899698386501,2.100097020965996
4,84.67273920413385,0.34371240144810145,727.6285849779088,25.0,32466.658217422955,98.19812305445319,4.984823468496899,798.5796436611623,26,25739.36369245312,1.7207992094552094,6.029909601731074,1.3781718354829051,14.18301140588285
5,-42.38495584640134,40.558287982925776,482.0796513812319,24.0,50706.77124017827,-36.80322840399374,19.37663891725947,476.29622457090585,26,28965.0620500838,1.3987149947648083,0.015775562552480867,2.45011371984008,2.8952767496023553
