Detections,X,Y,Energy Per Nucleon,Z,Height,True X,True Y,True Energy per nucleon,True Z,True Height,Phi,Epsilon,Guess Log Likelihood,True Log Likelihood
4,2.3381462451931725,-86.32427390309246,2662.679947017023,28.0,37320.20587248962,3.2183583204358683,-67.23298872435602,2847.9625373341055,26,31623.12544670185,1.9302222232374187,5.543573679355094,3.553623711895628,12.769516735841748
5,34.097653053389195,18.677866796746457,377.92548537381555,22.0,24790.77130499242,36.30447794672412,23.428135287282203,362.77190250724146,26,25564.22723666421,1.720849445115864,0.4197892087492852,0.08755403881001113,2.800990018603978
4,19.2375466027043,-35.736142955842126,307.5929879702173,23.0,23579.547175031927,17.941548518557198,-35.79341553904588,272.0482668919809,26,24328.755136835196,1.27228341671321,4.401609516290251,0.0047333781044010745,1.0708313929155404
