Detections,X,Y,Energy Per Nucleon,Z,Height,True X,True Y,True Energy per nucleon,True Z,True Height,Phi,Epsilon,Guess Log Likelihood,True Log Likelihood
4,-11.753027882599667,-106.78369173530123,463.32043234893996,28.0,31709.30934885033,-19.483378128189912,-58.54017959922028,449.3778330315048,26,25633.949944168722,1.9015313284058837,3.0710581151052083,1.6056175996486004,12.898972410753508
5,46.81999000106947,-106.26483138098698,545.298470268966,25.0,20699.08289421705,18.146000956101545,-73.48723467801123,316.2373931448335,26,24442.30993273836,1.4800167140068847,2.7598685286801854,0.1008029484780646,0.6447955638358256
5,86.82400657391736,-24.067417929304725,2368.9319544549417,23.0,28868.03856561714,83.35131444195417,-28.336307885612882,2574.2744137330683,26,24177.976794652972,1.7714331506977035,1.5541336851749687,0.6594598172154689,4.49878274744173
4,-35.43106623114596,-11.565124608182941,759.8686681958425,29.0,37976.15894264581,-30.402651699438806,-39.36682741702087,808.1629982811132,26,28165.345159459826,1.9129289213581806,2.8399725943582066,1.2910545426340088,5.115803152551448
5,-4.804310748425621,-18.110167272980277,695.9244859739954,23.0,31589.358910804047,-11.184988223957134,-14.726540561665416,708.8116353716445,26,32117.601583548105,1.735374368464289,4.3023620286130075,1.923425395770718,2.0581409493330307
