Detections,X,Y,Energy Per Nucleon,Z,Height,True X,True Y,True Energy per nucleon,True Z,True Height,Phi,Epsilon,Guess Log Likelihood,True Log Likelihood
4,143.76214526255615,-94.03800962326608,2332.001192477456,23.0,31681.866192358844,109.48669155906424,-44.59511773182234,1189.3621884347135,26,24839.549588169317,1.5451095307942528,0.48054675746994663,1.371337041509011,7.984092759084636
5,-33.181721985913214,-96.50891080449998,1743.3480246144131,22.0,19429.03587331218,-22.65549551720987,-65.72892298318769,1336.033072607537,26,24968.897097466794,1.3500112783044234,4.185245935251026,1.3333309758566054,3.566377598028152
5,91.87875420153176,-8.635140784688417,1373.7936416295333,23.0,38646.81595407831,76.38048228314813,-14.471251174765172,1214.746407009301,26,29427.034173986347,1.1870761959099019,5.815710246623787,1.080948964089802,13.207913605692745
5,81.23174337674556,-9.360199919347963,712.0721697889473,29.0,31994.336855659647,49.95610255151675,1.5832302920279062,687.1759113588993,26,27700.645968448393,1.7109505900386393,0.8626119634119741,2.4574144782631504,6.345189802954057
5,-49.7174630783953,8.488811733374689,1173.5689962368692,27.0,26073.035747516773,-49.83722529379341,10.903601645062878,1155.6671634629686,26,29106.809719896388,1.6089763959100687,5.189328797619912,1.8715018426164864,2.3419256484054722
