Detections,X,Y,Energy Per Nucleon,Z,Height,True X,True Y,True Energy per nucleon,True Z,True Height,Phi,Epsilon,Guess Log Likelihood,True Log Likelihood
4,-13.420581999731837,-39.13525302724105,853.6042098017323,29.0,38274.31093926162,-27.552661348410183,-43.46040577073872,895.4298563748645,26,24899.203450052875,1.852272266908962,3.9085776422028835,0.6113078310660582,1.6784060264695246
4,24.76466448330666,-54.81383402379055,265.4103805279759,23.0,24986.123109488282,22.09276884981074,-55.8462857160885,259.8298549893349,26,24838.910494943626,1.8627119124236913,1.6642154396218873,0.2981952393641133,1.3628182714157857
