Detections,X,Y,Energy Per Nucleon,Z,Height,True X,True Y,True Energy per nucleon,True Z,True Height,Phi,Epsilon,Guess Log Likelihood,True Log Likelihood
4,139.34956417173112,-34.597105277291575,578.6771880699102,24.0,21847.21748330784,102.32548076491872,5.760201446730264,541.8371402624143,26,24987.073568699594,1.608744911963678,6.222537457273987,1.625517464591548,6.39690151113053
4,-29.569178344268096,21.612830631124723,353.5109906969473,23.0,23828.462236974952,-32.26944952148281,32.70492683257808,336.30029671441156,26,22946.173375270628,1.781899769788355,5.023758944377022,0.03847980039004738,6.197981129314411
4,-80.30106545592537,-78.72727893318427,957.3448562435867,28.0,28657.63369357283,-72.85351842993107,-86.67320552920658,946.6845980280905,26,27771.44904261523,1.564224902467666,4.311547154845722,0.4254900158142566,0.6040169074558631
5,-21.282650315419687,13.009719151810998,1371.0758519989472,29.0,31704.65824053267,15.885121444417308,24.057877215457438,1501.29569186432,26,25274.95820597858,1.2511316778765844,3.7942139935909096,1.7025938800120328,9.728632179013859
