Detections,X,Y,Energy Per Nucleon,Z,Height,True X,True Y,True Energy per nucleon,True Z,True Height,Phi,Epsilon,Guess Log Likelihood,True Log Likelihood
4,-15.460798629784733,-83.23912587224788,1120.292672054749,29.0,26315.682558941095,-15.200970887609259,-84.93984694246716,1084.6514815148278,26,25753.753474311092,1.2292048882642086,0.14750550669232956,0.09432832230857326,0.9327720045577579
4,-44.58219317741319,0.908394907664217,653.1189706026373,25.0,29063.908259385847,-47.32412586841323,1.5608356045894425,640.4334791070917,26,28778.537492168765,1.814305717249972,3.9248450050135997,0.2526213233844923,0.7693988989493584
