Detections,X,Y,Energy Per Nucleon,Z,Height,True X,True Y,True Energy per nucleon,True Z,True Height,Phi,Epsilon,Guess Log Likelihood,True Log Likelihood
5,-75.79523045672258,-30.428360149512287,915.3208125034888,29.0,28368.37241356713,-88.1060307598945,-7.918541141816831,266.4879809407568,26,22145.977212280864,1.282987811861599,6.073154317789782,0.13016999754613787,12.501848893271204
4,4.912867011716742,67.46722533208305,1537.3339447418703,22.0,37992.35648043519,18.183081867812803,98.44514464196027,2068.1419314116447,26,23726.102267595397,1.8490175132476105,6.0200623922503915,0.9350917080247189,4.359824312937041
4,-0.6025923910686402,-11.575408642020818,570.3592607058547,29.0,51376.66396259246,24.509490815967297,-19.046970761494322,565.5207699703002,26,31709.54902158795,1.3591859087993419,3.7325275867089083,1.4026607430499953,23.966005210989312
4,50.532732716900796,48.912874313527595,582.8239421650776,22.0,42114.39968708906,28.43352724073233,68.0207744256598,587.675823002632,26,24810.57552676723,1.914754609277523,5.773975368558936,1.7842626931175738,5.914306748584493
4,51.3173458966354,86.01535343792261,1513.0954718531448,29.0,26153.68447889616,39.29510490437181,74.90663390429438,1338.7873221087352,26,29642.120470638918,1.3448110321417597,3.02812426322527,0.950312668412448,2.258562459379617
