Detections,X,Y,Energy Per Nucleon,Z,Height,True X,True Y,True Energy per nucleon,True Z,True Height,Phi,Epsilon,Guess Log Likelihood,True Log Likelihood
4,61.676015885575225,-39.48257568554516,420.8704109242958,29.0,23084.305387170712,64.01539728000861,-32.68069419194066,418.21956430226993,26,22527.038637630107,1.2583320629337271,4.386964359619339,1.4124291693793172,13.379119710251963
5,-1.4065615937797702,-54.410695090486115,1061.473939100567,28.0,37252.64862765177,13.425980527766455,-35.52987756702993,1041.9726149716446,26,31357.50519118181,1.3643340835948297,1.3399917420795884,2.5369661677310265,3.9386517683295894
