Detections,X,Y,Energy Per Nucleon,Z,Height,True X,True Y,True Energy per nucleon,True Z,True Height,Phi,Epsilon,Guess Log Likelihood,True Log Likelihood
4,22.79659481662253,9.15171379217179,686.6805135513544,29.0,32682.933309451066,22.82484913638899,14.197176449089397,695.8356564963094,26,32117.195405126582,1.6678370584513156,2.971196153173425,0.656936806177655,1.197480172610963
5,79.28201565451911,-44.20127407846266,2678.4755935854378,22.0,29183.80768866364,70.84245499835785,-38.66775750895884,2159.062325128132,26,31153.6861417741,1.946813230622215,0.5310479154769155,1.819527807624932,3.7873279000197004
