Detections,X,Y,Energy Per Nucleon,Z,Height,True X,True Y,True Energy per nucleon,True Z,True Height,Phi,Epsilon,Guess Log Likelihood,True Log Likelihood
5,-37.18637566684703,-16.317717547873315,1147.346371611564,28.0,24771.476610994083,-32.46902290028372,-24.288336145773357,1162.7017932375454,26,22699.238930439795,1.8835477572867119,5.635408068859039,0.6975742804411119,1.3418490361186803
4,26.570296009121762,-63.430608618155475,719.67725878398,24.0,27320.679194280092,14.84599661529981,-55.01329143279945,367.0381310259998,26,24299.762559780298,1.390017239032787,0.31340144445728846,0.0030994791494831212,7.50222955801625
5,-41.534715720046904,-25.642615932015303,313.080464590441,23.0,24474.05393126349,-29.535257120609216,-33.12735286583505,270.87515936291453,26,23834.06145579083,1.4897837119182717,2.1195836211288683,0.0018581801037936994,1.0573952939625455
