Detections,X,Y,Energy Per Nucleon,Z,Height,True X,True Y,True Energy per nucleon,True Z,True Height,Phi,Epsilon,Guess Log Likelihood,True Log Likelihood
4,-101.7817049431361,-68.28032580019132,1206.735827263305,29.0,27197.49680525333,-115.78959157012109,-83.57312584475166,382.6522824520941,26,21106.714235756084,1.8156062206704349,5.939185278242268,0.06534731870855234,1.660167802428183
4,8.072647171952042,-62.05647328960592,430.39851017855244,26.0,30269.417092571057,-8.647531948987563,-57.5593526007345,430.93090950363603,26,25452.809531168346,1.6109876725561323,5.882766451415132,1.1870959045907703,43.96701745850861
