Detections,X,Y,Energy Per Nucleon,Z,Height,True X,True Y,True Energy per nucleon,True Z,True Height,Phi,Epsilon,Guess Log Likelihood,True Log Likelihood
4,20.15117482223377,39.081019635763994,520.3156988670528,27.0,29299.65878582294,22.802058957194504,38.198139919238685,536.2412781171832,26,30670.54710924569,1.4248391246678365,3.710061183076396,2.2011405717445514,4.007190576248321
5,-20.228307242920778,-61.912524054967434,743.888067808325,24.0,28564.600461303,-23.608534672453857,-67.16966837539469,756.6047163638327,26,24798.91222568055,1.525219855834733,5.074048027287884,0.664941113645957,1.647044900165754
4,30.6632722207371,87.64587191548299,1106.8898505909333,23.0,33917.83891202054,23.285185192672145,70.78626435999595,998.4549463543849,26,31239.077364424775,1.6145960945107183,0.8568843526695972,2.334697579942293,10.473463331455132
4,30.668769122120693,62.18831385718062,889.2725148520541,26.0,29357.41131521631,72.7834441480083,95.99459584250559,1006.591119636815,26,22644.695071423277,1.9533554489322358,1.0749467207956847,0.4830848209743052,6.779170875898614
4,58.4927388262974,-1.5860260235626242,431.33074395331647,28.0,29505.895098200566,73.39764075455957,14.305361034232476,440.834842938995,26,22395.045442066286,1.5849291186714347,4.250796039821447,1.8772074088774107,6.251011184470476
