Detections,X,Y,Energy Per Nucleon,Z,Height,True X,True Y,True Energy per nucleon,True Z,True Height,Phi,Epsilon,Guess Log Likelihood,True Log Likelihood
4,116.56849415763804,-36.375118450536604,597.2050940414547,23.0,23818.2307969501,103.6101332484713,-31.681243361591456,378.2810007202165,26,24989.022586349016,1.92416140423036,1.9398752138371098,1.1766282778181024e-05,0.17718475873751732
4,139.9962497252962,36.782100573356615,1089.116223513725,23.0,19491.518473069256,122.62561266393902,29.642007837760616,945.735385283371,26,22734.38451266134,1.8030917082013542,1.0771760045560284,0.2808403731009831,1.079790985395322
5,93.28330117321406,-35.37131977344842,469.71432616015034,29.0,25154.790243187465,62.17395500563504,-23.6807931287898,462.53154325382275,26,24430.769180644376,1.69195806680498,1.1469148904200401,1.3329168427775853,5.1276561323188306
