Detections,X,Y,Energy Per Nucleon,Z,Height,True X,True Y,True Energy per nucleon,True Z,True Height,Phi,Epsilon,Guess Log Likelihood,True Log Likelihood
4,-0.6605680567531067,34.07874499256758,698.249748121965,22.0,33277.60079040914,-6.272986426230432,25.564730275356055,685.3024839596013,26,32557.76000478341,1.937397914557496,6.030467293198157,1.4998590615732557,2.873971638704281
5,-34.62390562510342,-14.247238774527773,1517.8933462896932,29.0,44163.63621635467,-35.53861966165033,-22.826969334437706,1592.317264854645,26,29117.161968610835,1.8906572503209897,3.7323120878393814,0.9781633217796314,95.9148864335301
4,-58.17142733929742,-33.21679528441899,1827.6129796363084,25.0,33468.458731215724,-37.831916691787654,-47.573215537582186,1856.8307994061274,26,33680.781604209325,1.6604349495066815,2.6293063731940496,2.6419282015828935,7.653533702489149
