Detections,X,Y,Energy Per Nucleon,Z,Height,True X,True Y,True Energy per nucleon,True Z,True Height,Phi,Epsilon,Guess Log Likelihood,True Log Likelihood
5,7.629111399563783,25.112233437200473,248.11357743960158,29.0,24898.041789677125,3.3323795420203908,30.96342953179291,253.24530682754178,26,25009.993909360477,1.9467630211440556,1.9676325530179128,0.1263108448435519,0.5960464403204624
5,-43.6400718136162,27.089533046535166,579.2938139233383,26.0,26117.330548025537,-46.86270290852653,26.06255562906199,565.1006118078061,26,24511.38371206197,1.283426592361793,5.404313536476073,0.7791603150498689,1.8588076524179922
5,18.006357751873452,24.49603795577326,1235.136081225254,29.0,37248.02602318103,10.974907344275664,37.4724329575013,1253.3605766347873,26,34532.30315973522,1.5186504118089985,2.8418768689234386,1.2354375988244959,3.2013291527556222
