Detections,X,Y,Energy Per Nucleon,Z,Height,True X,True Y,True Energy per nucleon,True Z,True Height,Phi,Epsilon,Guess Log Likelihood,True Log Likelihood
4,-64.02799719629473,-82.56812321648297,2041.1726916322275,25.0,32225.192959185377,-45.90606365370911,-76.50789052059918,1797.2702232475024,26,30716.513063524668,1.9449840702365147,0.028078356188732858,0.910132730098137,12.273503954808431
5,-58.89634235385088,25.56257244549306,1842.5621882115968,29.0,26640.037607771934,-78.97261561706996,29.895290396803404,2153.7363609274457,26,25036.926775227923,1.6430247426421933,5.93195967415502,0.9143972968179128,3.015504083064149
