Detections,X,Y,Energy Per Nucleon,Z,Height,True X,True Y,True Energy per nucleon,True Z,True Height,Phi,Epsilon,Guess Log Likelihood,True Log Likelihood
5,-13.355643473554323,-110.52438847110312,505.1742815995188,29.0,21904.60944435934,-14.618393165730623,-115.89013793883029,503.7943292627158,26,23272.470620166656,1.2492035844059972,5.772418727442608,1.0364995489480926,1.8880110250639637
4,-41.53474146104929,117.93378989265045,2774.685691297693,24.0,26879.93997589298,-62.26095906258702,108.60830383249981,2395.1614344877325,26,25030.3414976676,1.372789606227601,0.9916199126791778,0.4742911972548607,2.2893627327433146
4,-19.335642534292333,13.915677630063612,1974.1317214550504,25.0,27867.553786394667,-16.04671990912911,15.815650017667053,1927.5437431259986,26,30057.22427139906,1.8134463648927712,0.08359264511748479,0.8402690045883091,1.2392391129779277
4,-36.86008847386387,-40.74071340156405,495.89763790571374,28.0,26947.631562368828,-32.482587414561365,-41.54829413309788,503.63971643444677,26,27727.414094331805,1.9094404393719555,3.577575949307698,1.044723211671991,2.1815295170934115
4,10.734009973800653,-52.93861715506756,780.1809351078548,26.0,21766.47370580355,8.755341830389625,-13.867760445759018,800.5615837938916,26,28631.068945750227,1.9271347337273574,1.9224252609016321,7.711236447900333,21.278793381213223
4,83.66341368411423,20.438807392092656,588.3257671273957,23.0,28614.09250565296,64.4341525853126,14.788687187914405,578.8319101501336,26,28883.77337960687,1.242846198437199,3.340305064184788,1.902627314276768,3.5373831031527523
