Detections,X,Y,Energy Per Nucleon,Z,Height,True X,True Y,True Energy per nucleon,True Z,True Height,Phi,Epsilon,Guess Log Likelihood,True Log Likelihood
5,23.878393868845023,-16.396832650195677,1354.4531950637788,29.0,35490.493751848146,24.44186262393788,-19.603181841506824,1383.2331628225502,26,33796.530706701036,1.4022112751868139,2.1015179316607173,2.758477166726259,3.1974859840235843
4,10.93714001057839,79.62506245077634,782.983737920239,24.0,30986.758387730108,11.769775115823364,93.1178341645869,844.8154139220977,26,28282.07004752097,1.806983036458555,2.855897346806298,1.2095269693149295,3.5545546920698583
5,-67.73870617514126,-33.771151343887425,402.3883113998008,28.0,23295.26726664619,-68.03831996636237,-29.684815466499487,366.39696752567863,26,24421.62714253817,1.6497072798190298,3.4211917545564834,0.015392173844673828,0.702787893898738
