Detections,X,Y,Energy Per Nucleon,Z,Height,True X,True Y,True Energy per nucleon,True Z,True Height,Phi,Epsilon,Guess Log Likelihood,True Log Likelihood
4,-7.620912049579772,9.287550996525113,1148.0250616689414,26.0,28752.779963310808,-7.873944397868399,12.962559692152041,1171.5173062409142,26,27546.788395633066,1.4581852007544454,5.51264344758018,0.9016955948551967,1.5929687626789637
5,50.18070879244618,-4.105742806322212,699.0057375635098,24.0,37126.50608981206,28.26254403749681,-1.2193649577212113,681.7137648268057,26,28639.080043252983,1.5076677369109073,1.4836001799936789,2.9000576919978203,7.262716292441544
4,72.95992739699113,17.26249766561972,633.2233963829971,27.0,30425.585148483136,62.025530526612386,20.631453650511048,593.9406720885773,26,24313.455166866548,1.2088884024006408,4.590421066412548,0.45918183778266536,3.75057551361365
4,-46.36199825460443,-83.45564988851416,2650.6381951655853,24.0,31546.212856737264,-35.50544328703114,-66.14951218780777,2065.241953216776,26,29529.091419645814,1.2887016553007373,1.4773415060996313,2.71532769331116,40.11198665911892
5,34.15677319536343,45.49237723803202,703.0539945931844,26.0,22689.83773887941,37.37049968815893,36.404852615599566,724.1843468549484,26,23418.3538325434,1.5917732465760555,4.02899795049001,4.7761434401603555,6.378952066407169
5,-4.133721009750218,-109.6970948616366,741.435561391485,28.0,21958.219079006,-9.814409169145904,-116.50839934399431,722.1658608413636,26,20843.390501157875,1.7621463328147315,4.065149949263105,1.5868925161942369,2.9268065896996145
4,56.105568465949545,28.44629763072129,1772.5848672709985,29.0,47739.894237758264,43.85310985499146,9.419499197249593,1596.5438731907645,26,23608.899827637633,1.2351140631876678,0.015629773629878434,1.4050266874534634,18.23091898987138
4,8.018960213195271,78.59659410804261,1042.723659573372,27.0,34653.19911108574,9.739232309100714,40.60073761408131,1107.7635770103939,26,34616.80305683026,1.938081763047228,2.612474699274992,10.056947465097355,27.13924015810587
