Detections,X,Y,Energy Per Nucleon,Z,Height,True X,True Y,True Energy per nucleon,True Z,True Height,Phi,Epsilon,Guess Log Likelihood,True Log Likelihood
4,46.50741838613783,29.681102666702998,756.5115076262468,28.0,28517.165363486627,64.39775287612602,30.604370129801623,769.6477126138988,26,28744.03271930629,1.4067834863991775,3.6217461995076796,0.5770399499539812,2.7960210124051224
5,86.79022483360592,50.534667050181554,626.3051917095886,29.0,30850.874637622102,35.24144182056861,68.44689244243224,585.5596779097793,26,23005.01514672008,1.5767318503992114,5.407792077539348,2.1861518571189427,12.814092680591816
5,-44.14709171471836,23.806224027985706,357.94969809185534,23.0,24846.169851310955,-40.59325747581974,21.051308799518807,256.8461472978519,26,23784.683984097548,1.4814560187154218,0.6558718289386211,0.07730959777607513,1.722191792133362
4,4.580992524453563,59.06808036244291,2725.5056195433417,24.0,30361.967312629225,11.103484983824927,47.94738068510969,2450.2372434964423,26,33545.68102488175,1.4987877227180912,2.869753328589525,0.3111274338036068,1.1279224100241003
