Detections,X,Y,Energy Per Nucleon,Z,Height,True X,True Y,True Energy per nucleon,True Z,True Height,Phi,Epsilon,Guess Log Likelihood,True Log Likelihood
4,-23.00536221202583,62.28815057155555,555.3590059980393,26.0,24736.5626679898,-23.471269315321692,55.96259078113795,246.66577638440003,26,20392.113780663716,1.935036414670053,4.315301301187611,0.0021986590085461594,0.33460473842189037
4,18.325136895184414,-0.32348573228489386,1353.8426600522503,25.0,27357.70706921845,-2.6210224705139353,17.854623061631884,1463.0021133276848,26,28579.61512606346,1.2592088966775914,3.3198097519733643,0.4486442587823906,6.123317229794812
