Detections,X,Y,Energy Per Nucleon,Z,Height,True X,True Y,True Energy per nucleon,True Z,True Height,Phi,Epsilon,Guess Log Likelihood,True Log Likelihood
4,42.770267098215356,96.36101817595761,1875.1764977319974,22.0,49100.38756719891,39.67942956009637,73.39919289947443,1707.8561533326392,26,30549.43645093312,1.6644897868234996,4.3494661081261805,1.9936790938011613,37.40594586360224
4,28.791566910522647,11.39590032690245,1063.9270306346273,22.0,36455.290251209764,26.753631072540173,23.859093721307175,1101.8669754982957,26,34737.07689831234,1.332179975651135,5.821069459222118,1.0830706265362275,7.445530119163214
5,30.110515528476242,1.6439773996403915,619.5180809855322,29.0,32253.54490121587,12.609513563480618,24.93987239496883,632.1370177210375,26,31203.104256071365,1.4904248391934352,2.5159747621275654,1.2565417999914743,4.394029593212149
5,-7.157286902824069,56.69793460200333,273.46280307302163,28.0,23301.763722729418,-6.554905502815586,60.802755287794355,342.6478015940196,26,25123.767005661124,1.4438824700892816,1.531846703041898,0.011079730425131457,0.36489833577313713
5,2.78296198730618,28.40405777304443,552.2648520456839,29.0,30986.754465009853,-3.0270446143915137,28.98454408807615,542.3938220011931,26,29066.17664914036,1.8182271399963659,2.1446967342618732,0.8436977655691892,4.737008456695399
4,85.88952740479306,-65.0631016433654,586.9070864714563,29.0,25643.34415107147,88.75943031573865,-80.53139760015193,329.08236402806773,26,22205.585246654893,1.3709849216989574,1.2574617836814828,0.06705405779507062,2.3533917376194
4,164.89425009165961,-131.05377639985164,1341.256630514499,25.0,28538.06218388331,75.32405092177646,-85.56412982575684,702.8178280281456,26,29090.132871901562,1.4689725277645072,5.981303921486831,1.0457456124690157,4.15358602250048
