Detections,X,Y,Energy Per Nucleon,Z,Height,True X,True Y,True Energy per nucleon,True Z,True Height,Phi,Epsilon,Guess Log Likelihood,True Log Likelihood
4,-39.58017914993445,49.80226527915579,681.0756364621724,22.0,30183.38001931493,-39.44977428645916,53.26618848472853,684.237752011718,26,31663.411639984133,1.3288105381106718,1.6602539859835992,1.6733149232454392,1.8210140864752
5,43.8905947962856,-14.653864228259465,876.2701796140685,27.0,38071.216913071934,43.51372605414787,-16.142481129024986,908.266512090834,26,32660.71008764848,1.924106029458447,2.3666259603439332,0.7648104268565505,3.135248202474561
5,34.69126127861557,20.819876248823448,660.719594606713,22.0,37360.81673537031,24.076239827459375,3.8286458373259507,675.884188421952,26,33669.578986383145,1.8108196640063796,4.448318122141048,5.136035618209123,18.731057344158373
4,-20.349117376774245,-62.53885289608252,426.7117652907935,23.0,30068.7200575869,-52.89007420458232,-27.85168939961173,430.0926379526632,26,28391.042415520988,1.3306042148142943,0.3095441862446854,1.4796039912473837,13.354114986392604
