Detections,X,Y,Energy Per Nucleon,Z,Height,True X,True Y,True Energy per nucleon,True Z,True Height,Phi,Epsilon,Guess Log Likelihood,True Log Likelihood
4,-53.144897048633425,-40.02316312742738,2086.1539724919176,29.0,32350.636894694777,-35.23096251058588,-62.76384231566135,1995.0188595177938,26,29789.034467953003,1.2829183072608334,2.9276272559490963,0.3998919804037556,7.6675034969613005
4,24.082373317290262,-68.44435533083913,1061.1376926082753,25.0,23285.04046506103,23.391894257740944,-58.586727989453834,952.141316140831,26,28630.78821215102,1.5086022294678423,4.7245776015294245,0.93322818823259,2.5277390751644115
4,85.00432999651076,-93.09351007234724,835.167217162336,22.0,24940.585187380922,89.33903564757009,-75.8959334239202,299.04074150118396,26,23769.547922791153,1.7094290956860712,5.055556125491346,0.0006984624431916696,0.2658156357660015
5,1.1267338652331205,16.593956219209247,800.4193822331375,23.0,56563.801416644805,33.89994658781458,25.093490612360284,839.9400528605559,26,24432.440722966898,1.2139509295196813,1.6853990545835624,1.5568763851089709,9.707895499391304
4,1.596565950360059,20.83331280235103,3730.7187125523915,26.0,26161.91526782569,8.829234586269962,9.878749431507515,363.2480040959725,26,23141.628668948157,1.2883258606472123,0.9804582149016465,0.017946792689495415,0.6467168586281251
4,-36.49264022207615,58.695052763820854,608.4448648711214,25.0,27773.193068640132,-34.825427757239424,58.52600599828793,648.0537057564022,26,30711.21667028721,1.717805545853062,4.150642407674429,4.568794843211672,8.727713271856349
4,-12.369315782017111,68.77875179919806,406.78517629182204,27.0,30041.955327883326,28.924478728338073,104.762049830477,416.2847935211351,26,21813.454675685673,1.68831439524942,4.865511797975565,3.4852122275331934,21.914388056870326
4,1.0393621429685709,-45.282936620093636,518.3217413998293,29.0,31685.008691239418,15.971592686597546,-46.51458434228836,511.70318732123854,26,25972.241502887115,1.819270158187145,0.848848774772668,1.1671258936724782,2.16183456741878
4,-15.353803410236537,9.431545985563446,540.8017091696059,24.0,32308.80047918501,-12.32485937485336,13.52876386823678,548.2456530575673,26,32309.281502416823,1.2838209600099968,5.990356608241008,0.836823720483325,2.7734515663002357
