Detections,X,Y,Energy Per Nucleon,Z,Height,True X,True Y,True Energy per nucleon,True Z,True Height,Phi,Epsilon,Guess Log Likelihood,True Log Likelihood
5,24.481645646870163,28.944767761982803,2217.914790770623,29.0,44313.31567656873,37.37630550694564,20.984969237664245,2283.399092122292,26,21566.418187841336,1.5960901061406447,2.153087920294574,2.10090474951826,4.814031690353696
5,-11.614834906272847,-22.360694803174056,1042.2113658782644,28.0,54159.59192374074,-14.408558811800134,-49.10767428781931,1074.2154469179732,26,30901.918902897847,1.2788363227091222,5.474069602806688,1.514355029295483,3.250151957108905
4,43.51536725080069,-21.328955370697713,2222.647349047985,29.0,43293.5243598566,30.70654382915194,-28.33988465458765,2021.9714536802662,26,30622.544217912604,1.6772335300468073,3.342359217134803,0.9629645311525417,1.9283913937513175
4,16.23349070211009,-21.145606661512375,993.4724592076593,28.0,35319.711500883095,5.999040570064778,-25.63001396545694,1140.4050850515705,26,35910.51366301765,1.3294149254661936,2.6330488982148745,3.635076191256914,10.260041696251855
