Detections,X,Y,Energy Per Nucleon,Z,Height,True X,True Y,True Energy per nucleon,True Z,True Height,Phi,Epsilon,Guess Log Likelihood,True Log Likelihood
4,-35.165924286132,19.98703194480953,2898.5451802383004,28.0,31375.05885728024,-38.64268594129972,-2.201548024981804,306.54928936418236,26,25649.65136118994,1.6745999839326848,2.4453002855407213,0.010227896066788549,0.472522621229827
4,49.482213037763074,37.934731479980826,1919.3251161717471,22.0,31373.740516624373,50.093925362753396,37.49824976781642,2059.1299897710264,26,34551.51418884812,1.3625779439975771,5.372128823464399,1.003201799355547,5.151329475377416
4,-66.05309372404292,-95.84292082159206,631.71113902568,29.0,30936.374424736045,-62.78717916493761,-98.1618709434694,631.0968855905279,26,27821.094110693768,1.8047523915289727,5.060301766427475,0.5886758208841854,2.328414518372495
4,1.1267355120454,-21.885705946339158,911.7833565721371,28.0,34854.37740038177,-2.6016622753834895,-31.388621010529988,903.099385025725,26,34248.420229468524,1.196147824452867,5.344910806883717,1.2940277273821061,15.924910029453184
5,21.108786646725093,-59.377425360444335,1065.305794955198,29.0,40423.76238863483,-13.144375423077378,-93.89383350061327,1297.5766071168525,26,23533.94372160662,1.5294649382840266,5.517099513888764,2.013922910771795,10.508733810521392
5,143.455370699394,-19.09663770871441,757.5986882454815,23.0,29277.106027911614,52.26629979559314,-13.538649307324306,619.209395808068,26,29674.361642746775,1.2695706173597507,0.26977498328249405,4.263108453756541,14.117929899856918
4,60.83432793093101,105.49226430679482,3856.55697107078,26.0,24234.41602309225,71.50910741474561,96.5424557421023,3196.6475791947696,26,25071.57296113435,1.3995193042125853,4.340699156586479,0.4721184420156885,2.3310847923585025
