Detections,X,Y,Energy Per Nucleon,Z,Height,True X,True Y,True Energy per nucleon,True Z,True Height,Phi,Epsilon,Guess Log Likelihood,True Log Likelihood
4,-20.707793951258452,45.18471198913625,667.1259095418793,22.0,29154.257425110176,-29.652253357474407,25.156222842912115,655.5524626874823,26,27590.231679594992,1.9529180873818384,0.5387181684110307,1.4044242560943296,6.823970716299474
5,-10.704110593143639,-69.44724394108016,442.4781592586992,22.0,22714.571085611442,12.697492830035202,-49.09572447417963,376.76259971843797,26,25811.797484279443,1.3498755220133896,4.998600221092531,0.09672736857027858,21.449692820322547
5,-124.59926702166035,0.28293124244066803,419.7653317532999,24.0,17500.063352109766,-104.00739258872912,7.7217140258977395,414.4675294139876,26,21577.594470523658,1.2979459118484344,2.0208395244467257,0.8133015664688721,1.9792427147295362
4,78.21996899764736,-6.672762159871581,615.9477775210105,22.0,33571.81288680273,49.59046778210015,-12.035010640647442,606.9089379453043,26,32456.4540955361,1.7484084460551248,4.307113042505724,3.856096352984209,6.427993427757708
4,-33.04110864717404,-19.951335636221472,2955.8869427532877,25.0,50674.09908308122,-24.7058056541984,-8.885109917872882,2711.6355954839105,26,40257.59872542989,1.4279690655965331,5.358286815288226,0.8195883085599012,3.0930192835275627
