Detections,X,Y,Energy Per Nucleon,Z,Height,True X,True Y,True Energy per nucleon,True Z,True Height,Phi,Epsilon,Guess Log Likelihood,True Log Likelihood
4,-32.992578785129126,25.031531464064074,1313.724741605184,28.0,33591.306104169635,-43.16636682895923,22.091333188823626,1376.1863023990336,26,33700.85797399253,1.732877366721078,4.075134423284403,64.80095336860815,67.09392512556252
4,63.535615607168666,6.4776245307244835,409.23276388712827,28.0,26822.070662134673,78.41595053444894,-4.765532298967145,412.80520067198125,26,25901.550109583324,1.7977515619137878,0.37073012454924276,48.638869639710634,52.4618463192723
4,-1.659275175747723,-32.81520230183838,1084.6716150802145,20.0,29340.903229368283,0.5717940542545819,-10.314756852693904,1113.3956543154193,26,34176.95659573421,1.206975138252556,0.14819227733433665,63.81713929750373,68.69972434173565
4,-39.05155849204982,-53.950859696103265,564.9029041340923,23.0,31001.398945707057,-41.10417000050137,-48.83199907837462,567.0983512470397,26,30386.41516296397,1.3518237132198114,2.0668109315088046,53.75555509991118,54.251349177705556
