Detections,X,Y,Energy Per Nucleon,Z,Height,True X,True Y,True Energy per nucleon,True Z,True Height,Phi,Epsilon,Guess Log Likelihood,True Log Likelihood
4,11.876710125949046,63.937217247240085,785.492953833471,29.0,32873.49647577416,1.9221845198124186,75.8069337257268,823.554428680857,26,31828.97021151114,1.9482777192017504,3.661226556660625,0.26311314537734265,1.8166538971093136
4,-58.97262827839401,108.43305514220202,423.894530622365,27.0,23981.019255102696,-9.872134976450042,77.00952188969563,279.4518160658895,26,24783.796914303708,1.2108425265901124,4.216510077650861,0.0370538440885453,8.895285962173869
