Detections,X,Y,Energy Per Nucleon,Z,Height,True X,True Y,True Energy per nucleon,True Z,True Height,Phi,Epsilon,Guess Log Likelihood,True Log Likelihood
5,54.28922791102593,36.71270178418689,976.8198406268062,29.0,27312.251762711025,66.49380616184618,33.730613447271736,1062.9548638577253,26,28100.160089581645,1.5936278770116759,4.196030509044966,0.3251947725109866,1.7315193849966635
5,-8.153016230838432,107.78003409745236,2124.5168959652747,29.0,33753.28685260528,11.968262966949936,95.45493479914995,1955.5207787489803,26,23030.12093482574,1.2906009299538748,4.014689070841827,2.260508643772099,4.805245820443723
