Detections,X,Y,Energy Per Nucleon,Z,Height,True X,True Y,True Energy per nucleon,True Z,True Height,Phi,Epsilon,Guess Log Likelihood,True Log Likelihood
4,-9.96710190494997,84.04150870709151,453.7157899643918,29.0,22833.807515508975,-6.964042048645894,86.35785058077718,457.63810736214947,26,24461.172643598355,1.5060284985658074,5.023922957533592,1.878821376670071,2.705810098025112
4,-26.52545247180842,-65.15347765001675,363.53477933265526,27.0,24909.443626313543,-26.395978264842825,-65.39077149302037,337.8234406966006,26,25177.13587380681,1.9396063590159944,3.074707251913345,1.7798324778268317e-05,0.14585315108113403
