Detections,X,Y,Energy Per Nucleon,Z,Height,True X,True Y,True Energy per nucleon,True Z,True Height,Phi,Epsilon,Guess Log Likelihood,True Log Likelihood
4,-83.51371083219635,-97.01528339807308,540.1826875188963,20.0,24802.775828359212,-86.29704562459041,-82.06746752067677,519.4729957552,26,25988.887798268213,1.4875971186253347,1.6871468202354636,51.13754057615182,52.78307480626686
4,17.017319689298688,-114.5445888275643,834.0255723471244,22.0,22602.63233043693,12.990719561487225,-93.67675956383735,768.7667781276722,26,28614.515641209768,1.2652034516665887,0.9193274763073015,60.98243875894541,62.97877674722107
4,2.2051038404215433,44.48923482953455,3213.861578053917,20.0,29923.75606392972,11.721459383598898,42.77046470782139,3389.3526701444666,26,33324.848183699796,1.5945176481521801,3.168221209692751,67.90201713455498,71.06079959415379
