Detections,X,Y,Energy Per Nucleon,Z,Height,True X,True Y,True Energy per nucleon,True Z,True Height,Phi,Epsilon,Guess Log Likelihood,True Log Likelihood
4,-98.6269384617828,75.23037096976014,2203.8920745386577,29.0,29880.003046153026,-99.85121946146727,77.2113522615715,2114.1118776249186,26,29269.05713160465,1.6336376498104963,6.083099820586802,3.433773948810458,3.9305357010718156
4,-24.70519411348357,30.64949815839094,268.3036098634175,27.0,25001.938355450442,-26.235585046129685,30.88750160118306,278.0149647882864,26,25903.0044476143,1.8888810333156485,1.5698204838673637,0.001280704542466145,0.19272758691798877
4,31.584504035391774,7.945459844932543,412.42205345790387,26.0,24873.679698218097,33.94965360376398,5.201500056638167,381.64915417128657,26,25764.755476317074,1.493248544066123,1.1854921017693703,0.005857034457883625,0.22332315013949333
4,-41.63142815914705,82.70096958279959,397.40552520922256,22.0,27082.202053273795,-38.8417539447796,47.12789682014031,396.2557962751992,26,28941.433091453844,1.848725592435013,1.9113929484119374,0.8726924791198198,3.018846816458916
