Detections,X,Y,Energy Per Nucleon,Z,Height,True X,True Y,True Energy per nucleon,True Z,True Height,Phi,Epsilon,Guess Log Likelihood,True Log Likelihood
4,10.227499903310786,1.4775548599834565,3113.6650943130785,24.0,69903.40810651143,20.600036574231126,8.057679641805237,2828.038796160863,26,35848.63757173745,1.763609907484388,1.5863252100836511,1.328656021094808,5.393802456044998
5,-1.0560714577334807,28.884072852921065,950.5169115846834,24.0,24047.964052374606,-7.131698363321334,35.321800730185174,990.9520673422043,26,23997.449329388193,1.7199536467901795,6.192086817608928,0.34872525912076413,6.446869554568983
4,107.27494804458667,34.269319126776,433.1753903888423,22.0,20226.062937111372,80.49490499908069,26.2843275790255,427.688330879473,26,24857.10092596083,1.9392622438064993,4.855080803524742,0.4664030293312287,2.185774747784432
