Detections,X,Y,Energy Per Nucleon,Z,Height,True X,True Y,True Energy per nucleon,True Z,True Height,Phi,Epsilon,Guess Log Likelihood,True Log Likelihood
5,40.08604561834261,35.51073243509495,1268.2283191281172,26.0,26004.828606430572,28.711158892521752,46.565905516106426,1213.1094743461688,26,22605.45914919774,1.1940555286403391,5.890585742796064,0.7852434534489809,1.7690444028008736
4,9.274468486802277,56.695872854804634,628.8370035560777,25.0,32367.188839938346,13.733869316407862,70.12436413155501,682.7293715992577,26,29237.026389003127,1.4530107068056968,0.02239990797613413,0.5430443966680203,3.4536321699717174
5,40.60629522087186,-10.149101307750925,2746.5250085598577,23.0,42872.561038090986,43.38800140319904,-11.945978062289868,2740.98575732221,26,23896.67455708634,1.898860545844164,0.5964183249700166,1.0650939956394097,28.88531185642609
5,11.377491425044695,69.01995392095779,618.4079561034603,27.0,34353.94508683931,-0.4789762453933122,39.1250624084843,636.1579538660471,26,25059.612348530656,1.2063422366146699,6.103952737403216,1.2253147312493153,11.217825176304022
4,-28.5297685477384,46.82134633141044,981.8237654463542,26.0,31991.82673043647,-25.459948046613363,68.60692038692085,1164.4546319405092,26,32012.292516274763,1.9526140617465868,5.560724488957135,0.6400288850010717,7.417561962680806
