Detections,X,Y,Energy Per Nucleon,Z,Height,True X,True Y,True Energy per nucleon,True Z,True Height,Phi,Epsilon,Guess Log Likelihood,True Log Likelihood
4,31.683816878116772,27.512945969397833,520.3399734917059,27.0,32360.402842577078,31.520057679544692,27.104183582608186,527.9188059700356,26,32386.67151520478,1.910429246616881,2.3294443063685333,53.67066789481319,54.16600471062609
4,48.09140486191319,24.10686637450067,844.5254379809888,24.0,29987.69415950636,47.978157127848306,6.2280358422793825,829.1901939402621,26,34254.97950741667,1.9415047027071877,3.88659481794778,61.927562706431985,64.94234717641473
