Detections,X,Y,Energy Per Nucleon,Z,Height,True X,True Y,True Energy per nucleon,True Z,True Height,Phi,Epsilon,Guess Log Likelihood,True Log Likelihood
5,4.905922428708266,-26.019377754335494,295.43251317659525,22.0,25695.492731056678,12.490643122287054,-20.767926516831267,300.79284850846994,26,25019.010006050143,1.2514881408738752,6.089306960151347,0.2380916073713068,6.37209748671864
4,-43.534017222895955,19.83316151213603,281.4285087815666,29.0,25015.250531715385,-35.929646692706356,16.975164644029462,368.24268803590957,26,27761.583156891964,1.8851732965826071,5.038531826861823,0.16397540343898445,1.2330781186049373
4,38.38187505853341,-27.861038716145003,1599.8379715925516,25.0,32010.592917300844,39.65018365343806,-22.44504010567684,1563.4804391372745,26,33309.39309853905,1.8570966474775834,4.7245238568106025,0.4566310590355564,1.301896628793059
4,58.87619702355863,2.850789621933643,624.3962557811808,29.0,34234.28785078582,44.83601416005851,25.075261798079822,639.3214032919668,26,30690.07245427074,1.4563596536948353,5.534729327107489,1.4590973130347542,5.893175113374868
4,5.881149671723733,90.25536929627327,423.04634056911567,25.0,30673.152677234786,56.8220797895641,98.48630083237919,432.88117045917335,26,24301.329731918453,1.766961058733443,1.4711258682471888,3.0809505023465893,16.575182477405466
