Detections,X,Y,Energy Per Nucleon,Z,Height,True X,True Y,True Energy per nucleon,True Z,True Height,Phi,Epsilon,Guess Log Likelihood,True Log Likelihood
4,78.20723305968357,-54.61802186228567,756.9001547979689,32.0,28390.582469374138,72.2641415276419,-43.23794498690461,721.7570595222696,26,28085.387749969912,1.469851152208851,3.4192074796550496,59.441443199929154,60.352291753584026
