Detections,X,Y,Energy Per Nucleon,Z,Height,True X,True Y,True Energy per nucleon,True Z,True Height,Phi,Epsilon,Guess Log Likelihood,True Log Likelihood
5,11.736040366840712,28.768148393389765,809.0121470275939,25.0,24402.389650348494,17.816337437030484,24.076158174983675,801.9561342991823,26,24051.45263763192,1.6308753635795803,4.96745191320619,0.45972058296342977,1.6626922957403791
5,-34.228739149348655,-18.223967115535743,1955.6303224300443,29.0,36245.277547388774,-47.410824865643804,-8.49073664777464,2045.9949753899996,26,35291.29440798759,1.742893282953743,2.6149190445321513,1.6989597575883075,3.741672150291347
5,29.431449771247117,-30.469087742539955,404.49977454699336,28.0,25235.303048200218,5.2131975114623685,-44.60439500447767,346.55108623649477,26,23286.387877198373,1.7143406914012296,5.583975051641031,0.06822025975032645,1.8918729138636308
4,-67.33611188948782,84.02095220569328,382.85705675774926,24.0,24717.94629992324,-74.86950048770672,101.5443451910609,354.5454371844878,26,23771.87148244517,1.544503713157687,5.183229319139879,0.0758579488078424,60.99734789505248
