Detections,X,Y,Energy Per Nucleon,Z,Height,True X,True Y,True Energy per nucleon,True Z,True Height,Phi,Epsilon,Guess Log Likelihood,True Log Likelihood
4,-26.800547262415364,-38.55592543686117,485.9592858989304,26.0,28527.915419636378,-24.197460285759618,-42.35492713614701,488.8495081317738,26,27505.949137946172,1.505813176940062,1.4442370014690262,1.5330591647572769,1.7029479428447958
5,-15.27508096523502,23.44439705869854,2512.127849513728,24.0,32990.69584650773,-13.252193474792335,19.65389946990186,2250.5535846261637,26,31639.072207680027,1.40604924884517,5.435432869425295,0.8888484845923188,3.0532605464197213
4,-50.58686388833178,-39.687415751950084,323.74652776707785,29.0,25007.10017461951,-51.05130571949486,-38.8421062260353,288.6197849113982,26,24895.454128039535,1.5399227914873634,0.2588869714787031,0.0012224265199373846,0.43983257953141364
