Detections,X,Y,Energy Per Nucleon,Z,Height,True X,True Y,True Energy per nucleon,True Z,True Height,Phi,Epsilon,Guess Log Likelihood,True Log Likelihood
4,-5.0,-28.28186575410143,316.9195982070161,30.0,25000.0,-5.619050606759288,-42.301275392485095,306.54133263899325,26,25090.62122390898,1.3617611528222628,1.6833670865340444,22.33761250372796,28.399439139786256
5,15.795099959119455,-11.859795129649967,464.78688305032074,24.0,25336.302495722226,18.691576652393707,0.37982934301072646,456.92292103397705,26,25261.264689235264,1.2776381956047385,2.393426316109054,59.599570927746555,64.26393715229727
