Detections,X,Y,Energy Per Nucleon,Z,Height,True X,True Y,True Energy per nucleon,True Z,True Height,Phi,Epsilon,Guess Log Likelihood,True Log Likelihood
5,-27.76680339581884,-18.974936629617446,1041.9763210192452,20.0,28329.851943709942,-26.601898413544234,-25.480832693245915,1018.5858073471056,26,29865.64478652631,1.8197562963081086,1.076113958949113,70.74807127287639,75.87600114452997
4,72.0636502066111,26.251473849822958,1098.377978338584,21.0,25850.668637433948,62.6556214312663,11.29592676341133,1163.2525940139099,26,30674.23508330633,1.2639217414627324,3.335623235566873,63.290011884167654,68.58748403035258
