Detections,X,Y,Energy Per Nucleon,Z,Height,True X,True Y,True Energy per nucleon,True Z,True Height,Phi,Epsilon,Guess Log Likelihood,True Log Likelihood
4,37.06679405091006,-19.902075039697536,857.8456328293491,28.0,39514.60165182383,25.320969436632623,-19.879758412022,836.1432612858653,26,37211.68523735508,1.7518156020723386,4.943719221735337,1.3666086962566597,2.2172902457594486
5,-18.890761079463516,-38.37662561108198,939.5283836791998,28.0,37017.2585102679,-41.7099626684371,-20.33757323606679,929.4235609116637,26,31807.24522092708,1.3970269150115993,4.106735613466946,0.8164803505889161,3.866509466413677
