Detections,X,Y,Energy Per Nucleon,Z,Height,True X,True Y,True Energy per nucleon,True Z,True Height,Phi,Epsilon,Guess Log Likelihood,True Log Likelihood
4,-49.10411641983774,10.731217464514998,427.1851527388991,29.0,30360.618050915436,-85.16957546475203,20.071705215692447,438.486501235803,26,24764.384820470423,1.5169690555089248,3.151169806812777,1.070391287565203,4.399538332012152
