Detections,X,Y,Energy Per Nucleon,Z,Height,True X,True Y,True Energy per nucleon,True Z,True Height,Phi,Epsilon,Guess Log Likelihood,True Log Likelihood
4,13.444135886070683,-36.66311800310308,1177.102599734153,26.0,24312.984296458977,-7.94152265148918,5.996851806333382,277.364921155929,26,22733.296932288988,1.89498291191,1.078920183170095,0.003493584584791348,0.2667947392565702
4,19.927677094079172,-37.49266587737702,603.6988216266102,28.0,34853.8190062962,9.931337706389684,-57.53379421298665,628.428502820852,26,30320.724943216646,1.2689879898035015,3.0745500714930265,0.6822113188799434,4.098840430040211
4,19.016675702801308,-36.417630553536014,592.2509221695173,28.0,30963.118622277703,11.410714470767829,-41.25966033373713,578.7337897089205,26,31994.36286051759,1.2833219794378767,0.29450575993948985,0.37185720314503173,1.41929567192288
4,67.55156204864033,85.41987286987211,2173.7796457552067,29.0,27011.767064749747,37.55284617073656,74.77579409109427,2002.953185391104,26,31697.041354683417,1.5631363207471376,1.0334118363753135,1.1955464881401157,7.69043536619881
5,-12.490064079461376,22.039152466378482,1326.5121375331232,27.0,29671.612518425147,-5.176811033067253,24.2160376376481,1472.9900934461305,26,32008.35653145411,1.4254855049408752,3.910712201264196,1.3710823066141904,3.800177969294329
5,-42.679203088653765,-38.83682113980882,647.8636964933589,26.0,27724.682558904813,-38.391946346594395,-45.25901697318939,664.0049550718027,26,28397.100183311803,1.3300069572140154,4.9578932986756685,0.979584213865599,1.3698657676967794
4,112.74162865687185,120.14020714803439,609.7716380298589,22.0,18197.72668343126,9.20869739215587,41.123911307460105,281.4518733962758,26,25958.369654382506,1.2487147214037015,6.159046314685912,0.006863645512403015,4.532762822965677
