Detections,X,Y,Energy Per Nucleon,Z,Height,True X,True Y,True Energy per nucleon,True Z,True Height,Phi,Epsilon,Guess Log Likelihood,True Log Likelihood
5,9.658368094078753,-20.155177175365964,352.402682047705,29.0,24281.799131795557,22.9097724863706,-8.515076521880587,376.24165306641885,26,25048.33120612868,1.571634507702554,4.430322315297737,0.07966409320633583,1.0195756520828487
4,-74.80124694765087,35.532241419683714,864.044800641114,29.0,31814.483042177562,-48.357808268893166,30.081932023380034,835.7814160809221,26,30789.698773344127,1.4100625580319712,4.300784567278078,2.0836952949009593,4.735993465677045
4,32.38102127981716,-58.971102236758895,608.6105648356669,29.0,30332.007630855158,35.153889105902806,-68.95724945662087,615.5802915201263,26,27829.668407576115,1.6577626021015652,3.0022257365532035,0.7489193105997877,2.063634580821374
4,-90.75457006703769,73.67933479132148,426.1338702188692,22.0,20052.21270022449,-86.14184498694868,80.86051813528414,427.71267326101474,26,22459.734076565484,1.750588759750058,0.333523457566748,1.220053016601008,2.6021233639483876
