Detections,X,Y,Energy Per Nucleon,Z,Height,True X,True Y,True Energy per nucleon,True Z,True Height,Phi,Epsilon,Guess Log Likelihood,True Log Likelihood
4,46.200409010073656,0.4034762936765901,1012.8846024175833,23.0,29013.51149925068,32.82297562183902,13.277866148606648,1021.4218843346691,26,33100.118375731356,1.4282901761654507,3.433384673592852,3.8876420713348785,5.26647568280112
4,-8.22417536422654,35.36138130202107,2316.650790198725,25.0,32547.47688067922,-9.983147672007988,30.76130436467028,2040.8910762689004,26,34811.31253274947,1.6698998489135366,2.5516469475444383,0.5681904113673015,1.7066269440266608
4,29.258668763749938,-79.3537320514314,570.2256902822342,25.0,31954.70611275151,28.003516449104637,-75.56676795498235,555.3220074393702,26,30069.27951421998,1.2214891700936878,6.117216544996509,1.7759148197325851,4.825216169543541
4,83.46697424065297,-91.95494663363851,793.7741479836621,29.0,27299.970566334803,97.65948113318976,-102.62687183339204,846.2354005167922,26,25968.424214894396,1.4669727003811075,5.388460213769509,0.9592699656570707,3.0737540340689042
4,-38.76836431399647,-54.89811482580171,1087.3915582656628,26.0,30123.823818737535,-35.385212129193846,-58.90661348174375,1126.7213771530328,26,29237.457933463967,1.9399747835436894,3.2115758313329796,0.43810088374408446,2.618860746241862
