Detections,X,Y,Energy Per Nucleon,Z,Height,True X,True Y,True Energy per nucleon,True Z,True Height,Phi,Epsilon,Theta,Guess Log Likelihood,True Log Likelihood
7,-36.12753182253266,-16.201292107584322,471.8557874069065,25.0,25141.2223350091,-33.43183939109379,-15.224643373184819,454.5478872178419,26,25725.783135215028,1.3002178424666797,3.887190829561336,40.377439213042294,41.61572873771149
6,-14.559057934990449,-82.68764986559094,993.4707519730879,26.0,24999.957353012316,-14.01989621607035,-81.70648568740702,952.2604354186626,26,25589.286893233915,1.627400613414265,1.3546237061423887,40.81593961369967,40.886411964440384
5,99.8569110494899,41.734451932334366,670.1108902960141,26.0,24048.77135480317,100.98194354565484,39.62748673995705,570.750696852516,26,23642.93182399346,1.9289382881308543,1.7786247613335635,34.82375578930176,35.891628126991534
5,12.937493726005243,71.59835430105323,679.9177940513259,27.0,29022.738784754758,13.29198077804216,73.09762472600542,699.8735264516299,26,29335.89984352857,1.56555502199225,6.035725113569916,37.318988804808214,36.8220400936213
6,-58.94078371741875,19.0,331.225787088,27.0,25000.0,-61.558710585473236,18.73901549881043,346.67364763859285,26,25055.04118847952,1.7277522478082374,5.764615530210627,39.293070405969075,39.7830811177117
7,27.476768331721303,16.821831363847878,304.9060099874537,25.0,17695.77094624929,25.552166241409623,14.8319800968803,301.2918828164847,26,23977.450452314486,1.4956560482827412,1.5317943643695933,36.001463996493385,36.35059017345361
6,12.259166836207498,56.177934745623645,257.58637236094,26.0,22558.216816298536,11.850920652662012,55.911930397610774,259.2076254818579,26,22479.36728389227,1.2706539299068302,6.1901139075512175,34.839191379148104,35.076054507668886
5,37.42625014230657,88.44606039671413,1214.8670288250737,26.0,25000.0,33.09059224662707,88.89043918774121,1232.8569128285135,26,25558.34425710687,1.5222244372405107,1.85813654648691,36.243541409746655,38.07170656868183
