Detections,X,Y,Energy Per Nucleon,Z,Height,True X,True Y,True Energy per nucleon,True Z,True Height,Phi,Epsilon,Guess Log Likelihood,True Log Likelihood
4,78.74999609237716,19.214096643760513,773.9575546356137,23.0,32095.892241465437,47.61732263014241,22.52738814060001,748.0617006869701,26,30804.88567353875,1.4585925253842777,4.42811427766895,1.0083710887605282,17.381698631252778
5,41.61666770298797,0.06593133473376156,942.7995812953849,25.0,41046.42720811028,27.768274129009313,18.358609356446294,990.6431706496176,26,35346.936765887694,1.5681091167239736,5.21388776507603,2.3225659101196126,20.03548598287784
4,66.60776127029379,24.329684420845183,971.8023182740326,24.0,33054.05309521508,38.272981337526346,33.29810030629389,886.9588747168987,26,23445.264420840856,1.3053875215263193,3.5027199660344412,1.1351065982948796,2.438689916886218
