Detections,X,Y,Energy Per Nucleon,Z,Height,True X,True Y,True Energy per nucleon,True Z,True Height,Phi,Epsilon,Guess Log Likelihood,True Log Likelihood
4,-27.45351605883451,74.55985528906143,1069.6297479459963,24.0,24404.363152430084,-5.718147812879124,65.93324633805722,250.57322124785154,26,22934.710698626586,1.4446113815813733,4.800750379485806,0.0028750158792970213,15.282688666674211
4,97.06528232094644,-124.45585019380047,747.357291011791,29.0,21131.324038696832,95.02926735651337,-106.4134101204711,330.9700237491343,26,21089.166200688614,1.6650698750824933,1.489590955815289,0.029912938211349806,1.337855650190595
4,89.66063653911584,-27.028360133250544,509.2935245789895,27.0,24386.264472119234,89.8502214948908,-21.763497802619128,524.1672639830799,26,25191.17985406377,1.6415271503896256,0.34802885779414655,0.6978116081724923,2.7673168616442974
4,-60.53524307167581,-79.52689462625443,1065.8274203520018,26.0,26139.700162068977,-81.32692347817498,-64.9295041216528,1197.4963223261811,26,24397.062794586334,1.844213748252278,1.9639143250722366,1.6481997236834556,10.301220100132824
