Detections,X,Y,Energy Per Nucleon,Z,Height,True X,True Y,True Energy per nucleon,True Z,True Height,Phi,Epsilon,Guess Log Likelihood,True Log Likelihood
4,-121.99296615042371,75.37412386641273,504.81215482807045,22.0,18237.17593087555,-66.45204984088784,7.7239566591951245,381.36427016159126,26,25484.999607836347,1.4269453991762537,1.1291624626735406,0.06825744453893319,6.365362878360385
5,-21.9969200790336,-0.4611573832887075,1113.2487363800933,29.0,35649.04457649711,-22.071801940480427,7.634602777838381,1116.7739198543168,26,33012.989107339825,1.8992270113935097,1.9212844955790562,0.9103944578764533,7.737903968133621
5,-5.057184101827147,20.698972012603974,252.54294909249194,29.0,24988.316490986,-10.37895514362819,19.658383465581437,349.97612371557216,26,28187.996554789835,1.936883077632186,2.9245860326298088,0.019697107941145507,0.1038571814468215
