Detections,X,Y,Energy Per Nucleon,Z,Height,True X,True Y,True Energy per nucleon,True Z,True Height,Phi,Epsilon,Guess Log Likelihood,True Log Likelihood
4,-15.10275228434341,-93.37676395025954,2207.7741515864036,23.0,42648.5799023742,2.895497768865596,-67.30767159303221,1708.3936577943166,26,29300.589234492043,1.7781773645703192,5.3718881386092505,3.576992049823676,113.12429475064783
4,3.072935055448852,17.49824624608351,2673.8345300771566,29.0,26142.5601467207,7.188341230309646,17.0533383313105,3458.5404312082724,26,27517.47346365717,1.7841852115197405,0.8302894805281336,0.6095591865597602,6.802006696979283
4,47.98888909862188,76.1729601649323,878.9402348494507,27.0,27110.981213176114,47.18087113327721,81.15734958021457,858.4398707331414,26,24830.896879207645,1.7083120711396813,2.17379815661258,1.3897933848542223,10.600747833238522
5,-55.0581697666463,10.160014919139655,444.98258911567166,29.0,30924.025386874113,-37.22925884822061,4.098950909668417,439.5447265212346,26,25070.417350032174,1.5239766454586965,3.735797030927975,2.895382127916557,4.716467981491508
4,-63.88959316170033,31.075413937428323,969.0818401269685,27.0,31815.84091075929,-69.18490275600016,33.039255708167445,970.4082074574782,26,33140.09557422857,1.6859768687761654,4.744337817938954,1.2382479941260724,1.6904394040283999
