Detections,X,Y,Energy Per Nucleon,Z,Height,True X,True Y,True Energy per nucleon,True Z,True Height,Phi,Epsilon,Guess Log Likelihood,True Log Likelihood
5,-0.8989817399249205,-21.046921530863358,1025.9636297781944,28.0,32404.475314788637,3.785586171632957,-20.76570249026375,1052.4116777070503,26,31003.805109723944,1.3405840319228561,1.2199120041288347,0.7729812829531585,1.8053389337015928
4,-30.324692980781947,-71.96957227516052,2360.7945084898793,22.0,24794.91628893909,-34.39671430090797,-52.45115090521092,266.67233238256335,26,23268.970674508782,1.6408973019126343,1.921680484552245,2.0951279520151884e-05,0.2800788048422234
