Detections,X,Y,Energy Per Nucleon,Z,Height,True X,True Y,True Energy per nucleon,True Z,True Height,Phi,Epsilon,Guess Log Likelihood,True Log Likelihood
4,26.41495441661806,41.991299593076576,465.8384340279333,20.0,25491.494229701813,20.820711535895498,24.327907245172185,466.90380867934823,26,25698.325874614115,1.6647357374738196,0.9418283093112444,56.34130890994569,61.848700775532336
