Detections,X,Y,Energy Per Nucleon,Z,Height,True X,True Y,True Energy per nucleon,True Z,True Height,Phi,Epsilon,Guess Log Likelihood,True Log Likelihood
4,20.32196922796743,-36.39051040624656,1425.0438045988105,23.0,34862.23125351695,28.32173424319106,-25.26044778889944,1289.2529282984106,26,36287.255180918204,1.9384669122839018,2.699051056601984,0.92377300171738,3.2835373239852554
5,38.04935046181458,-28.184656502629878,1177.9936279294056,23.0,31081.77118754539,41.54661850550846,-34.561932884215736,1253.1195156882925,26,33282.637301212184,1.5227492654131458,0.6066052016301431,0.6287858945774174,3.5122260034537245
5,0.35950250189739563,56.8445874323138,1406.3146033780033,23.0,25323.492995569035,0.48400017521780114,51.43473629503379,1480.0787421238297,26,24361.506127459383,1.3548549114944495,4.677888405365959,0.8517633073852323,3.1315523120128237
