Detections,X,Y,Energy Per Nucleon,Z,Height,True X,True Y,True Energy per nucleon,True Z,True Height,Phi,Epsilon,Guess Log Likelihood,True Log Likelihood
5,8.372229190169264,-41.719859700047834,411.4406155425704,27.0,26959.11044693929,4.600609705408857,-46.65994321241446,410.91289313337995,26,25861.631463611553,1.767151299085618,4.550510096216244,0.8616640555528768,1.4793426737367301
4,13.596416165310302,-30.729413392297715,738.3322085184639,26.0,31987.802207268687,22.425435935633317,-36.62606300965693,785.0267641035617,26,32958.77312308883,1.2904753916126752,2.2882790524758163,1.3562485664035893,5.669384580162549
4,43.83108446139357,-43.30699952678884,828.080615155339,28.0,34681.48867918423,65.48339307857933,-31.15390056480858,853.5462185178678,26,33201.836018672686,1.9071292756861795,5.434624296038491,0.188363019953528,7.1988940288651975
