Detections,X,Y,Energy Per Nucleon,Z,Height,True X,True Y,True Energy per nucleon,True Z,True Height,Phi,Epsilon,Guess Log Likelihood,True Log Likelihood
4,23.891704732887092,20.908641214293198,1269.1253881827474,29.0,43879.237409716065,29.167266439273646,12.745301761345416,1304.265232691413,26,39234.44298063433,1.5553932461180164,0.06856774402688386,0.949084248425468,5.459848258143003
4,13.753515311713898,51.84535223314799,370.0308816689086,29.0,25003.810601727342,14.848734063757718,73.8182790321886,272.3651830611526,26,22975.206166141645,1.6389444314858501,2.9896836369096933,0.006067202457935378,1.7233324798208514
4,-24.638844662143356,-32.843892065723765,336.8767064785093,24.0,24774.127122074693,-15.701968790954766,-31.173402442452286,261.1573957551443,26,24163.441276933343,1.8374431780156415,5.8519468798899545,0.009803777098064285,2.016754817874953
