Detections,X,Y,Energy Per Nucleon,Z,Height,True X,True Y,True Energy per nucleon,True Z,True Height,Phi,Epsilon,Guess Log Likelihood,True Log Likelihood
5,-7.950904069782041,-42.78540765900567,1407.35092582265,27.0,23016.299994177916,-10.808750826960221,-38.75249987873332,244.47339315280786,26,19676.356682708105,1.3704284222441379,6.259626060682929,0.08059284165512542,0.3815359305055954
4,-49.63724942805905,103.86038681087899,1899.15696796081,28.0,50471.57539637377,-49.085271717941964,76.57825174231078,1496.2077433358054,26,29368.76504102083,1.9259330508205086,0.37000755395620955,1.449131195771236,2.3322908909435807
4,-29.94512902206378,-32.54025300407301,305.71918024428834,27.0,26943.06704155777,-32.15848769744008,-32.016836295353514,280.87420947416956,26,25977.073518665115,1.6475032013766047,2.055251338796328,0.003209713357265438,0.11979631235906713
4,26.60981654392856,-19.91000651064917,532.4977963999982,27.0,33142.428142895464,10.49676749998443,-13.696251275111678,522.2843155813665,26,29919.00951088545,1.9091969591927658,0.7192525713308413,0.65172730292062,8.344507694053265
4,29.16798638290436,75.70160756099955,530.9703775513045,24.0,27153.636662073262,65.48939683480322,99.60776232100972,565.8252562359966,26,20089.97379451802,1.781474822279547,4.7187907802862314,0.6800727838304181,3.710761426560044
4,-75.66614920690148,-125.3013325315369,1167.5718107371877,26.0,23306.27309561307,-73.34498182561322,-117.01685679223996,1086.940870542002,26,25138.54338944865,1.9478736870939233,0.7912848208919553,2.9030744047791224,3.2415480686597156
