Detections,X,Y,Energy Per Nucleon,Z,Height,True X,True Y,True Energy per nucleon,True Z,True Height,Phi,Epsilon,Guess Log Likelihood,True Log Likelihood
4,7.457076976894655,18.920401131887047,243.19454709764136,28.0,25006.73452515571,13.585189670148253,16.78153467782306,327.4629242490963,26,27650.56882793834,1.710089904060117,5.769594245071699,0.12411857622175311,0.7082203904648907
4,-21.60886436174411,-4.997978736972186,653.9867531273371,23.0,31873.415708411994,-20.068144835674815,-9.14503367183903,663.807046658555,26,34380.68900943846,1.9155375088963917,1.345813769659754,1.4627797858559535,2.4348102544636863
4,6.814190378126796,-25.62450941497059,735.7461028957839,29.0,29837.456268132144,5.239070322158852,-28.672722133256116,725.1122837032779,26,30293.111354987937,1.3012525099994132,1.9610568193159466,1.745628087322553,2.61705444645602
5,-57.19660511379607,16.768403174450953,1624.6841141675193,24.0,29157.71126344964,-51.095240720287165,15.952828398176138,1617.3455361948093,26,30176.18916229705,1.5633899333176222,1.4948908069816196,1.8527120864650288,2.4165201840298542
5,28.417259471715568,-7.817186004757559,850.3606197504397,22.0,29875.57056407146,26.236563349495725,-24.568570969729336,859.9244941258305,26,30846.174711339805,1.2133015002812957,1.3554099162659576,0.6968863602043629,11.241153900574748
4,-28.748500490998538,26.038575136247857,945.8806432053461,26.0,39507.43399218946,-25.934536102358905,47.19667314457473,978.5272610639953,26,29963.613043052508,1.5179588051360486,5.207506601505604,2.5846221239730753,4.534157251918554
