Detections,X,Y,Energy Per Nucleon,Z,Height,True X,True Y,True Energy per nucleon,True Z,True Height,Phi,Epsilon,Guess Log Likelihood,True Log Likelihood
5,-0.04869178617821035,20.53033275156878,302.3863682265864,27.0,25070.567282434004,-2.3593570332625404,22.196931238411906,236.30511794786403,26,22951.725393882076,1.9286224621902688,5.495242567911169,0.01024827033076155,0.9516786942922226
4,-10.393679785249049,-14.0417645752824,521.9998985024263,22.0,31637.759339808174,2.1441585826063942,-17.488354563997774,522.0747234136176,26,31527.995608504993,1.8470947638736226,2.5616695364861983,0.5468685688541072,4.482522128558587
5,27.090374549753335,-21.203871983689623,631.3909181083745,25.0,19802.081447268953,12.867559819874089,-28.555338887223343,631.5563228701575,26,22207.11401691708,1.5117590902904063,6.259933458066094,0.8811410949022752,3.0647004307550687
5,-29.112811191737933,41.284982897186524,317.5313349225752,22.0,24924.41405839803,-45.706618768449175,32.437586049287546,289.2589534724307,26,24196.057798593825,1.1913970206587297,3.9369952840186233,0.0223540515008247,4.634150689574898
