Detections,X,Y,Energy Per Nucleon,Z,Height,True X,True Y,True Energy per nucleon,True Z,True Height,Phi,Epsilon,Guess Log Likelihood,True Log Likelihood
4,-77.39526171596282,86.95636155386086,499.8088102246469,29.0,19641.175605596673,-70.1305510509247,89.9202692528795,500.94136309595774,26,21101.644494040822,1.2290566792016815,2.9922692727247195,1.552196908087501,2.4328566581841655
4,-26.278781759340916,30.005686969901205,536.7978119509198,28.0,29607.02758208497,-31.541535246091172,27.804936153674475,539.3345168151765,26,29772.548929373803,1.6609494589764027,2.5106524391463405,1.468930603830952,1.821454427699247
4,-12.690063766139929,-48.28255193269911,1451.2501718164249,26.0,27197.733633041287,-17.364841731863947,-41.72359330381656,1426.3412426627845,26,31286.839565217568,1.6583621396067998,0.4201038619233955,0.2935810418988912,0.9473025798267896
