Detections,X,Y,Energy Per Nucleon,Z,Height,True X,True Y,True Energy per nucleon,True Z,True Height,Phi,Epsilon,Guess Log Likelihood,True Log Likelihood
4,-35.41298533454011,-22.072721950337154,1088.1897475868843,29.0,41524.91325556258,-41.96536567687812,-10.091718571583584,1080.983485621254,26,33717.395007401385,1.4327701652946143,5.256987542507142,0.9777670640835003,6.195391314943761
