Detections,X,Y,Energy Per Nucleon,Z,Height,True X,True Y,True Energy per nucleon,True Z,True Height,Phi,Epsilon,Guess Log Likelihood,True Log Likelihood
4,-52.698124444469244,100.20883892722696,1059.1914800580016,29.0,23268.721229109316,-34.788030592702555,103.82319491045357,311.76151656400975,26,19871.665657863257,1.2260100159394065,5.929258267900401,0.009442369092398184,0.49286454064890256
5,43.96613995491418,-44.86347438404758,1048.3594743124218,26.0,18252.163621150357,49.986729381401716,-40.528044204497746,307.5598306510392,26,18144.939161094186,1.4575772571915442,5.608887771015844,0.019682449001212896,0.33303552880205656
4,-28.301742240985277,-38.969438022352165,472.1728166815517,26.0,29880.59573038022,-43.36280348444704,-33.81409860613256,471.6793457883207,26,29915.53889221516,1.7859562169192766,6.049241967688589,0.4026813827425957,2.1518336281128896
