Detections,X,Y,Energy Per Nucleon,Z,Height,True X,True Y,True Energy per nucleon,True Z,True Height,Phi,Epsilon,Guess Log Likelihood,True Log Likelihood
4,-35.34435942949625,32.99382401027606,635.0966000425551,22.0,27496.599194067116,-40.54791924635451,35.37126147655306,627.3452168401367,26,29403.446998697724,1.3147828617184023,5.529045874378125,0.5528402098362896,4.139265902477726
5,39.70304309368589,5.870929582604049,666.3338198381081,25.0,30920.34219639949,30.836335641349933,-9.078602641776115,672.7011213265353,26,31264.52809142797,1.9182698990634812,6.282899580982114,1.2526505628179354,4.746131094372082
5,45.53743593293632,-75.33466411697006,941.4103808291853,29.0,24570.84558301352,40.22377324230098,-83.42505397466391,970.5151078213531,26,25129.245755849028,1.88814779936393,0.11950484482195212,4.169876805941764,23.61479052736983
