Detections,X,Y,Energy Per Nucleon,Z,Height,True X,True Y,True Energy per nucleon,True Z,True Height,Phi,Epsilon,Theta,Guess Log Likelihood,True Log Likelihood
7,-29.50267252621751,11.041860568421669,309.80263122058074,27.0,20180.81477404863,-33.030968465975235,10.992222432416412,301.59379087090923,26,23834.96968566483,1.2329029297544063,2.085519266074207,38.18279789695623,39.91644645816439
5,-63.897079458782,33.91444090280663,353.3891464244922,26.0,25720.07024381023,-64.75222417597493,33.99460609876783,374.9400707388178,26,25994.150059852433,1.6778758700504424,5.185330299774369,34.08872719611091,34.85362467925256
