Detections,X,Y,Energy Per Nucleon,Z,Height,True X,True Y,True Energy per nucleon,True Z,True Height,Phi,Epsilon,Guess Log Likelihood,True Log Likelihood
5,45.190176661975215,34.61117079680827,537.2645700874634,22.0,28562.750972186783,38.433936475222595,42.439684044964594,554.6318867330949,26,27835.447289051,1.6195939911039,2.8728562012159675,57.98537018928321,61.34752595596528
