Detections,X,Y,Energy Per Nucleon,Z,Height,True X,True Y,True Energy per nucleon,True Z,True Height,Phi,Epsilon,Guess Log Likelihood,True Log Likelihood
4,2.7095553826743526,-55.03834613657716,470.40689311336655,29.0,30746.4506812635,-6.575632315241052,-65.1811281116712,476.974225318398,26,21575.37227774477,1.4805915423315485,4.597557221109387,0.8530070617698979,4.305209839862771
5,-23.979247600597944,-32.17471442714026,730.241433754418,29.0,36304.106797003034,0.970465301655338,-43.83083371898073,759.4249188785317,26,33608.67153907061,1.9201036856163956,0.37674930326213796,2.0337531323693505,6.653529480824228
4,116.44023535665741,-41.24689842522946,419.33348045941625,22.0,19849.454950545052,91.17190690016227,-9.1101430004137,416.6918591318283,26,23945.977456573117,1.8342850474690122,5.76141521246517,0.6343014999144894,6.6322105680253
4,34.84499169008859,-66.92731971144923,487.53004082831245,22.0,24500.872114601618,35.921465706741856,-67.80602924386783,352.0531382268054,26,24683.062647484465,1.8164371428028492,0.16966631547512678,0.04399107976717274,1.766568001630211
4,-1.7079960701332766,-83.69594967196844,1228.7082582785974,29.0,36670.990281246835,-35.3748374503904,-83.00077791036512,1480.4913414799948,26,31289.031169555285,1.662399285954062,1.7093688656695292,0.7061964046863257,14.30702725686143
4,-42.65782893590966,-22.8427379667865,545.2742792573165,26.0,33984.40013977463,-12.145985543110129,-33.49552052378061,556.2463260510273,26,30729.79704041936,1.6899237634953554,5.874038821115285,0.5262440567881341,4.760182134834776
