Detections,X,Y,Energy Per Nucleon,Z,Height,True X,True Y,True Energy per nucleon,True Z,True Height,Phi,Epsilon,Guess Log Likelihood,True Log Likelihood
5,-18.786635065382598,1.510076708801705,603.5375317661885,30.0,24233.134626176627,-18.69414836480732,5.466334982686874,616.0129470656625,26,23999.264843843986,1.92928044075117,0.6725777145848794,68.28523135951309,71.0487490240768
4,-91.2356668356484,-4.64441217273594,735.4244861188527,29.0,28872.23058940628,-124.64798483431254,-20.36461515888459,821.5450722453534,26,23199.621525228777,1.9400098453912389,5.395851892201484,62.54940140000761,64.24187693191328
5,-73.88509675367243,-31.719384377076324,582.2417333880132,23.0,25438.623722235552,-68.9828474273807,-35.528981787376864,604.2420436274841,26,24981.854515377843,1.917297543154961,3.957074070933644,63.65901557564902,66.76237637139408
4,-1.1089147868621012,54.67138751715612,1842.5028496255165,24.0,29806.338895631176,-3.8357094334354827,55.124180921340724,1931.451079635538,26,31810.933253893043,1.4807561360178503,1.1192442722398077,70.60730345296207,71.79720117670097
