Detections,X,Y,Energy Per Nucleon,Z,Height,True X,True Y,True Energy per nucleon,True Z,True Height,Phi,Epsilon,Guess Log Likelihood,True Log Likelihood
4,44.378456229537164,-133.53271561924214,448.8732593473685,22.0,30631.817585079007,17.935998005825866,-33.25002005248011,427.7045316329534,26,29954.348812844146,1.943593539632687,0.08579649830371198,3.3070914091994696,32.31339149377597
