Detections,X,Y,Energy Per Nucleon,Z,Height,True X,True Y,True Energy per nucleon,True Z,True Height,Phi,Epsilon,Guess Log Likelihood,True Log Likelihood
4,30.062581422183655,-29.029724106046274,504.6126389234609,25.0,24998.13176231605,12.97663186311047,-36.81663566437845,319.182973482175,26,23742.358605325528,1.4735461324748325,1.8550215806001142,0.005647893761364515,1.9305182959996494
5,-104.88668978503145,6.517273784144493,1016.9150786871259,25.0,19536.761664341928,-83.0637833277393,7.30571956748696,958.4352641157383,26,23872.523683108826,1.5367984193897373,0.8436546498491753,1.3919240763458194,3.2227258621641983
5,64.28719871961061,-41.166710532826585,566.9550981299013,29.0,24119.019371747618,66.70273605009112,-40.608012854777215,564.8720751054403,26,22133.44726757831,1.8232175431894746,4.197971179282937,1.1968479727499461,2.494879479386133
4,86.51849149345321,69.44662166430675,1090.8293310569497,29.0,30485.274114991964,84.26023428252358,43.63710469920733,1091.5708712533497,26,31772.7028391074,1.2198455843056468,2.1745292219722074,0.8720286468660161,4.671633220638873
4,-37.0366194506704,-44.72781642429359,654.6513752114812,23.0,26658.895108993274,-41.051594879143494,-43.20074589998168,667.8233937885277,26,28192.300769749203,1.3850375665776997,3.3381419916736808,3.274287890348221,4.111177802139789
5,-18.464909945049556,-85.51946455661601,758.4243241757606,28.0,28036.358768128695,-16.88484487054663,-65.59459374314018,708.3656455275028,26,29747.938575013763,1.2034637250058131,1.754799043995439,1.9720645481728396,3.1712035271197174
