Detections,X,Y,Energy Per Nucleon,Z,Height,True X,True Y,True Energy per nucleon,True Z,True Height,Phi,Epsilon,Guess Log Likelihood,True Log Likelihood
5,-50.29585369294256,10.506361022135877,943.9513941167975,29.0,31715.259401971307,-47.24053183764532,9.168637145879956,945.0085848257613,26,30214.48896521305,1.4429970284766018,4.399075577793601,0.922307477483127,1.4295748463323776
4,-40.494241967437915,-17.570065390260197,1018.1035673266398,24.0,35569.044789462365,-25.92884599363707,-25.395316174631745,997.2610114306198,26,37250.09161729635,1.3327382061051145,6.123660953146103,1.9420756686577945,4.297426775052218
