Detections,X,Y,Energy Per Nucleon,Z,Height,True X,True Y,True Energy per nucleon,True Z,True Height,Phi,Epsilon,Guess Log Likelihood,True Log Likelihood
4,23.37203189071016,-51.62553463924826,2566.0206070708005,20.0,30035.727158169473,24.70636250408822,-54.36881301687225,2341.0173691025175,26,30396.004538543013,1.8742675581686534,2.320865956950847,65.3845445823157,69.94742293694219
4,87.44576722352906,-11.897805809219165,512.2849346894127,23.0,25374.967375606968,104.57412110221068,-36.89876626771533,312.7329140671232,26,21935.142720571963,1.5891323161064506,1.618430696164111,20.77659089531581,23.24098641904031
4,48.90381736296416,-12.824417214023981,1457.7575283847066,32.0,36182.19275634446,55.26536790011562,0.013983952371404484,1465.5570376124192,26,33074.313947968854,1.8426649093101735,4.476689231134746,69.18415738291671,70.13108236450837
