Detections,X,Y,Energy Per Nucleon,Z,Height,True X,True Y,True Energy per nucleon,True Z,True Height,Phi,Epsilon,Guess Log Likelihood,True Log Likelihood
5,100.85807699491755,31.7633030908425,1448.040134912478,22.0,28213.268628160076,42.40274988088436,32.877446627623016,1157.2522171503613,26,31494.504558094417,1.738336011082676,4.803266199655518,6.223968073225683,18.708110339140003
4,4.658350338614298,18.55395020366268,503.0203936365793,28.0,28969.163694776318,4.538284460731319,18.349059971641964,513.1043033492199,26,28474.442376506737,1.4271281274970655,2.6856468172048236,1.2346604025721304,2.645752536228684
4,83.0689959682432,27.847035306144278,496.0353351354112,25.0,24208.2071097011,83.48066753669329,18.856839162794074,310.39979190847714,26,23095.245155708486,1.8572624449305377,4.2374471958442355,4.843156648995538e-05,1.6162455873963044
