Detections,X,Y,Energy Per Nucleon,Z,Height,True X,True Y,True Energy per nucleon,True Z,True Height,Phi,Epsilon,Guess Log Likelihood,True Log Likelihood
4,-30.059992256552164,97.57388939642937,724.6885219689461,20.0,25001.029945742055,-34.383883842596845,87.7781854419045,343.85567038649094,26,25868.436365793845,1.2947851156573567,3.013974342854186,21.624940876655643,27.57527016320406
