Detections,X,Y,Energy Per Nucleon,Z,Height,True X,True Y,True Energy per nucleon,True Z,True Height,Phi,Epsilon,Guess Log Likelihood,True Log Likelihood
5,37.142359893582295,12.670730172210313,471.8815196472157,23.0,26168.485896931157,41.63532760436317,19.89812136703563,473.7479575927303,26,25931.646074934455,1.722576349559883,4.352298068255792,60.01050488283188,62.1598523073594
4,-27.855752863738076,-0.03796535033342252,2520.023637280434,25.0,33850.35653791802,-34.32266154300254,-3.6725735311807455,2563.068001522492,26,28587.62831410972,1.5950852406183877,3.937702957839537,67.76379881082477,70.90386900774337
4,-19.193673050789243,73.14989711761592,344.896196277384,20.0,23432.553335880242,-53.51184881419617,45.89151726249514,355.7004392498324,26,24549.518751275664,1.7749005664575497,0.3183379200708526,18.929587568584886,23.837544681187637
