Detections,X,Y,Energy Per Nucleon,Z,Height,True X,True Y,True Energy per nucleon,True Z,True Height,Phi,Epsilon,Guess Log Likelihood,True Log Likelihood
4,-37.9212799119876,26.026197500596368,295.59176733536947,29.0,24086.078922342676,-13.48514936408921,-1.3497887692894608,244.6357006048041,26,23940.37596132173,1.3042362203415168,5.575524866157803,0.0013101663836635935,0.48518269485425003
4,44.81962327726751,25.671140202894378,270.63803367369576,27.0,23605.484093128714,47.44082635455098,21.389994709619913,268.97176103755965,26,24026.879369827428,1.2105555908345733,3.733375259117367,0.005845083965639068,0.16568499702556924
5,-29.559320303163304,29.801485067112196,816.3318826708156,28.0,32143.633503482233,-28.713171721601753,29.192697519159935,808.9292920594952,26,31111.80030914368,1.8093220615645886,0.5751971031839611,0.37827423104826224,0.6220205932866161
4,123.85247201559275,-31.700319395947133,422.90048433745983,22.0,19803.71211707184,57.698692749144215,-18.309866683115047,413.8172244676633,26,23872.83867109972,1.4971589528623233,2.1441442770594255,5.47948429021962,11.282818357930065
4,39.46814235294505,-56.21267699487146,1780.4003201662874,22.0,34089.88634199882,45.63481743791132,-75.17309708398439,2251.5288953485547,26,32711.368223970196,1.8791996051009072,4.970377151807632,0.9817570446799458,5.407220717945557
4,17.990466911483338,-73.47400685823285,907.8135318947508,29.0,33966.492299500474,15.537427853228024,-55.91089207939166,837.1442166973994,26,31378.532182520405,1.442028999062638,0.512061556121539,2.232449396078691,4.584915547591292
4,84.68945869542921,-34.70173529804549,866.5378649046977,25.0,27592.306631288877,85.31047580317735,-43.753073249570505,887.3307843549994,26,28000.086274602356,1.842281492555334,0.9202662877536519,1.299745741718028,1.9293275955960307
