Detections,X,Y,Energy Per Nucleon,Z,Height,True X,True Y,True Energy per nucleon,True Z,True Height,Phi,Epsilon,Guess Log Likelihood,True Log Likelihood
4,-32.85826876201554,15.05904690830397,261.0146171054218,25.0,24987.98576572979,-34.48411806530446,21.236032629950984,252.09891496725476,26,24560.769824630508,1.708459888299835,0.5558834197028399,19.466677194388634,20.236842004751836
4,-83.69964199991381,-29.153439247172003,2541.90771245657,22.0,27359.820344531,-73.1692797102296,-25.0992568640022,2308.9753802101473,26,30602.917783182416,1.2434104965005488,3.4717577228181566,67.53653883769178,68.76271062061078
