Detections,X,Y,Energy Per Nucleon,Z,Height,True X,True Y,True Energy per nucleon,True Z,True Height,Phi,Epsilon,Guess Log Likelihood,True Log Likelihood
5,-55.23904579284701,-6.499843859975442,410.9255035429825,28.0,30278.486638911465,-55.41739317694774,26.424822744441883,412.07199212058396,26,24760.393810421756,1.2530274233755982,3.177276570335749,1.2966629189075831,26.346132749446166
4,166.7425790788604,43.43371006921899,1949.7941100518078,23.0,26904.911457910937,107.17952215711892,39.6829173255384,1107.8782759617393,26,24224.155330255508,1.2090362023090828,3.6187348650660285,1.9621480654456733,4.266879573883641
5,-26.521737648050532,35.494495590506574,709.5445177331036,28.0,37945.88283053744,-11.10324507420981,28.70919965542231,705.9780097131655,26,25959.575576594227,1.6093656987144647,3.471402113428671,2.125805094879837,8.851849784690224
4,-48.93815331426174,-6.862157873472427,677.3772619860845,26.0,29830.0846712075,-58.27677487197943,-4.8987530367247984,737.5264710262824,26,31463.821980163455,1.4027322359162864,1.4364605629844256,1.5324177163611519,5.105349126086985
