Detections,X,Y,Energy Per Nucleon,Z,Height,True X,True Y,True Energy per nucleon,True Z,True Height,Phi,Epsilon,Guess Log Likelihood,True Log Likelihood
4,42.663598874548484,34.11821081833483,318.4974443114014,23.0,24069.650863546623,35.07584505778016,43.35087273452743,338.01585844599384,26,25370.93665284388,1.8223353396568964,6.0221804316935375,19.419828678082943,20.250425238311013
