Detections,X,Y,Energy Per Nucleon,Z,Height,True X,True Y,True Energy per nucleon,True Z,True Height,Phi,Epsilon,Guess Log Likelihood,True Log Likelihood
4,16.02297118041804,53.91032920654027,342.8096307412679,28.0,25078.142718316318,20.219839129216922,60.57783126630247,355.43786206387097,26,25189.400032174817,1.5133806125515585,3.223567900960824,22.045302368853733,24.562051442785325
4,7.3638051375678515,54.40985532827494,1963.7401308758076,23.0,25883.40332335045,16.111151537191972,45.99836747050742,1766.1506111298445,26,29600.8049006898,1.2996111980318097,4.518305201295714,70.14574968442685,72.69973690019832
4,-16.232259018171078,-45.90934631879915,796.431770076224,22.0,31000.027279986956,-19.79488636029376,-43.25459040849266,756.2881266901998,26,31164.210402201697,1.8899447118346635,4.949824468459298,60.31063884176609,63.36320208750048
