Detections,X,Y,Energy Per Nucleon,Z,Height,True X,True Y,True Energy per nucleon,True Z,True Height,Phi,Epsilon,Guess Log Likelihood,True Log Likelihood
4,77.68195820755614,69.22035437612118,794.7521567938727,29.0,24287.804961812304,65.64715828127376,41.10115072634747,777.8019449598906,26,29050.9653839795,1.4964450088491223,4.605746388301023,2.6550687838053677,7.475346260258485
4,6.735900066348336,-22.37364370058401,411.4600163150544,28.0,28316.585318552112,-5.6980660610510085,-23.497710005753348,411.4387191701484,26,25973.20747012494,1.4140404664866286,4.066512188658459,0.33085708559123417,5.5268208738342
