Detections,X,Y,Energy Per Nucleon,Z,Height,True X,True Y,True Energy per nucleon,True Z,True Height,Phi,Epsilon,Guess Log Likelihood,True Log Likelihood
4,-45.32842939871688,-28.595376653937763,1117.941713560765,21.0,32160.439608281486,-47.67952664731726,-34.0293944251722,1074.2847641614587,26,33684.08982279345,1.9363229181661508,3.2609452491569946,62.70831064639207,65.43088110225501
4,-62.02883555052895,5.454926518675734,553.3239449763166,22.0,26453.882343255602,-46.319355157419395,20.70518288709266,524.164093746034,26,30309.02685272869,1.7607392506069641,1.6612365450101452,59.31284174284155,62.76581580936026
