Detections,X,Y,Energy Per Nucleon,Z,Height,True X,True Y,True Energy per nucleon,True Z,True Height,Phi,Epsilon,Guess Log Likelihood,True Log Likelihood
4,-37.433132822645234,-119.87016420536057,765.2037789168438,22.0,25275.399276488788,-26.617927425156623,-113.76339283895595,752.8834578208284,26,25997.754423917922,1.1890268050777668,4.54638067487902,1.634302961667617,3.5137645454026125
4,-45.67330070718148,-3.672012314643837,609.2038717694102,28.0,34303.46356341551,-59.40719853286595,-15.537590727869627,613.4402274904403,26,31290.027781531935,1.633955861250856,2.3783088457462735,0.5287383966859247,1.9113895341286349
5,-1.4194262354907323,19.88281535816202,304.9926495409444,25.0,25008.45912294042,-1.3511554011172109,19.541670819085454,383.63635724810797,26,25715.987064846362,1.373134624987444,5.679890400641736,0.023956810034611923,1.2897352511611913
4,28.503018673502083,15.331018373775066,277.34324034356575,24.0,22367.216018467057,42.9061262252101,19.146507305765766,355.7024660478515,26,24577.47814597638,1.7478639452311162,6.208008808406177,0.0012672056646865879,12.37407591553562
