Detections,X,Y,Energy Per Nucleon,Z,Height,True X,True Y,True Energy per nucleon,True Z,True Height,Phi,Epsilon,Guess Log Likelihood,True Log Likelihood
5,-195.25074972045732,7.198177875406714,703.0334246940672,27.0,19812.165658714475,-105.61076480142924,19.86144703185977,566.8274156421594,26,19616.931934518576,1.371022267177797,4.404577527235477,3.135040722372082,8.50120191639659
