Detections,X,Y,Energy Per Nucleon,Z,Height,True X,True Y,True Energy per nucleon,True Z,True Height,Phi,Epsilon,Guess Log Likelihood,True Log Likelihood
5,-70.31343175907702,38.08938258800714,645.4301603859142,28.0,38064.7892890168,-32.20591870709012,19.879092789733875,639.6617832529189,26,20566.314991958643,1.3572189337123108,5.103987675108602,3.686430151308147,15.859119945053434
