Detections,X,Y,Energy Per Nucleon,Z,Height,True X,True Y,True Energy per nucleon,True Z,True Height,Phi,Epsilon,Guess Log Likelihood,True Log Likelihood
4,58.70228692658236,-4.1473289694500295,728.7877393972423,27.0,34749.18964612407,51.43919523103034,19.26330626269211,737.4919259519364,26,25422.896973957024,1.903625849036102,2.4017961949577193,1.8975271351213903,5.755828665044712
4,-2.144943248906486,-21.4157132882022,685.8719402450463,28.0,31474.460008406022,-5.069683890642779,-21.468331538082566,694.3866728245961,26,33005.877811096616,1.8716734461148317,1.6909355716314902,0.9658252890515757,1.2005683584108102
