Detections,X,Y,Energy Per Nucleon,Z,Height,True X,True Y,True Energy per nucleon,True Z,True Height,Phi,Epsilon,Guess Log Likelihood,True Log Likelihood
4,-10.65247218309247,31.977706031112803,2138.2502764078854,29.0,40056.05679165214,-18.19962468205017,35.93318544134394,2414.1804989662055,26,42389.13475201384,1.2522448742709045,4.832080995821683,2.1020232019740104,3.939378161828082
