Detections,X,Y,Energy Per Nucleon,Z,Height,True X,True Y,True Energy per nucleon,True Z,True Height,Phi,Epsilon,Guess Log Likelihood,True Log Likelihood
5,-17.930702449496607,39.82712253246382,1898.2975033696423,29.0,43292.50177953906,-18.903429304825323,55.831585848970974,2281.6761356949723,26,24103.54870808453,1.8243082801659898,3.2333264366195307,1.230376856794036,3.9212972622363806
4,-56.522990422702975,25.348076115433855,3211.810951874649,29.0,38958.110388488785,-41.27084634440445,31.33936881140616,2758.345966951985,26,31754.470288759218,1.552750256516028,4.254217213437683,1.1977119615500147,5.148934182775372
