Detections,X,Y,Energy Per Nucleon,Z,Height,True X,True Y,True Energy per nucleon,True Z,True Height,Phi,Epsilon,Guess Log Likelihood,True Log Likelihood
5,-16.26750816427449,29.049983148088188,286.89753571095105,29.0,25304.175840400676,-20.44321405497459,35.861090894364594,287.89393714044616,26,23980.499630265935,1.6131101276793791,0.4872020826050616,0.016508950601492118,1.8302022305029573
