Detections,X,Y,Energy Per Nucleon,Z,Height,True X,True Y,True Energy per nucleon,True Z,True Height,Phi,Epsilon,Guess Log Likelihood,True Log Likelihood
5,-30.998452575640783,-31.137124347682743,1142.5894963763767,28.0,26149.949025922677,-25.620590466596198,-31.946868215513973,1169.6784168549382,26,28494.85146173978,1.4679829832936568,1.5899647257326126,1.0105193162956432,1.9507289043166658
5,15.076417584662067,12.35126638283549,704.0081773654294,26.0,33683.0941892265,17.24089480263399,9.725462389224191,733.9931928550419,26,34959.26176827077,1.7234528772649444,2.740204224076617,1.7904904279093679,2.9066218871956586
5,1.2180912151688972,-47.40117487985319,1956.093678028782,29.0,37786.6499231225,10.686524868995718,-59.75401050262505,1930.070336649644,26,23376.59523225205,1.462450820216603,4.687637523605511,1.7394286170902529,4.044006721506502
5,-3.8419295450955246,-21.78218577709697,890.749442889108,28.0,28400.594754725797,-8.797838360926136,-20.556751249382017,940.7556939285613,26,29088.37435373105,1.259665949213404,3.6692748084610485,1.1253429965362018,2.6728129553782445
4,-16.74033355513575,15.683085200361973,814.6086988691779,29.0,31158.13031323965,-4.779728557312154,24.76293155211374,869.2618694068503,26,32353.25132563679,1.798079107701573,3.0603421043755072,2.518264274794966,6.068723914203683
