Detections,X,Y,Energy Per Nucleon,Z,Height,True X,True Y,True Energy per nucleon,True Z,True Height,Phi,Epsilon,Guess Log Likelihood,True Log Likelihood
5,-0.1416846852018807,44.27025484727693,476.2075264221072,20.0,28184.535514696196,-21.15881380611171,38.65639880784681,477.13209767172884,26,28912.241751497822,1.3770739615161804,0.7922066955943234,56.60072892021161,60.54891628347988
4,-33.3951364781675,50.86422305335543,3570.710885976307,23.0,37105.86318965297,-31.016058067339557,42.174061521135854,250.14021081106063,26,24742.77635803148,1.231772306820363,2.4533403781878396,18.452094738918905,20.529162463357068
5,18.464850292572407,-16.395263072455805,424.8607750577487,23.0,29074.030821510918,20.63056493748539,-20.492276846004813,425.1876644531703,26,29152.34507545266,1.3563056509337057,0.851260682413107,56.105885933042956,57.88241582454746
5,8.718891494845309,115.98081677315258,853.1487014672763,23.0,17854.113116822504,-6.136327197447173,103.63810039021661,805.786854739797,26,20741.98985133776,1.9321869774896887,2.273873973581563,70.131027121575,71.71806693190388
