Detections,X,Y,Energy Per Nucleon,Z,Height,True X,True Y,True Energy per nucleon,True Z,True Height,Phi,Epsilon,Guess Log Likelihood,True Log Likelihood
4,103.12329847895074,23.45202979378331,843.6900655668384,26.0,26769.36888595792,63.437280665167265,8.025720438991186,704.0493128494918,26,29001.746479370842,1.4698096841141806,2.741211840138158,0.3195683091479382,2.413858850228831
5,-32.291814296579105,73.18286047050304,1375.6554964147736,22.0,28164.736028348816,-36.73885481762126,65.84934146066311,1385.9548313257367,26,28176.676074662806,1.7674077687505583,0.45835747909826197,1.6978635596332277,4.667889467030483
4,30.544254163576568,-30.115555075142538,277.2176724046735,28.0,25010.61222781578,26.734373558644307,-27.74415707457834,279.35377752652965,26,25154.3981321502,1.2286878887849904,1.6315039372217341,0.003129570779770521,0.4659929584629311
4,-30.948351586437013,-13.493594422999706,300.65203446244294,27.0,25040.084752568087,-45.37627527671613,-16.48656240723909,233.23769740898967,26,23035.59126605643,1.8010589080865664,4.162468983262839,0.0033102371484914203,5.178894388183679
4,30.404563809475576,-2.1062131974769613,891.252411783733,24.0,22653.27638451712,0.991436057664032,28.243284423932607,373.4080169188624,26,22514.294646944098,1.5788128518386955,1.1525139684399335,0.00011440997330267767,0.9863657135239957
