Detections,X,Y,Energy Per Nucleon,Z,Height,True X,True Y,True Energy per nucleon,True Z,True Height,Phi,Epsilon,Guess Log Likelihood,True Log Likelihood
4,101.61159019022324,-34.90409706852466,1340.3893394893423,23.0,30377.49998162148,86.9269395650723,-41.55901448353892,1392.5801844203188,26,30102.21454364235,1.1971882985263065,2.8899446815770036,5.504882287112146,9.814749473902182
4,119.4562012460392,-83.6802250430876,339.84396750454243,22.0,20566.0428138167,104.04809621437954,-63.06999312853185,284.16887976732596,26,21895.63829604764,1.3626849948976818,2.3313991948332515,0.050041920500168216,0.876014622814966
5,13.064808442326807,-31.511998451068678,534.6593196909623,24.0,24970.845321874614,8.884467987450165,-29.98460923131799,382.632400672625,26,25748.421008637837,1.3580099172192392,3.647771850942612,0.04840712159894714,0.7343810104629436
5,31.41608470350417,52.18191572491634,1433.683792879922,28.0,45725.87557027915,3.7183220413547815,33.21659710572587,1458.3376846752017,26,28817.52671697747,1.6292372429218536,0.1998581705985657,8.02062710032666,20.267000805987628
5,-33.30231557760624,36.887597088704126,475.3788210154571,27.0,25557.897660212588,-26.94352175164677,47.964311586584614,475.37774170042786,26,25422.00578320197,1.6683494536668388,1.5495400606263523,1.1817487312435524,1.9306649024516154
