Detections,X,Y,Energy Per Nucleon,Z,Height,True X,True Y,True Energy per nucleon,True Z,True Height,Phi,Epsilon,Guess Log Likelihood,True Log Likelihood
4,-27.905190738460135,37.36880287371616,1085.007988472908,28.0,41523.5647248015,-22.516626992720106,35.93312248326313,1191.771366450709,26,38270.996217216976,1.939006179393543,4.432332833603655,1.1018244025498114,10.170004176570455
4,-52.31982181475021,-107.32318503366744,454.8138627246289,28.0,27040.693369397144,-14.31591243069363,-44.34958691046231,434.34957212080815,26,29978.42720774385,1.2817014133092322,1.4078128886766421,2.4982623630932377,5.181639585050947
4,-31.86519177745339,-34.29569433139011,873.8351735193069,26.0,26748.32692857425,-19.327820855573606,-39.02314413143077,902.2406985984427,26,29504.08441995158,1.4949143050730331,3.639826423226254,0.8732230727464816,3.0651225801183206
