Detections,X,Y,Energy Per Nucleon,Z,Height,True X,True Y,True Energy per nucleon,True Z,True Height,Phi,Epsilon,Guess Log Likelihood,True Log Likelihood
5,31.846801540010745,3.204361675336088,478.03620828190935,29.0,29528.767731568012,28.54655083260525,-8.258895325204122,479.0067960651005,26,24762.86206829539,1.6377765810701583,5.5604546749319566,3.017332246958252,3.9008487388209776
5,62.52658341262543,-11.898756869392457,480.9072840653464,29.0,31055.328021039175,52.39418409550407,-5.363438186053202,477.43751768313604,26,25105.557574349412,1.289070427624848,1.7509096761779097,1.861968886903842,14.017727272609589
4,-77.60533195356032,29.05558360736069,350.2532572349497,28.0,24739.020048034123,-75.17922891183473,33.09412835150533,367.68181104541634,26,24798.392379764544,1.700548998214645,5.281052624562535,0.00023194509460632218,0.7561584794179972
5,-2.7900233815146294,-24.925178545121526,2400.637757380821,25.0,29056.317237503656,4.769636051399743,-24.224672803970364,2263.845395813021,26,30716.023771751676,1.2861399742984458,2.0835835469431916,1.4081114559209553,2.6843729465984594
4,64.19055547828276,88.80905134887087,427.3944674436915,29.0,24964.24814562097,63.00951741924078,88.55530603195365,250.60198499213516,26,21904.68251025676,1.3331375997265749,1.2689089749006495,0.005745640793692572,0.34703896321107736
4,-6.652514872056543,42.061671516921365,1644.6974722155533,24.0,38807.768177095684,-20.23281347581576,33.725585223464634,1380.5811604703633,26,34424.30726873291,1.530649772769787,3.9998626513731086,0.6476653557899308,6.674715962864805
4,26.666173761169432,36.773841917067216,394.20050651951135,26.0,30519.779861288298,30.231940847444008,22.244002568950208,394.2108417338707,26,30322.854246396404,1.85092520185306,3.625551484939386,0.5184398219615334,1.136716997639373
