Detections,X,Y,Energy Per Nucleon,Z,Height,True X,True Y,True Energy per nucleon,True Z,True Height,Phi,Epsilon,Guess Log Likelihood,True Log Likelihood
4,-51.66636032835788,15.914750294950693,2808.725696929241,26.0,28547.404874630913,-45.089412191300084,19.976355311237143,2598.929794086911,26,32812.65369848774,1.3622696122286324,5.567492634771308,0.9869194181852927,1.8016316433926467
5,-5.956806135716818,29.215851316753458,258.7640333318437,26.0,20847.271343112996,-17.097303719521193,26.026333330954685,321.7977272359849,26,23380.33679154914,1.4678968837393802,3.351358392513027,0.002900862440474746,0.9808602262768747
4,17.89839085167597,25.380784904139432,640.0474853934038,26.0,29961.433141368765,29.58447863287077,13.501563353720172,650.5327975794069,26,31448.435871857993,1.502036385390534,3.48241000295844,0.6991423240883872,1.9616505743184274
5,25.129649926501997,-1.1279710112705175,991.7783311583082,27.0,30073.412546728472,26.611105224695933,-3.547417950463597,1024.341717863286,26,28900.707427156856,1.895670466943656,2.796600944974526,1.3188630356004327,1.7489233193853964
4,73.46683879883585,-74.55018938943871,428.10784613353826,22.0,25000.38878591102,75.39005623660702,-75.65868289304409,277.5278717571862,26,22291.549306408626,1.5687825786538545,5.461698299671105,0.1828747689802354,10.77108279097634
