Detections,X,Y,Energy Per Nucleon,Z,Height,True X,True Y,True Energy per nucleon,True Z,True Height,Phi,Epsilon,Guess Log Likelihood,True Log Likelihood
5,3.847652165853333,17.869077676481254,531.3936946561507,21.0,29092.560442900485,11.553861534616658,13.596659233663559,545.5796750892414,26,29874.365442613765,1.2768415984400607,0.7691711327256827,58.469992317184314,60.9794406080535
