Detections,X,Y,Energy Per Nucleon,Z,Height,True X,True Y,True Energy per nucleon,True Z,True Height,Phi,Epsilon,Guess Log Likelihood,True Log Likelihood
4,50.15504789204118,-24.819304875411433,660.025871384235,26.0,38344.06183553082,58.80051340747039,-39.73948202119274,678.6614396777287,26,30410.13165823459,1.7646883084127758,2.968583313503137,0.960653221325157,1.7218169752095536
4,-1.6967672889923051,108.56895027014184,1284.7878993319662,29.0,25241.878788066286,9.875522269896805,134.3483438606736,1503.141494494988,26,21069.584508497737,1.238182363194232,2.1997495482994,0.4100843829488077,2.7180198305361953
5,12.425051940596234,59.008740538648965,620.5086005353503,29.0,34178.167405973305,-0.1521537371176862,78.24020748262811,640.4406871185593,26,24938.855619104772,1.5223504900878164,2.704920310140822,1.503409137950834,2.952707315625136
