Detections,X,Y,Energy Per Nucleon,Z,Height,True X,True Y,True Energy per nucleon,True Z,True Height,Phi,Epsilon,Guess Log Likelihood,True Log Likelihood
5,-106.31072364587209,-51.083177070517905,716.4086529669664,29.0,23993.78806906355,-66.7886445527899,-13.48220169868597,634.3415531858825,26,29682.54128036836,1.3453065852848805,0.6786940544648232,2.8009886803573143,4.837743541263088
4,35.262782212779086,95.53504748048886,721.6385370170967,22.0,24731.38095064955,26.95081367960924,72.08796403427803,677.641169894205,26,28332.14505663069,1.5577429123199258,5.386659872310484,1.220903116249258,1.7939679757235598
5,27.846332951913837,-5.61128016024611,693.4149590923512,23.0,24615.25988066257,-8.70014342590082,23.668090480129337,752.946911045423,26,25719.29592416032,1.868681217223996,3.0549899574744392,2.325089636204631,18.900192703727633
4,-104.74940729370678,-32.89517535256306,1991.3628257051314,22.0,43848.80394126923,-73.07355479087974,-38.852417614725894,1398.7156077825084,26,31900.809708416706,1.7886081601046264,5.21392556785517,1.1138564867078287,1976.5583343668443
5,49.897818887066364,21.431668103196785,302.1471582358398,22.0,24658.66014918387,48.372174684562566,27.523671976816416,302.3989854112545,26,24092.9411336473,1.3932693268328797,1.556437319418964,0.3656940558894815,3.20791702664311
5,-87.90501898550224,-15.831359073599799,778.0715264156498,24.0,31372.698661333485,-50.161763262255576,-18.423314684393688,715.034467143646,26,29866.92862525495,1.8177594124557486,2.0681713559640973,0.8373470921007928,4.89764305784178
