Detections,X,Y,Energy Per Nucleon,Z,Height,True X,True Y,True Energy per nucleon,True Z,True Height,Phi,Epsilon,Guess Log Likelihood,True Log Likelihood
5,-7.381578942165049,77.97925611715249,1541.1501262635038,25.0,22709.55061263604,-10.233070889227207,70.93580375319033,1492.0472839317463,26,22939.47156501338,1.8332514903733372,5.631590350028743,0.6718359882526432,1.1024770092382625
5,8.201377230609296,53.35022283386769,939.1081457721533,26.0,25095.80308780384,9.603182602311762,58.56703670276994,874.4077593104348,26,21906.94602949249,1.2563602961223717,3.536082017031169,1.024835118802394,4.0183250349429205
4,-60.63119894980133,-17.39496939257623,302.8461486467537,29.0,24466.308153912225,-71.99467754193418,-20.617073302632093,347.0865407615097,26,23985.231280586788,1.8265308881888018,1.1152313398714344,0.03290067562882405,0.6145429684547723
4,31.3043122226116,-41.03932451668243,935.2141473792063,26.0,26668.22031257554,39.85150687233639,-32.18300939630657,900.1827045811981,26,29436.939601814036,1.3727308943011385,5.351807114164671,1.2135423583400222,1.9624111767355688
