Detections,X,Y,Energy Per Nucleon,Z,Height,True X,True Y,True Energy per nucleon,True Z,True Height,Phi,Epsilon,Guess Log Likelihood,True Log Likelihood
4,-37.87583542225127,-56.93481845937865,490.5109649209884,23.0,28899.529266201833,-44.46635400351721,-45.47451248383149,498.9302520035415,26,30604.813738395795,1.5624914910076553,5.395550542859791,0.5636752003331438,2.440090236657954
4,-131.90891844085542,-6.431440278310049,3093.186979649079,25.0,20415.977286949867,-122.99713889906545,1.1103291243137505,2554.0503959602374,26,22488.536447371484,1.2477109655302547,4.7112039118592035,2.3416407983843914,3.3740096400996027
5,-34.7614424963063,19.44355422325748,329.6264974701827,25.0,25002.809092520838,-30.31148246657159,19.6839883966085,336.95120160148593,26,24566.330853907006,1.285318303188652,2.8258742329017323,0.13168404841289807,1.067821852395021
4,-63.09568145956976,94.34476259420995,537.1664986786732,22.0,24610.04400597494,-59.49434617844392,89.93339919848984,527.4094789502279,26,24587.467383629562,1.8147552035509507,3.5468985036423644,0.48240984922267444,1.0797065785800213
4,-31.1482651323156,62.84731700201121,516.2865477590065,28.0,38688.49143199973,-12.921870917425565,36.81110732515245,508.3938311972419,26,23738.80747752417,1.7710725649147563,6.170595664961438,1.9734235257452362,6.082971933938572
4,-125.10316659628461,2.666016550974007,851.223807262113,26.0,28891.97146505474,-59.36796271396439,-6.5728662335938,661.7206795559254,26,29002.1749589198,1.6201079167887404,3.3344248362308138,1.4856770953441039,5.620905598999419
4,-32.222918230460664,66.7899446343759,376.6231128220718,22.0,24907.342331588075,-32.07418025679955,57.05457277856249,326.7116921373408,26,25964.04566305596,1.8599258478928282,1.5522780153203237,0.0014667398665428998,0.7736032987602087
4,39.077515147516294,-7.255544593241041,233.08734060483246,26.0,24783.235941615058,25.991288567006507,-50.884117416487015,378.52589034886074,26,25767.492955390517,1.560415699823828,1.2481345808547568,0.29018263754324675,12.249571576919049
4,-8.90899511527806,-27.513544889977993,3571.0383604066965,27.0,24828.765261627424,26.101357920663247,1.485594766994268,365.2515114434546,26,24193.223985323853,1.8917567064865735,1.1355218699699485,0.033153568507725946,1.5122499530966715
