Detections,X,Y,Energy Per Nucleon,Z,Height,True X,True Y,True Energy per nucleon,True Z,True Height,Phi,Epsilon,Guess Log Likelihood,True Log Likelihood
4,47.964378045302055,-9.681880043181252,485.3340756300322,25.0,32726.86795134363,26.15423241393782,6.247665929850143,485.9878847408777,26,28784.3724971045,1.3112509375186991,4.473820047040082,1.948195875762157,5.120008933160426
4,-9.470677504817274,-64.4863063989109,1506.1928740952737,28.0,67309.34666073843,-12.029553414001981,-44.25474890677002,1423.3146128225453,26,30714.979220743247,1.2194024866953983,3.402379123552237,2.8931962213133113,5.3429923591214425
4,-79.38151748044149,-117.66019574437288,867.449151307448,26.0,19667.66686930205,-13.654172828500379,-69.03509372264716,344.8437122842589,26,24645.30237244714,1.9125001696024952,3.8073700704915874,0.0015174729267507497,0.9437597093201415
4,4.031697858063353,54.14303325467819,479.2061272854486,28.0,33885.9707090349,15.5650430756329,13.140796331864976,475.56362246182283,26,29204.611078877566,1.3637068553350387,5.797084801980072,4.327871760921047,7.959821211765238
4,25.179097529829505,-10.416778823679692,254.51742952001302,28.0,24486.412086742046,35.53375289113799,1.4686318365244517,271.03597644100796,26,25068.10273140195,1.3853519634831806,4.262997091520426,0.007568566387997883,2.79828688324606
4,-12.3540550949661,-64.73379761524734,393.9068569581457,29.0,41298.865431406855,-3.5646177501779164,-93.23986993028988,395.1353574455695,26,22255.886310070367,1.7063449997318327,4.806186341072608,1.1714320476780011,2.2446718901240352
