Detections,X,Y,Energy Per Nucleon,Z,Height,True X,True Y,True Energy per nucleon,True Z,True Height,Phi,Epsilon,Guess Log Likelihood,True Log Likelihood
4,-31.571967405036503,-18.582030543543965,1027.4911276644646,27.0,36758.73742720425,-39.449990572068344,-7.971664208641982,1013.4917310165526,26,34171.30985199702,1.269305662458949,4.443867772145558,0.6735768975593659,1.565504150528413
4,-45.00672278534057,21.40010297624002,233.33976256645357,24.0,22815.150901917892,-46.9854515539367,9.631419315691687,370.2345929181588,26,27926.708299386486,1.5283417754735396,1.7755281923180126,0.06833678318017973,4.19548078966807
4,33.45316858830614,22.594759916155283,475.47102438378266,22.0,32954.28747881248,37.59601379234982,54.9652139949485,492.79407456512706,26,27992.682649058162,1.6481495168004114,5.867487985779696,2.1657551360469327,7.2181700881221325
5,39.86727334276088,39.73036998724939,1792.7266845127879,26.0,24367.34544148369,42.17720014703576,31.692131783874373,386.1025672180565,26,22628.785782758066,1.2668176316926534,4.149031909616545,0.07869159231443745,1.484862051351131
