Detections,X,Y,Energy Per Nucleon,Z,Height,True X,True Y,True Energy per nucleon,True Z,True Height,Phi,Epsilon,Guess Log Likelihood,True Log Likelihood
4,-18.75141827999073,-34.67155474992779,583.7242127159391,28.0,29002.006188961648,-5.525540648174541,-44.206194784961696,589.5761550089193,26,25653.617721378236,1.5355182605461235,6.229255671010034,1.5366537103167281,3.8820336678258416
5,16.211914167001567,-20.21553152076035,380.8560004868697,22.0,24331.781573705346,22.238743663997212,-9.326332793792147,369.567309302411,26,22345.681153582223,1.5641169310849912,3.59340004102556,0.3187872167927366,7.189814685031866
