Detections,X,Y,Energy Per Nucleon,Z,Height,True X,True Y,True Energy per nucleon,True Z,True Height,Phi,Epsilon,Guess Log Likelihood,True Log Likelihood
5,-46.37963032601377,-22.708690122331234,3701.112766879656,26.0,33326.477654317714,-44.90410670654025,-23.4097960913343,3501.525749070337,26,33536.99497659462,1.9086432739401569,3.0461539382553746,75.77369103080886,75.92766310926835
4,-6.5466302664261775,24.015614883910757,420.7740525810317,30.0,29055.284858834715,-3.677053379346063,25.377312775012285,422.58803766518866,26,27752.195233254497,1.2287128046390987,1.4479606022208786,48.444595509380754,49.758357402342384
4,-83.49602073390344,31.175030017931192,2881.2106002453475,25.0,23468.711130116662,-84.07616601686317,34.91468927096716,2541.5294096379735,26,22643.19648492009,1.884384227192488,5.252027291816592,68.72824420824455,69.84993132797906
4,54.981549947828626,-24.44348930438872,757.3383742542602,24.0,32394.916778709303,55.02502840945485,-20.195739756471426,756.7447473071148,26,30742.493079513486,1.7978108610287624,5.076414279781593,59.89782141463766,61.89971774289036
