Detections,X,Y,Energy Per Nucleon,Z,Height,True X,True Y,True Energy per nucleon,True Z,True Height,Phi,Epsilon,Guess Log Likelihood,True Log Likelihood
4,2.7821725937905626,-50.44223883317994,1722.9538068379516,27.0,37083.28488859642,-4.575316817060354,-44.018755538912075,1868.9102626946021,26,38906.994289570874,1.812771762156953,0.16328141361956935,0.6331622788843516,3.1911025819162564
4,49.302688880911376,40.80993431130628,1173.2554732495933,29.0,34892.51239454802,36.70966566321573,68.0290613404917,1194.3511240681441,26,27945.742466845677,1.4667549781695728,5.477254916251166,0.8922580303914076,4.919912077033502
4,23.274567235570373,53.498819304977076,1268.1538243331586,25.0,37520.02904260556,28.536631107019247,46.278355483001235,1359.7262483296386,26,39285.711366204494,1.2284628213252653,4.0078184554370155,2.572306042977159,4.196879755950945
4,13.434552567774006,58.12265629046499,411.18579147109017,22.0,30840.974094308127,9.791009746610541,20.302117746398466,408.71818968092003,26,28204.350457884928,1.5914254906796803,1.3532908316443497,1.8039883902300708,4.503133001764818
