Detections,X,Y,Energy Per Nucleon,Z,Height,True X,True Y,True Energy per nucleon,True Z,True Height,Phi,Epsilon,Guess Log Likelihood,True Log Likelihood
4,27.092747007005528,-47.19835417827235,1332.5558983774824,26.0,37397.73849535258,28.20949390492916,-38.57475229862857,1360.2137392432398,26,29606.63286625538,1.4414155265457624,3.45493642321713,2.3227705070883222,32.02093427086312
