Detections,X,Y,Energy Per Nucleon,Z,Height,True X,True Y,True Energy per nucleon,True Z,True Height,Phi,Epsilon,Guess Log Likelihood,True Log Likelihood
4,-64.57518580788366,33.554970931521666,755.5000890665752,28.0,27628.37727268667,-52.66322708135927,25.877041200819065,711.9145472477705,26,28260.245967818366,1.337903307175247,3.1208822546540276,1.4686600984175033,5.179624170830595
5,29.80245712399045,-2.2372653043981927,508.6173942360099,29.0,30191.392771083603,19.44759407423814,-23.782742417029084,508.5496606387082,26,22910.2139450038,1.6038733337499862,0.7098120090425498,1.2413272189637343,2.732103809170016
4,23.919907135243932,61.13398184189589,338.33710409208976,29.0,25005.943642563332,22.374176415256358,69.29402514292593,365.495259392581,26,23092.405661120185,1.5955852872448677,4.43620068928863,0.04313868692431218,4.041322367290096
4,-44.476970179694916,89.64057340162321,588.9935978402129,29.0,23695.292721949616,-44.10524901302047,89.33154366767431,574.0218209681349,26,24521.334807113843,1.7070709706915093,5.914845019898587,0.4772344138554683,1.4322216779438075
