Detections,X,Y,Energy Per Nucleon,Z,Height,True X,True Y,True Energy per nucleon,True Z,True Height,Phi,Epsilon,Guess Log Likelihood,True Log Likelihood
4,17.887812743830636,95.90354743704529,425.3325722958282,27.0,22902.733143794656,11.918176238861406,74.66228478642617,286.1810321078749,26,23865.066418191054,1.5848109614104515,4.63458490545078,0.026909513509337332,0.9290641751558415
4,25.032234613298556,31.418034036091456,468.19779965610314,22.0,51690.8548137915,0.5807151270410316,39.48022127584014,468.05517594519665,26,29485.275461787955,1.786636505219406,2.1779190683880847,1.6676111124129753,2.3280668056003635
