Detections,X,Y,Energy Per Nucleon,Z,Height,True X,True Y,True Energy per nucleon,True Z,True Height,Phi,Epsilon,Guess Log Likelihood,True Log Likelihood
5,7.281642499959162,38.29442504338505,536.660211485894,24.0,25389.674069856424,11.946105190325852,47.32768529550921,337.1021808926169,26,23809.013083461614,1.5228727743979116,3.576160710823708,0.008261663520282073,4.02314597234872
4,-30.40601492012655,-54.00125281754103,3529.340649610915,24.0,18017.38790002605,6.688137905368677,10.239660070073796,322.93629989720273,26,24546.06384440878,1.5501292125529604,0.7990361824264854,0.010904438902199555,0.7163890128093438
4,-67.0336652824688,-8.470119587775741,460.1242396284012,27.0,31876.094766239177,-39.59457222016934,-11.879460361663973,453.4077316368974,26,31556.870785359286,1.890523487827118,0.029034175828381668,1.4289501959046205,39.39151239251798
4,23.522580449770203,51.9859962780605,818.1990437080837,23.0,27883.999061941497,21.94992593342198,50.089262114913566,814.896916149405,26,25115.733073294345,1.525920264613821,1.1856702410033433,0.7220555992175683,3.2092796960487675
5,-35.450447635512205,-13.624464502228648,730.2631115370616,29.0,31303.249819354023,-32.95275736454167,-16.855672713741114,817.7072707270854,26,31695.037107568907,1.8193568683180965,1.4991949640004127,6.016561395450637,12.953767345329087
4,43.369680971473144,-27.92783882829326,3535.4025456440827,27.0,25672.74420342088,49.57761024142633,-27.84075091604008,307.94109512811633,26,22221.282311533392,1.5147333039902806,2.6196788269926348,0.0052971427751881146,0.38606404310887843
