Detections,X,Y,Energy Per Nucleon,Z,Height,True X,True Y,True Energy per nucleon,True Z,True Height,Phi,Epsilon,Guess Log Likelihood,True Log Likelihood
4,30.06030092791036,-49.3093995730317,1671.2774590473562,20.0,35123.67426963264,32.8459176403351,-61.0045499909357,1732.7646020775796,26,36256.52784894142,1.8110147141894475,3.1583644053629207,64.26779945922003,66.44688227237415
4,-8.53033602892583,113.48313608542838,431.21228281570825,21.0,20000.138149239046,-6.030650824687513,100.88697822372069,427.28345927863194,26,21854.59653586729,1.4865480241506095,5.858435676135013,49.475470786549124,50.91035471052098
4,25.768932554698097,-25.767767544693868,1146.2695066823512,24.0,27663.84651359845,15.132143713085384,-38.28133092417052,1147.737654172895,26,28955.635212780766,1.3262113941202565,2.2024735512051126,65.85981049118408,68.94213693480006
4,-24.87358034177913,35.46225400089281,803.7393061926539,27.0,34267.775225311736,-23.844835557515637,38.190384532596596,775.2684024873602,26,34173.25553242681,1.864341374338251,5.895656227499375,62.43941160928312,63.32291020981677
