Detections,X,Y,Energy Per Nucleon,Z,Height,True X,True Y,True Energy per nucleon,True Z,True Height,Phi,Epsilon,Guess Log Likelihood,True Log Likelihood
4,20.710329057268837,32.807120240614154,426.11646864863053,21.0,26142.595933911314,7.146182971104764,33.10352298540636,428.4694332244036,26,24923.745492248247,1.3133074999501413,1.143541504044484,49.125912254865064,52.63477431941614
4,-26.303746267672068,-30.156294977052653,497.52825728557326,24.0,29956.160440838037,-17.66549123552801,-30.155593783631176,489.4656415520312,26,29428.761287809626,1.6089740427059478,0.393235884722405,54.23404126917473,56.70859288645184
5,35.51249952553604,-9.911970795744367,609.2566080654624,27.0,30000.343847868982,39.70822893333201,-13.804829102349117,307.4002980150934,26,24403.608212745054,1.2705755948802004,5.118657190245032,26.084153747656686,26.88648673836292
