Detections,X,Y,Energy Per Nucleon,Z,Height,True X,True Y,True Energy per nucleon,True Z,True Height,Phi,Epsilon,Guess Log Likelihood,True Log Likelihood
5,57.85356987762526,35.83375676979273,935.5911461479025,22.0,22790.660694649025,64.7783954304715,17.13442222003144,890.0635172508348,26,24251.30644871251,1.5821153459031936,4.705486147223054,71.96384264378769,75.78483553871817
