Detections,X,Y,Energy Per Nucleon,Z,Height,True X,True Y,True Energy per nucleon,True Z,True Height,Phi,Epsilon,Guess Log Likelihood,True Log Likelihood
4,30.561746451663453,-3.8381210330255726,550.7018206421722,29.0,36467.024368828,16.77018278846262,6.820400324219634,532.9639711503265,26,32550.133608957254,1.437058912442396,3.069650873453645,1.0044802505224288,2.5371218995558715
4,-13.60202311017099,-70.51381173313035,395.87837920369464,22.0,28514.58753035932,-2.4257641846173215,-41.65601908980429,396.0985775776984,26,28801.597747123124,1.6971039104171914,3.3509018509411868,1.1797397157357987,7.627106052043927
