Detections,X,Y,Energy Per Nucleon,Z,Height,True X,True Y,True Energy per nucleon,True Z,True Height,Phi,Epsilon,Guess Log Likelihood,True Log Likelihood
4,-74.58757764760608,-10.945618057332922,726.0987049663067,29.0,31976.25319757443,-61.18855154261293,-3.284298010980592,713.1396535663974,26,25603.641115550705,1.7895522728137845,2.644820533466561,0.5216550765165416,3.559000518544773
5,-41.04127717728841,43.237233862163464,530.9862772825381,27.0,25390.946847017658,-38.495305445237165,50.96054310338758,373.1021123843326,26,24191.564608647772,1.8114886123785985,2.888167995489811,0.00803747994432397,0.642555182517884
4,32.41410227076324,-32.07324887786143,570.0477159399707,27.0,36134.28505141959,38.75409542191352,-55.0889836691276,607.758875275874,26,29605.214467269474,1.1884453218599458,5.907234577389367,1.4612196979197376,4.638226841440377
