Detections,X,Y,Energy Per Nucleon,Z,Height,True X,True Y,True Energy per nucleon,True Z,True Height,Phi,Epsilon,Guess Log Likelihood,True Log Likelihood
5,34.55956865309793,30.502523591098225,1443.0949198389878,29.0,26922.268121124067,30.877167049837226,25.595307047975325,1253.9765982378228,26,27989.309035407998,1.441171703074278,6.055530042973018,0.6217156526910702,3.534441624827118
4,39.42178054892554,-46.638692542903584,430.59274838410795,22.0,29666.63143500006,44.45411695678774,-44.51136347528201,428.8367592310877,26,30950.25708088799,1.5941181445309158,4.372386332952403,0.5096576842001944,1.161047142248694
