Detections,X,Y,Energy Per Nucleon,Z,Height,True X,True Y,True Energy per nucleon,True Z,True Height,Phi,Epsilon,Guess Log Likelihood,True Log Likelihood
4,-49.1891804500564,33.98872065552905,267.0107498539878,27.0,24905.32887409638,-45.08315126827186,28.929857764715905,347.00446230311684,26,28568.23583915063,1.9257690766850235,3.3141168355895676,0.0037232375715933698,1.813848980213368
4,-12.582593526708195,-44.128547351664054,903.953309458205,27.0,29948.22758585323,-7.768711812935692,-64.26342804175331,969.3456641105049,26,30241.970718448214,1.2543501945369262,3.558192764418329,0.40085462853543297,5.473406670489849
4,-34.288831286212655,-14.309528042823729,889.4543634954473,24.0,28779.700465843336,-31.8215820378217,0.6482148567127695,853.0410487785091,26,32416.162407024407,1.7180448689640455,4.684421832253642,0.3256132275222205,1.2659650658745156
