Detections,X,Y,Energy Per Nucleon,Z,Height,True X,True Y,True Energy per nucleon,True Z,True Height,Phi,Epsilon,Guess Log Likelihood,True Log Likelihood
5,-32.980857623128315,-4.23416434723481,1037.6174950512216,26.0,23019.935839991776,-34.39995852377035,-7.845000750722761,1048.5792174403844,26,23716.257151358594,1.346701525376068,2.567791633199025,0.517000747815753,0.8399323911750127
4,86.53736312270865,56.97566307735866,3389.953556501757,27.0,22012.257857053064,92.90767841137495,54.51468221741965,3417.8820793611653,26,24133.158975055627,1.2983125833957951,3.4633184849969445,0.7353388701962491,3.7614924782567773
4,177.5088204844298,96.61817060148383,1159.1233716789318,26.0,30126.26653093056,72.05104794479251,37.46910050769199,632.7790405619104,26,25916.53979639504,1.2626033854169925,0.12188132892185995,1.0754096476833068,2.9986372122249643
