Detections,X,Y,Energy Per Nucleon,Z,Height,True X,True Y,True Energy per nucleon,True Z,True Height,Phi,Epsilon,Guess Log Likelihood,True Log Likelihood
5,10.94328610984212,-56.29631783957572,737.7567295939632,26.0,36888.83567190652,8.870663073159562,-26.060909284003387,699.4380228372818,26,30245.86828069645,1.4322814678027749,3.5839579627658433,3.326829868464347,5.395522855527544
4,35.575537819245824,67.99883960641256,454.9885857092616,29.0,26271.00164343932,40.64684385687241,76.27959430000405,454.6664778606516,26,25025.8997054207,1.3220999287852724,5.0580876151695655,0.6095519941013546,1.378974013805625
4,10.368007692155231,-55.08899942458106,2463.6042252964317,22.0,41527.99789785048,16.091188730545383,-56.64571490664514,2667.5196355072358,26,37067.1339149839,1.292602639840776,0.2761216746498409,1.8085432574298221,5.572652841097375
4,10.272859193270676,7.422712785123565,551.9415643506825,29.0,32934.72999362087,4.035911079281817,-1.3275210976889866,564.7466851061821,26,30387.72702638197,1.3525057077841365,2.0598721212153146,0.8839959248201641,27.742380706966017
