Detections,X,Y,Energy Per Nucleon,Z,Height,True X,True Y,True Energy per nucleon,True Z,True Height,Phi,Epsilon,Guess Log Likelihood,True Log Likelihood
5,33.88918504185182,7.012902815291113,413.40853906614774,29.0,29102.567913574552,36.99526879759071,-3.0382601427548366,410.9169455226813,26,28179.42172553667,1.6566303261098612,2.525854808299098,1.2161397475505566,2.849303104135104
4,53.898678155385085,2.598104266489429,3997.4059160413776,23.0,46685.051925573236,52.11443345166717,-41.218309169290606,269.4938481223021,26,25444.75833410937,1.7229556019388448,0.12739585525602617,0.2822229159596687,2.0728030401224027
5,-12.065432985085636,43.71474313757494,470.34128282956067,27.0,33273.6515059877,15.868592308971841,19.887576067058546,484.38161199040775,26,25705.24171332641,1.334347262960427,4.017349427550203,5.591618318786032,14.611138078327725
