Detections,X,Y,Energy Per Nucleon,Z,Height,True X,True Y,True Energy per nucleon,True Z,True Height,Phi,Epsilon,Guess Log Likelihood,True Log Likelihood
4,-36.79324682039817,22.941057915499073,626.0860097365835,23.0,25335.48365212099,-33.80353101674663,5.711569352797682,329.8870867514431,26,24834.99175490327,1.7221162981731915,5.262297179078721,0.0051267640672881,10.019456674120383
5,-22.995917431895975,37.16097020047545,407.7594071745253,27.0,30834.959789063825,-65.05527639141346,17.71962206975698,409.7675938971658,26,24133.93142832689,1.809945389171619,4.93689568665618,1.5347951437340563,5.672160705160587
