Detections,X,Y,Energy Per Nucleon,Z,Height,True X,True Y,True Energy per nucleon,True Z,True Height,Phi,Epsilon,Guess Log Likelihood,True Log Likelihood
4,61.800595811655796,-120.49708940555135,2457.20965529074,22.0,22953.21808144058,57.50623968161784,-98.83059333972255,1761.7982606788019,26,24456.225589413934,1.2711385644888133,4.567944530499434,1.9403803233204195,5.622163120829571
4,-11.02641533611677,-13.20619998522767,1217.315903872824,26.0,29536.449689164372,-8.516073736994258,4.0466762475194,1177.4325501405146,26,24649.98663287363,1.8902815479923263,5.996683694420254,1.0825074043056806,3.599655276463039
5,-37.17652450170971,3.9750553756001636,3106.812306361032,26.0,25284.790764543523,-41.76212546996865,9.32982659969906,3064.8478740124333,26,23920.178712765824,1.6804776468720344,0.08535057304065412,0.37907591694932286,1.7173499931567644
4,47.47321544287422,39.36832016995402,459.24198030487076,26.0,29655.03444166813,45.67468346180817,28.957112906751547,459.9377504739481,26,25692.338596038033,1.7986989613465734,4.7137875986960545,1.6909591293059545,32.09579216979998
