Detections,X,Y,Energy Per Nucleon,Z,Height,True X,True Y,True Energy per nucleon,True Z,True Height,Phi,Epsilon,Guess Log Likelihood,True Log Likelihood
4,-96.79535283048432,110.42350853820153,729.5815031042239,22.0,24347.951028127027,-107.59516107102269,77.91913417532231,699.6531790166111,26,24909.474323516704,1.364714004778563,3.325498326557007,0.558184624887014,2.2899021293465673
4,9.562297339708664,37.949256209629254,1249.8045377149256,24.0,34462.78841320958,11.173464264620947,30.253454264214497,1239.6502096008953,26,30666.0184162546,1.449867483708488,4.959907823583506,0.7307581898931894,2.9856367341604444
4,-36.01646083423657,27.840008398645296,1108.1994865128777,28.0,35006.3224795179,-39.82359341744315,28.520005601274704,1190.1962227337779,26,35675.21381729114,1.54182914965729,5.055896149125486,2.3309507883419776,3.5335651375293264
4,-57.04510646479133,41.24840861404999,1505.9232537317046,26.0,24990.071915228786,-56.749535566014,40.65757194693455,305.5154149719954,26,22745.613981305753,1.295581024850643,0.9912629362222244,0.0019141921545122991,0.6491386304625727
