Detections,X,Y,Energy Per Nucleon,Z,Height,True X,True Y,True Energy per nucleon,True Z,True Height,Phi,Epsilon,Guess Log Likelihood,True Log Likelihood
4,-2.026942595227297,5.35955265475917,1090.5842195746902,26.0,31763.590180004874,-0.14210277352222533,13.269154159038209,1096.1394961824085,26,32309.867632624097,1.5477671368990165,2.91835843967617,0.9585395115982382,1.4699037820613687
4,-29.996479418587455,54.49707222423564,1330.4446461735338,28.0,44760.23246661882,-35.710093815797265,29.389729881582298,1244.5240211447492,26,36923.07232788334,1.4049541073306415,2.304723684847113,0.9512646780788429,2.630473981901775
