Detections,X,Y,Energy Per Nucleon,Z,Height,True X,True Y,True Energy per nucleon,True Z,True Height,Phi,Epsilon,Guess Log Likelihood,True Log Likelihood
4,47.56115294349837,-34.705918295057586,723.5701284839577,24.0,33228.561740651334,49.804388182363056,-29.8484092457726,790.7152899421881,26,33114.204295751384,1.8593908038987699,3.331409585251662,4.130338280510641,10.482285420974106
4,118.46864335471179,64.34930091540303,2745.986307707195,24.0,47078.38868078611,78.95406951023892,49.378395603534955,1583.442221885427,26,25156.755907105533,1.274582506551615,4.54739163566423,1.586496913284752,5.81760773559797
