Detections,X,Y,Energy Per Nucleon,Z,Height,True X,True Y,True Energy per nucleon,True Z,True Height,Phi,Epsilon,Guess Log Likelihood,True Log Likelihood
4,7.152129839224756,69.55576553816161,2137.873889689381,28.0,34325.41526905458,8.731785747463505,59.50096706207975,1997.74697552986,26,29120.118978035654,1.4952707682004074,2.9024973095609963,0.3926818487543839,0.7942107293972469
4,-21.41139238709519,-2.2444594151477872,865.2406097883344,29.0,31736.53798777912,-12.268737742457517,-10.669732180668234,845.2160789049325,26,28902.2216602839,1.472913861132216,2.847242420866523,0.7237986963635032,1.9476280760648779
4,23.28464500686482,105.30724687634677,714.7092708937745,29.0,24296.27250203256,15.135088586087619,101.4902014703813,683.5453183836003,26,24791.625108347063,1.4063415405089392,1.7843284328886313,0.7324423263672085,2.1019420051925346
