Detections,X,Y,Energy Per Nucleon,Z,Height,True X,True Y,True Energy per nucleon,True Z,True Height,Phi,Epsilon,Guess Log Likelihood,True Log Likelihood
4,45.74310588444837,-30.754065487916932,877.4679001971541,26.0,40392.11835320224,30.22340405322018,-29.149412887953375,823.877296633963,26,30654.260757910044,1.406484634741057,2.8116883280398297,0.75590854134678,368.4174653150558
4,131.96023561506848,147.33502573556382,1404.1173695093632,23.0,31084.37815335281,69.54462783403773,83.57831016418268,772.5476697502085,26,30606.473020655467,1.7110324685143108,4.119124916019107,1.261440453516293,2.5944465513719175
4,-22.07898261465624,22.918713086743537,1337.2986753721718,29.0,38202.278872979434,-24.353343792936627,28.484037728225587,1486.576721873924,26,36861.35233033542,1.5808423924157287,1.066572074205488,1.9117637339829963,4.050717389575845
5,18.373426854746924,-99.45643363457566,584.2415856915375,29.0,23271.06856163629,10.922688765219846,-110.6669467325444,582.1486860041434,26,23131.486477856466,1.3852461715137248,3.0141174518422753,1.8909073106296739,3.3989682090828874
4,69.47510528530677,-2.3791626959865084,314.5151485163985,28.0,25008.53673833332,72.13043380310654,-4.010603640783245,352.28285695738487,26,25646.156138438528,1.8742180218261815,1.1215259333033651,0.007362254456583259,0.16698046199265815
