Detections,X,Y,Energy Per Nucleon,Z,Height,True X,True Y,True Energy per nucleon,True Z,True Height,Phi,Epsilon,Guess Log Likelihood,True Log Likelihood
4,-39.74081804313556,-24.858019322422706,492.4336341090662,26.0,33481.52011277691,-22.120598002027464,-14.558213386056934,484.84808646808796,26,31078.99428117783,1.7715523583409272,6.279102629887593,1.1084195972352067,1.7578621262064273
4,83.5749427394743,-73.4729581144457,3560.9631906727095,22.0,26471.031738055222,84.26724783628114,-62.91007436076468,3388.908793093283,26,31998.686213116926,1.8800790334990356,3.0645718227121637,1.182244728713138,2.474420111494627
4,-18.286495006150346,52.41483575321587,628.5394780429583,22.0,32023.464989498094,-17.397283293068114,36.54766189925434,614.3555635166456,26,30843.087389563283,1.434338221743,1.7046018634442313,0.5526278650628023,4.519475780435792
