Detections,X,Y,Energy Per Nucleon,Z,Height,True X,True Y,True Energy per nucleon,True Z,True Height,Phi,Epsilon,Guess Log Likelihood,True Log Likelihood
5,-84.22167530571028,0.5547108676087191,866.9720602143973,24.0,35219.188994955024,-62.92632942719682,24.188126404947468,844.027775125993,26,30709.55590491624,1.9446648715205017,2.47189022359344,2.4768519264735915,7.950343665013988
4,16.242285316703033,-74.38092173100341,537.8042279336294,28.0,30412.44111395153,14.96747410629851,-53.60649529996914,526.0802198741688,26,31244.05062073136,1.9033134840223245,6.272017339150627,1.5506643083408354,2.291290076109003
4,-35.957582730496995,93.6983484222406,834.8432040937739,29.0,24060.91821708005,-68.52008666583242,99.39746776780453,976.666616098503,26,20290.435991244318,1.7487190419329863,6.020441390602865,2.758486720869914,6.259077529159777
5,18.459680437291354,-29.08922867819166,869.1121544176394,29.0,28553.31513307339,39.947147066726615,-9.468329901044598,912.6427942974718,26,23064.515754285836,1.823854041986823,3.586403438332566,0.3726555402023613,5.701281105042039
