Detections,X,Y,Energy Per Nucleon,Z,Height,True X,True Y,True Energy per nucleon,True Z,True Height,Phi,Epsilon,Guess Log Likelihood,True Log Likelihood
4,30.368003586051373,86.37551893004377,346.37011247544496,22.0,22658.637563037006,22.729143645410886,86.68036321437938,326.3116124904794,26,22883.56174408053,1.372407269185768,5.878758197196914,20.997530932491628,23.064219312815602
4,-21.890277873070147,-62.86360981093287,552.9508520340202,32.0,28656.001317976094,-56.12551297063784,21.046714078584586,307.8075344237333,26,25612.40520021425,1.9480852129906299,0.6771884942533433,21.395549903509497,26.25383402193382
5,-26.547039191242845,88.27245261364129,2512.8491181161853,23.0,27430.6214079888,-26.47079618891854,75.483326032765,376.6768195676406,26,24116.982516987136,1.7424606519982455,2.804192515769569,28.405309601445463,30.180169356394114
4,-49.62283490198635,-14.164277634181019,540.4825709799466,26.0,28848.427737991802,-53.924584643021845,-9.942741173190228,536.8425167237533,26,31297.047009050875,1.3670949921741518,5.932489216175512,57.627235530776446,59.91254258219574
4,-34.91748078151585,-12.618081611819775,561.3026572183428,26.0,32850.02739732955,-27.946449408021294,-14.717017801232657,566.9267439196856,26,32859.48424402963,1.8503369896409707,3.2992742613856025,56.91864775822928,58.572906948472905
4,-33.6541510157852,17.91355358324057,668.3065411720406,22.0,34293.56276567593,-30.64225805027712,21.271279362067276,701.3010255040589,26,35156.65070700383,1.3600308442752196,4.704388832532753,57.11234014963389,60.912533820696396
