Detections,X,Y,Energy Per Nucleon,Z,Height,True X,True Y,True Energy per nucleon,True Z,True Height,Phi,Epsilon,Guess Log Likelihood,True Log Likelihood
5,-37.478951245844996,81.48095009017527,569.8438707616224,29.0,25950.744214428043,-24.102142900192703,65.51894913021727,554.0027420832731,26,25954.207395870566,1.4810818437388868,1.4472659060687854,1.2410448781949661,2.6926908690476794
4,-40.34727129886966,-73.30593392566419,1167.6994781036715,26.0,30972.871594787026,-37.453989836902096,-59.55362999358759,1127.9657004993057,26,35702.92759307748,1.26338534511296,5.198883302391182,1.3329332309818218,2.082845097867447
4,47.15548969295031,-43.19027684277614,754.8062059768852,26.0,30516.687475766164,59.90314184419546,-39.81381204863813,800.2736355202926,26,31364.763406005244,1.3723452228266864,3.473868335375858,0.751870337009416,1.726023847138042
4,0.2997147984063986,-42.58951950077511,1166.0688720847245,23.0,34620.66527260579,-9.577951129207548,-38.03951045766311,1182.219165093866,26,27869.359895157275,1.7296563449871325,5.780503621974661,1.1221471761265658,2.9825713635321667
