Detections,X,Y,Energy Per Nucleon,Z,Height,True X,True Y,True Energy per nucleon,True Z,True Height,Phi,Epsilon,Guess Log Likelihood,True Log Likelihood
5,-54.475700639298566,-13.92277867099034,463.7493250672941,22.0,27408.660708741878,-46.411173252518026,-15.48931719646015,473.0302607934682,26,25565.03080099019,1.4317312680537138,3.464305322594408,56.00480056422375,62.453223732982636
