Detections,X,Y,Energy Per Nucleon,Z,Height,True X,True Y,True Energy per nucleon,True Z,True Height,Phi,Epsilon,Guess Log Likelihood,True Log Likelihood
4,-51.70511925256787,-1.3830866495978853,371.1684138909377,23.0,25371.16062859987,-70.07918259070786,-0.46069818612443214,332.55044084240984,26,24621.980031188596,1.2337067509398543,4.758961052512601,0.00033977539079423297,8.727910108546316
5,-12.697392605109144,-14.957602125066387,676.8015430134325,29.0,27065.397019784607,-7.586858849610337,19.34253315722475,685.0118523221981,26,22406.908702222452,1.639473331036706,4.583692023029937,1.1981486482237849,5.269412852635999
4,-80.70793073562785,-130.06090117133107,1641.4166317205738,23.0,20301.179882771517,-57.90573356960334,-126.40845790406019,1329.1096182794267,26,21600.634978323706,1.348319656191421,4.882551478212936,0.8912791811486764,1.7270719893615833
4,53.7232680019041,81.23112640683564,896.964848624416,22.0,30908.859240222846,37.465090055874185,55.80183301548644,831.8863625860004,26,33025.6601546537,1.864238654020669,4.5815975970686855,1.9016221218284926,6.5677822950538145
