Detections,X,Y,Energy Per Nucleon,Z,Height,True X,True Y,True Energy per nucleon,True Z,True Height,Phi,Epsilon,Guess Log Likelihood,True Log Likelihood
5,-23.47248490374551,7.382887223465104,462.1675731332298,23.0,29214.980085927942,-45.23675707359567,10.592782164094558,464.9803875833104,26,29616.251518247675,1.8275731412282439,5.132734586376884,2.860063707773598,130.95947212522546
