Detections,X,Y,Energy Per Nucleon,Z,Height,True X,True Y,True Energy per nucleon,True Z,True Height,Phi,Epsilon,Guess Log Likelihood,True Log Likelihood
4,-0.305338456943673,-79.1609810915719,498.07203356558506,29.0,28741.667727195425,-0.7961877501925585,-58.15189149371608,493.4562489580981,26,28561.42422307597,1.209301110151684,3.8230211243036725,3.604270648446767,5.094825724270754
4,-96.11289032761985,65.81989387682665,577.757224342323,24.0,23550.182305415423,-112.90393622805739,66.8910007012941,585.8247417661305,26,23654.480367606924,1.208129076912067,1.6609726965055591,0.9492696879831615,12.41558981790044
4,30.947358526958226,-10.965185562572287,488.1774115112676,28.0,31911.5134375981,46.03021991520535,-26.175734036997994,490.4968023708714,26,29731.143159837386,1.2171388568457924,2.1776253779526344,1.300014699668637,12.36535265378656
