Detections,X,Y,Energy Per Nucleon,Z,Height,True X,True Y,True Energy per nucleon,True Z,True Height,Phi,Epsilon,Guess Log Likelihood,True Log Likelihood
4,-109.88943233617431,36.860795774365386,817.7746599375113,22.0,30000.28703427076,-110.03593944483313,32.64145216414127,788.696965513733,26,25033.85325165954,1.8580069944145157,4.991292275152004,1.1414580563334271,51.522428524209246
4,2.1455243566293802,65.40194488268617,503.5822378570707,28.0,30782.076480890853,10.417838851585287,82.97920238310294,529.4579714298197,26,28129.936167934804,1.9191274423019344,3.27969333546146,0.833027890492022,4.004294448539597
4,1.2442144434131706,-24.843491630992105,811.457270006459,29.0,32798.35058901889,16.10548188664484,-18.205437764782374,786.4409937379467,26,28087.10254275015,1.8143660665707029,0.7178925228637763,1.0455184764332535,2.7441069905983815
4,38.520806062853694,-50.01037657887849,1072.123365831627,28.0,29685.72234831641,37.985771397167014,-58.13923863691302,1171.8682743806062,26,31428.9803571712,1.7297446468064985,5.557167543173548,1.754517782615003,3.4187853135738195
