Detections,X,Y,Energy Per Nucleon,Z,Height,True X,True Y,True Energy per nucleon,True Z,True Height,Phi,Epsilon,Guess Log Likelihood,True Log Likelihood
4,65.8130441893129,-84.94142532579338,414.9921802641542,24.0,23555.332709045473,40.905898128641724,-71.57066169951935,409.7936935589923,26,25250.006514260735,1.8974547787024119,1.2599277248055345,0.8511848567104026,1.7855030264814784
