Detections,X,Y,Energy Per Nucleon,Z,Height,True X,True Y,True Energy per nucleon,True Z,True Height,Phi,Epsilon,Guess Log Likelihood,True Log Likelihood
4,-17.73894304948027,-50.031660324995784,585.4497759890442,29.0,28630.430496309193,2.089523243990186,-69.96560838385352,619.599382666006,26,27896.505597418167,1.514943454589644,0.5398609251231806,1.7350664452003848,7.907100953921568
4,67.04912354035662,-19.480775523387365,542.8294727980565,22.0,30942.947403862425,66.85028584757325,-24.60819695579069,566.5631969807212,26,29249.80042137113,1.4861126823247766,0.4998476406242354,0.4887821725155592,53.518299485914575
5,-37.31486697042237,-69.72118442863379,393.1974305236595,27.0,19572.193111562035,-37.33312068805665,-68.25116987592202,393.55087052423977,26,20772.40836087982,1.8720664679995285,3.409367478221025,2.1928328194917532,3.0465322514696727
4,96.24134686313266,69.00081387154415,1116.7321444042504,29.0,23322.902282430012,93.43735758695107,52.837170188277156,1008.424349519757,26,24597.842813297804,1.663775173576832,0.457826353908209,0.9854709658627223,2.0632239121866083
