Detections,X,Y,Energy Per Nucleon,Z,Height,True X,True Y,True Energy per nucleon,True Z,True Height,Phi,Epsilon,Guess Log Likelihood,True Log Likelihood
4,33.580600205986,52.37268607189185,276.9837006293177,26.0,25031.09423314164,33.8909198108382,63.655257583679116,282.0858031705443,26,25346.877659363116,1.5530225638585453,4.054936926681926,0.0002771226297108052,0.21162994556732861
5,19.943518558380504,-18.90155720343148,1047.1415257231888,23.0,27259.0920395116,15.360463624361074,-18.224223949356485,1081.6518218411427,26,23394.27977432263,1.5185988163809896,6.0460567954931435,0.4896494362328656,1.751958085946578
