Detections,X,Y,Energy Per Nucleon,Z,Height,True X,True Y,True Energy per nucleon,True Z,True Height,Phi,Epsilon,Guess Log Likelihood,True Log Likelihood
5,1.7892263712508338,-42.4139217689081,1567.254439499881,26.0,31013.00959256202,-3.1689441443126327,-37.261804548049014,1696.8844877028914,26,32574.730858655912,1.8421282705388375,5.7782917431222955,71.92251233495816,74.323604443873
4,35.89921321907934,-32.350101966043724,733.8637347858345,29.0,34480.47605024342,39.47016589149348,-28.342072918528302,720.5792978410718,26,31180.411802445982,1.2855400728690372,1.2406761113890414,58.937874127552725,61.68759013555164
