Detections,X,Y,Energy Per Nucleon,Z,Height,True X,True Y,True Energy per nucleon,True Z,True Height,Phi,Epsilon,Guess Log Likelihood,True Log Likelihood
4,-44.56600405042252,14.596606142073426,758.8086432174265,29.0,32039.68957278951,-46.32500108370712,16.747499144376803,764.8941352508409,26,34257.261847524744,1.469470483560792,4.898916216408616,0.07099769268908786,0.9012207523531867
4,-14.99069444295634,-3.1773535758212006,580.1796929441789,22.0,31202.17438124351,-3.866618847003423,6.654615896122522,587.3936581994823,26,30788.948222834613,1.634301688073909,0.17911626499247604,1.6179502681788018,3.215190739175285
4,-41.116910390411704,-84.40985951420876,1362.483349184802,22.0,32851.20340592093,-35.91448927664423,-69.64112583743021,1315.8474495595094,26,33284.199242112714,1.3095107114579922,5.31043670931879,1.5137636959159955,5.563430662970913
4,3.6089147497151544,45.271847397746,469.858693827349,22.0,32828.283784877,-1.969540097302911,27.60619536560148,469.9379960011629,26,31571.994353738737,1.262894434541131,6.0567646914964195,1.3561395720049156,7.191901755420924
5,27.76280915523222,1.6004068272699215,625.7158022555582,29.0,32089.660568262592,31.877200000540284,7.4668496406337965,672.8030082400112,26,29646.883106421676,1.9192870916011966,4.430893555841392,1.638831178776392,7.796704013141416
5,21.01917816014401,-21.791599403033103,1180.8966685629543,24.0,30550.290400803755,26.56386206601894,-19.552673334756236,1412.1497783309815,26,32940.651188823795,1.4145083061993093,3.5933729282262377,2.074180034791133,9.273503162267792
