Detections,X,Y,Energy Per Nucleon,Z,Height,True X,True Y,True Energy per nucleon,True Z,True Height,Phi,Epsilon,Guess Log Likelihood,True Log Likelihood
5,-18.171581961399795,-21.570428245526386,593.1149498153985,29.0,31850.33650831633,-3.2617427869494975,-28.515029904569047,577.0671516766835,26,29171.86633831086,1.2158769291292866,3.973833469553911,0.8261072416900875,27.546167192432666
4,-18.32943842464084,-14.113658438350967,553.947171055338,28.0,29794.994092247664,-17.330373786344836,-20.917384775005274,547.6926369983804,26,30179.649440153495,1.4338684155610757,3.3112719889259545,1.7042614834793213,3.6406876622668394
4,-61.09534506865347,-19.42145946244375,403.53650077459736,29.0,22517.5820715898,-60.427893161508635,-13.034250168535067,402.5691850210558,26,23821.948978500302,1.5756230284494228,4.753535854558446,0.6642692585239344,2.020015413772069
5,-80.88200483546547,-37.80347939633975,393.121486198633,29.0,23154.979783991497,-74.25815127435035,-25.809934783534658,358.1929306727779,26,23714.701512126234,1.3544331524154842,4.705970864324018,0.0701698472355142,1.1568389246895827
