Detections,X,Y,Energy Per Nucleon,Z,Height,True X,True Y,True Energy per nucleon,True Z,True Height,Phi,Epsilon,Guess Log Likelihood,True Log Likelihood
5,-8.91339089547455,15.437350789141078,969.9311867010398,27.0,37372.6519536963,-6.042704281905088,-16.52096605605078,950.1097204443713,26,35561.71165062917,1.7792055368209017,0.4971954267150411,1.3873530213220633,12.945033353461444
4,16.30866942666671,22.23428948367456,573.956578976224,29.0,29009.096081743683,20.171073755315973,22.906217307726905,590.8236349855925,26,29312.93599291127,1.688054725942655,4.973909678731518,2.2700890555413786,3.3559675957075403
