Detections,X,Y,Energy Per Nucleon,Z,Height,True X,True Y,True Energy per nucleon,True Z,True Height,Phi,Epsilon,Guess Log Likelihood,True Log Likelihood
4,4.189129744982154,56.20385698619157,604.8953797158183,24.0,34045.301517481625,-2.259668475162698,58.8804322060752,598.4518774517716,26,31321.291478613693,1.3699584868967751,3.419339126789021,0.6400284304752066,151.58503590735856
5,40.81773840794659,8.824587215721976,1799.518563009835,22.0,22140.39926109908,34.26058820267565,23.411350917697717,1806.7085365188636,26,25644.646633302218,1.247386779097008,1.4445866238369507,1.2545714609624874,7.916750410495112
5,-70.53148067290329,25.786274017086498,1170.1542251498727,25.0,23784.221588955752,-74.26100569578703,23.4593975664946,304.61280207468246,26,20790.53483261207,1.6860876209235005,3.2933850680078676,0.0024822671603503804,0.6402990611194502
