Detections,X,Y,Energy Per Nucleon,Z,Height,True X,True Y,True Energy per nucleon,True Z,True Height,Phi,Epsilon,Guess Log Likelihood,True Log Likelihood
4,17.084407296286372,-14.539775384227141,265.76230063486025,22.0,25652.051188134366,25.10298654831155,-9.669665724517102,246.2170475211671,26,25486.959510392277,1.2541081256840432,5.891367732180056,0.014524972855592273,13.77331330169903
5,-15.313515157112079,-99.94663582714387,546.9853638347186,29.0,28756.656921304264,2.0936007240404138,-67.26489976583746,525.5465293420622,26,24577.245988199265,1.276402572263734,4.545703005385009,2.587092222741341,4.193857077925846
5,-49.69241268146436,15.986237586405764,545.2396906270404,22.0,27950.986269445537,-47.115730552987515,26.906500358768767,554.6726548225215,26,23388.69022301559,1.4184462759917285,0.4705078660898722,2.0419623596277403,4.144231205397884
4,-46.57964959303155,29.60511603676349,620.1346662569365,28.0,28355.992854506858,-47.97811981281616,9.09889420657251,608.3753174680852,26,25397.89401929729,1.5903868760666775,0.6449679459546399,1.3758357926565354,9.121040407648493
