Detections,X,Y,Energy Per Nucleon,Z,Height,True X,True Y,True Energy per nucleon,True Z,True Height,Phi,Epsilon,Guess Log Likelihood,True Log Likelihood
4,-20.77345488618647,3.0021607340327705,1338.0468228981204,28.0,34136.44239788024,-14.819333533624786,-4.523942595789805,1436.0956846366037,26,31650.012082468875,1.8415089462146148,0.5907142943146977,0.7637696159903604,3.236843929710515
4,-1.2564499164653853,-72.8262684274381,508.2962353996277,29.0,31068.815809162446,3.5598563844896205,-61.70942883127772,500.884886576766,26,28412.48852089355,1.9325809861354852,1.6804262963975019,2.3704133531097065,3.645601052018256
4,62.90749960010106,-28.82464869219143,2690.1787866801756,27.0,24914.37731470485,59.35855263049413,-25.932634261253767,2703.370503846014,26,28420.596567897537,1.768102044059002,6.18898773660937,2.6623283692242388,3.3894306428407788
4,-15.50367407129005,14.139434187157065,1813.3322813198815,26.0,35767.63173484578,-16.013054223595248,3.1256981491919476,329.29183847692667,26,25495.6582869348,1.3503838787463203,6.201501073211925,0.1074697065163132,5.510980975016517
4,58.56011716378231,-8.477776041218988,761.5403737384464,22.0,34222.09327505853,34.95596410585486,-19.228211292442722,721.9863045950083,26,34903.099059057145,1.7936085214286812,2.9320808955195727,2.398115833061122,3.6886506955723695
4,18.986577975595992,-29.671203732979507,860.9888694896392,29.0,33520.77463647995,14.63450258453679,-30.778714528919522,899.5301141684779,26,33720.99617176847,1.3449283847200006,0.005072538461572967,0.2649865676543882,1.4204844356016177
