Detections,X,Y,Energy Per Nucleon,Z,Height,True X,True Y,True Energy per nucleon,True Z,True Height,Phi,Epsilon,Guess Log Likelihood,True Log Likelihood
4,-6.40463274820263,24.27758146064673,514.0096892612163,25.0,24717.52548419579,-20.81482497974568,-8.38093585608388,379.0630461013548,26,25893.64156496598,1.7519448544797787,1.8406484539582653,0.011922339513716526,0.688499946689424
5,66.6035577605465,81.8162417341527,365.82278393783577,23.0,18410.751692944137,35.97674224513355,65.98421736501939,294.8526080536821,26,19978.69973363773,1.2354145144684048,5.077035834127611,0.12002714415343368,6.111267992770955
4,171.73862879538854,-19.67203159613115,946.2281368443291,25.0,19907.811535016153,129.88745062815013,-5.294973452541342,843.589077351828,26,19709.6240749493,1.7936858664190645,0.801861684617085,1.196216381957921,7.334223478654111
4,67.91475619226452,-33.86724251793436,445.6676743516745,28.0,25486.259088208866,68.45205540724012,-26.888286354001366,448.18002645398934,26,24275.387374309295,1.3384421238323427,3.174371054439319,0.3711578846798413,6.2241433070062
4,19.344842562168708,31.009436601960715,497.91667478470987,27.0,33583.47596382385,34.931825054437525,33.36174593303264,499.0474616230593,26,27645.596658950395,1.6963358028555553,4.921256935205895,0.6048646643201765,14.465485764491637
4,-36.822610037405184,36.576334457560506,704.5110246655344,29.0,33459.563133052405,-50.712254274086604,28.546522855875025,704.7320287295465,26,33515.22015304554,1.807202481582397,3.795316623325422,0.9438390999799292,2.1941605364552874
