Detections,X,Y,Energy Per Nucleon,Z,Height,True X,True Y,True Energy per nucleon,True Z,True Height,Phi,Epsilon,Guess Log Likelihood,True Log Likelihood
4,13.530227878134554,65.3722092367795,735.7900542618208,28.0,27910.196030552142,3.9506872121316405,74.11825305740868,753.0856966329087,26,30716.9165976739,1.7704178695335016,6.116562913327107,0.918268671817917,2.266829253686556
5,125.91630368330448,-16.4648655136167,674.7976461462762,22.0,18944.495678599855,96.05804898830448,-12.897493073006018,638.3540419430958,26,23895.46138214571,1.6111201274219333,2.54439115255418,0.9218648158479086,3.1088062828508374
5,-24.89965938098078,8.355265573802058,3533.420431050641,23.0,32720.633222305747,-25.738307578826763,3.4622127778550293,2773.197009863473,26,32214.387634086463,1.7987172088759815,2.8443607432124574,1.097104134471358,5.127398573406654
5,-23.926592947547306,-23.65811541821438,966.8857101209918,29.0,35450.674523349604,-14.528828516788508,-31.373012584295935,970.5985795454447,26,30986.593207260543,1.2415119068608822,0.3473526781598404,1.6288132413079226,3.014334395677167
4,-47.51404022647185,31.47678046632683,760.8525594204056,27.0,27426.9337452197,-42.04608334577992,35.15633084921822,786.7466147902207,26,25147.000661249425,1.817831961122575,2.734198769433956,1.7641278128462763,3.85509155911776
