Detections,X,Y,Energy Per Nucleon,Z,Height,True X,True Y,True Energy per nucleon,True Z,True Height,Phi,Epsilon,Guess Log Likelihood,True Log Likelihood
5,57.89180136442826,-13.384694176382652,821.7117584926689,25.0,22299.992462783775,43.345096844966264,-17.21396794279451,789.7780623808391,26,23152.075353898934,1.3294023829193182,3.734005375653346,1.649105878965107,2.945376032263168
5,-3.7380628143979493,-19.856022758065194,568.3439720801434,29.0,24989.076072015465,-0.5381320224395552,-21.213100586490384,315.7512013843522,26,22340.80088899322,1.5526255671390976,1.9818010045334309,0.010204714881965428,0.6199662942173431
