Detections,X,Y,Energy Per Nucleon,Z,Height,True X,True Y,True Energy per nucleon,True Z,True Height,Phi,Epsilon,Guess Log Likelihood,True Log Likelihood
4,16.894248657552225,62.99760428424014,528.2129473100541,22.0,29962.492312246206,19.367113865315815,72.9054111121342,527.0766507359656,26,25884.822500727012,1.9240611599013588,0.552260375645229,0.4469859029277161,1.555539121526439
4,38.280083211424085,79.8181671477912,1573.7154392560205,23.0,34306.364541451156,31.665494911358763,46.448857711683615,1480.9529014001046,26,30515.100326651824,1.3590923938990118,1.236693047987917,6.200820793656997,61.31350377169161
5,-0.9300075185392984,61.653155934783285,1237.6896966503496,29.0,43544.150208594205,-3.912784710280505,19.366286835897796,1129.2580376351252,26,36327.1835453031,1.6921282109367772,0.850749923107041,2.9489165176675796,12.27156182747742
