Detections,X,Y,Energy Per Nucleon,Z,Height,True X,True Y,True Energy per nucleon,True Z,True Height,Phi,Epsilon,Guess Log Likelihood,True Log Likelihood
4,68.0740779488745,-287.98794249625286,1461.284078841122,26.0,17563.35417762999,-7.669736485415228,-84.46767570531374,515.0499822154646,26,28451.498412913374,1.3701248295536463,4.0626859794162105,4.088782120400094,23.713828778825096
4,8.324157431978051,-44.21367263556647,578.4545805637977,23.0,34508.79119645383,-1.1625802888329702,-40.10569617872268,583.0933728805907,26,33478.371386915365,1.5208829149170233,4.571173030944717,0.6700351537748356,2.1040851878223217
4,21.410582369972417,-49.87418420891677,593.2668160187206,29.0,27940.69312202644,19.60332381821729,-50.39397253322788,595.5189421218463,26,25562.38668714948,1.522678185599166,2.452773153680636,0.9889473027149192,1.6246074397345265
