Detections,X,Y,Energy Per Nucleon,Z,Height,True X,True Y,True Energy per nucleon,True Z,True Height,Phi,Epsilon,Guess Log Likelihood,True Log Likelihood
4,-75.28665757386207,-72.08550567360626,1136.7932377811044,26.0,34408.42120636719,-41.3857947450704,-56.9810086331744,917.7189781058786,26,34635.752491259664,1.3435321629532353,0.7910105075468153,0.6150204722402044,11.292398803328307
4,-30.122983315003523,-67.65511696668764,346.7267192531981,23.0,24837.174985851543,-28.04371731795463,-71.15331621952248,267.658295543031,26,23962.61612155557,1.587621741885621,4.349380990085878,0.0019202248318068286,2.024017655807948
