Detections,X,Y,Energy Per Nucleon,Z,Height,True X,True Y,True Energy per nucleon,True Z,True Height,Phi,Epsilon,Guess Log Likelihood,True Log Likelihood
4,-94.33897755138779,-49.9025073985419,738.795057809767,22.0,22500.22340241853,-87.71099224872631,-45.41501004434272,712.2506082105651,26,24190.14205232849,1.6026390737111793,0.4454835790426086,1.2733443181540287,1.469093939835432
