Detections,X,Y,Energy Per Nucleon,Z,Height,True X,True Y,True Energy per nucleon,True Z,True Height,Phi,Epsilon,Guess Log Likelihood,True Log Likelihood
4,-83.21046201443431,15.840398340386741,1738.8961386928613,20.0,27439.442453413314,-56.44239533857653,17.863365160967703,261.75404669677937,26,23986.082661124627,1.3049497423588174,5.785378709619159,20.534636209419084,22.32826099115794
5,-19.20072180919476,-31.40164164780208,2250.183327333457,26.0,30990.814240594773,-18.01955893854037,-31.12706535660618,2099.824069560076,26,30090.564001101313,1.3589632098479516,0.23466670661935532,76.818522672849,77.46925792904028
