Detections,X,Y,Energy Per Nucleon,Z,Height,True X,True Y,True Energy per nucleon,True Z,True Height,Phi,Epsilon,Guess Log Likelihood,True Log Likelihood
4,-27.279280853024943,10.041782646512615,600.2594112478682,26.0,32181.69758541737,-25.781309868669894,7.537689177927717,583.5798309102374,26,33276.312178736785,1.883681571010835,5.292927023697186,58.07622289371823,61.06988532000809
5,-64.67346955305331,15.749620445913877,1431.5612379521083,27.0,30673.95281212873,-57.33107144320225,14.497976664107512,1474.1982235812711,26,32577.284250047924,1.7372530270455995,4.303879191241128,69.44044332968171,71.27771149661584
5,-10.583875252408177,30.521908313970073,658.1090959872172,20.0,29245.309478802817,9.186816790211566,26.13787646471019,640.2119417301433,26,28046.91340766847,1.2460075344099095,0.9891006100995803,66.94003403495948,71.9217306641444
