Detections,X,Y,Energy Per Nucleon,Z,Height,True X,True Y,True Energy per nucleon,True Z,True Height,Phi,Epsilon,Guess Log Likelihood,True Log Likelihood
4,48.10712096607239,77.90613959189028,654.4045187673591,25.0,22129.131470466913,32.8731885486807,69.24318915230833,644.3914995923919,26,24544.01626740847,1.4447198530321674,4.491335855913768,0.2768823422125992,20.61620758451113
5,-24.783439813108032,30.430403309990368,566.9073414138936,25.0,29360.48716831371,-26.23090335666288,32.45255647428766,565.7024172817166,26,31537.75712453214,1.6315836905748358,4.9199662667535,0.8006394140272496,1.304863391646275
4,-18.64964665295696,-12.98710958282311,757.0934282301479,22.0,33138.80204381082,-17.2238462064648,-11.213761870410451,763.1445619843976,26,33839.43039265072,1.4783581366363756,2.565472859194072,1.7326420786660857,1.9604371412052566
5,53.314519093031095,-17.32602634955839,325.2999557253075,22.0,24787.21805624382,59.938128276182084,-28.290220106011304,295.0924242551658,26,24717.060623714067,1.269884801063646,5.4794188563372765,0.04214910520814362,4.623144502601599
4,-109.39097817962593,-8.990485155580245,894.4056330642841,22.0,23634.67426765343,-63.58688570069532,-9.508005847122092,794.226509790638,26,30875.634524079112,1.6916557003570813,1.6465371392836645,1.1704703779595553,4.836635570026065
