Detections,X,Y,Energy Per Nucleon,Z,Height,True X,True Y,True Energy per nucleon,True Z,True Height,Phi,Epsilon,Guess Log Likelihood,True Log Likelihood
4,59.40899090526989,4.088931648913672,915.907305506664,28.0,36596.55495026192,63.37881261339808,15.83371360606938,913.0302620203046,26,25014.02289908955,1.478250262295407,4.860283075881357,1.1779429755105042,22.609464317903143
5,-79.10726708805456,-37.781510402515835,547.7023372276199,27.0,28245.114854773463,-53.040312804175784,-31.57965176463101,516.8082493318659,26,25782.034988916643,1.303509814951235,2.814244836501951,1.0218426408558097,3.5728089272486607
