Detections,X,Y,Energy Per Nucleon,Z,Height,True X,True Y,True Energy per nucleon,True Z,True Height,Phi,Epsilon,Guess Log Likelihood,True Log Likelihood
4,24.17968054420436,-22.3464879651533,1229.5452465568767,24.0,38089.273041054934,24.20537368745954,-12.97618065061198,1354.0878431721062,26,38996.94530937921,1.364907060141458,3.1068707350648443,3.526699313917784,6.843281141613083
4,-51.16803808880428,-6.263430682580179,294.0394741711697,24.0,24840.759609413366,-59.344615273038,-13.92350663525977,263.41236308932025,26,22750.654098443167,1.2086178106454708,4.131128991552812,0.0030277528371964,3.65851491204521
