Detections,X,Y,Energy Per Nucleon,Z,Height,True X,True Y,True Energy per nucleon,True Z,True Height,Phi,Epsilon,Guess Log Likelihood,True Log Likelihood
5,173.46771227760308,223.3693191514791,549.4681145421237,28.0,17500.72053836869,51.49234984820967,81.5876954825903,425.15329162888634,26,23400.558679248414,1.751650639552934,1.6223291107023132,3.396153600284137,4.004383309571696
4,-41.74127556265091,-38.827343146532996,870.1842795115557,24.0,30876.121890477883,-39.80878133266137,-46.19854459105318,903.3190395832362,26,30948.3102650057,1.6631145127774956,1.6594057217866347,1.413974067179958,2.510429220866448
4,25.498860195455734,-12.4105028336935,818.534494635784,29.0,40126.20910183404,60.35643166656382,-24.86527189102992,900.2183849895825,26,29957.574952776657,1.544801584832613,2.6742241256080446,1.7719987589276835,8.520924085846106
4,-22.482536720476787,-1.0126003871588978,761.1951345133651,24.0,32351.896110172605,-28.23133689057653,-18.83036472787134,775.107147737678,26,32486.306187179158,1.283991015318477,1.272287087404051,2.4417917011497137,50.47557503745786
5,-22.780400470473467,14.8792158543867,416.4502089923634,28.0,24742.436492407232,-17.500939314717755,21.70856766847018,384.42517846772483,26,23471.485776940655,1.701637522523373,1.9521816837766124,0.048316547288312826,2.0682093732233806
4,25.415184070630858,0.646263612922553,1164.2953486843194,24.0,38150.671475952026,25.62224398238905,10.775112463915946,1148.0130261999607,26,38876.358050289455,1.1957418709212428,1.5413048369891111,2.0211208906596987,4.083315051854503
