Detections,X,Y,Energy Per Nucleon,Z,Height,True X,True Y,True Energy per nucleon,True Z,True Height,Phi,Epsilon,Guess Log Likelihood,True Log Likelihood
4,117.89795421869104,36.84360998481293,1028.6677699361258,20.0,21857.90672664285,62.273395332471125,16.319257188294984,790.89466584437,26,31528.556103073333,1.7173529049645722,1.7489400043774932,61.98024744576026,63.84339484506374
