Detections,X,Y,Energy Per Nucleon,Z,Height,True X,True Y,True Energy per nucleon,True Z,True Height,Phi,Epsilon,Guess Log Likelihood,True Log Likelihood
5,39.86573810686093,55.733158456032925,791.0642362724526,26.0,30558.239877521526,46.25633014938282,42.89477649108457,742.171618485051,26,29869.347236344507,1.8254006521986672,1.1660721756575037,0.8858073786184462,2.7709211041961845
4,-87.32575659152454,-9.838959543459737,630.7128317504985,29.0,29871.379218628997,-99.86443694655769,-14.660018166813245,618.743782794881,26,24565.078486218612,1.6901538630921964,0.38119672525829507,0.5553227747002855,5.132097154901735
5,1.5075861867807703,18.482348352247357,804.3454071505456,29.0,33274.79693459618,4.880156053428834,20.97031869238134,806.3617425407773,26,29285.732221458147,1.2583219762081712,1.2592136625227226,2.5214107412788307,17.36529357153164
