Detections,X,Y,Energy Per Nucleon,Z,Height,True X,True Y,True Energy per nucleon,True Z,True Height,Phi,Epsilon,Guess Log Likelihood,True Log Likelihood
4,-9.825124580490012,43.52741090523347,2727.4325728620834,28.0,38104.203140051075,-10.76757762124052,40.073485464366,2624.634794940253,26,35516.613774391524,1.7476183590493692,3.8505386882298076,0.45369625781465506,1.0487388383791272
4,-92.39172349392072,-1.9430454520698959,1986.5369196067968,29.0,28486.34242137614,-85.21013966741017,-6.062138929843087,2120.189858431939,26,29341.166178522926,1.3459426254468432,3.802045341299678,0.4515130664205564,2.9392636891013018
