Detections,X,Y,Energy Per Nucleon,Z,Height,True X,True Y,True Energy per nucleon,True Z,True Height,Phi,Epsilon,Guess Log Likelihood,True Log Likelihood
4,15.274269312169906,62.97726713888591,554.4251659442754,29.0,30193.664713648584,2.9313953086823687,71.70557726554583,569.1917964019918,26,22394.68720990648,1.5524071618252315,5.1680052865447275,0.8340770141150675,5.511260868294004
4,-53.11110065359301,19.11224054982614,531.6624132167663,29.0,32139.978541006614,-47.065482099692844,1.1298765846997014,537.3029403564573,26,30767.97884400815,1.4563235974791477,3.2838839996081997,1.570713064907071,5.561706186166623
4,32.170797442822675,-34.027951461123905,943.00771787243,29.0,34753.90771223674,17.824533649311945,-37.03909341826737,900.605069975126,26,34585.968767656945,1.4645482301084212,2.248219770322152,1.2246429700724553,3.4327254156898728
