Detections,X,Y,Energy Per Nucleon,Z,Height,True X,True Y,True Energy per nucleon,True Z,True Height,Phi,Epsilon,Guess Log Likelihood,True Log Likelihood
4,69.39553851582531,-86.19025272933115,870.7350693334349,29.0,25030.886432854226,66.46481812845036,-88.81124858740165,861.8480160972754,26,25316.51644147784,1.7980738098847142,0.3235726993221684,0.5780571430215873,0.784329516325578
4,-87.55745034949686,93.46864835227535,598.9212787784456,25.0,24822.81822145383,-25.48780214720216,72.504509737827,363.86856515913024,26,24848.74131705189,1.408867683355368,4.369554234456336,0.2196147055717509,98.19104957976712
4,5.441216155092434,-66.95687264477903,292.5524074091067,29.0,24452.746263138695,13.993110753438032,-74.27062369569506,239.25902181360837,26,22381.689336017727,1.8443681741846867,4.588046423753967,0.0034287190164581033,0.6908714335057649
5,12.70133528713842,15.984741631153554,596.9889076372034,24.0,33251.51069061589,10.07502887205095,16.379322790944116,585.7167349841496,26,33706.4569593513,1.6234562579238034,0.6607280809905958,0.7495948018258629,1.3303638750244904
