Detections,X,Y,Energy Per Nucleon,Z,Height,True X,True Y,True Energy per nucleon,True Z,True Height,Phi,Epsilon,Guess Log Likelihood,True Log Likelihood
4,-6.802959903136525,20.64332677211769,232.8134532597553,32.0,24976.677317840975,-1.7958046639331258,22.85995694589886,333.25041843522723,26,28770.96877232647,1.3187175323942042,2.2424521243795716,16.094274074082815,16.900674682225077
4,-97.28981485165383,-56.490826346829664,513.7755110827511,24.0,26953.186878392837,-102.33257325690678,-56.07950724129644,522.4622330552019,26,27908.79030779086,1.3342489815630443,4.84569832675391,52.54093983802283,55.60749540156164
4,-38.09818611249739,-55.079117461953416,406.50945496968905,31.0,27767.983815822197,-70.19072941209795,-83.88399299565911,415.7851261412545,26,24216.14610817241,1.703614203108466,0.5815221271269655,45.24339268979229,50.98819511708059
