Detections,X,Y,Energy Per Nucleon,Z,Height,True X,True Y,True Energy per nucleon,True Z,True Height,Phi,Epsilon,Guess Log Likelihood,True Log Likelihood
4,-4.940179653738767,66.16023572816198,1006.1510766292765,26.0,35217.82325030888,9.902873669934621,46.14646958414767,953.7739988598829,26,34119.00653529771,1.5512135879568811,0.16776196713080796,3.3012076544568476,8.97261523525232
5,-14.72758831956844,68.50002270813621,982.9946098331326,24.0,25962.349157099627,-20.417333031244965,46.231576369228065,1000.6487808257385,26,29263.658227307526,1.803953657548054,4.821953961109151,0.9334977635240314,5.67170728903711
