Detections,X,Y,Energy Per Nucleon,Z,Height,True X,True Y,True Energy per nucleon,True Z,True Height,Phi,Epsilon,Guess Log Likelihood,True Log Likelihood
4,66.32992677515108,-23.73149247754941,2298.6721423723147,28.0,29402.057195743633,57.73241666827812,-22.72115171817653,2230.1838063943565,26,30029.291597715095,1.473923659895655,1.1030980416013645,2.0545324115005923,3.198883033152162
4,-82.18941418183044,64.99953949897082,373.35193199217815,22.0,25518.576372624484,-90.16997067327641,66.37957952151908,380.8463355554517,26,23566.101122072152,1.315084497620623,3.50149537808316,0.19141035164471804,34.95752125646346
4,50.877291877706966,-26.82459066528753,278.7561702530751,27.0,24933.00380802124,47.838762150779075,-24.895882796954396,236.2367991497077,26,24033.9477876166,1.558712328562868,3.385852947301141,0.0016439551868838425,0.36902261624243643
4,-37.48507251691058,134.2328968825006,895.4412421601368,22.0,20437.30292343156,-1.4790649989269582,120.00891626596274,762.4045613489646,26,21918.938438438432,1.311014265368188,0.06533871327297622,0.27495170631138877,6.225304541233441
5,10.986537636258504,33.478002422478596,981.4825467916891,29.0,31713.51778787616,11.642469222704989,37.351541468233535,1020.0898438277071,26,30660.224505895676,1.2826142227261592,0.04112769486286433,1.2428950024957477,2.065196076834006
