Detections,X,Y,Energy Per Nucleon,Z,Height,True X,True Y,True Energy per nucleon,True Z,True Height,Phi,Epsilon,Guess Log Likelihood,True Log Likelihood
4,70.18413956044685,39.011617159128775,609.0059223375699,25.0,29529.041078260554,84.35657003479861,48.645311559083865,614.9357671057037,26,29058.001490274663,1.2140992146188827,1.369861032937245,58.60461755336335,60.722133396104276
4,-32.3476532610419,50.234193427625996,865.4092131727494,27.0,33449.20509647601,-28.302815929380955,47.721335637018825,883.0004157442805,26,31971.503752211807,1.8075281851015947,1.022339517217616,62.84734056649754,64.6829757714083
