Detections,X,Y,Energy Per Nucleon,Z,Height,True X,True Y,True Energy per nucleon,True Z,True Height,Phi,Epsilon,Guess Log Likelihood,True Log Likelihood
4,-87.26681200185925,-77.6403739764499,771.7133014215339,29.0,29155.08729296432,-85.37673470701293,-80.26020049080508,793.0499577669913,26,27694.76025973713,1.9098118688916457,0.8829327029046121,1.92620742434337,2.415746832370913
