Detections,X,Y,Energy Per Nucleon,Z,Height,True X,True Y,True Energy per nucleon,True Z,True Height,Phi,Epsilon,Guess Log Likelihood,True Log Likelihood
4,13.574196187418181,-56.58945089834745,728.8684484420162,29.0,35857.20631093276,-3.055044038160105,-42.88387633128772,691.2438793550353,26,32544.512300345566,1.8825154582612298,1.9764728349359282,1.464521015068921,82.80737037696672
4,-64.83211188192044,1.4213441498732209,2591.4398153531115,29.0,37394.569347039826,-62.35643037015868,-3.7763296146960954,2587.178047094308,26,25466.38112742975,1.5940123518858795,1.0847816403804482,2.8730044973292737,3.56188105006566
