Detections,X,Y,Energy Per Nucleon,Z,Height,True X,True Y,True Energy per nucleon,True Z,True Height,Phi,Epsilon,Guess Log Likelihood,True Log Likelihood
5,-0.03484181536913411,-29.85816996297109,512.4218667625368,22.0,29166.87856892633,12.976274583481683,-22.55400697625977,505.3693645905201,26,29268.685204105906,1.3399688089236559,2.161850818314959,60.0651445678455,60.96479740121276
4,-31.890716066434436,-14.356900805304463,724.2223151124317,24.0,34465.84945868008,-31.12216827379804,-9.400622666009127,740.7330554908086,26,36048.363369548955,1.3698908123871507,3.909701160359789,58.31902475046322,59.74172232893355
