Detections,X,Y,Energy Per Nucleon,Z,Height,True X,True Y,True Energy per nucleon,True Z,True Height,Phi,Epsilon,Guess Log Likelihood,True Log Likelihood
4,-94.85951451082988,-86.88429077655522,1020.2005969051602,28.0,26939.13148715037,-105.7442901861011,-65.33977448694094,1064.8327136212347,26,28074.01986257629,1.2854990609196117,3.826398475708324,0.5351190318408098,2.4503637568101375
4,54.758913642891685,-0.01777917975937271,405.992223793146,27.0,29523.589685642197,80.35875744738672,17.295279621935066,409.04842178791455,26,22800.838787322762,1.7862430742125062,3.00765539493061,0.47419792880770784,4.259138317006949
4,-110.43176993910217,-28.650335431602286,460.4210670355926,23.0,31874.362639530882,-54.595376141030144,-30.76324050411968,443.15722652397466,26,28430.621143741682,1.3021790193062943,3.8210440993743693,2.6234952088092003,5.237505697582323
4,65.16021729344499,2.4642081663546946,372.709820053715,26.0,24398.080535462774,48.532607877595524,-61.87204962020711,237.61605766043525,26,20878.764680589713,1.7389808689888318,2.3255031976351823,0.00040343071393970475,21.2274371589572
4,2.945883842275748,47.83486581253021,775.4518706879564,27.0,33637.10651983977,0.9304114785197157,51.001702036817164,769.9581828382394,26,33404.5102271654,1.5380550710380803,0.46506338277591847,0.950208503022885,1.0689340900333688
4,75.78060693133625,31.38938993568263,398.7855697511091,29.0,25794.662943143856,80.03438028152118,27.59206897113711,398.23414002104795,26,24504.9643102013,1.5948513567168079,2.912662350062059,0.3513652300041095,1.9578836584951886
