Detections,X,Y,Energy Per Nucleon,Z,Height,True X,True Y,True Energy per nucleon,True Z,True Height,Phi,Epsilon,Guess Log Likelihood,True Log Likelihood
4,-79.20123646585208,33.008944239880975,1202.702181142095,27.0,34225.9492638067,-63.803606717369604,24.61323273063212,1200.7552451891968,26,31216.958171983464,1.931105393109707,0.01953662197510177,1.103483855258596,8.904337444153573
