Detections,X,Y,Energy Per Nucleon,Z,Height,True X,True Y,True Energy per nucleon,True Z,True Height,Phi,Epsilon,Guess Log Likelihood,True Log Likelihood
4,12.732268706577656,-15.921959825765839,474.54092265171334,27.0,31983.837670227033,12.175514476212953,-16.383815478797175,475.2949950066638,26,31071.47181731511,1.3054464737489446,6.014743683106111,51.13305426261208,52.44423936274591
5,7.944394156931821,-84.93635431494212,867.4372584658171,32.0,30157.112030821347,2.413199172866257,-92.36287145787813,852.7960757525028,26,29518.21481541147,1.208304584658342,0.43391585299577273,70.07164523639086,73.57600805045502
5,29.82562981244439,33.295078892813194,773.3208575125861,21.0,29743.065434735927,23.706202108646778,39.579399866126806,765.3026469176359,26,29737.11223164421,1.230439340833889,4.038160516860439,65.06024358183157,68.1883628176018
