Detections,X,Y,Energy Per Nucleon,Z,Height,True X,True Y,True Energy per nucleon,True Z,True Height,Phi,Epsilon,Guess Log Likelihood,True Log Likelihood
4,72.56293110171225,17.76675641721789,735.3257835023015,22.0,39133.01977593676,51.66251439694207,40.786400142573484,693.0894548330583,26,28390.733736291157,1.756453772515518,6.003215878244026,3.313686106155184,5.503445625030441
