Detections,X,Y,Energy Per Nucleon,Z,Height,True X,True Y,True Energy per nucleon,True Z,True Height,Phi,Epsilon,Guess Log Likelihood,True Log Likelihood
5,67.38566766159386,-41.96987555041335,345.27930320467294,27.0,23768.944616634,63.82456156418897,-40.446812589501135,356.74764565642937,26,25525.618622119862,1.3536571110639175,6.12477734735938,0.05748809033856033,0.4319332217056823
5,-23.031418414759628,-50.83805964489062,818.0427920224955,25.0,32494.45533354998,-42.34802833497102,-30.832867423187366,883.4924616508641,26,28242.034857373892,1.837325239869686,1.625537326935725,3.345123656492257,11.878344386131817
4,22.401832797806833,-131.43415094269756,388.3710872607479,24.0,26599.8430706926,23.111248838424245,-25.832222099100576,388.070383287606,26,28687.468362932133,1.5825285640066165,3.7637246115610594,0.32233160887703866,195.255957047008
5,38.779683682798634,19.09847227598368,403.8557840734892,28.0,27198.71889329718,57.45255373248145,18.33728258707984,407.9179732926544,26,25420.65274634414,1.7664664790064295,2.4685106930813747,0.4984063871844928,13.000519175409353
