Detections,X,Y,Energy Per Nucleon,Z,Height,True X,True Y,True Energy per nucleon,True Z,True Height,Phi,Epsilon,Guess Log Likelihood,True Log Likelihood
4,16.398463788341985,15.938099868383802,238.7858384956427,29.0,24991.593972067574,32.03486096201857,59.837156240259105,355.25543439691234,26,28110.527992731768,1.8913847551267282,5.569506172640544,0.015713691691751824,1.4885794451201946
