Detections,X,Y,Energy Per Nucleon,Z,Height,True X,True Y,True Energy per nucleon,True Z,True Height,Phi,Epsilon,Guess Log Likelihood,True Log Likelihood
4,-31.191464010824347,21.671649375709137,1576.2372719808754,20.0,38166.321246913394,-23.991228451196022,20.831604092099923,267.10468241871314,26,25953.69931239718,1.8907419956160398,1.7478170808240576,17.46471892837708,19.665616417832894
4,-36.480205489188165,9.313238835853156,1840.424311171855,25.0,32009.74412422379,-31.365222499357486,11.600012351757215,1888.1350783562573,26,30374.52517755452,1.5369194706695362,0.7893272733466162,65.87922584436431,67.00066153320215
4,-102.39581522805236,51.540085312416466,585.0872724653935,32.0,26697.103555369915,-103.12294965199895,38.32017626353726,590.3970876666147,26,25131.726669429656,1.4525677857376134,2.9682618289529534,60.742889167187236,62.48860240537534
