Detections,X,Y,Energy Per Nucleon,Z,Height,True X,True Y,True Energy per nucleon,True Z,True Height,Phi,Epsilon,Guess Log Likelihood,True Log Likelihood
5,84.04129460838215,-14.999764632676033,476.32210616238456,29.0,24926.73977208964,98.6778585540178,-17.209460853003833,498.3735357359777,26,23104.313080399726,1.2087707974787714,1.7418594647473822,0.3084298927389204,2.6372209298732123
4,4.661222940823279,-30.621889010109726,554.4804409780593,28.0,24719.772224180393,-1.7573863426199523,-32.86759675382032,321.27652617809633,26,23914.263966627215,1.6347735835935109,4.152692693268476,2.840160397078773e-06,0.5262433110631011
