Detections,X,Y,Energy Per Nucleon,Z,Height,True X,True Y,True Energy per nucleon,True Z,True Height,Phi,Epsilon,Guess Log Likelihood,True Log Likelihood
4,-2.526840252059742,2.483401853799137,859.8447939882143,29.0,27860.93446219975,-1.2589670148665562,-11.58585574717759,931.0974761718622,26,25515.014571085376,1.4921124114838504,2.3407743998824295,1.6331076035014291,5.689003693721169
4,-42.82675380834331,-18.18443240970697,1140.304654354093,29.0,30816.694914549575,-41.391931561181366,-21.961808281323613,1128.2460818262898,26,31806.605611268544,1.8290034876198116,6.112683918411495,0.8302967903803281,1.855903693240399
4,21.480770781939384,65.69616401302443,1502.937963475299,25.0,30884.63689197538,19.188741182835116,61.37348215908008,1482.8297849589421,26,34664.137304930206,1.2839991251993075,3.5510886729545064,0.5113422634614426,1.0346298884442624
5,-20.789923693529545,9.993887128172162,300.4766263612696,29.0,24408.856762392836,-19.86741892288896,10.160356810422542,340.2308583384949,26,25513.58878097626,1.9410319222729322,1.3149284066374667,0.2406552817588132,1.2499191394747984
