Detections,X,Y,Energy Per Nucleon,Z,Height,True X,True Y,True Energy per nucleon,True Z,True Height,Phi,Epsilon,Guess Log Likelihood,True Log Likelihood
4,19.88028813500665,59.93720209673393,352.15117943186465,28.0,25004.946955678668,15.719734042634514,64.38203779724529,361.0081413253208,26,25131.34446070109,1.2813183524535243,5.63875374759922,0.001090794184764595,0.278527188153315
4,-34.78876871266027,26.749785468239907,861.7459977609301,26.0,33826.01148369385,-44.992021537479786,27.600855164905738,843.1121518267324,26,33482.22493971244,1.7309491870581555,4.916108381652324,1.3954954697176405,3.6418596992267287
5,-39.368344201832656,-19.87586040038599,2556.9076267076284,23.0,30147.379551733313,-34.79859971869446,-12.894642129053608,2489.336409006004,26,30476.528263915035,1.2245641465476385,2.683039559109298,1.5268615089360176,7.639675451019505
4,99.79142543071839,20.677215883045278,1531.1565240603718,29.0,31245.088536561616,110.00992675477517,43.546064019253976,1948.6065616041449,26,24589.853820557048,1.3165915467253524,3.2635957101421114,0.8026706525410481,4.338700421200188
