Detections,X,Y,Energy Per Nucleon,Z,Height,True X,True Y,True Energy per nucleon,True Z,True Height,Phi,Epsilon,Guess Log Likelihood,True Log Likelihood
4,-15.771480127489554,-33.533495778113206,1189.550104628223,25.0,30009.062999137503,-10.86695196254513,-35.479680728727104,1226.1970157321346,26,32197.366694374083,1.6215215136724666,3.0475622538745983,1.2395960851920105,1.911582899318066
4,-40.13544419982264,93.22692066465373,561.1216333579983,23.0,23834.203839306487,-33.06998232239644,92.92903882373474,539.2978643978024,26,25554.401784377642,1.3191287233076097,3.5475767878952764,0.29496055235511576,3.5281334364399197
4,0.6384880927957397,85.2316788201702,2068.31992169496,27.0,36259.6801071202,-10.923871417966922,75.88858173400465,2036.9259106977272,26,34086.89428470688,1.3173102088711932,3.6005739975741298,1.0562015526780306,3.5236470418690193
