Detections,X,Y,Energy Per Nucleon,Z,Height,True X,True Y,True Energy per nucleon,True Z,True Height,Phi,Epsilon,Guess Log Likelihood,True Log Likelihood
5,51.01904933177832,41.13860313689639,419.820528531956,24.0,23943.566578377984,51.247046808964456,35.186290950198156,343.31850678091104,26,24431.63936554204,1.8115885088605663,0.8657865007093287,0.04526400925706553,17.91354458905016
4,6.631816634820041,155.70425023853807,1307.0513414269133,27.0,25297.137316085373,5.219323874111609,81.23794326275512,838.192370800235,26,24947.150306382173,1.7302587225152977,3.532452753241414,0.6336551617045822,3.3553849760665573
4,70.08965222917402,-13.401294149299133,422.7547359785766,29.0,28254.13709224084,66.86323407409262,-14.151009477330291,421.48674069610416,26,28179.225201065972,1.3401735317688872,0.6863165228791491,0.5930519192953436,1.3459388157679533
4,14.684037545518095,50.23264442836961,1527.6773950515042,26.0,41362.33827709411,4.483409516632065,34.96822431137804,1576.7670798987078,26,33908.65102787348,1.8078610646224844,6.152130223290033,0.7021804909284455,7.349793271687152
4,-29.380456925866497,-9.895743067071066,232.93657263436899,29.0,24182.938830443018,-100.73676593900007,-64.85648507995712,289.2993996665512,26,22789.095759276883,1.8159601429499461,3.8024253661904956,0.008744611938743213,0.3350665722722367
