Detections,X,Y,Energy Per Nucleon,Z,Height,True X,True Y,True Energy per nucleon,True Z,True Height,Phi,Epsilon,Guess Log Likelihood,True Log Likelihood
4,-84.40994942217955,58.986529081991364,513.5682547813542,29.0,27650.029569847626,-74.15618429665953,86.43928410967285,540.196466128774,26,25505.865777438758,1.832297738401475,1.987306419370301,3.337263547274345,8.072500985937294
4,32.080622107551676,113.51414093722951,532.0896577125945,24.0,29062.90199915683,74.85261259793131,110.51277641636233,574.2842889452357,26,23472.878398940553,1.945346010050609,0.8135358727240161,1.0514695099308184,6.905973699644436
4,-89.19961118161788,3.7005195347948643,602.4934015505265,29.0,31060.79651296162,-58.07932550878368,-14.505338033112025,587.2308578253778,26,25084.65943039707,1.24004711640683,5.658931342449856,1.5319452363626505,5.676506040881601
4,35.62542453350062,48.848029366642834,1490.94080238962,24.0,27329.10594144055,37.09626390491596,52.18824996242353,1436.2350587287574,26,30932.8391033341,1.7220669532400767,5.902712435425631,0.5637762399486307,1.7277002226617866
