Detections,X,Y,Energy Per Nucleon,Z,Height,True X,True Y,True Energy per nucleon,True Z,True Height,Phi,Epsilon,Guess Log Likelihood,True Log Likelihood
4,34.33118370724185,-34.18272715121964,438.8403017828114,24.0,33213.24984569967,41.68300815825765,-52.78848751054856,441.6242421202625,26,29043.30860458417,1.5889318803943182,1.6579404095535035,0.9322688446385334,1.5806908965663475
4,30.862146060323425,2.1954223118441973,1471.0075155719821,27.0,23599.343245893884,49.44377056002307,3.9668267836239295,309.275507677226,26,19995.224248750405,1.2599752257215429,4.535609721652898,0.0030737540553957988,11.56867008863467
4,31.17809910270188,-17.676886341177635,910.8506941659188,29.0,36410.66168736864,32.72229692820156,-12.300259915868935,925.5187143823534,26,35591.81788469506,1.5003257529342353,0.5480203653912891,1.6295566585931227,2.3924298536556643
4,27.8746425940829,-35.98099792329015,1898.7933900952926,25.0,38626.66299036848,23.603261168237196,-39.364795575627795,2026.8121623857458,26,37462.79700290409,1.5272934124861812,4.606084943073948,0.37604798539423356,1.1364499081845694
4,-3.513270347319974,24.670473553770364,232.65113186285234,29.0,23724.623200176404,36.878357442569325,15.674139639808146,272.9629492190668,26,24179.151343193065,1.343758009785227,1.1285246833571037,0.023444414204627933,14.559988637398822
