Detections,X,Y,Energy Per Nucleon,Z,Height,True X,True Y,True Energy per nucleon,True Z,True Height,Phi,Epsilon,Guess Log Likelihood,True Log Likelihood
5,13.472285854290021,14.232810462120199,1125.498799770342,26.0,30868.34432827548,12.298439557574,16.517913950855046,1097.107376706584,26,30897.310741160578,1.199491404695187,1.540057096083001,2.071440980037448,3.5184479417596655
5,8.892848689424795,-48.93680395580324,473.4239087534553,25.0,22650.154908605407,18.382327152772007,-35.45842824667274,474.8645890192434,26,25001.15682953071,1.8247001252283008,3.43936450739744,3.046979591442388,6.4406153285964045
4,-20.23733446145951,-26.0930914232477,252.60409242509164,24.0,24960.823276569172,-4.808515809958436,-33.33468786620941,238.34773597746596,26,23782.211756314726,1.740306438087129,2.3454009191794114,0.06433548985929693,13.067778486024284
4,26.656501879536677,-13.265282215790592,725.9569655552759,22.0,33464.18024354407,6.674556344073267,-27.89968920027654,755.5810772936411,26,32421.186516334707,1.6511526257237044,2.0384670189159,1.6246766071271395,5.4065284712377455
5,39.15802245758971,-23.0204305314777,542.1471319830523,27.0,33928.7804472954,75.03810585217315,0.9243583818588945,579.0324965796812,26,20822.691044852803,1.7767881099226537,2.810725544873631,1.828357752430013,8.730535285475508
