Detections,X,Y,Energy Per Nucleon,Z,Height,True X,True Y,True Energy per nucleon,True Z,True Height,Phi,Epsilon,Guess Log Likelihood,True Log Likelihood
5,22.35248557154557,41.47158271851583,906.1608788162345,29.0,28718.21325570415,16.47918619118468,47.825774164253744,879.364210128671,26,27854.92593226442,1.7314033015062595,4.22151861046956,1.5768037857212898,2.155740318826333
4,196.5933949088643,-32.981926375104024,1796.0555137996269,26.0,19763.11529133373,112.64860754766272,-39.381054588531825,968.2983811439909,26,24178.15088902408,1.6342451870643695,5.476396707138256,5.547220533726385,13.537875765200763
4,136.32990801144905,1.465935567726092,473.6349398253809,22.0,18232.35355784879,93.30105836874912,-2.489846568369103,445.3553459423984,26,23921.038102360497,1.763931382353826,1.5529863164243474,0.49997526079270244,3.685914758038686
5,76.24847327730618,80.17867655676281,880.2877190853361,25.0,22066.746418296898,93.62898358250393,70.92088522173924,1016.067479708402,26,20662.251439244203,1.6991358822516591,3.7912252242890054,1.1853979305633955,14.299105927813983
5,-46.54203030055163,-103.29668694083455,1024.2888609219697,29.0,24202.5440125895,-42.99097230135732,-104.09458471327625,950.7097897339528,26,22926.07699558233,1.2658343247085189,5.5774872507580895,1.1070472246360241,3.23544024587644
4,-11.187502916612061,42.81581211320639,3260.511777596928,28.0,44675.63901714965,-14.730801315535189,57.47175460440238,3439.6673659598205,26,39752.89606308934,1.249081551429417,2.4105511032704916,0.7362310258073635,3.092726753308231
4,-53.15939570526166,35.537398227631456,1045.38372720513,29.0,34676.92619953885,-44.884736622043135,31.686433270986498,1037.2316205942009,26,35109.77245952958,1.7068120052961135,2.1311706972166684,4.552670317448026,6.61964293815933
4,83.02281783050836,84.7067919881373,328.5729142745628,22.0,24311.390747399004,90.07291197841184,59.939934295487035,300.8095533276873,26,23857.579935305916,1.2583192652786157,0.8752568958613907,0.09472667958931136,3.0591396748810458
