Detections,X,Y,Energy Per Nucleon,Z,Height,True X,True Y,True Energy per nucleon,True Z,True Height,Phi,Epsilon,Guess Log Likelihood,True Log Likelihood
4,-1.1135153362918686,20.58058404399111,1834.3465950675425,23.0,33915.18027876879,10.276483540516665,0.5832069513964768,1934.8173343407939,26,29750.33274709878,1.8444374758835569,2.838751241549351,1.0283567302655556,6.110225245361164
