Detections,X,Y,Energy Per Nucleon,Z,Height,True X,True Y,True Energy per nucleon,True Z,True Height,Phi,Epsilon,Guess Log Likelihood,True Log Likelihood
4,-5.230058438255639,18.604275134595866,579.1105062200036,22.0,32883.57763215079,1.0490388635020338,13.683352496335942,611.222492507951,26,34454.998444465076,1.3394893711315172,3.0249554029307406,2.453873380039877,6.366726459837196
4,-21.427501375495865,61.35365350461973,546.7209371024701,29.0,22509.952829702037,-16.66638700377763,78.45555406817269,619.5958339424017,26,22856.457455963297,1.8673276890895694,1.339452767114359,1.6622753150522773,14.685597332076746
