Detections,X,Y,Energy Per Nucleon,Z,Height,True X,True Y,True Energy per nucleon,True Z,True Height,Phi,Epsilon,Guess Log Likelihood,True Log Likelihood
4,41.411589635917494,10.199684326299177,696.3617046963859,21.0,27116.367158772005,33.41242466084336,13.700233887162398,651.555418467319,26,29628.314768505646,1.5591418721498487,5.840000750901449,59.94494136610662,63.713268613599325
5,-16.06449247394636,36.01078064591928,817.2182495206189,26.0,29365.634336826246,-15.13407450943646,32.1017194633057,829.7839922111808,26,30851.815540397798,1.7371982753844846,5.634126322741694,75.35829126532217,77.81057071509119
4,-27.193794403961306,58.798117534141,750.7158673736874,25.0,32239.83673733894,-36.90911579338051,75.41176590372254,823.3263476296963,26,30461.577348526323,1.3116904784213141,5.513639769481947,64.83321853817934,67.47546590289272
4,78.57061868277083,-114.19287236539569,1313.009042206499,20.0,24842.49447521169,86.38877645674083,-111.60919779643892,1286.3820138015474,26,25242.927818708482,1.5003570487488977,0.30578411039973014,58.523540700387755,60.7442522935507
