Detections,X,Y,Energy Per Nucleon,Z,Height,True X,True Y,True Energy per nucleon,True Z,True Height,Phi,Epsilon,Guess Log Likelihood,True Log Likelihood
4,-30.707218384051544,-53.65592853062492,647.3965863649539,29.0,31847.554057611647,-27.78378590126036,-66.59005783061406,663.9247006083206,26,29353.575991522917,1.2409421112617822,0.8792171125807029,0.8114934110569798,3.22065623008403
4,-43.693517638632954,-30.937746422702162,703.3027620421008,22.0,33698.314800082124,-37.41600519273159,-44.62680805033993,732.5987273137752,26,33274.25213610897,1.22761811758582,4.687663630613509,1.2064168665717931,4.803440559706364
