Detections,X,Y,Energy Per Nucleon,Z,Height,True X,True Y,True Energy per nucleon,True Z,True Height,Phi,Epsilon,Guess Log Likelihood,True Log Likelihood
5,-28.97736321902454,3.7102842943722862,499.88542496689377,27.0,30495.299086067724,-27.437116950401347,3.181751678976184,509.67965115661775,26,31082.81624223334,1.5984130263857714,2.461949083298862,3.039791816864196,4.217575010218271
5,-70.87020955424603,-26.419833911101648,2034.6805681748974,29.0,33816.661304442256,-48.785793957774445,-20.593953476650142,1776.1504193860296,26,24279.367349336084,1.6062915100225235,5.910765268936883,1.3542407182914835,2.8753742291507614
4,-48.53850510416265,-48.01419316256255,502.99630839710693,24.0,38206.95738802873,-62.46331615812848,-9.51324195732525,518.9196074542959,26,28099.146378325793,1.805855220711276,4.052049148859578,1.4045469998486668,10.726924775216926
4,-63.10488981002271,-4.986341003542918,1051.5994128317657,24.0,27068.989698636513,-87.18899328106846,-16.164284587798903,1143.2438952183936,26,24498.76434677964,1.83538764626581,5.2963020391497935,0.8352917272822485,10.947728761987031
