Detections,X,Y,Energy Per Nucleon,Z,Height,True X,True Y,True Energy per nucleon,True Z,True Height,Phi,Epsilon,Guess Log Likelihood,True Log Likelihood
4,30.832455764301756,96.90017687544503,496.8061590709117,22.0,23461.69367655896,19.493149842851494,79.41600529085494,374.60865016083113,26,25627.07311980343,1.511227422213158,0.6027384699961036,0.11703668172176088,0.6688178519270986
4,-76.92895849001206,6.763415493287198,493.3546098534684,25.0,29985.68826106761,-64.68575250280676,9.428878262929373,482.387634687265,26,27733.523176186405,1.939238879961924,3.147121494798679,0.6442405615913823,9.817003513481042
