Detections,X,Y,Energy Per Nucleon,Z,Height,True X,True Y,True Energy per nucleon,True Z,True Height,Phi,Epsilon,Guess Log Likelihood,True Log Likelihood
4,-46.66488010594409,36.0929351912809,998.6970467978329,25.0,25552.66715041951,-41.11462836236717,44.939546315161294,979.9355348363131,26,24002.053969459324,1.2252964237544655,0.6042521689992427,0.4824585501769779,2.1154696668924804
5,17.07900714014994,-37.586918992043195,358.4729145726855,22.0,24963.773940251842,19.824550928290137,-30.802934263531853,336.6293088678073,26,24969.931281002235,1.2323778438477186,4.302599616254358,0.23756873495243683,1.373712450539398
