Detections,X,Y,Energy Per Nucleon,Z,Height,True X,True Y,True Energy per nucleon,True Z,True Height,Phi,Epsilon,Guess Log Likelihood,True Log Likelihood
4,-0.9210334118141645,-45.53013299447679,538.2592473694671,24.0,34446.25105667263,10.34439650174653,-25.19742705260522,532.0598563104356,26,28894.73639528692,1.2413815243137845,3.544957261826778,0.8485357630759922,2.1632115497633544
4,72.14564597703196,5.964235748748706,1758.8850458907102,24.0,38538.12041636398,66.39959881856052,15.592112162656434,1777.434621345531,26,31571.418719943707,1.7318153249240245,0.06026959648411172,2.662590315030241,2.9612651423446787
4,33.80127701461333,-82.91207021042825,956.6382029770458,22.0,28496.838055883825,34.932570431024914,-74.94052095974749,952.552644869965,26,28772.909060994643,1.296957279989688,0.37686580701592237,3.940570192595028,4.484354773312539
5,-70.66253987524456,-0.4691511590665982,779.9907071564015,27.0,25368.722739600747,-53.882282917914466,-0.010491543318835284,749.4223860231696,26,28883.986552608534,1.7880652279725997,5.349383191200382,0.46548281729740015,2.103132814261105
