Detections,X,Y,Energy Per Nucleon,Z,Height,True X,True Y,True Energy per nucleon,True Z,True Height,Phi,Epsilon,Guess Log Likelihood,True Log Likelihood
5,46.287290809454305,-1.7428264150036625,395.27786772334343,29.0,28605.611932581585,64.38402579104104,-8.98352966252051,395.66453305160223,26,25373.229820279113,1.5455879281657727,4.001422417310203,1.1822975550317052,2.6423488401707917
5,29.191072671630025,-90.13519638851776,761.893177235093,29.0,27087.92569395829,9.428115327227744,-62.16802857988276,717.921430109592,26,25833.91061202989,1.6460664253016022,3.8734981668053083,2.9415717210049372,5.309345187351079
4,243.75983939181776,139.71182407928023,456.0109190625011,29.0,17601.597135877713,78.02896457361638,44.17764704207863,404.2738525575739,26,25845.946345060645,1.226033568816738,2.574732332043481,1.3148546645492376,2.698360276299243
4,146.85456354216484,-21.226003748092637,495.62164176575453,24.0,17629.651261933475,128.01379776049708,-24.961922315251257,480.86444681604866,26,21616.10569901572,1.2258972869197708,0.7696213406008395,0.44342590798569453,1.0100643201603396
4,-80.8302164837622,-19.82888519022373,542.2582566419396,26.0,26889.487981188002,-78.32479207340303,-25.86305967991194,551.3384633802249,26,25246.114989810536,1.6674454535454306,2.1988213401007237,0.6258486970180208,1.9634144333274635
