Detections,X,Y,Energy Per Nucleon,Z,Height,True X,True Y,True Energy per nucleon,True Z,True Height,Phi,Epsilon,Guess Log Likelihood,True Log Likelihood
4,-89.05624033382026,-6.0472403061352225,1677.2261909989136,24.0,28547.138087900443,-64.95754952751754,-6.51517217536005,1378.598101486259,26,33565.21380210292,1.733380376009021,3.745499909687988,0.18245897913594766,1.3501030063304464
4,31.990803417616235,12.648953504841813,679.4695490599485,25.0,31441.58287178909,18.127805142987256,25.515005002639214,647.8838237709836,26,32858.46639682527,1.802183160428263,0.8294096448307998,0.2115734323718728,2.07424991242485
