Detections,X,Y,Energy Per Nucleon,Z,Height,True X,True Y,True Energy per nucleon,True Z,True Height,Phi,Epsilon,Guess Log Likelihood,True Log Likelihood
4,77.31382877120086,98.58357654942711,2420.6760261337545,22.0,22899.508711644,60.1587256696651,117.50000780868294,365.8009787100701,26,21055.638414682795,1.8353293901745846,5.5961283633073755,0.04024387302870318,11.824260105480834
4,13.48605383773355,58.02911119797727,3151.537287724437,25.0,41881.61092314709,13.127051189809663,58.865266534371244,2869.2051483363225,26,23975.75621683461,1.9312429723136704,2.9606796943505747,1.1806279766652619,8.291988628887394
4,-42.261613053884844,-10.694291998409483,1152.7931133657594,29.0,40378.249360543516,-46.496139492028746,-20.96668945487764,1155.6728663965214,26,34897.10312750759,1.8365972799233266,5.872393669559439,1.7972118763276583,7.43823129415004
5,-26.079750433116658,19.83114580655257,662.0237702850472,29.0,29885.95688932025,-24.37799094345462,28.4872725543336,700.8745055403273,26,29190.096710602596,1.2822042465686434,3.4372109056722766,2.5594937107249938,4.9792637404311035
4,21.689811028027293,-8.798580216863627,2985.7005113041478,29.0,28852.88176819858,-29.463740838398635,-3.114718807481495,240.59589373574948,26,21440.044864370095,1.9133538238717347,4.343981538677652,0.00029822383581632904,7.855433407718642
4,3.1635439296152867,-17.513512275107587,2678.3393889426984,25.0,33010.93185075905,-5.491456485684182,-18.176987309504028,2873.309505985362,26,29367.786678274453,1.6196843643866974,4.752338333679637,2.0150327999100037,14.222117633230454
4,-45.31642023235935,-13.408805012574476,3224.9235242491586,25.0,34680.81268399898,-43.19193402998526,-11.010256733459812,2895.1389512320825,26,37951.71512135838,1.6278900969470973,4.891034907591414,0.16691038000149078,1.012508967899418
