Detections,X,Y,Energy Per Nucleon,Z,Height,True X,True Y,True Energy per nucleon,True Z,True Height,Phi,Epsilon,Guess Log Likelihood,True Log Likelihood
4,23.371640141375963,-54.701957539639665,1783.506458836177,23.0,35025.75580600959,25.71952139087921,-46.581778515726555,1553.5425515306135,26,36724.63462573876,1.9464319040526854,0.7785066575291097,0.13632802074538097,1.6452785638347467
4,-24.73342006346178,-54.200381239401906,612.692794658659,29.0,34723.96283463818,-34.28904812755789,-32.07022161915859,595.825045592663,26,29358.86409465912,1.3403814754051318,3.4496524664576946,0.3813661977047156,22.573695527091818
4,24.91999119729894,-53.10769662203063,1339.6197649319606,23.0,29569.530479967398,17.73139066021804,-57.20036067496572,1389.8819809607924,26,31458.256054490885,1.8694369870997571,3.0404898694817692,1.1039908753907899,6.509395642206212
4,-26.643366584551018,6.338973166846074,990.5187106199867,29.0,33607.337628404865,-28.205032752933818,-7.208376552588135,1032.6636028133191,26,31341.402247061822,1.4044047511748292,3.9379131710056914,0.5771766302936838,1.9127610615848019
4,34.25853412494956,86.3911058119325,713.6169858677234,22.0,29079.920848001413,34.40276609282404,69.35532149605851,664.6826773754732,26,31019.305573715144,1.7018039566751548,3.8511697758818,0.5171862225301529,1.6219830672049704
4,100.77580227898397,32.02636624078934,507.7655394515651,22.0,23475.772544279243,57.63342207140579,17.453683419038384,484.14753391438313,26,25030.72469573744,1.8170708986037445,5.791018162084186,0.44367461445895506,2.6631265058615754
