Detections,X,Y,Energy Per Nucleon,Z,Height,True X,True Y,True Energy per nucleon,True Z,True Height,Phi,Epsilon,Guess Log Likelihood,True Log Likelihood
4,-30.578793587538314,36.89969517570671,990.365552439399,29.0,37656.7860593367,-47.34589751612387,25.155939511903824,1038.6322983222522,26,35181.753946221834,1.6390743850463225,4.376793095642439,0.3700393501688676,2.052911030978928
