Detections,X,Y,Energy Per Nucleon,Z,Height,True X,True Y,True Energy per nucleon,True Z,True Height,Phi,Epsilon,Guess Log Likelihood,True Log Likelihood
4,-41.744756368702156,-41.876535189664764,610.1210958527048,29.0,52766.83890629003,-29.82975764464952,-0.4887977652404345,589.0623585133961,26,29557.157317825953,1.877095028729659,5.414285856822723,1.4360050290057647,11.38194599498377
