Detections,X,Y,Energy Per Nucleon,Z,Height,True X,True Y,True Energy per nucleon,True Z,True Height,Phi,Epsilon,Guess Log Likelihood,True Log Likelihood
4,51.501876296177954,16.095557169512915,1133.6878227152845,26.0,39901.35636041316,30.289332186317836,1.1547879465473159,1098.510250817852,26,36190.38133276661,1.5570794126285765,3.8741764144905018,4.373916885644282,7.177108590434624
5,-5.349630626653152,41.79635222093867,362.2801133284755,25.0,24787.662682360966,-6.379306145739946,40.3932904656736,369.7412778410128,26,25960.940867710848,1.8658578966612622,3.2729707832101367,0.08649071343904577,0.1486202195763637
