Detections,X,Y,Energy Per Nucleon,Z,Height,True X,True Y,True Energy per nucleon,True Z,True Height,Phi,Epsilon,Guess Log Likelihood,True Log Likelihood
4,-55.41782795209136,117.01635999611,806.7210510525066,20.0,19060.21409715842,-55.48890018842533,104.92133971940245,761.9376526298247,26,24592.348642689572,1.1969207201060734,5.4382906013174965,62.357882328944726,63.73949070119986
4,50.999543586776156,-88.43404239966932,889.6055992489618,32.0,31912.676339772926,36.101598461402574,-77.85778034664513,817.8626989299395,26,32394.40653042549,1.8893382288354637,0.252840575492577,59.82132054633048,62.48892547188461
4,-72.05195358409057,74.63657761131202,1164.3001906596355,32.0,25575.977536165177,-76.84868254997446,68.02069107771285,1195.5292198251814,26,24478.83758959745,1.6282887062835147,4.757901784538865,66.99682469942543,71.0305685709462
4,23.89447421659287,73.53784915623447,724.7649959997505,22.0,24749.632981172486,28.407017943454207,61.504557232074006,714.0260123852415,26,30255.487221302486,1.9211359359291638,0.8100917767820731,62.321815088101,66.37724759525845
