Detections,X,Y,Energy Per Nucleon,Z,Height,True X,True Y,True Energy per nucleon,True Z,True Height,Phi,Epsilon,Guess Log Likelihood,True Log Likelihood
4,-36.17000872897552,-49.904178526348176,520.341820986405,26.0,29197.466118361277,-35.251053090789654,-60.03929837984468,534.1881136449482,26,29140.928747760325,1.6532935280770191,2.449493281476971,0.5286239254891039,1.5170919862587455
5,-21.550585621853315,42.81506368861767,324.9030686077116,22.0,24556.89349097219,-12.35086022053008,63.82539123456914,252.89444116260785,26,22206.609007280025,1.8473641170801842,3.887683140405127,0.03670656531699299,14.208348682446466
