Detections,X,Y,Energy Per Nucleon,Z,Height,True X,True Y,True Energy per nucleon,True Z,True Height,Phi,Epsilon,Guess Log Likelihood,True Log Likelihood
5,-40.66691236645602,4.207580617388544,918.975027467735,29.0,35391.904739733975,-38.48534453229185,6.392345105267111,934.9732620062697,26,32729.778465918396,1.218241645503311,2.2171748802782694,4.422154463736355,10.072754661465305
