Detections,X,Y,Energy Per Nucleon,Z,Height,True X,True Y,True Energy per nucleon,True Z,True Height,Phi,Epsilon,Guess Log Likelihood,True Log Likelihood
4,-29.779464641274785,43.44207470712962,831.3356034966178,22.0,35451.96236838799,-31.82795466898297,54.071044503909064,849.9245124030157,26,30138.62570934566,1.2871412404262093,1.4112036603604645,0.8492258245385947,3.0781560540922417
4,130.7397550604481,203.52354679597863,447.2862535732063,26.0,17618.672696990678,33.16878864438658,30.154018820060116,405.72139343383446,26,30602.3821893598,1.7290580805615112,2.785206772653772,3.7001872383489225,9.540911547292346
4,11.084567084553896,68.7617894997395,588.2172326959575,29.0,34077.27593183192,21.181787352415483,93.6370205798371,622.1926163215506,26,27830.444299363167,1.8609855121403873,4.2948134185198334,1.15407067666974,1.3652312494046046
