Detections,X,Y,Energy Per Nucleon,Z,Height,True X,True Y,True Energy per nucleon,True Z,True Height,Phi,Epsilon,Guess Log Likelihood,True Log Likelihood
4,22.414907439652723,48.69532090340937,497.1026159684431,28.0,33614.04555436345,25.07850594250516,73.31535595798334,512.990317310698,26,28704.320502172654,1.2563770537551489,0.6908696429414667,1.972769822842666,12.976542611235901
5,-30.45115396910387,-12.24910291665077,598.847921477269,22.0,31469.965375359643,-4.589787831119935,-27.185955435320267,645.8687937928178,26,29842.62226021536,1.572057847965144,1.7785366941803051,5.828753315944035,25.755638086120733
5,50.185991240847784,17.532122284012928,1403.5562692066517,29.0,40514.789619044466,32.86220009315534,-0.3724072409970631,1466.362871613197,26,29336.609400750054,1.6529071985042731,2.464200700051524,3.563956286325671,13.819308417931257
5,84.3554828602658,-17.83785825074108,489.81049578163646,22.0,20501.35513983041,66.99904462645816,-20.253891261762618,338.2724463985111,26,21754.36114029291,1.2291567920826847,4.9601859552373595,0.31557387174658846,1.9848525472193996
5,-8.367430598493172,-49.79139843707992,627.7776973323661,28.0,33884.09251158222,-19.25126497479158,-38.87603306187427,615.9973170557173,26,29344.648798040565,1.4866705486366487,4.066429746202053,0.8000048904183668,3.6117350406477184
