Detections,X,Y,Energy Per Nucleon,Z,Height,True X,True Y,True Energy per nucleon,True Z,True Height,Phi,Epsilon,Guess Log Likelihood,True Log Likelihood
5,-24.554272362714812,-20.040872893732853,745.3070672336517,25.0,23199.797056244635,-28.2489097237505,-24.543998349456317,735.8954065616063,26,24285.3074599905,1.3503456769308029,0.266584432686346,0.6583613363251717,3.3774135544272146
