Detections,X,Y,Energy Per Nucleon,Z,Height,True X,True Y,True Energy per nucleon,True Z,True Height,Phi,Epsilon,Guess Log Likelihood,True Log Likelihood
5,-23.43017506946842,-0.7432206458706219,441.7318567960881,25.0,28210.069496881988,-10.415676453455603,25.386504835319442,445.82322265816003,26,23232.1244955846,1.7193939519127184,3.1024096176440716,1.8362314958878176,29.883049115341084
5,-20.947165072387918,-9.953111310876068,534.337061077825,26.0,28122.92036387815,-19.210342108528323,-13.233635915900607,546.6358921323863,26,29330.822769811977,1.9429595148204597,3.73936562007844,1.2247372151303535,2.2213027290807106
4,-34.2382287508068,-52.465751317100086,458.95779792569607,28.0,24642.749480376475,-23.70152544749061,-54.9710625945895,463.6516762606513,26,25210.849083122062,1.398466433386001,2.7267999201758055,2.560393849444929,7.4078885538266865
4,-40.97701797067822,69.78532769089372,2268.58295510302,25.0,24563.308616434486,-39.63936916711897,55.509943488635884,1991.8318772732566,26,24687.78444034338,1.8289336176801487,2.1160820129075013,0.779652761675379,1.739782696442972
