Detections,X,Y,Energy Per Nucleon,Z,Height,True X,True Y,True Energy per nucleon,True Z,True Height,Phi,Epsilon,Guess Log Likelihood,True Log Likelihood
4,0.4317062251635093,-0.1857533580923132,1485.670979279695,22.0,39277.00321984898,-1.4597926524842535,2.368512338051403,1451.3373418361182,26,37904.45536183108,1.4246795270301746,2.0051556057442004,1.0535805253045232,2.2628645797743085
4,-46.90698673766249,-8.822351070435161,1614.8898644517421,25.0,21038.34636691195,-41.09846427984645,-5.073255606074014,1471.118598651895,26,24361.690916480224,1.7136374665542171,3.140998274634856,0.9462065751699331,2.143000676270287
4,-33.03092935807962,-7.94555828188021,525.1806066692731,22.0,31710.891469933187,-27.085683685038802,-9.543012443991046,525.3543171666067,26,32740.17985150492,1.9503358418729984,4.092977752295972,0.8921836746859277,1.3936686773461624
4,8.26423316810633,-10.190572632456224,446.66081783545593,29.0,29353.700980081827,7.209204367280535,-8.25630417271509,442.28215823736366,26,28921.534179444796,1.838637208450877,1.7178881330139426,0.5540564726637702,1.1462775537805536
