Detections,X,Y,Energy Per Nucleon,Z,Height,True X,True Y,True Energy per nucleon,True Z,True Height,Phi,Epsilon,Guess Log Likelihood,True Log Likelihood
4,19.42037561127694,-57.35580833095702,402.2551205461316,22.0,20367.89311872865,28.095893419764593,-43.26213301352564,400.85307750280737,26,23988.52678201425,1.733360944747039,3.4380243743578545,48.36652978728651,50.66994616223886
