Detections,X,Y,Energy Per Nucleon,Z,Height,True X,True Y,True Energy per nucleon,True Z,True Height,Phi,Epsilon,Guess Log Likelihood,True Log Likelihood
4,-21.54725461721023,-36.59785212616856,412.26677446601394,27.0,27726.245375255912,-23.71739105549196,-31.399629799806732,410.0975647379818,26,28418.776685983805,1.837815558246053,3.9148245261322026,1.1425212981546802,2.2619346398762024
4,85.37187333128588,-64.46557272281842,319.60490653365144,29.0,24161.062598502627,89.42183039930939,-45.872158512434865,335.3603284503897,26,25005.865970194453,1.9434013780148145,5.247121315745741,0.009518930322116675,1.4729025930749609
4,-90.69033247439455,-91.7442136504819,568.6345536403549,28.0,20648.73679794774,-87.95450599614315,-29.556500613882363,545.2646283478164,26,25100.88955942466,1.3943962850663423,5.585303406584228,3.4222347052544757,10.119962730865344
