Detections,X,Y,Energy Per Nucleon,Z,Height,True X,True Y,True Energy per nucleon,True Z,True Height,Phi,Epsilon,Guess Log Likelihood,True Log Likelihood
4,-4.990063323733693,-19.745572721476833,505.669983287792,28.0,33144.42945351677,-19.784655332012704,7.427517833797424,515.0613162152758,26,31890.409153706725,1.7196176081568606,5.25262523374141,2.8662462039980907,10.068001784820835
5,-32.80492330152566,18.005060213564434,730.7191675185569,24.0,28121.930187678598,-26.12912778920004,26.676436313810484,743.4253822768698,26,28058.388021405557,1.6851304114970598,3.0864148981872974,1.900713186480957,2.4146897353814176
4,68.83792217162465,-79.24632981055424,1071.4284737717403,25.0,25893.785716159022,72.71053094724763,-75.35847444233833,1072.5520138404415,26,25842.16040190336,1.927699124766297,1.8068104092672372,0.9669155865292294,1.412425411974606
