Detections,X,Y,Energy Per Nucleon,Z,Height,True X,True Y,True Energy per nucleon,True Z,True Height,Phi,Epsilon,Guess Log Likelihood,True Log Likelihood
4,-16.97610132816976,-19.62941177071724,1682.2699438058214,29.0,40935.0860913745,-31.892682701573605,-8.35123302213836,1930.832217430659,26,31376.977272808428,1.9519642261166354,1.6435127498975388,1.8880043564703237,8.674996631961186
5,17.87748651386653,94.09009279186716,722.170529719425,24.0,20658.485853804457,15.887504246337926,85.3159594553972,681.2986505676616,26,25357.4301750078,1.4233625049055083,1.3746816401263457,0.4571555245155783,1.245040722225105
