Detections,X,Y,Energy Per Nucleon,Z,Height,True X,True Y,True Energy per nucleon,True Z,True Height,Phi,Epsilon,Guess Log Likelihood,True Log Likelihood
4,-1.4064972901675787,41.43068057876667,654.7218153782817,24.0,25000.249852140463,11.523431333278438,40.94406473038424,644.4302150760994,26,29111.88059895294,1.7592299689748647,5.15463803774928,0.9204486083817685,3.5815663879502733
