Detections,X,Y,Energy Per Nucleon,Z,Height,True X,True Y,True Energy per nucleon,True Z,True Height,Phi,Epsilon,Guess Log Likelihood,True Log Likelihood
5,4.046598408690784,-80.7589994703377,3999.99973319529,27.0,32267.718559618355,3.2839576567921824,-62.461559482630676,3435.9491460114887,26,31632.341031026106,1.8586623814364953,2.3547012298337493,5.8737967648696445,12.606268616642355
5,164.4720342536325,9.073441745519858,444.8196677402087,27.0,25038.852271486423,54.30114329235417,-26.841004580184546,419.5908487878685,26,23986.555650681366,1.9059141358628238,3.165759344129459,4.2604900319668575,13.57621308994466
4,-19.319559903698973,50.64636782465357,365.11402963680916,29.0,23780.123752060736,-15.984144961732994,45.738985213809,336.5737437598813,26,24443.926824065526,1.2567055780817917,6.2365571676785105,8.137478820290854e-05,0.9893246314006829
4,-0.011632683388768328,-0.029322540716748335,558.3026610169434,24.0,31789.718070791256,6.091924972906611,4.577828508316969,559.0617112487486,26,32461.341430157452,1.4826108353011367,2.4455109822520162,0.8046584466572346,1.811935340319992
