Detections,X,Y,Energy Per Nucleon,Z,Height,True X,True Y,True Energy per nucleon,True Z,True Height,Phi,Epsilon,Guess Log Likelihood,True Log Likelihood
5,-94.34920464292748,23.73423779787936,1015.6597890896356,29.0,23084.19942435997,-120.0372627714603,51.25290923959861,1174.2863038425469,26,20193.009770536577,1.2002215965854075,5.367272851727248,0.9033221028578402,3.488909244163377
