Detections,X,Y,Energy Per Nucleon,Z,Height,True X,True Y,True Energy per nucleon,True Z,True Height,Phi,Epsilon,Guess Log Likelihood,True Log Likelihood
5,-54.14578875539894,-6.184477538846636,786.6497107693731,28.0,34865.69103949484,-53.21423634690558,10.706622511696622,814.205295507407,26,29308.02098747487,1.7549383010152901,5.5127894371494115,1.1856687907544123,10.160095087280364
5,-45.214910107826825,17.23602808114316,1026.381836266629,29.0,32996.56826316727,-46.54415328795852,18.371831479903534,1033.9720477134135,26,32060.597760617875,1.5890748002637378,3.2681348825977827,0.8632776675305632,1.580741243895106
4,24.028700279737336,-10.505332784293671,267.22919901219217,29.0,25012.625563167825,32.9934661936241,1.4968428746153393,277.6288477912131,26,25069.965251237525,1.7295236719751939,1.9668455222693777,0.0010510394851066742,1.1362537685067544
