Detections,X,Y,Energy Per Nucleon,Z,Height,True X,True Y,True Energy per nucleon,True Z,True Height,Phi,Epsilon,Guess Log Likelihood,True Log Likelihood
4,29.6390962732429,41.84661520029647,803.6410187643322,23.0,30929.585509614404,27.918482619102406,49.26602339695637,858.4006728192862,26,30124.24423467304,1.7464378587192075,2.8162475976514956,60.75766512789688,63.37133823425447
4,17.491700902152672,-84.78876847195119,963.808745020319,27.0,23974.13593311036,26.58896145651616,-85.8797614948962,927.10953902488,26,23913.238518038066,1.676264132494544,1.576909430165093,64.33530752254227,66.46544039495505
