Detections,X,Y,Energy Per Nucleon,Z,Height,True X,True Y,True Energy per nucleon,True Z,True Height,Phi,Epsilon,Guess Log Likelihood,True Log Likelihood
4,18.747615292557725,102.92777477395123,965.5597893920435,20.0,22688.062478067517,12.302589858040648,79.47269567908,886.9162820413466,26,28288.884900968802,1.5992582226507102,6.241910426479908,60.498986308583106,61.602337253014056
5,18.46256541843769,-7.4810319544203026,754.7655152615049,20.0,33436.748508112265,18.732883817958026,-4.483063123262696,787.9346501657486,26,33866.62181407676,1.2355130106435839,2.544156271805729,63.48956882609759,65.68628772557625
5,-13.226410792616548,27.594250193248115,682.7262151216055,26.0,32438.85880569742,-16.396468358686633,27.825581279728794,694.1245228609475,26,33028.756103163265,1.954498109396822,2.066516593354311,66.76672320599033,67.60465269320487
