Detections,X,Y,Energy Per Nucleon,Z,Height,True X,True Y,True Energy per nucleon,True Z,True Height,Phi,Epsilon,Guess Log Likelihood,True Log Likelihood
5,-82.81054644074993,43.06654584904112,736.108062067513,23.0,20431.018737065024,-69.00180767799982,30.258679811378528,715.0520912202364,26,22574.317449224676,1.4878460573014678,4.671428842191704,1.8251166682627453,5.523013124506173
4,-20.49017429503226,52.9005514035029,893.8815371513548,22.0,36763.06686348369,-20.840203635854408,27.473426837442503,875.8321974256373,26,37201.15114675756,1.8702947483896026,4.191807100163383,0.8059415728947408,2.967527784645302
4,-43.170309163770526,26.100396797216945,469.7145815853113,28.0,29523.158827934472,-55.8879643164602,18.558401222871794,481.65152756146,26,29055.576353330194,1.5420173330967553,3.4030024681037454,1.6131397859380985,3.7677338207674023
4,22.571670147313114,50.696510766049585,778.1551058410561,24.0,31998.026498740368,27.776186685958407,52.93058364651091,759.526947929348,26,32090.612659528022,1.734651639635898,6.066676664619228,1.2656156512055101,2.5836500641570983
4,21.08600624327306,-63.791584910134304,734.8796064491171,25.0,39448.27070065836,44.95522893354027,-72.21999330310527,784.0730561041146,26,24123.51096109695,1.427177490202,3.1570164920553117,1.7655317296478577,4.477540045349319
