Detections,X,Y,Energy Per Nucleon,Z,Height,True X,True Y,True Energy per nucleon,True Z,True Height,Phi,Epsilon,Guess Log Likelihood,True Log Likelihood
4,-21.747345899103777,-25.155963806777322,388.26635995742095,25.0,29477.340425145052,-11.850528117365087,-37.88700505785863,388.28426688643606,26,28944.44426254213,1.8940319617814603,3.2690826605111303,21.917830706989047,24.92311916047192
