Detections,X,Y,Energy Per Nucleon,Z,Height,True X,True Y,True Energy per nucleon,True Z,True Height,Phi,Epsilon,Guess Log Likelihood,True Log Likelihood
4,71.0059887722312,24.81698332378994,577.4665266677645,29.0,30104.033922533505,66.90395813110064,23.12644480673356,579.9052944475529,26,31714.622376464584,1.3193014733794917,1.341685114638052,0.22137926825735596,0.7424586321496236
5,-28.250772213953553,-35.216010938849365,1704.2288585544163,27.0,28536.935156040563,-21.27201453837631,-34.22455409360845,1650.4306177653018,26,22923.93248956939,1.554698835838884,4.903313355831677,2.4711754726949926,6.43092632711448
5,23.445796197620723,-44.303679772018285,490.52559963525687,29.0,27275.017101957572,14.562056490787825,-52.786859120227774,507.7924868703947,26,27793.389641565533,1.766428104893813,3.0402002659320386,1.2064149116563345,4.511792744027627
