Detections,X,Y,Energy Per Nucleon,Z,Height,True X,True Y,True Energy per nucleon,True Z,True Height,Phi,Epsilon,Guess Log Likelihood,True Log Likelihood
4,44.73603370680502,-40.0188901507978,1325.8291200122092,24.0,35158.879251052604,48.77712515682484,-33.625900375093906,1350.4351857693061,26,34936.95939282722,1.5528068661799488,3.8003535932750676,1.533429914793309,4.724544168303169
5,19.054869271726716,5.197948252162689,282.14414165837417,27.0,24883.08053610992,33.49010785781863,-0.5901012005790562,291.85728252161226,26,23889.1783245458,1.638559913828606,0.9815784468663881,0.12484481428251157,128.19442784625923
4,42.560776179528204,-31.587965151338324,2423.8204115356916,27.0,36531.482950118494,51.78570039481164,-28.70065300728821,2817.9035800812535,26,35691.95668515756,1.9299541317706197,3.4570640560547186,0.6186953191989201,2.2548033369157205
