Detections,X,Y,Energy Per Nucleon,Z,Height,True X,True Y,True Energy per nucleon,True Z,True Height,Phi,Epsilon,Guess Log Likelihood,True Log Likelihood
5,-22.42785758453573,38.44421922758028,340.15356866361293,23.0,23800.88501737918,-4.498220556472518,38.728104714664426,258.2565242299295,26,22722.519743247212,1.2815114611020744,2.0426768849619292,28.03559076425637,31.20745265419611
5,44.039830319007365,20.135068572732052,1339.443106745623,23.0,34154.80121758839,40.02546885024134,12.726948498015958,1329.0226223813202,26,32419.842497782214,1.2986061425526736,1.506912831571616,68.54969509094948,72.81692418707358
