Detections,X,Y,Energy Per Nucleon,Z,Height,True X,True Y,True Energy per nucleon,True Z,True Height,Phi,Epsilon,Guess Log Likelihood,True Log Likelihood
5,-11.678189826788298,26.240295597856914,394.4270730834149,23.0,28706.6580830565,-15.9306917922909,17.173658605871537,395.02971672511217,26,28551.95787550998,1.4622739006942898,1.3611584871879119,0.6229892969237674,2.611761470138043
5,19.63772188633584,-94.75655480115881,985.3701373823617,23.0,22289.874818062985,10.196486444005615,-93.76201077550587,962.918978444341,26,24573.30192701505,1.5505717412832702,2.491352386582132,2.4351657768315773,5.46073925038808
4,113.54290531358174,88.12483913159014,1215.193332728074,29.0,25000.152970270767,123.23902022930497,73.98022343839429,266.3100125610117,26,21000.146305753646,1.248834613256182,0.48762412898097424,0.001088326416561111,0.1978907287022582
