Detections,X,Y,Energy Per Nucleon,Z,Height,True X,True Y,True Energy per nucleon,True Z,True Height,Phi,Epsilon,Guess Log Likelihood,True Log Likelihood
5,25.56551147488193,33.43493559296218,496.09139713267615,28.0,28106.99223412767,24.859747478561445,34.26160114795891,493.37127647641415,26,25700.582136289548,1.3782449825419878,1.7426840855693748,2.3622814214170913,4.555234431439888
4,35.77167845267297,-2.53264405003182,1059.9153675516268,29.0,34786.97443705637,29.902199725744623,-15.821893632304182,1021.1111923234478,26,29889.29116529559,1.687438878813727,4.579916639090014,1.1205276485304756,2.074544853415269
4,73.34008772467837,85.21393252175955,593.3911065809474,22.0,23638.86820126019,56.379478201584504,84.02421366273916,570.6097097550563,26,25468.661508782843,1.191064589524101,4.985775366388576,1.77617161418423,2.3434439534912768
4,-19.39638662543001,56.66585704760229,317.42741625699745,22.0,24116.73918737859,-24.33091243766971,55.607739327080736,249.5906428834557,26,22727.698192992466,1.8071632509731044,1.2990251120123426,0.09108872048111735,1.153369957141181
