Detections,X,Y,Energy Per Nucleon,Z,Height,True X,True Y,True Energy per nucleon,True Z,True Height,Phi,Epsilon,Guess Log Likelihood,True Log Likelihood
5,-30.05284001035085,144.43917667273053,826.8052541100143,22.0,21521.51620496922,-5.864718672495627,80.20046862251559,651.9987023099999,26,25989.758825958597,1.92554605163483,5.697241156731742,2.7170307678875134,5.407214348090467
4,12.763056410580703,15.454306182820233,332.8418804740797,23.0,25004.268662917675,9.308568211877912,16.18443660006352,259.22150281196593,26,24715.855500618636,1.198753370440588,0.43956480097622574,0.005719963022453955,0.6874811573301547
