Detections,X,Y,Energy Per Nucleon,Z,Height,True X,True Y,True Energy per nucleon,True Z,True Height,Phi,Epsilon,Guess Log Likelihood,True Log Likelihood
4,-10.550545228446708,-103.2869564799957,232.02062512012822,24.0,18976.549226814594,-16.665332977142555,-91.99403717259113,258.7837853731333,26,22185.267361490416,1.503384106743304,3.525138391885672,22.180872968651766,24.733606865312947
5,-45.17853852063317,-20.306249973642537,2557.4323754854922,20.0,28265.1653058393,49.022965188222884,4.063628836607592,374.20233289106665,26,24118.59749411749,1.8758964747455538,3.8019049158743337,25.948227688903618,33.86849896343908
4,-67.93521810298148,9.63779181812157,1514.251308610538,23.0,30265.50053815495,-67.81019394928546,9.498722696757682,1443.182376499412,26,31000.858844671813,1.6543320510709587,3.77936316207819,63.76765710163876,64.96726038933295
