Detections,X,Y,Energy Per Nucleon,Z,Height,True X,True Y,True Energy per nucleon,True Z,True Height,Phi,Epsilon,Guess Log Likelihood,True Log Likelihood
4,29.581419169826745,37.93018215336582,859.7231186085752,29.0,27060.02264203458,16.620098517702672,45.93030725512608,894.072383027539,26,24998.755816001176,1.5031842252628105,4.260749815890496,3.5841508436374374,4.986278252724887
4,-1.0282066117891304,-1.109708129404396,609.6027249253794,29.0,27199.76734624966,9.967370408722786,-0.9610648015439267,634.9458692104846,26,25829.986925048528,1.4413352297347013,0.5121384974957613,0.6069632799296139,2.4329575909501227
4,10.921359916731035,-28.637328096099225,742.778399776584,28.0,34650.520122047776,9.60284436633907,-32.11188380860128,732.8863667821098,26,33638.94279755229,1.8526637067352285,5.007243890617782,0.5167923212875147,0.9974713516804794
