Detections,X,Y,Energy Per Nucleon,Z,Height,True X,True Y,True Energy per nucleon,True Z,True Height,Phi,Epsilon,Guess Log Likelihood,True Log Likelihood
5,78.2665731308245,17.164393968094146,1263.8486422531626,25.0,23777.210425950434,65.13112069999923,15.662966266770809,1170.570750140704,26,28126.293851918097,1.2161487184998883,0.22071888481169294,0.9476857438246438,1.6217287937429328
4,-61.64152248655529,-27.944482919433995,297.3456587072118,29.0,23672.798914572868,-12.870944794155662,11.418992531914313,369.24993416571243,26,28274.103477933822,1.415368937627504,4.717921087491382,0.023712677563102302,2.5999095885408363
4,10.077589461355217,-4.047813923597744,1124.9304885797408,24.0,63661.03058639483,37.663577401442325,-3.2322981084340086,1216.539433763401,26,24570.07992116192,1.8491129251133893,6.000889151527434,2.562037576509896,8.800207250760309
