Detections,X,Y,Energy Per Nucleon,Z,Height,True X,True Y,True Energy per nucleon,True Z,True Height,Phi,Epsilon,Guess Log Likelihood,True Log Likelihood
4,-107.75746680312798,58.332419664375095,453.0207745169517,20.0,23492.844099133046,-100.2155043991985,56.45993579899121,461.3703194857349,26,25102.24978384604,1.515047636943789,5.602728964195705,49.77308136495448,53.16265658994035
