Detections,X,Y,Energy Per Nucleon,Z,Height,True X,True Y,True Energy per nucleon,True Z,True Height,Phi,Epsilon,Guess Log Likelihood,True Log Likelihood
4,-70.21611401095245,-29.755677108980024,603.6295174931792,29.0,32178.868110079227,-54.34393413303319,-25.75693388571449,601.4661018518896,26,32378.347930172244,1.5888905881314788,2.713297100431139,0.9239687081993853,1.9978224910171651
