Detections,X,Y,Energy Per Nucleon,Z,Height,True X,True Y,True Energy per nucleon,True Z,True Height,Phi,Epsilon,Guess Log Likelihood,True Log Likelihood
5,-53.493771897645246,-35.823633075140606,1132.9531107202056,29.0,34835.24619257802,-38.77149514344987,-37.51082113439021,1180.7943372864747,26,32011.464939654918,1.7821721335371805,3.242826091637951,2.3495086515292587,5.228984671460278
4,-5.052374240035817,-60.36385639675848,628.3997809076543,29.0,33099.308943647455,-1.0574874033256663,-46.488077620883686,612.8937148585089,26,27735.74054646152,1.4488328009793676,2.2897866558350777,1.6345771179164468,2.4409367960569908
