Detections,X,Y,Energy Per Nucleon,Z,Height,True X,True Y,True Energy per nucleon,True Z,True Height,Phi,Epsilon,Guess Log Likelihood,True Log Likelihood
4,-1.9462579502818471,72.36824857710616,735.2959512323798,27.0,33265.05271047176,-1.898779203310795,46.61875620384285,744.1070177251457,26,34615.79672270426,1.2893836886512866,4.050508247585739,0.9288800807303513,5.596247982195264
5,-78.18393196681939,-83.7547669269635,510.0515986585701,29.0,22243.54312404265,-84.10557023993726,-77.5960019672701,509.0976916236812,26,21251.594760493877,1.8691745296001663,5.171389708725316,0.6448005928231887,1.1468418709599761
5,-38.01480714778222,-46.302720699063,694.6348269257173,22.0,51779.78972854192,-16.77823476531239,-29.164054068438176,676.8486250923513,26,31486.27771686234,1.8450411254264365,0.4787231627994659,5.866609231552401,13.895870234472794
5,-55.08346161902139,0.7181311340332286,1095.3760569930978,28.0,36211.57150391018,-74.98666993604061,7.708476758134765,1268.9123084320522,26,29747.001872490575,1.6878159031433548,1.9456815739691595,0.7349500342344915,3.2543774881527723
