Detections,X,Y,Energy Per Nucleon,Z,Height,True X,True Y,True Energy per nucleon,True Z,True Height,Phi,Epsilon,Guess Log Likelihood,True Log Likelihood
5,-57.245175137347644,32.35611809376002,520.8091788203001,29.0,25925.072841762718,-75.86811771389603,24.86241558454617,538.7083753331648,26,23622.049289839753,1.4244049101988192,4.90943416453352,0.2072492356120078,4.204819213584312
4,37.39807692182393,22.528509033284138,2668.407761731589,29.0,39708.761239467436,39.98072697454387,14.988811329790394,2665.9978821176414,26,41823.79662512493,1.7621050965003924,2.3706172464950397,0.4660673374636436,1.4740273534765937
