Detections,X,Y,Energy Per Nucleon,Z,Height,True X,True Y,True Energy per nucleon,True Z,True Height,Phi,Epsilon,Guess Log Likelihood,True Log Likelihood
4,3.8736428846000877,6.905523833890243,638.5593742888265,24.0,46964.82299703087,7.037493866920926,31.852126230658854,700.7729837187547,26,32644.254610061333,1.8639779728933061,5.093913000772367,1.1686518044330136,7.147178317124509
4,-83.63972749858374,54.584449271691085,531.5746050571095,28.0,26898.947406962994,-70.63201046251422,37.23604087718007,513.1715630868484,26,29656.46452310397,1.2093233550089046,5.703363785927482,1.9879202698496055,2.44237458619963
