Detections,X,Y,Energy Per Nucleon,Z,Height,True X,True Y,True Energy per nucleon,True Z,True Height,Phi,Epsilon,Guess Log Likelihood,True Log Likelihood
4,-42.99598682711985,5.743481143200654,2835.5754789734256,26.0,34636.61009811304,-42.693976669045085,3.2220849377677325,2519.6761536558056,26,37148.894167719605,1.6325509173069417,0.3578568029951451,3.4329111422549463,4.2636715811815895
5,-98.74266153519122,-39.50032957872685,998.4416601150621,28.0,23741.740271123213,-89.81055565473312,-28.649991899059984,903.0238415711091,26,25222.97035678836,1.8594111061183491,2.114874301380356,1.8035430714563223,2.8984294346098713
4,-47.19116469612672,-35.785222254114615,274.7737231108792,29.0,25161.794544076958,-46.87007646788379,-32.59753166193826,247.6803407381554,26,24540.181688417568,1.8794457358779757,2.3790037041127206,0.004417508173698657,0.19043695459122137
4,24.905001578966505,73.90500859093811,1713.796786024872,26.0,31530.08169130008,6.346255356547147,58.29717215769526,1675.7300029688893,26,33828.52538344597,1.4724479229253373,5.633289843478048,2.347861084353405,14.10480787421108
4,100.79438457084103,-41.61898993469913,954.9662066102422,22.0,28755.35054441385,85.27655941085774,-31.125056844065597,848.3914702747378,26,28191.510360258704,1.5923122670362813,0.4555524784758539,2.280242236365225,6.114084712731373
4,32.05472633541842,-4.790136681857575,714.6885671648147,29.0,36231.77223853336,34.80717880820907,-10.371406139091562,713.9513708154105,26,35612.214438382245,1.900186529859312,5.578393452288459,0.9199794309387048,1.0839353007467223
5,0.007650409598284114,20.322063001266997,432.3925296708841,26.0,23839.60867787202,-12.463928806897542,18.041229932020116,435.60679942893785,26,24365.547019732196,1.3043629305741835,2.2375558017593877,0.5142650176916872,3.316946984384264
