Detections,X,Y,Energy Per Nucleon,Z,Height,True X,True Y,True Energy per nucleon,True Z,True Height,Phi,Epsilon,Guess Log Likelihood,True Log Likelihood
4,-15.394339544049046,8.492912634191782,509.24897063029607,28.0,27895.87989364785,-16.020983701222605,9.40365415103713,498.4096152652011,26,23586.12679193829,1.2692836439310944,5.826194279213207,1.0384893260578827,11.009293565482878
5,29.575703092843526,0.527992376450527,1345.2494235381027,28.0,35144.63037790437,25.063170836445636,8.39146665672817,1432.828196300228,26,34782.909496811255,1.4498530053288627,0.27202080941461876,1.0852324576033832,3.3046500243626133
4,-45.06280060808646,31.000986447294906,592.7188372923097,26.0,32602.72457200872,-49.952235913484586,32.00996403832903,601.1662734855282,26,33004.19015196104,1.215808637966336,3.989850887352083,0.8674492618526423,1.375492127621371
4,11.404140426858191,2.338142487758944,2046.8801812672225,29.0,29167.243081804452,7.484511467339871,0.4066938798801516,2080.992008943434,26,29376.43100466102,1.3566043726841044,0.0026153939198662025,1.444856571656951,2.283129108502575
