Detections,X,Y,Energy Per Nucleon,Z,Height,True X,True Y,True Energy per nucleon,True Z,True Height,Phi,Epsilon,Guess Log Likelihood,True Log Likelihood
4,61.13996702708124,-85.24115784764629,705.4075072614928,29.0,28995.9522609528,47.5058691611346,-86.88431255278077,680.3440235003662,26,25404.832585593722,1.7060104907968936,4.485280293281088,1.3758118821765815,15.82675194610793
4,3.7508204410024746,22.907997772027386,262.326808315397,22.0,24863.068073050585,4.892261139172973,28.039070264687524,316.348923255652,26,27637.363591893263,1.2480028444732219,2.2535896675610374,0.1280964377139355,14.316077515430594
4,-76.28541064237814,-43.46784382925597,1044.1554224441438,27.0,26135.793300557525,-82.75593766780824,-44.490371138234934,348.1389805082611,26,22019.663890429896,1.684130329090408,6.26992943708767,0.14870366508700372,1.9824389020865896
4,-35.20229443546668,-123.61734732307099,1263.533979131505,28.0,38356.96063558833,-8.946585289413377,-46.21303422883352,894.1207147510748,26,31200.337673581234,1.222776539055097,5.9035934815870466,6.099929357915019,16.74290654298175
