Detections,X,Y,Energy Per Nucleon,Z,Height,True X,True Y,True Energy per nucleon,True Z,True Height,Phi,Epsilon,Guess Log Likelihood,True Log Likelihood
4,-10.527868082382156,15.310276991402304,987.6494341582908,29.0,34860.66937750819,7.026294718724415,17.69727177644151,1064.3899787898654,26,33915.46024688454,1.6604572307008567,5.1824048032667855,1.6205181661357668,3.870569875159587
5,28.18270905929586,22.76505455925195,269.9338787361031,27.0,25010.193314515338,41.74761700326118,13.633361192122806,285.2423016942068,26,25100.674601167484,1.3333145979248573,0.3579740078690129,0.12632364054284762,2.5570020796842723
