Detections,X,Y,Energy Per Nucleon,Z,Height,True X,True Y,True Energy per nucleon,True Z,True Height,Phi,Epsilon,Guess Log Likelihood,True Log Likelihood
5,-32.96302215987885,-43.44806511567356,2120.3000675695457,23.0,28266.101479394998,-40.61959669069411,-38.279527793969834,2242.0680798426006,26,25148.197434771857,1.312671937562694,3.0603792631225857,3.145876816207387,5.306525577374398
