Detections,X,Y,Energy Per Nucleon,Z,Height,True X,True Y,True Energy per nucleon,True Z,True Height,Phi,Epsilon,Guess Log Likelihood,True Log Likelihood
4,-60.598924700767924,-21.352051964472082,567.4995368778889,24.0,29708.74583535694,-50.33287388551132,-23.023155246437227,570.1112714240444,26,30867.139490685604,1.2871271061716154,1.1589115136181858,0.2297289799069877,0.9655278502701347
