Detections,X,Y,Energy Per Nucleon,Z,Height,True X,True Y,True Energy per nucleon,True Z,True Height,Phi,Epsilon,Guess Log Likelihood,True Log Likelihood
4,-51.83603398786562,-70.55785719030266,856.5494278514166,25.0,28653.97296289426,-56.423795906617485,-72.27076343102226,888.8997104008783,26,24724.311004429557,1.6273127907136957,3.700973991047089,0.5647692284293047,17.11243672122839
5,68.49498037664466,80.20242944091518,596.4720337790988,26.0,23707.710612885665,39.57424256731679,57.08068614432017,560.8245822561775,26,28498.84217579165,1.8827089268461321,4.1080559999663055,1.225303781772185,3.898467342677233
