Detections,X,Y,Energy Per Nucleon,Z,Height,True X,True Y,True Energy per nucleon,True Z,True Height,Phi,Epsilon,Guess Log Likelihood,True Log Likelihood
4,-56.90894108171733,16.557897668812586,628.2893113581681,29.0,34909.448425478724,-44.66647421038165,-5.561639671519373,631.05491957382,26,22687.12828694869,1.4793061402267684,1.1468138787010393,0.825617970681555,6.077338706266283
4,46.32754071652556,10.916968701337396,361.4208381515772,28.0,24809.61723634316,56.52097361876375,14.27550454620237,327.26524156147246,26,22638.147419490968,1.3473491129100987,0.8617546026592007,0.004997396644379988,0.7948596261044546
4,-16.305124319032984,22.37326908142427,703.5200565154796,28.0,31754.74587147127,-7.966979340404691,14.986008251597355,699.193147609221,26,32865.900988574904,1.5005812999735486,2.23582085132783,1.2501140179676695,1.989585374863858
4,15.016678602180605,-45.11516328174878,1328.0598686849607,28.0,33848.25765359054,5.473039868203216,-46.62464164053003,1265.426185450475,26,36111.964109952874,1.9457595813429205,3.935038854745872,0.8314429695663741,2.039803119209508
5,36.05130884100993,16.970801752503803,551.7496127791346,29.0,31688.794449204546,48.711912883554646,12.63324938574948,539.489979594797,26,28043.723979121423,1.8729055370676386,5.877352151171481,1.052846613945753,7.800926892022458
4,76.04461718453445,35.89362382822236,614.1536539283575,22.0,30861.577584755076,77.62382306851791,39.32353813006645,593.138862838694,26,30718.252497956793,1.9200693213690216,0.7876445498099351,0.3686256116662452,1.7669243200011915
4,-24.320311075997324,-22.8338775727006,489.4462083899176,27.0,27220.427861794273,-40.698020616807696,-14.190770008652464,507.75688476976916,26,28839.67344278334,1.6045042468783348,4.967711147794243,4.852055305301097,11.107791185886018
4,30.128593921375852,89.71912763190727,427.4349415515832,23.0,28798.005730423232,77.31085861625812,114.60368454090934,439.2095614817881,26,23184.223310819358,1.6844003340149538,5.327871633504226,2.1993554272359335,12.632355848211981
5,-27.20375724843126,29.964101026054777,735.4219989201825,26.0,26420.892842106114,-29.145077001691348,25.268096198096913,695.4237674224358,26,24486.29271232065,1.831487125111178,2.8093508158143448,1.0607224124044128,2.916301097435208
