Detections,X,Y,Energy Per Nucleon,Z,Height,True X,True Y,True Energy per nucleon,True Z,True Height,Phi,Epsilon,Guess Log Likelihood,True Log Likelihood
4,87.13332356147822,-4.334346371384015,858.766278163411,29.0,33285.90688233654,42.51609125278182,-2.1769782124196126,805.5986246940869,26,33526.66372453521,1.5730968553075624,5.807183801120854,0.892737100484388,6.576592584336373
5,-35.898520262144814,26.067059346963447,424.4994003615318,22.0,24519.971647566505,-25.974411198062896,26.018575047874577,427.59163550621696,26,25601.511315884072,1.6242722825182512,1.9815406404836808,1.2155535737744552,9.378635290799368
5,18.34362135513703,81.22757544820291,706.3292100285059,29.0,29873.334131494114,49.25088385319677,112.70249058707128,814.0534728523133,26,21539.37434485337,1.2024211659005544,0.8768384408158454,2.19468616585255,4.506693647478775
4,0.5246078659133673,-22.865200061104645,1185.838873352026,29.0,32417.132561484133,6.106249780385099,-22.73162974839667,1148.4284189125965,26,29924.154921674217,1.371460373334429,0.9602754871716259,1.0443868897592075,2.0816566125051152
4,-57.30256574084456,66.28643763008552,679.7407800288822,24.0,22998.181083481006,-60.206878638641285,51.78875830777565,665.5945516014225,26,25886.19020112629,1.5272693701929396,0.4021129162526512,0.2141968617003224,1.0110680077489165
4,-62.50749843025375,-37.484116009052855,2288.0294834991914,28.0,22207.71961852714,-58.66560882052103,-38.68596352448597,382.72980886031206,26,21443.676515167637,1.720470256862097,1.9479407241666296,0.002213079818470734,0.9120148939455639
