Detections,X,Y,Energy Per Nucleon,Z,Height,True X,True Y,True Energy per nucleon,True Z,True Height,Phi,Epsilon,Guess Log Likelihood,True Log Likelihood
4,-16.428770843569907,42.548970296419895,594.3965831026348,28.0,35108.23784906194,-37.382579217988436,73.71723880982316,643.927348974698,26,30534.85196145143,1.5454196700434586,6.132333772261384,0.6466698738022273,7.824438670277514
5,39.46097625998192,12.12416962389591,317.13771783991604,22.0,24901.75129274348,31.95230179555176,5.786635297409504,279.03425696373813,26,25112.43743278033,1.8134555982084717,6.093027723495302,0.09760605821326555,5.213120750614931
4,12.468035534179137,113.70818617363955,910.8939089536634,22.0,21069.35257966367,13.92038587347713,86.93299784012132,756.4372154265603,26,21930.89877370735,1.6346546043918644,5.418743954609111,0.599660254161261,2.52543989929008
4,-47.336358193742115,17.117414760721488,597.0228040329678,28.0,34557.99952022514,-29.9190485559011,22.180367247762177,593.0572931648682,26,31835.18229462999,1.354067301945717,5.791835580042442,3.0274022329090275,3.4792458992560387
4,-55.67482419169863,37.96093982103736,1755.5253782042598,23.0,35403.32593389723,-49.34031354970459,40.87333539458248,1697.6843191190783,26,33979.295444261494,1.2677946469129255,2.60336254522686,0.7192530638689146,5.113633939514817
5,41.61681823587753,19.332325724861676,854.5071519457294,25.0,29865.27573928512,34.276024389868354,21.102800123658852,817.25335688916,26,29828.36061141324,1.9305118867502133,4.81123307992174,0.524633165371286,1.554183766623296
