Detections,X,Y,Energy Per Nucleon,Z,Height,True X,True Y,True Energy per nucleon,True Z,True Height,Phi,Epsilon,Guess Log Likelihood,True Log Likelihood
4,-11.675043036425507,-10.287749203126452,415.1803194183216,26.0,47633.27275525076,-35.064434726092585,7.723095980070667,417.61334764488527,26,28065.12355967885,1.7601627195188858,0.1516557044039436,1.220624383155002,5.231838273374624
4,46.66006552300945,-0.2144412595355334,993.9866605394694,29.0,36976.049333931194,43.09327273726856,-0.3417530031663887,1008.7638120237775,26,34976.84651316916,1.7591212222397494,1.6377184492252161,1.8676442669633826,2.6767906487122577
