Detections,X,Y,Energy Per Nucleon,Z,Height,True X,True Y,True Energy per nucleon,True Z,True Height,Phi,Epsilon,Guess Log Likelihood,True Log Likelihood
4,118.79647660174709,-96.0720644386621,480.3002168146485,22.0,19729.098056155413,93.62667395216747,-98.24890538899966,468.28237816308723,26,22720.16234541193,1.813564352073366,0.680743818228561,0.8420985588771619,1.6347176559354306
4,112.33822380296436,-66.80733766683858,472.16554960871395,22.0,20135.321221296635,98.28887411462398,-49.353354850490504,459.78297868347687,26,25497.68132385469,1.2542495235917115,3.8846698395635126,0.897545426167074,1.6671987046936274
4,38.223539940198634,21.45935238751167,796.6378611259879,28.0,37045.39693151164,10.3207605600019,39.69113922021555,807.3411514094335,26,32368.57121540306,1.4676491794529802,4.447937954838734,0.7862353509420881,3.2504822612177207
4,79.7056894866808,-94.00971045562875,2667.0133608357883,22.0,23268.9830364968,76.0355257357675,-93.00653177750638,316.00502336292953,26,21102.22937124652,1.8521521982648184,5.177354492228041,0.18571189612971523,0.46392552867285736
4,-64.71171527959538,-55.28287811320044,3094.5549012892648,22.0,69999.19074331422,-38.05898311405336,-76.39512449352723,3478.4477610278095,26,33217.085636952645,1.7997648940611397,3.013184344488958,1.337637946878838,6.683021562675617
