Detections,X,Y,Energy Per Nucleon,Z,Height,True X,True Y,True Energy per nucleon,True Z,True Height,Phi,Epsilon,Guess Log Likelihood,True Log Likelihood
5,-24.708530698423147,-5.050501142146345,930.223521780143,22.0,30618.47518697134,-17.546233412997907,-14.767048758863154,860.3010105085763,26,27937.463933892224,1.6086061839745145,4.4322067817604776,0.42691863435965516,2.912539227688036
4,27.21459612285645,42.258151541953,469.682993729749,24.0,26469.741017532164,30.632788232607197,40.58606945753442,463.2819952277823,26,27864.447136606712,1.2888645588756655,3.0349958915339648,0.27194643804144203,1.398463455939343
