Detections,X,Y,Energy Per Nucleon,Z,Height,True X,True Y,True Energy per nucleon,True Z,True Height,Phi,Epsilon,Guess Log Likelihood,True Log Likelihood
4,-18.710183615241533,-16.454397844796006,1180.5401885952047,23.0,36941.86428074213,-23.232730681803943,-8.725319040411051,1442.2333741374212,26,37252.736338460185,1.245652089564935,3.044656778769046,7.335342360962038,16.159784341349475
4,113.68233304266761,-128.43101674629872,1436.6477094053491,24.0,21514.427191074403,101.166613346058,-126.28951788483903,1691.1169639601505,26,24909.453759984855,1.856909863452646,0.5455684471963174,1.8736096583179305,8.435322143911065
4,-10.486862824939692,-26.675428607431115,443.7147069947987,25.0,28259.845546182685,-13.299576794601847,-25.49151090871547,440.25679712405184,26,28964.377276193674,1.6711899275511009,6.20417287112933,0.15812262632087284,0.6872614596323922
4,-28.28376714604542,30.450061251137583,711.2315592498226,27.0,32591.776170320187,-40.71075250310081,11.502521563248337,725.8709694168684,26,31597.511556605794,1.6537050332855732,5.843279678185901,0.8125190543993184,3.8591585791069645
