Detections,X,Y,Energy Per Nucleon,Z,Height,True X,True Y,True Energy per nucleon,True Z,True Height,Phi,Epsilon,Guess Log Likelihood,True Log Likelihood
4,-59.98285318974774,21.743447892787685,529.0932676248857,22.0,24870.320479318427,-57.16428093353517,25.924549384720365,336.69832340832994,26,24687.075736034356,1.7371988828607594,2.7572516866313186,0.0009808754431684472,0.8473516759244576
4,-18.209399405331453,-15.71498909969472,900.6547353016475,24.0,36582.22858960046,-30.26107913662615,-9.983912049775398,929.9693833219786,26,34693.96970664848,1.5247272607632034,6.112281037457358,0.716097538786814,14.43746808281759
5,-31.67428744266573,27.635413556615845,439.05186133647,29.0,27180.32709533991,-36.59244981449629,18.877146026077668,442.0267492079176,26,24859.873356943615,1.9188418534953986,3.5470471632725253,0.840255622520222,2.3480165978934395
4,87.22860986209764,62.7712778088532,570.5684791237638,22.0,23460.68681628647,84.77570675443863,58.33127891557157,590.8612239692918,26,25575.905507411924,1.4762966333646808,4.706532423751124,3.9796251171953987,6.241098710850197
4,-41.78139775808296,-39.20197431107346,487.0931889835991,27.0,24836.68036957233,-49.565127535754456,-33.32560990419198,488.2641299043805,26,25888.012794469683,1.9197709461064727,5.891037153336174,1.4022522985619665,1.8874134827154816
4,10.392697243375721,39.02597324268311,657.6639163389391,22.0,33670.72111162651,18.31933191340923,27.67143149772147,652.8911096283887,26,33530.02804417897,1.4975805742694395,1.7756967565420916,0.6398147050362122,1.8339859659675097
