Detections,X,Y,Energy Per Nucleon,Z,Height,True X,True Y,True Energy per nucleon,True Z,True Height,Phi,Epsilon,Guess Log Likelihood,True Log Likelihood
5,32.87308122158737,11.129550381153138,2017.941392673468,23.0,31549.300175292017,38.067690260596464,13.323628382327712,2022.8036982163221,26,32259.164338322673,1.6871879737948046,3.68695526810319,71.55030027073049,74.3963145579088
