Detections,X,Y,Energy Per Nucleon,Z,Height,True X,True Y,True Energy per nucleon,True Z,True Height,Phi,Epsilon,Guess Log Likelihood,True Log Likelihood
4,-12.99202287421474,-1.091795097669035,454.3788043569548,27.0,28908.36687960092,-6.032080340132808,-0.6900578808731552,467.9957909225597,26,28760.162817990735,1.2176875086387893,5.47126539915153,3.954243902630288,9.378733022074016
5,24.35366208623924,14.712788294274105,1576.2643106738656,29.0,31403.765567438553,32.62303019408952,11.033143829431793,1670.3050418247901,26,30750.420570730425,1.4643975971198573,5.9646161102578015,1.509562923239498,4.297782345349869
