Detections,X,Y,Energy Per Nucleon,Z,Height,True X,True Y,True Energy per nucleon,True Z,True Height,Phi,Epsilon,Guess Log Likelihood,True Log Likelihood
5,-10.597808325948165,-48.216268074111156,1806.1192847022373,27.0,24504.38889386279,-18.216813950099947,-44.71265940340609,1796.9681413917417,26,24233.5114286387,1.247000814950477,1.8295959779383313,75.57380283630883,76.98598541499032
