Detections,X,Y,Energy Per Nucleon,Z,Height,True X,True Y,True Energy per nucleon,True Z,True Height,Phi,Epsilon,Guess Log Likelihood,True Log Likelihood
5,-15.07855677891888,-24.23413007970629,793.6013442858334,22.0,27973.499257188814,-24.989685852727646,5.7609155190898775,833.0146905806557,26,24260.465156831473,1.6527178372310025,1.1507504793476162,2.50003860713861,15.486022316556443
