Detections,X,Y,Energy Per Nucleon,Z,Height,True X,True Y,True Energy per nucleon,True Z,True Height,Phi,Epsilon,Guess Log Likelihood,True Log Likelihood
5,-8.974023050274752,-16.271367408646825,312.4512618184052,25.0,24222.657369865337,-8.768677335648476,-16.100122117650784,266.6836049331262,26,22569.272416110714,1.2240144516262421,5.931315675605673,0.0700501354925682,1.2372119108448798
4,-87.32850090878961,51.36195141883178,1444.8097194738461,25.0,27788.823493620024,-75.67157342252074,38.01941123986563,1342.0968647157574,26,28986.408168526705,1.2400028833157832,3.7556037192207494,4.111062451812796,6.64998150224608
4,-98.74666450221554,164.03595626098627,1276.2186115043023,23.0,31973.040018725973,-55.06786308779917,82.64797893956819,753.5513832897751,26,22978.476519808108,1.8514607626064146,4.3113073789359415,3.821210693487476,5.874964116772948
