Detections,X,Y,Energy Per Nucleon,Z,Height,True X,True Y,True Energy per nucleon,True Z,True Height,Phi,Epsilon,Guess Log Likelihood,True Log Likelihood
4,-49.828387654533515,20.411756743463172,1373.1833513739336,30.0,34566.95302395764,-76.24568693694036,6.571353967627317,1706.3836777349181,26,29301.10093065052,1.581712255775628,2.688520208026098,65.22607419561601,68.81285809284682
