Detections,X,Y,Energy Per Nucleon,Z,Height,True X,True Y,True Energy per nucleon,True Z,True Height,Phi,Epsilon,Guess Log Likelihood,True Log Likelihood
5,4.799432510748886,-46.54526333635599,419.8751768632667,29.0,30735.517244919327,28.990911194344847,-69.47953495152855,425.85432104944675,26,23064.04532063944,1.3233505136802517,4.19416381011822,1.2410086914202842,7.764054498444531
4,-21.144955982190254,58.91953176928672,491.2759108120975,23.0,28526.60951004248,-9.617721066882922,61.53142097910808,484.3753296850704,26,29075.832079264335,1.7804569181580203,3.7206635780598445,0.8772937386417161,9.253510860179569
5,42.23164890107927,25.451513913675967,1657.50438037606,24.0,48112.40714065498,50.92887162937532,38.99743366061884,1745.8552603703752,26,21576.587225515177,1.530114738434603,2.9490398889099274,1.5847790761008194,11.195902762714699
