Detections,X,Y,Energy Per Nucleon,Z,Height,True X,True Y,True Energy per nucleon,True Z,True Height,Phi,Epsilon,Guess Log Likelihood,True Log Likelihood
4,-38.623037589570345,-27.508288923164173,1186.5716194834204,27.0,41353.26826044106,-39.38431383916041,-25.81457513988174,1155.0098135604471,26,36956.099096109916,1.930763285356055,0.7663484562732457,2.2910396977670904,9.248379361287611
4,-80.79353517797546,-30.236811783616247,1643.518403743146,22.0,29403.73387999639,-66.72959162765075,-21.95752603561141,1659.320533017994,26,31384.73922991021,1.5753263348655324,5.020022245067951,1.1982489688644093,5.800958937152594
