Detections,X,Y,Energy Per Nucleon,Z,Height,True X,True Y,True Energy per nucleon,True Z,True Height,Phi,Epsilon,Guess Log Likelihood,True Log Likelihood
5,15.025983784371476,18.021460537202074,1299.266510634941,29.0,34442.04229072915,7.331907892473964,23.229785553270375,1288.2788402912158,26,31093.01180861013,1.3146528960899495,2.7305102483437853,0.47029331112904094,4.43063668681218
5,-21.17222785213511,-15.113678092690066,3084.7756988903548,23.0,36214.560356093025,-19.563246812188652,-10.072617315463788,2861.7226424368387,26,39397.07914948075,1.7770266544354172,1.34293562666709,0.564402683729832,1.7643493872816736
5,-16.574619266640468,20.197649564128426,767.0980399053938,24.0,32231.093723000755,-17.65792777064101,18.741627696961814,758.1221890132376,26,34004.71647617036,1.7790749833014734,4.47542192129538,2.485764673846339,2.8816856874022503
4,-70.69916946295388,-35.77899740809954,1526.3080087759306,28.0,31271.41923662443,-59.93771530177801,-28.724003452397156,1527.5060327412798,26,30176.509607583772,1.593962933159069,1.2704120511241321,4.086440043704542,6.929426478162375
4,70.06270374111494,86.98552422160071,1815.212730772208,25.0,24722.03450654554,70.37933818732867,89.44381986725622,1737.2180184002284,26,24352.18347383759,1.9440418510375397,3.3686392768220528,2.2800165165959028,3.243769741788226
