Detections,X,Y,Energy Per Nucleon,Z,Height,True X,True Y,True Energy per nucleon,True Z,True Height,Phi,Epsilon,Guess Log Likelihood,True Log Likelihood
4,69.28538503331663,10.003456046737313,527.3511409881283,29.0,30813.36278337185,52.11904752839922,1.2609829403663753,530.2703011998708,26,28208.504540062717,1.927436803173971,5.3164156267501195,3.996766071789952,6.496353223162979
4,-4.13702163714089,-34.55302344027035,263.1361126999803,27.0,24992.782373242495,18.015163818210056,-37.883001207555736,307.08827480894865,26,25437.854984528072,1.330227162913487,1.0568988912982378,0.004521731097899435,3.1193595604353006
4,-90.84171747432075,-30.410906910416372,2026.3725253076555,22.0,33567.020378288886,-84.93345989138344,-38.115406598331774,2237.8621752671697,26,33890.00638184255,1.4236978947177499,0.8976616556342031,3.9888541754651037,6.426022759719491
4,-49.168363628449555,-113.0007178977001,2311.248796585826,23.0,47454.3613759092,-41.12496486459732,-70.13566386452025,1492.8799338160495,26,30404.36288719033,1.631824062469148,1.9772347215559676,2.2689541499376724,5.194063967974777
5,49.1668870090445,-27.640787623235326,649.8820156697881,28.0,30057.84703132359,40.622795873456596,-31.79871115701313,638.0596660906677,26,31211.11426398939,1.1881789629583723,0.43121140255565377,0.47787160802992956,1.4699924389466887
