Detections,X,Y,Energy Per Nucleon,Z,Height,True X,True Y,True Energy per nucleon,True Z,True Height,Phi,Epsilon,Guess Log Likelihood,True Log Likelihood
5,-20.787025187453764,37.81286286188043,554.9735772102438,27.0,24006.879259534853,-13.03961934231367,38.572778892889204,539.9508742101403,26,24224.641672473666,1.731336924037485,2.790091866941062,1.2946602357170782,2.9286504469319286
4,64.53372151758572,-7.9000785914991525,623.7682104405847,29.0,31004.53792360176,58.107584476920636,-14.367264829478216,611.2387968521078,26,25537.24804870495,1.573205839079212,4.624890681894072,0.4380853525035202,2.042730187789153
5,40.41038582846653,36.05988718938852,534.7981736270519,24.0,26600.835364236118,27.787662237223373,67.6328565126793,535.0005129842204,26,24474.881591905887,1.6272440179831114,1.7801515402805874,3.2623826728745255,13.584902578184932
