Detections,X,Y,Energy Per Nucleon,Z,Height,True X,True Y,True Energy per nucleon,True Z,True Height,Phi,Epsilon,Guess Log Likelihood,True Log Likelihood
5,43.709537731136436,6.395900251290982,1256.7768756665125,25.0,33317.22635542762,40.91445122813553,-2.872657757681452,1179.9383617373894,26,34704.51585567903,1.445809461100834,4.190994581071207,2.0515923856928167,3.376820516351024
5,43.25010615217559,7.742011593227062,749.2311814320467,22.0,35947.81660272855,30.33521130798286,-8.218920226925349,761.7788093659949,26,30853.246236820454,1.700835459594855,1.0716522275263565,0.9690788785840754,6.803742910258324
4,-11.657429453399573,-87.58830537095372,685.4457166937605,22.0,36946.87763881737,-28.74178331782035,-68.83970918185618,661.5454835989657,26,22567.51704666773,1.6402855930218605,4.908294600768692,1.1804566225834967,35.34251707594265
5,22.01677533572365,-45.33304199591123,514.9237261965238,27.0,51679.47680023813,16.227039084493498,-71.06050005153025,535.4963182198081,26,24904.8296191783,1.193775705963033,0.16904660622795034,2.038546765625584,3.9436498708123953
