Detections,X,Y,Energy Per Nucleon,Z,Height,True X,True Y,True Energy per nucleon,True Z,True Height,Phi,Epsilon,Guess Log Likelihood,True Log Likelihood
4,21.50467632218158,20.84780941099183,2990.2740494351833,24.0,33848.62410183903,21.853862285479522,29.477251060227474,2841.5674390374897,26,36616.64050886334,1.6235743961088658,5.490950632170899,0.560012931318654,6.816377056650363
