Detections,X,Y,Energy Per Nucleon,Z,Height,True X,True Y,True Energy per nucleon,True Z,True Height,Phi,Epsilon,Guess Log Likelihood,True Log Likelihood
5,1.1040165690848767,-39.35050798583427,308.17811768568936,29.0,25017.84484620908,8.257037782927114,-49.1211544496345,362.92221752713465,26,25518.574315644735,1.712174429939115,0.19802619254765796,0.08421552912739759,1.3292974909513149
5,16.612927327367515,42.53056653481701,937.6073327507892,22.0,30024.484562307392,16.356426820485495,34.741390759634214,899.3255893157989,26,30167.30669306901,1.2121653472752905,3.393515775364734,0.7593861923873888,2.3810128396333017
4,-6.686012450149121,129.88045615988375,615.3091206471471,23.0,26851.22514043296,4.3401940246533,96.01609575648448,571.7345525047615,26,24476.195641339866,1.675764693650122,3.2748273721233168,1.980601266972716,3.6451877149371876
4,99.87466083477653,-45.59781407968188,774.8458771294402,22.0,22785.448093386465,61.22803609062336,-30.601414510678552,655.6335966785989,26,25538.183974365595,1.3283265180056423,5.471426747928564,0.837448060569533,3.754170452340256
4,2.4501706994709593,-124.85909040198965,248.6616872639866,24.0,24381.77070459305,40.96648831393313,-90.9770227205147,336.46785577779366,26,24110.040817930112,1.9339161902164206,5.627325649574307,0.28975989202047486,759.7390722238558
