Detections,X,Y,Energy Per Nucleon,Z,Height,True X,True Y,True Energy per nucleon,True Z,True Height,Phi,Epsilon,Guess Log Likelihood,True Log Likelihood
4,-31.445489112497285,51.24444037294995,1540.0124101943188,23.0,31835.82624020626,-28.94895460894928,45.43338606641959,1697.314743312285,26,34595.350445772456,1.6316688422574255,0.7956702282630089,70.43942521800312,73.5126543611619
5,50.858328819169515,14.058552178491823,863.6014215487052,24.0,30248.874097448494,61.96129356507117,15.253423575631615,922.3666519739068,26,30362.60222131016,1.3690955373457165,2.8882429133530096,70.11127904424697,72.2504990367366
4,75.38455598058636,36.60475483711815,1756.0527152218606,29.0,33615.223832108226,75.48612718190407,31.8462157559608,1882.3194243484245,26,33179.95230452186,1.674004902544789,5.334670236269944,66.22805552745251,67.03801523412879
5,-37.51681181645432,-12.189318596311182,873.041202225875,22.0,30015.335966360843,-24.43636294900689,-31.82370908838739,240.20525220675248,26,22509.96287443572,1.4723815580121633,5.2389604377722065,24.71106560121144,28.483719618069657
5,25.678673545071206,17.461496063778554,766.0255713006159,25.0,29331.28556997991,23.469413187350682,19.3775814451198,767.027988080462,26,31580.1744409237,1.1929637756950198,4.809117126925954,68.11626950788542,68.88801181297194
5,-11.718693743404515,-23.01510692500807,885.2068295208649,29.0,34860.55763010967,-6.918007117231468,-28.492137907243233,865.9962157298048,26,34510.15331548953,1.1960766188703575,2.4223451625492576,67.5449835768888,69.13214440015989
