Detections,X,Y,Energy Per Nucleon,Z,Height,True X,True Y,True Energy per nucleon,True Z,True Height,Phi,Epsilon,Guess Log Likelihood,True Log Likelihood
4,-13.854060939529688,-62.47980375839737,328.0019567095752,25.0,24014.465486311095,-0.1679525278838696,-59.92751595492369,279.4898599099768,26,23887.70143308016,1.913558289980607,3.700046992312451,20.9268738345069,23.146058547092267
