Detections,X,Y,Energy Per Nucleon,Z,Height,True X,True Y,True Energy per nucleon,True Z,True Height,Phi,Epsilon,Guess Log Likelihood,True Log Likelihood
4,78.34275277392896,149.373420316526,716.027625708306,22.0,22926.9873741995,95.41178646616342,129.6204552314457,711.598154271683,26,24550.229227854627,1.953981374268495,2.343542497264119,2.3114123994850453,3.3563376360678303
4,-21.21433182989699,47.73994656654122,2706.6571099110415,25.0,39772.3925459781,-25.934508394099353,49.95848208885158,2693.6319983835424,26,40219.320528488504,1.334868028578724,1.4389190816413135,0.38605682638852984,0.962313195248483
