Detections,X,Y,Energy Per Nucleon,Z,Height,True X,True Y,True Energy per nucleon,True Z,True Height,Phi,Epsilon,Guess Log Likelihood,True Log Likelihood
4,-31.67662271078092,-22.230705900549538,669.4355756870231,29.0,36727.835908705645,-47.80112317979447,-26.139613949263136,670.4884923177693,26,30038.419487514286,1.8418634113216819,6.245035366918466,1.2798247769447446,2.703231544501567
4,28.131963148349826,31.006377649982255,1174.59960509353,23.0,26473.07881834005,26.71942885021633,28.59253958262164,1126.8202071604555,26,25833.835022848023,1.3594063862303276,4.435611148990775,0.5998941088044606,3.4833288713228123
