Event Number,Category,Xpos,Ypos,Smeared DC Count,Smeared Background Count,True X,True Y,True Energy per Nucleon,True Z,True Height,Phi,Epsilon,Trigger,Dangle,Theta,Background
1,lst,0.0,0.0,1366,312951,-36.9499262156486,1.670532521993323,1834.750475738652,26,37693.41651996687,1.9459463027279376,1.7737535717143804,True,4.677770603897537,1.0486343486077567
1,mst,60.0,60.0,24,29231,-36.9499262156486,1.670532521993323,1834.750475738652,26,37693.41651996687,1.9459463027279376,1.7737535717143804,True,5.258622896290997,3.2190377221327293
1,mst,60.0,-60.0,22,23973,-36.9499262156486,1.670532521993323,1834.750475738652,26,37693.41651996687,1.9459463027279376,1.7737535717143804,True,4.162594506345112,3.2257715731787564
1,mst,-60.0,60.0,955,50244,-36.9499262156486,1.670532521993323,1834.750475738652,26,37693.41651996687,1.9459463027279376,1.7737535717143804,True,0.35463575701892425,1.6402749165682318
1,mst,-60.0,-60.0,656,35048,-36.9499262156486,1.670532521993323,1834.750475738652,26,37693.41651996687,1.9459463027279376,1.7737535717143804,True,2.777391590329099,1.703909909668731
