Event Number,Category,Xpos,Ypos,Smeared DC Count,Smeared Background Count,True X,True Y,True Energy per Nucleon,True Z,True Height,Phi,Epsilon,Trigger,Dangle,Theta,Background
1,lst,0.0,0.0,4289,104567,-49.7864882279835,39.86709127032236,919.1577270542878,26,25203.329925850718,1.8209753159873847,3.311605513679034,True,4.036059696967596,0.9761708242659195
1,mst,60.0,60.0,775,10578,-49.7864882279835,39.86709127032236,919.1577270542878,26,25203.329925850718,1.8209753159873847,3.311605513679034,True,4.880193492036302,1.7560131042198688
1,mst,60.0,-60.0,0,7938,-49.7864882279835,39.86709127032236,919.1577270542878,26,25203.329925850718,1.8209753159873847,3.311605513679034,False,3.9675717474811703,2.287234295845985
1,mst,-60.0,60.0,48,25851,-49.7864882279835,39.86709127032236,919.1577270542878,26,25203.329925850718,1.8209753159873847,3.311605513679034,True,0.47635063632869057,0.3865007941289461
1,mst,-60.0,-60.0,1160,13688,-49.7864882279835,39.86709127032236,919.1577270542878,26,25203.329925850718,1.8209753159873847,3.311605513679034,True,3.0512550448821987,1.545452695493659
