Event Number,Category,Xpos,Ypos,Smeared DC Count,Smeared Background Count,True X,True Y,True Energy per Nucleon,True Z,True Height,Phi,Epsilon,Trigger,Dangle,Theta,Background
1,lst,0.0,0.0,148,0,-14.929625260584885,-11.44988789541307,359.75756411381036,26,28018.165173163427,1.648537265878323,2.8067695705853795,True,5.359296647278917,0.5112453446883128
1,mst,60.0,60.0,0,0,-14.929625260584885,-11.44988789541307,359.75756411381036,26,28018.165173163427,1.648537265878323,2.8067695705853795,False,5.470922828766707,2.876805735356262
1,mst,60.0,-60.0,146,0,-14.929625260584885,-11.44988789541307,359.75756411381036,26,28018.165173163427,1.648537265878323,2.8067695705853795,True,4.152261942207798,2.485463172735081
1,mst,-60.0,60.0,77,0,-14.929625260584885,-11.44988789541307,359.75756411381036,26,28018.165173163427,1.648537265878323,2.8067695705853795,True,0.5801632235446024,2.339310581137571
1,mst,-60.0,-60.0,288,0,-14.929625260584885,-11.44988789541307,359.75756411381036,26,28018.165173163427,1.648537265878323,2.8067695705853795,True,2.411218682622363,1.8171481676230665
2,lst,0.0,0.0,2565,0,42.604465127837415,-30.5184899503343,277.21318002055386,26,18854.537339178805,1.2814580758500806,3.2886249357479436,True,0.9436657878642329,0.7380692820807297
2,mst,60.0,60.0,1506,0,42.604465127837415,-30.5184899503343,277.21318002055386,26,18854.537339178805,1.2814580758500806,3.2886249357479436,True,6.084167141144278,1.2711650834889308
2,mst,60.0,-60.0,180,0,42.604465127837415,-30.5184899503343,277.21318002055386,26,18854.537339178805,1.2814580758500806,3.2886249357479436,True,3.6602034992803847,0.4460642730496344
2,mst,-60.0,60.0,0,0,42.604465127837415,-30.5184899503343,277.21318002055386,26,18854.537339178805,1.2814580758500806,3.2886249357479436,False,0.8264039876666383,1.9068217616756689
2,mst,-60.0,-60.0,1426,0,42.604465127837415,-30.5184899503343,277.21318002055386,26,18854.537339178805,1.2814580758500806,3.2886249357479436,True,1.8514781712304946,1.4333871597687442
