Event Number,Category,Xpos,Ypos,Smeared DC Count,Smeared Background Count,True X,True Y,True Energy per Nucleon,True Z,True Height,Phi,Epsilon,Trigger,Dangle,Theta,Background
1,lst,0.0,0.0,3360,22387,32.50116778831739,-48.431478929875624,491.71472054854513,26,24139.82852082982,1.3535812523878028,1.677342810266789,True,0.5897577158043394,0.934093341431097
1,mst,60.0,60.0,292,2989,32.50116778831739,-48.431478929875624,491.71472054854513,26,24139.82852082982,1.3535812523878028,1.677342810266789,True,6.0427941278153146,1.8390756126806838
1,mst,60.0,-60.0,242,5498,32.50116778831739,-48.431478929875624,491.71472054854513,26,24139.82852082982,1.3535812523878028,1.677342810266789,True,4.309476939330667,0.4945993481018421
1,mst,-60.0,60.0,0,1694,32.50116778831739,-48.431478929875624,491.71472054854513,26,24139.82852082982,1.3535812523878028,1.677342810266789,False,0.706404388999672,2.2784894162798732
1,mst,-60.0,-60.0,1420,2696,32.50116778831739,-48.431478929875624,491.71472054854513,26,24139.82852082982,1.3535812523878028,1.677342810266789,True,1.6880688197883362,1.483740181260338
