Event Number,Category,Xpos,Ypos,Smeared DC Count,Smeared Background Count,True X,True Y,True Energy per Nucleon,True Z,True Height,Phi,Epsilon,Trigger,Dangle,Theta,Background
1,lst,0.0,0.0,5065,11774,17.307674880859622,84.19368555878282,446.5198307321062,26,24000.815168704266,1.2208636761634388,3.6424539419609956,True,2.924366198535805,1.2997721355876024
1,mst,60.0,60.0,256,1902,17.307674880859622,84.19368555878282,446.5198307321062,26,24000.815168704266,1.2208636761634388,3.6424539419609956,True,4.183852066416162,0.7345370234543472
1,mst,60.0,-60.0,0,1084,17.307674880859622,84.19368555878282,446.5198307321062,26,24000.815168704266,1.2208636761634388,3.6424539419609956,False,3.4298297806329843,2.251433420006244
1,mst,-60.0,60.0,1009,1569,17.307674880859622,84.19368555878282,446.5198307321062,26,24000.815168704266,1.2208636761634388,3.6424539419609956,True,1.8612822740835409,1.297067495609684
1,mst,-60.0,-60.0,46,920,17.307674880859622,84.19368555878282,446.5198307321062,26,24000.815168704266,1.2208636761634388,3.6424539419609956,True,2.637911927092134,2.5245595791542397
