Event Number,Category,Xpos,Ypos,Smeared DC Count,Smeared Background Count,True X,True Y,True Energy per Nucleon,True Z,True Height,Phi,Epsilon,Trigger,Dangle,Theta,Background
1,lst,0.0,0.0,3725,88768,10.35590673903414,-63.50015505912967,1150.7952003080861,26,30808.50121496697,1.232060128453386,4.368522842197301,True,0.15886361609567587,1.2929733409586384
1,mst,60.0,60.0,42,12765,10.35590673903414,-63.50015505912967,1150.7952003080861,26,30808.50121496697,1.232060128453386,4.368522842197301,True,5.89837181221844,2.615767242516471
1,mst,60.0,-60.0,141,25723,10.35590673903414,-63.50015505912967,1150.7952003080861,26,30808.50121496697,1.232060128453386,4.368522842197301,True,4.782218923201227,0.9403519262265471
1,mst,-60.0,60.0,41,10622,10.35590673903414,-63.50015505912967,1150.7952003080861,26,30808.50121496697,1.232060128453386,4.368522842197301,True,0.5151181817608186,2.9200791823732306
1,mst,-60.0,-60.0,785,21606,10.35590673903414,-63.50015505912967,1150.7952003080861,26,30808.50121496697,1.232060128453386,4.368522842197301,True,1.5146238039351885,1.4563974333505418
