Event Number,Category,Xpos,Ypos,Smeared DC Count,Smeared Background Count,True X,True Y,True Energy per Nucleon,True Z,True Height,Phi,Epsilon,Trigger,Dangle,Theta,Background
1,lst,0.0,0.0,1532,9953,-49.778288229271624,-1.1045264878792977,432.8725517072495,26,23796.326202474156,1.1943312180253456,3.6537271523969763,True,4.722087864532484,0.7491086852280497
1,mst,60.0,60.0,0,1185,-49.778288229271624,-1.1045264878792977,432.8725517072495,26,23796.326202474156,1.1943312180253456,3.6537271523969763,False,5.204969253743401,1.9783106184224786
1,mst,60.0,-60.0,53,1071,-49.778288229271624,-1.1045264878792977,432.8725517072495,26,23796.326202474156,1.1943312180253456,3.6537271523969763,True,4.209873949004536,1.8441312011803392
1,mst,-60.0,60.0,417,1866,-49.778288229271624,-1.1045264878792977,432.8725517072495,26,23796.326202474156,1.1943312180253456,3.6537271523969763,True,0.1637027945840082,1.0447724734299197
1,mst,-60.0,-60.0,333,1595,-49.778288229271624,-1.1045264878792977,432.8725517072495,26,23796.326202474156,1.1943312180253456,3.6537271523969763,True,2.9643200732910824,0.8855252633173716
