Event Number,Category,Xpos,Ypos,Smeared Count,True X,True Y,True Energy per Nucleon,True Z,True Height,Phi,Epsilon,Trigger,Dangle,Theta,Background
1,lst,0.0,0.0,1171.2716397329561,-12.870868373172954,1.75187511904997,463.95443232896986,26,21929.637453354855,1.7983790828483346,2.1863203511735074,False,4.56348039134705,0.19057545255740077
1,mst,60.0,60.0,1130.9586357956282,-12.870868373172954,1.75187511904997,463.95443232896986,26,21929.637453354855,1.7983790828483346,2.1863203511735074,True,5.406192697519428,1.3854408292555882
1,mst,60.0,-60.0,1164.0635099068659,-12.870868373172954,1.75187511904997,463.95443232896986,26,21929.637453354855,1.7983790828483346,2.1863203511735074,True,4.020551978216232,1.4128696847538404
1,mst,-60.0,60.0,789.0425090528943,-12.870868373172954,1.75187511904997,463.95443232896986,26,21929.637453354855,1.7983790828483346,2.1863203511735074,True,0.6853115341786078,1.0961755045553072
1,mst,-60.0,-60.0,807.4987204090648,-12.870868373172954,1.75187511904997,463.95443232896986,26,21929.637453354855,1.7983790828483346,2.1863203511735074,True,2.4857164209743314,1.107330893180505
