Event Number,Category,Xpos,Ypos,Smeared DC Count,Smeared Background Count,True X,True Y,True Energy per Nucleon,True Z,True Height,Phi,Epsilon,Trigger,Dangle,Theta,Background
1,lst,0.0,0.0,6789,101093,-78.10383424625898,-21.63999799063518,1081.865019504187,26,28181.314917458683,1.7603592174245781,4.329205643780341,True,4.968621672984691,1.448593004554446
1,mst,60.0,60.0,0,9263,-78.10383424625898,-21.63999799063518,1081.865019504187,26,28181.314917458683,1.7603592174245781,4.329205643780341,False,5.2305089365606445,2.8700009229623933
1,mst,60.0,-60.0,46,10947,-78.10383424625898,-21.63999799063518,1081.865019504187,26,28181.314917458683,1.7603592174245781,4.329205643780341,True,4.4389099258837525,2.5614653771735614
1,mst,-60.0,60.0,345,23089,-78.10383424625898,-21.63999799063518,1081.865019504187,26,28181.314917458683,1.7603592174245781,4.329205643780341,True,6.079162761913826,1.5048654245473607
1,mst,-60.0,-60.0,222,22770,-78.10383424625898,-21.63999799063518,1081.865019504187,26,28181.314917458683,1.7603592174245781,4.329205643780341,True,3.577278215389143,0.7396409677492716
2,lst,0.0,0.0,8103,31711,3.5290768082952013,-101.14100372832198,615.2852814317307,26,23429.923642988935,1.7955314928077428,0.2865764639969437,True,0.04708532957444747,1.509206010765684
2,mst,60.0,60.0,66,3167,3.5290768082952013,-101.14100372832198,615.2852814317307,26,23429.923642988935,1.7955314928077428,0.2865764639969437,True,5.939193741384878,2.523405553750736
2,mst,60.0,-60.0,622,9155,3.5290768082952013,-101.14100372832198,615.2852814317307,26,23429.923642988935,1.7955314928077428,0.2865764639969437,True,5.343298547358301,1.0479768534267508
2,mst,-60.0,60.0,68,3518,3.5290768082952013,-101.14100372832198,615.2852814317307,26,23429.923642988935,1.7955314928077428,0.2865764639969437,True,0.38997731471877906,2.552973011821412
2,mst,-60.0,-60.0,1306,6133,3.5290768082952013,-101.14100372832198,615.2852814317307,26,23429.923642988935,1.7955314928077428,0.2865764639969437,True,1.0022691477598584,1.1324388953141176
