Event Number,Category,Xpos,Ypos,Smeared DC Count,Smeared Background Count,True X,True Y,True Energy per Nucleon,True Z,True Height,Phi,Epsilon,Trigger,Dangle,Theta,Background
1,lst,0.0,0.0,1426,78533,38.811675305687885,13.666486250351255,739.2801652741649,26,32912.7417466352,1.5295148276230897,5.610933407187372,True,1.921016712035269,1.0717294009320162
1,mst,60.0,60.0,410,15965,38.811675305687885,13.666486250351255,739.2801652741649,26,32912.7417466352,1.5295148276230897,5.610933407187372,True,5.850131447652724,1.344787991017912
1,mst,60.0,-60.0,341,11425,38.811675305687885,13.666486250351255,739.2801652741649,26,32912.7417466352,1.5295148276230897,5.610933407187372,True,3.417908413005924,2.0059952988766803
1,mst,-60.0,60.0,104,8070,38.811675305687885,13.666486250351255,739.2801652741649,26,32912.7417466352,1.5295148276230897,5.610933407187372,True,1.1284021953581935,2.837556146338754
1,mst,-60.0,-60.0,0,6249,38.811675305687885,13.666486250351255,739.2801652741649,26,32912.7417466352,1.5295148276230897,5.610933407187372,False,2.215806593947887,3.2120116552968816
