Event Number,Category,Xpos,Ypos,Smeared DC Count,Smeared Background Count,True X,True Y,True Energy per Nucleon,True Z,True Height,Phi,Epsilon,Trigger,Dangle,Theta,Background
1,lst,0.0,0.0,425,75968,15.145880500690936,-24.39935353677616,831.0279094481529,26,34902.98748545886,1.2137456722646145,0.9536064161426236,True,0.554835329193758,0.7344524718501652
1,mst,60.0,60.0,162,10122,15.145880500690936,-24.39935353677616,831.0279094481529,26,34902.98748545886,1.2137456722646145,0.9536064161426236,True,5.796623597490517,2.565768050326434
1,mst,60.0,-60.0,279,13746,15.145880500690936,-24.39935353677616,831.0279094481529,26,34902.98748545886,1.2137456722646145,0.9536064161426236,True,4.038267394602656,1.665489337953607
1,mst,-60.0,60.0,29,9814,15.145880500690936,-24.39935353677616,831.0279094481529,26,34902.98748545886,1.2137456722646145,0.9536064161426236,True,0.7295191188792745,2.8884179441121525
1,mst,-60.0,-60.0,0,13188,15.145880500690936,-24.39935353677616,831.0279094481529,26,34902.98748545886,1.2137456722646145,0.9536064161426236,False,2.018380341966073,2.1892624260994396
