Event Number,Category,Xpos,Ypos,Smeared DC Count,Smeared Background Count,True X,True Y,True Energy per Nucleon,True Z,True Height,Phi,Epsilon,Trigger,Dangle,Theta,Background
1,lst,0.0,0.0,1535,337080,-22.617299568944375,-24.7815159667944,2045.2173528059704,26,23804.529692795517,1.2707159370252168,1.538324760566676,True,5.549520484726038,0.48733262109197734
1,mst,60.0,60.0,593,28451,-22.617299568944375,-24.7815159667944,2045.2173528059704,26,23804.529692795517,1.2707159370252168,1.538324760566676,True,5.523860987683311,1.7592793642457416
1,mst,60.0,-60.0,473,30019,-22.617299568944375,-24.7815159667944,2045.2173528059704,26,23804.529692795517,1.2707159370252168,1.538324760566676,True,4.322039655193656,1.342675937830142
1,mst,-60.0,60.0,1265,31402,-22.617299568944375,-24.7815159667944,2045.2173528059704,26,23804.529692795517,1.2707159370252168,1.538324760566676,True,0.4219411625160967,1.3100363903160792
1,mst,-60.0,-60.0,377,63561,-22.617299568944375,-24.7815159667944,2045.2173528059704,26,23804.529692795517,1.2707159370252168,1.538324760566676,True,2.3149747351934282,0.7238146266884596
