Event Number,Category,Xpos,Ypos,Smeared DC Count,Smeared Background Count,True X,True Y,True Energy per Nucleon,True Z,True Height,Phi,Epsilon,Trigger,Dangle,Theta,Background
1,lst,0.0,0.0,2473,113331,35.889679073262926,23.268138139847593,1058.62440230793,26,35176.30581242104,1.941737198695435,1.302517489885619,True,2.1539122053111357,1.0399433367119186
1,mst,60.0,60.0,195,24446,35.889679073262926,23.268138139847593,1058.62440230793,26,35176.30581242104,1.941737198695435,1.302517489885619,True,5.703755448003938,1.1304066560043917
1,mst,60.0,-60.0,0,14390,35.889679073262926,23.268138139847593,1058.62440230793,26,35176.30581242104,1.941737198695435,1.302517489885619,False,3.4454536316362434,2.2947548645559337
1,mst,-60.0,60.0,137,17348,35.889679073262926,23.268138139847593,1058.62440230793,26,35176.30581242104,1.941737198695435,1.302517489885619,True,1.2103670270191975,2.4223088724402544
1,mst,-60.0,-60.0,26,14598,35.889679073262926,23.268138139847593,1058.62440230793,26,35176.30581242104,1.941737198695435,1.302517489885619,True,2.283312141751566,3.119743054267265
