Event Number,Category,Xpos,Ypos,Smeared DC Count,Smeared Background Count,True X,True Y,True Energy per Nucleon,True Z,True Height,Phi,Epsilon,Trigger,Dangle,Theta,Background
1,lst,0.0,0.0,7299,253308,39.55062186630428,76.44590593777673,3116.794457981765,26,25180.489460827645,1.9403821099099443,1.026690001453198,True,2.6626688196939363,1.2738812958427645
1,mst,60.0,60.0,63,87080,39.55062186630428,76.44590593777673,3116.794457981765,26,25180.489460827645,1.9403821099099443,1.026690001453198,True,4.02527017824939,0.39534355354817974
1,mst,60.0,-60.0,163,23648,39.55062186630428,76.44590593777673,3116.794457981765,26,25180.489460827645,1.9403821099099443,1.026690001453198,True,3.291889195826995,2.1404055883946005
1,mst,-60.0,60.0,213,36392,39.55062186630428,76.44590593777673,3116.794457981765,26,25180.489460827645,1.9403821099099443,1.026690001453198,True,1.7377340250600968,1.4069014023820363
1,mst,-60.0,-60.0,0,17302,39.55062186630428,76.44590593777673,3116.794457981765,26,25180.489460827645,1.9403821099099443,1.026690001453198,False,2.4904397568478394,2.5021307585941917
