Event Number,Category,Xpos,Ypos,Smeared DC Count,Smeared Background Count,True X,True Y,True Energy per Nucleon,True Z,True Height,Phi,Epsilon,Trigger,Dangle,Theta,Background
1,lst,0.0,0.0,12333,42704,-110.38582098216912,11.650207944013232,682.3468930756037,26,23303.90605483875,1.9513385753383294,3.2479647606010293,True,4.607355770474315,1.572124465498425
1,mst,60.0,60.0,57,4139,-110.38582098216912,11.650207944013232,682.3468930756037,26,23303.90605483875,1.9513385753383294,3.2479647606010293,True,4.992801892484147,2.5915180171308414
1,mst,60.0,-60.0,0,3791,-110.38582098216912,11.650207944013232,682.3468930756037,26,23303.90605483875,1.9513385753383294,3.2479647606010293,False,4.312310376130862,2.550307566637162
1,mst,-60.0,60.0,668,9971,-110.38582098216912,11.650207944013232,682.3468930756037,26,23303.90605483875,1.9513385753383294,3.2479647606010293,True,5.457223586617612,1.0375073473794236
1,mst,-60.0,-60.0,1206,8857,-110.38582098216912,11.650207944013232,682.3468930756037,26,23303.90605483875,1.9513385753383294,3.2479647606010293,True,3.760313970793329,1.173181567546838
