Event Number,Category,Xpos,Ypos,Smeared Count,True X,True Y,True Energy per Nucleon,True Z,True Height,Phi,Epsilon,Trigger,Dangle,Theta,Background
1,mst,30.0,30.0,564.4018551821746,-30.385412138167382,46.583218613536104,316.95974860670145,26,23401.14781608965,1.4140478158855712,1.0480668293583604,True,4.46038207621049,1.1421283483793085
1,mst,30.0,0.0,710.380354560892,-30.385412138167382,46.583218613536104,316.95974860670145,26,23401.14781608965,1.4140478158855712,1.0480668293583604,True,4.051989997517405,1.422414594636398
1,mst,30.0,-30.0,61.65315179658537,-30.385412138167382,46.583218613536104,316.95974860670145,26,23401.14781608965,1.4140478158855712,1.0480668293583604,False,3.8068979892337973,None
1,mst,0.0,30.0,315.98251359979304,-30.385412138167382,46.583218613536104,316.95974860670145,26,23401.14781608965,1.4140478158855712,1.0480668293583604,True,4.218590841839896,0.6468097677696868
1,mst,0.0,0.0,514.9247633607004,-30.385412138167382,46.583218613536104,316.95974860670145,26,23401.14781608965,1.4140478158855712,1.0480668293583604,True,3.725972440149973,1.0207280235622098
1,mst,0.0,-30.0,542.5752340835028,-30.385412138167382,46.583218613536104,316.95974860670145,26,23401.14781608965,1.4140478158855712,1.0480668293583604,True,3.525694860446391,1.5436038825340783
1,mst,-30.0,30.0,157.63112656285887,-30.385412138167382,46.583218613536104,316.95974860670145,26,23401.14781608965,1.4140478158855712,1.0480668293583604,False,3.1724288530670384,0.31087111180490057
1,mst,-30.0,0.0,397.85223557578956,-30.385412138167382,46.583218613536104,316.95974860670145,26,23401.14781608965,1.4140478158855712,1.0480668293583604,True,3.1481235145993662,0.840824500711766
1,mst,-30.0,-30.0,705.0323578912819,-30.385412138167382,46.583218613536104,316.95974860670145,26,23401.14781608965,1.4140478158855712,1.0480668293583604,True,3.133968910882573,1.396256233511782
