Event Number,Category,Xpos,Ypos,Smeared DC Count,Smeared Background Count,True X,True Y,True Energy per Nucleon,True Z,True Height,Phi,Epsilon,Trigger,Dangle,Theta,Background
1,lst,0.0,0.0,2376,56588,98.72306780497203,63.229120019083496,931.5622287741568,26,24646.594837546523,1.2895111756482616,5.451152231738628,True,2.137129108582758,1.8491650582513648
1,mst,60.0,60.0,186,21960,98.72306780497203,63.229120019083496,931.5622287741568,26,24646.594837546523,1.2895111756482616,5.451152231738628,True,1.630942832600793,0.600905262289063
1,mst,60.0,-60.0,178,11412,98.72306780497203,63.229120019083496,931.5622287741568,26,24646.594837546523,1.2895111756482616,5.451152231738628,True,2.8387367516391784,2.047310418767829
1,mst,-60.0,60.0,63,8850,98.72306780497203,63.229120019083496,931.5622287741568,26,24646.594837546523,1.2895111756482616,5.451152231738628,True,1.6029408262291212,2.5168355566314125
1,mst,-60.0,-60.0,0,5770,98.72306780497203,63.229120019083496,931.5622287741568,26,24646.594837546523,1.2895111756482616,5.451152231738628,False,2.2469849795892816,3.1899899318122045
