Event Number,Category,Xpos,Ypos,Smeared DC Count,Smeared Background Count,True X,True Y,True Energy per Nucleon,True Z,True Height,Phi,Epsilon,Trigger,Dangle,Theta,Background
1,lst,0.0,0.0,2477,171622,-44.17429741807429,-35.721852528830965,1196.5925524424638,26,34403.61875117338,1.1898814192593359,6.01167626186414,True,5.3882781654335155,1.2388140128278315
1,mst,60.0,60.0,0,10948,-44.17429741807429,-35.721852528830965,1196.5925524424638,26,34403.61875117338,1.1898814192593359,6.01167626186414,False,5.4455477954210725,3.1120295205400783
1,mst,60.0,-60.0,88,21275,-44.17429741807429,-35.721852528830965,1196.5925524424638,26,34403.61875117338,1.1898814192593359,6.01167626186414,True,4.508168503264963,2.5081111581300477
1,mst,-60.0,60.0,81,14814,-44.17429741807429,-35.721852528830965,1196.5925524424638,26,34403.61875117338,1.1898814192593359,6.01167626186414,True,0.14819470761004166,2.12884997503517
1,mst,-60.0,-60.0,184,45999,-44.17429741807429,-35.721852528830965,1196.5925524424638,26,34403.61875117338,1.1898814192593359,6.01167626186414,True,2.581623931283083,0.7239368634636125
