Event Number,Category,Xpos,Ypos,Smeared DC Count,Smeared Background Count,True X,True Y,True Energy per Nucleon,True Z,True Height,Phi,Epsilon,Trigger,Dangle,Theta,Background
1,lst,0.0,0.0,7195,15427,-119.93799046153485,10.091861782799725,563.2543585008743,26,21366.239508043145,1.451029787767428,1.510840252897628,True,4.625702274293788,1.7082879531864936
1,mst,60.0,60.0,46,2372,-119.93799046153485,10.091861782799725,563.2543585008743,26,21366.239508043145,1.451029787767428,1.510840252897628,True,5.004067414991971,2.6575739018464324
1,mst,60.0,-60.0,49,3010,-119.93799046153485,10.091861782799725,563.2543585008743,26,21366.239508043145,1.451029787767428,1.510840252897628,True,4.329479987485103,2.7509927701496117
1,mst,-60.0,60.0,589,6865,-119.93799046153485,10.091861782799725,563.2543585008743,26,21366.239508043145,1.451029787767428,1.510840252897628,True,5.40602005168121,1.108347764978393
1,mst,-60.0,-60.0,1666,4425,-119.93799046153485,10.091861782799725,563.2543585008743,26,21366.239508043145,1.451029787767428,1.510840252897628,True,3.861117471206715,1.3036061774430776
2,lst,0.0,0.0,6429,9173,-61.185099427654094,-45.488916337566664,436.66162444521933,26,22437.35428182034,1.296548107702871,2.352179693735618,True,5.343274879766794,1.176921251965003
2,mst,60.0,60.0,31,1095,-61.185099427654094,-45.488916337566664,436.66162444521933,26,22437.35428182034,1.296548107702871,2.352179693735618,True,5.409762832254677,2.499747242931078
2,mst,60.0,-60.0,513,1137,-61.185099427654094,-45.488916337566664,436.66162444521933,26,22437.35428182034,1.296548107702871,2.352179693735618,True,4.588552234652345,1.8781842214162503
2,mst,-60.0,60.0,347,1100,-61.185099427654094,-45.488916337566664,436.66162444521933,26,22437.35428182034,1.296548107702871,2.352179693735618,True,6.273152173000046,1.637608268167431
2,mst,-60.0,-60.0,0,2786,-61.185099427654094,-45.488916337566664,436.66162444521933,26,22437.35428182034,1.296548107702871,2.352179693735618,False,3.217658423953,None
