Event Number,Category,Xpos,Ypos,Smeared DC Count,Smeared Background Count,True X,True Y,True Energy per Nucleon,True Z,True Height,Phi,Epsilon,Trigger,Dangle,Theta,Background
1,lst,0.0,0.0,2190,0,35.07584505778016,43.35087273452743,338.01585844599384,26,25370.93665284388,1.8223353396568964,6.0221804316935375,True,2.455925072006893,1.1860143521505542
1,mst,60.0,60.0,129,0,35.07584505778016,43.35087273452743,338.01585844599384,26,25370.93665284388,1.8223353396568964,6.0221804316935375,True,5.31777540262462,0.5899392876801238
1,mst,60.0,-60.0,0,0,35.07584505778016,43.35087273452743,338.01585844599384,26,25370.93665284388,1.8223353396568964,6.0221804316935375,False,3.3864054464892486,2.2542234908579517
1,mst,-60.0,60.0,358,0,35.07584505778016,43.35087273452743,338.01585844599384,26,25370.93665284388,1.8223353396568964,6.0221804316935375,True,1.3998267207918136,1.9884530566329812
1,mst,-60.0,-60.0,40,0,35.07584505778016,43.35087273452743,338.01585844599384,26,25370.93665284388,1.8223353396568964,6.0221804316935375,True,2.400901939315985,2.967173346520558
