Event Number,Category,Xpos,Ypos,Smeared DC Count,Smeared Background Count,True X,True Y,True Energy per Nucleon,True Z,True Height,Phi,Epsilon,Trigger,Dangle,Theta,Background
1,lst,0.0,0.0,5626,245592,-32.18063163743517,74.08272366918828,2262.0743504678544,26,28369.309835469863,1.3713977572995681,4.341599739033605,True,3.5598271609388505,1.417623524148794
1,mst,60.0,60.0,2533,38924,-32.18063163743517,74.08272366918828,2262.0743504678544,26,28369.309835469863,1.3713977572995681,4.341599739033605,True,4.551531884941123,1.6206603054807456
1,mst,60.0,-60.0,0,14724,-32.18063163743517,74.08272366918828,2262.0743504678544,26,28369.309835469863,1.3713977572995681,4.341599739033605,False,3.7299364033621654,2.850053850222909
1,mst,-60.0,60.0,124,73017,-32.18063163743517,74.08272366918828,2262.0743504678544,26,28369.309835469863,1.3713977572995681,4.341599739033605,True,2.0315512541512346,0.5692637763668029
1,mst,-60.0,-60.0,215,24045,-32.18063163743517,74.08272366918828,2262.0743504678544,26,28369.309835469863,1.3713977572995681,4.341599739033605,True,2.92955302341036,2.4005726464137203
