Event Number,Category,Xpos,Ypos,Smeared DC Count,Smeared Background Count,True X,True Y,True Energy per Nucleon,True Z,True Height,Phi,Epsilon,Trigger,Dangle,Theta,Background
1,lst,0.0,0.0,10779,145787,-98.28949417427303,-25.76657243605969,1729.1413653939414,26,24621.948899743536,1.289192498525604,5.7974535137629815,True,4.96926487530421,1.4787528926866742
1,mst,60.0,60.0,74,11207,-98.28949417427303,-25.76657243605969,1729.1413653939414,26,24621.948899743536,1.289192498525604,5.7974535137629815,True,5.193507457186526,2.5922114043685136
1,mst,60.0,-60.0,237,13582,-98.28949417427303,-25.76657243605969,1729.1413653939414,26,24621.948899743536,1.289192498525604,5.7974535137629815,True,4.49107095425082,2.413399651326732
1,mst,-60.0,60.0,1071,29793,-98.28949417427303,-25.76657243605969,1729.1413653939414,26,24621.948899743536,1.289192498525604,5.7974535137629815,True,5.877910846245364,1.335431984437139
1,mst,-60.0,-60.0,246,42799,-98.28949417427303,-25.76657243605969,1729.1413653939414,26,24621.948899743536,1.289192498525604,5.7974535137629815,True,3.978966145027389,0.7751510815900107
