Event Number,Category,Xpos,Ypos,Smeared DC Count,Smeared Background Count,True X,True Y,True Energy per Nucleon,True Z,True Height,Phi,Epsilon,Trigger,Dangle,Theta,Background
1,lst,0.0,0.0,1804,49221,-47.703553037003715,7.524138573079085,585.5202754294235,26,33182.55430062928,1.8463457977138333,5.876160429465275,True,4.558326900207795,1.4369901575556479
1,mst,60.0,60.0,26,4196,-47.703553037003715,7.524138573079085,585.5202754294235,26,33182.55430062928,1.8463457977138333,5.876160429465275,True,5.152106373739036,3.494252652238094
1,mst,60.0,-60.0,0,5772,-47.703553037003715,7.524138573079085,585.5202754294235,26,33182.55430062928,1.8463457977138333,5.876160429465275,False,4.139388947754097,3.8026864766449493
1,mst,-60.0,60.0,562,8223,-47.703553037003715,7.524138573079085,585.5202754294235,26,33182.55430062928,1.8463457977138333,5.876160429465275,True,0.22534778755843957,1.551928444024018
1,mst,-60.0,-60.0,334,6313,-47.703553037003715,7.524138573079085,585.5202754294235,26,33182.55430062928,1.8463457977138333,5.876160429465275,True,2.9690116411708853,2.127044951432251
