Event Number,Category,Xpos,Ypos,Smeared DC Count,Smeared Background Count,True X,True Y,True Energy per Nucleon,True Z,True Height,Phi,Epsilon,Trigger,Dangle,Theta,Background
1,lst,0.0,0.0,670,215415,-24.248956679615603,-17.449012455076797,1144.0055698124786,26,31449.691347692024,1.5672982526211232,5.321396515583629,True,5.340615728272101,0.6459069655926212
1,mst,60.0,60.0,0,14413,-24.248956679615603,-17.449012455076797,1144.0055698124786,26,31449.691347692024,1.5672982526211232,5.321396515583629,False,5.448648100026647,2.4648094206821707
1,mst,60.0,-60.0,222,15395,-24.248956679615603,-17.449012455076797,1144.0055698124786,26,31449.691347692024,1.5672982526211232,5.321396515583629,True,4.255722860631261,2.0504223488351543
1,mst,-60.0,60.0,216,18150,-24.248956679615603,-17.449012455076797,1144.0055698124786,26,31449.691347692024,1.5672982526211232,5.321396515583629,True,0.44503184285818936,1.8333483038978469
1,mst,-60.0,-60.0,549,20991,-24.248956679615603,-17.449012455076797,1144.0055698124786,26,31449.691347692024,1.5672982526211232,5.321396515583629,True,2.447624163838002,1.2009084192433217
