Event Number,Category,Xpos,Ypos,Smeared DC Count,Smeared Background Count,True X,True Y,True Energy per Nucleon,True Z,True Height,Phi,Epsilon,Trigger,Dangle,Theta,Background
1,lst,0.0,0.0,4403,130039,-88.24478856676208,-59.303216739017714,1528.8411906718597,26,30561.595409191235,1.2083552530182071,5.6677249894412896,True,5.305446140164854,1.8843382305986898
1,mst,60.0,60.0,0,9374,-88.24478856676208,-59.303216739017714,1528.8411906718597,26,30561.595409191235,1.2083552530182071,5.6677249894412896,False,5.386424841567352,3.365282934928072
1,mst,60.0,-60.0,55,15027,-88.24478856676208,-59.303216739017714,1528.8411906718597,26,30561.595409191235,1.2083552530182071,5.6677249894412896,True,4.686068182377869,2.6937202170684773
1,mst,-60.0,60.0,286,22404,-88.24478856676208,-59.303216739017714,1528.8411906718597,26,30561.595409191235,1.2083552530182071,5.6677249894412896,True,6.041223054457154,2.176682193126654
1,mst,-60.0,-60.0,210,53722,-88.24478856676208,-59.303216739017714,1528.8411906718597,26,30561.595409191235,1.2083552530182071,5.6677249894412896,True,4.683882162667851,0.5125342637834945
