Event Number,Category,Xpos,Ypos,Smeared DC Count,Smeared Background Count,True X,True Y,True Energy per Nucleon,True Z,True Height,Phi,Epsilon,Trigger,Dangle,Theta,Background
1,lst,0.0,0.0,73,14861,19.480613168737392,-3.1367213615131107,438.11809821459434,26,30182.149902045727,1.9501688416519796,3.158760869188539,True,1.4014180946340091,0.5700784011886666
1,mst,60.0,60.0,180,1763,19.480613168737392,-3.1367213615131107,438.11809821459434,26,30182.149902045727,1.9501688416519796,3.158760869188539,True,5.717991154304966,2.2023178893966437
1,mst,60.0,-60.0,54,2078,19.480613168737392,-3.1367213615131107,438.11809821459434,26,30182.149902045727,1.9501688416519796,3.158760869188539,True,3.7675290729469633,1.7894552444419471
1,mst,-60.0,60.0,109,1318,19.480613168737392,-3.1367213615131107,438.11809821459434,26,30182.149902045727,1.9501688416519796,3.158760869188539,True,0.8860194511689377,2.9159195594677154
1,mst,-60.0,-60.0,0,1678,19.480613168737392,-3.1367213615131107,438.11809821459434,26,30182.149902045727,1.9501688416519796,3.158760869188539,False,2.1881589689315315,2.5746692633381096
