Event Number,Category,Xpos,Ypos,Smeared DC Count,Smeared Background Count,True X,True Y,True Energy per Nucleon,True Z,True Height,Phi,Epsilon,Trigger,Dangle,Theta,Background
1,lst,0.0,0.0,404,6815,-17.430250976198295,12.485633686002672,413.11830410952444,26,30602.828817474772,1.303886397984134,5.369019386763502,True,4.0942723682684585,0.6919996835934257
1,mst,60.0,60.0,57,675,-17.430250976198295,12.485633686002672,413.11830410952444,26,30602.828817474772,1.303886397984134,5.369019386763502,True,5.269353377480498,2.9256279122921187
1,mst,60.0,-60.0,28,692,-17.430250976198295,12.485633686002672,413.11830410952444,26,30602.828817474772,1.303886397984134,5.369019386763502,True,3.945759712409159,3.513859228607951
1,mst,-60.0,60.0,257,938,-17.430250976198295,12.485633686002672,413.11830410952444,26,30602.828817474772,1.303886397984134,5.369019386763502,True,0.7436313229684259,2.132260939015979
1,mst,-60.0,-60.0,57,826,-17.430250976198295,12.485633686002672,413.11830410952444,26,30602.828817474772,1.303886397984134,5.369019386763502,True,2.6141336576519487,2.901025054269845
2,lst,0.0,0.0,2183,0,-37.753290802428424,-50.68924950895031,244.1207680894413,26,22700.051771365335,1.8071856403754984,1.6052367695490009,True,5.633878118651056,1.3322628493907134
2,mst,60.0,60.0,0,0,-37.753290802428424,-50.68924950895031,244.1207680894413,26,22700.051771365335,1.8071856403754984,1.6052367695490009,False,5.550053079485862,3.1102334989576623
2,mst,60.0,-60.0,398,0,-37.753290802428424,-50.68924950895031,244.1207680894413,26,22700.051771365335,1.8071856403754984,1.6052367695490009,True,4.613354226684925,2.0702296201647257
2,mst,-60.0,60.0,26,0,-37.753290802428424,-50.68924950895031,244.1207680894413,26,22700.051771365335,1.8071856403754984,1.6052367695490009,True,0.20590308410526617,2.3131667973550756
2,mst,-60.0,-60.0,57,0,-37.753290802428424,-50.68924950895031,244.1207680894413,26,22700.051771365335,1.8071856403754984,1.6052367695490009,True,1.9693271695653638,0.4794211392605136
