Event Number,Category,Xpos,Ypos,Smeared DC Count,Smeared Background Count,True X,True Y,True Energy per Nucleon,True Z,True Height,Phi,Epsilon,Trigger,Dangle,Theta,Background
1,lst,0.0,0.0,393,0,-24.542950568001814,-10.452333235901875,341.020179883674,26,24532.9301635972,1.2707762170851424,5.2991579355516185,True,5.114205004324923,0.4728644870110875
1,mst,60.0,60.0,643,0,-24.542950568001814,-10.452333235901875,341.020179883674,26,24532.9301635972,1.2707762170851424,5.2991579355516185,True,5.396243651871835,1.9672428388555483
1,mst,60.0,-60.0,1669,0,-24.542950568001814,-10.452333235901875,341.020179883674,26,24532.9301635972,1.2707762170851424,5.2991579355516185,True,4.179592719664376,1.7898346124846136
1,mst,-60.0,60.0,1028,0,-24.542950568001814,-10.452333235901875,341.020179883674,26,24532.9301635972,1.2707762170851424,5.2991579355516185,True,0.4646207212519337,1.4704487492854579
1,mst,-60.0,-60.0,354,0,-24.542950568001814,-10.452333235901875,341.020179883674,26,24532.9301635972,1.2707762170851424,5.2991579355516185,True,2.505216599625045,1.1924089151493056
2,lst,0.0,0.0,3511,38538,12.478910265438714,81.78902695547578,646.4843232917042,26,25958.146730914763,1.3879843361360509,4.164856351565416,True,2.9671057162543697,1.4071239908592426
2,mst,60.0,60.0,646,9415,12.478910265438714,81.78902695547578,646.4843232917042,26,25958.146730914763,1.3879843361360509,4.164856351565416,True,4.283967880225606,0.8724996053537172
2,mst,60.0,-60.0,88,5065,12.478910265438714,81.78902695547578,646.4843232917042,26,25958.146730914763,1.3879843361360509,4.164856351565416,True,3.482476675625269,2.5299512496927345
2,mst,-60.0,60.0,775,8970,12.478910265438714,81.78902695547578,646.4843232917042,26,25958.146730914763,1.3879843361360509,4.164856351565416,True,1.865940809259533,1.303661683382319
2,mst,-60.0,-60.0,0,2894,12.478910265438714,81.78902695547578,646.4843232917042,26,25958.146730914763,1.3879843361360509,4.164856351565416,False,2.672719808235879,2.731778052652161
