Event Number,Category,Xpos,Ypos,Smeared DC Count,Smeared Background Count,True X,True Y,True Energy per Nucleon,True Z,True Height,Phi,Epsilon,Trigger,Dangle,Theta,Background
1,lst,0.0,0.0,2680,104389,5.422864709405957,61.462018247817184,846.3083276348215,26,29036.023838118053,1.512073888756812,5.469487440368625,True,3.0672495139654794,1.2066341514779355
1,mst,60.0,60.0,425,18279,5.422864709405957,61.462018247817184,846.3083276348215,26,29036.023838118053,1.512073888756812,5.469487440368625,True,4.670297255556248,1.069157136929959
1,mst,60.0,-60.0,63,7358,5.422864709405957,61.462018247817184,846.3083276348215,26,29036.023838118053,1.512073888756812,5.469487440368625,True,3.5605998979574562,2.6119445691570697
1,mst,-60.0,60.0,950,16908,5.422864709405957,61.462018247817184,846.3083276348215,26,29036.023838118053,1.512073888756812,5.469487440368625,True,1.5788127423283997,1.2751098103045293
1,mst,-60.0,-60.0,112,7502,5.422864709405957,61.462018247817184,846.3083276348215,26,29036.023838118053,1.512073888756812,5.469487440368625,True,2.6490579644200416,2.7275715363709314
2,lst,0.0,0.0,525,612190,20.43326667452692,-17.692981069075728,3259.3090888203665,26,38744.04960756212,1.7215324584522989,0.6387400539609835,True,0.8428732379161283,0.743802057009182
2,mst,60.0,60.0,122,56263,20.43326667452692,-17.692981069075728,3259.3090888203665,26,38744.04960756212,1.7215324584522989,0.6387400539609835,True,5.832850226772968,2.4651100855593295
2,mst,60.0,-60.0,30,71511,20.43326667452692,-17.692981069075728,3259.3090888203665,26,38744.04960756212,1.7215324584522989,0.6387400539609835,True,3.903804587478028,1.6724262841130764
2,mst,-60.0,60.0,0,29762,20.43326667452692,-17.692981069075728,3259.3090888203665,26,38744.04960756212,1.7215324584522989,0.6387400539609835,False,0.7979122941497526,3.1189251371315105
2,mst,-60.0,-60.0,77,57657,20.43326667452692,-17.692981069075728,3259.3090888203665,26,38744.04960756212,1.7215324584522989,0.6387400539609835,True,2.060092601485322,2.57231110709084
