Event Number,Category,Xpos,Ypos,Smeared DC Count,Smeared Background Count,True X,True Y,True Energy per Nucleon,True Z,True Height,Phi,Epsilon,Trigger,Dangle,Theta,Background
1,lst,0.0,0.0,1315,21069,-35.693514208405006,-31.667153994648658,495.24453342398715,26,29129.56321498408,1.5350736631570945,3.43276966096153,True,5.4258414785514475,1.1068078718479035
1,mst,60.0,60.0,50,2593,-35.693514208405006,-31.667153994648658,495.24453342398715,26,29129.56321498408,1.5350736631570945,3.43276966096153,True,5.488099046900163,3.1006360389054155
1,mst,60.0,-60.0,66,2271,-35.693514208405006,-31.667153994648658,495.24453342398715,26,29129.56321498408,1.5350736631570945,3.43276966096153,True,4.4352440226695995,2.331658626684976
1,mst,-60.0,60.0,0,3198,-35.693514208405006,-31.667153994648658,495.24453342398715,26,29129.56321498408,1.5350736631570945,3.43276966096153,False,0.2406318837285546,2.2120034859392868
1,mst,-60.0,-60.0,149,4650,-35.693514208405006,-31.667153994648658,495.24453342398715,26,29129.56321498408,1.5350736631570945,3.43276966096153,True,2.4264401709038292,0.870306737196298
