Event Number,Category,Xpos,Ypos,Smeared DC Count,Smeared Background Count,True X,True Y,True Energy per Nucleon,True Z,True Height,Phi,Epsilon,Trigger,Dangle,Theta,Background
1,lst,0.0,0.0,2267,180463,-20.048512887862216,52.71606887380915,1703.5998089279997,26,32299.143418246113,1.1899273537643922,1.6223380021901865,True,3.5322185221398668,1.1731679471065293
1,mst,60.0,60.0,1226,31187,-20.048512887862216,52.71606887380915,1703.5998089279997,26,32299.143418246113,1.1899273537643922,1.6223380021901865,True,4.791941125612248,1.766073611172708
1,mst,60.0,-60.0,32,19217,-20.048512887862216,52.71606887380915,1703.5998089279997,26,32299.143418246113,1.1899273537643922,1.6223380021901865,True,3.7668866400971486,2.9197209548109653
1,mst,-60.0,60.0,276,48284,-20.048512887862216,52.71606887380915,1703.5998089279997,26,32299.143418246113,1.1899273537643922,1.6223380021901865,True,1.3915253290413803,0.7700051520399488
1,mst,-60.0,-60.0,51,17260,-20.048512887862216,52.71606887380915,1703.5998089279997,26,32299.143418246113,1.1899273537643922,1.6223380021901865,True,2.8111178039889273,2.3652454480962857
