Event Number,Category,Xpos,Ypos,Smeared Count,True X,True Y,True Energy per Nucleon,True Z,True Height,Phi,Epsilon,Trigger,Dangle,Theta,Background
1,lst,0.0,0.0,1851.0601908603774,15.1180552594532,10.38176089068017,1686.583483058668,26,25419.020271708752,1.8830879549451431,0.42052582375179154,True,2.1586617972371354,0.2634110982315167
1,mst,60.0,60.0,880.5226957075981,15.1180552594532,10.38176089068017,1686.583483058668,26,25419.020271708752,1.8830879549451431,0.42052582375179154,True,5.547648830346591,0.9079444529984158
1,mst,60.0,-60.0,1109.1379986805835,15.1180552594532,10.38176089068017,1686.583483058668,26,25419.020271708752,1.8830879549451431,0.42052582375179154,True,3.6904424460952017,1.2540891729077135
1,mst,-60.0,60.0,1138.790999867958,15.1180552594532,10.38176089068017,1686.583483058668,26,25419.020271708752,1.8830879549451431,0.42052582375179154,True,1.0136275794376401,1.222260231763981
1,mst,-60.0,-60.0,1329.683727626701,15.1180552594532,10.38176089068017,1686.583483058668,26,25419.020271708752,1.8830879549451431,0.42052582375179154,True,2.3055517219361272,1.486813622957017
2,lst,0.0,0.0,1028.4450886696504,23.37864504305884,-5.958218595196598,698.7810532664535,26,22657.049229623077,1.6453866358114808,4.505444540178671,True,1.314889971704668,0.3479984140681022
2,mst,60.0,60.0,817.983159009309,23.37864504305884,-5.958218595196598,698.7810532664535,26,22657.049229623077,1.6453866358114808,4.505444540178671,True,5.775812985894688,1.017490288698351
2,mst,60.0,-60.0,691.4439527624476,23.37864504305884,-5.958218595196598,698.7810532664535,26,22657.049229623077,1.6453866358114808,4.505444540178671,True,3.731906637987023,0.88352081512189
2,mst,-60.0,60.0,1379.1456532399523,23.37864504305884,-5.958218595196598,698.7810532664535,26,22657.049229623077,1.6453866358114808,4.505444540178671,True,0.8835328641733963,1.4299620182862292
2,mst,-60.0,-60.0,1215.514270986253,23.37864504305884,-5.958218595196598,698.7810532664535,26,22657.049229623077,1.6453866358114808,4.505444540178671,True,2.1552818978871815,1.3746307060547744
