Event Number,Category,Xpos,Ypos,Smeared DC Count,Smeared Background Count,True X,True Y,True Energy per Nucleon,True Z,True Height,Phi,Epsilon,Trigger,Dangle,Theta,Background
1,lst,0.0,0.0,333,157435,-3.848018128371791,-29.409715776078556,1016.7216579463485,26,35403.184746012324,1.8770755851058891,4.519530826790039,True,6.150299493360941,0.8038840797411047
1,mst,60.0,60.0,97,9617,-3.848018128371791,-29.409715776078556,1016.7216579463485,26,35403.184746012324,1.8770755851058891,4.519530826790039,True,5.647894196514461,2.8517930970872736
1,mst,60.0,-60.0,848,15711,-3.848018128371791,-29.409715776078556,1016.7216579463485,26,35403.184746012324,1.8770755851058891,4.519530826790039,True,4.2717784744689205,1.793763448003151
1,mst,-60.0,60.0,48,14139,-3.848018128371791,-29.409715776078556,1016.7216579463485,26,35403.184746012324,1.8770755851058891,4.519530826790039,True,0.5556543694433476,2.9139685930560857
1,mst,-60.0,-60.0,69,27514,-3.848018128371791,-29.409715776078556,1016.7216579463485,26,35403.184746012324,1.8770755851058891,4.519530826790039,True,2.062168678276334,1.7498464991037967
2,lst,0.0,0.0,5364,116470,-74.35031592442355,26.998124933581295,1003.0396715335517,26,24566.279035268726,1.1996206014686182,4.483204406770241,True,4.344476785596608,1.0835167207627026
2,mst,60.0,60.0,131,9656,-74.35031592442355,26.998124933581295,1003.0396715335517,26,24566.279035268726,1.1996206014686182,4.483204406770241,True,4.9597469300591746,1.8961366376962043
2,mst,60.0,-60.0,88,9787,-74.35031592442355,26.998124933581295,1003.0396715335517,26,24566.279035268726,1.1996206014686182,4.483204406770241,True,4.136298068170571,2.2002269362262203
2,mst,-60.0,60.0,209,25917,-74.35031592442355,26.998124933581295,1003.0396715335517,26,24566.279035268726,1.1996206014686182,4.483204406770241,True,5.865537185609462,0.5160313926801783
2,mst,-60.0,-60.0,1740,15404,-74.35031592442355,26.998124933581295,1003.0396715335517,26,24566.279035268726,1.1996206014686182,4.483204406770241,True,3.305210050256338,1.2658126474981044
