Event Number,Category,Xpos,Ypos,Smeared DC Count,Smeared Background Count,True X,True Y,True Energy per Nucleon,True Z,True Height,Phi,Epsilon,Trigger,Dangle,Theta,Background
1,lst,0.0,0.0,3348,48944,-56.71732259289929,27.403322917908866,613.7324423238985,26,28097.05557311527,1.5164650322184459,5.104176726646995,True,4.259381424598541,1.248511823530676
1,mst,60.0,60.0,59,4679,-56.71732259289929,27.403322917908866,613.7324423238985,26,28097.05557311527,1.5164650322184459,5.104176726646995,True,4.9745865908388724,2.407996605168445
1,mst,60.0,-60.0,29,4103,-56.71732259289929,27.403322917908866,613.7324423238985,26,28097.05557311527,1.5164650322184459,5.104176726646995,True,4.07730688257178,2.8969320788388333
1,mst,-60.0,60.0,170,9342,-56.71732259289929,27.403322917908866,613.7324423238985,26,28097.05557311527,1.5164650322184459,5.104176726646995,True,0.09549167467593675,0.6534124779975405
1,mst,-60.0,-60.0,932,5722,-56.71732259289929,27.403322917908866,613.7324423238985,26,28097.05557311527,1.5164650322184459,5.104176726646995,True,3.1039966310543115,1.7362414182713712
