Event Number,Category,Xpos,Ypos,Smeared DC Count,Smeared Background Count,True X,True Y,True Energy per Nucleon,True Z,True Height,Phi,Epsilon,Trigger,Dangle,Theta,Background
1,lst,0.0,0.0,3100,185448,-85.21196451346805,25.028343147935658,3238.12818635347,26,31273.2724669215,1.5027543128747605,1.8539472745094334,True,4.421857079483312,1.8020020427555832
1,mst,60.0,60.0,36,27644,-85.21196451346805,25.028343147935658,3238.12818635347,26,31273.2724669215,1.5027543128747605,1.8539472745094334,True,4.9497217925614105,3.025976526396456
1,mst,60.0,-60.0,0,11817,-85.21196451346805,25.028343147935658,3238.12818635347,26,31273.2724669215,1.5027543128747605,1.8539472745094334,False,4.197229686873961,3.4391573647326554
1,mst,-60.0,60.0,477,86872,-85.21196451346805,25.028343147935658,3238.12818635347,26,31273.2724669215,1.5027543128747605,1.8539472745094334,True,5.642866696001726,0.893843287673516
1,mst,-60.0,-60.0,1476,41283,-85.21196451346805,25.028343147935658,3238.12818635347,26,31273.2724669215,1.5027543128747605,1.8539472745094334,True,3.4324739988914734,1.7941158361599463
