Event Number,Category,Xpos,Ypos,Smeared Count,True X,True Y,True Energy per Nucleon,True Z,True Height,Phi,Epsilon,Trigger,Dangle,Theta,Background
1,mst,30.0,30.0,1386.084583339884,-48.70638072780845,-42.2498829309265,697.7602231601086,26,23203.787494827022,1.9071293857062657,0.3503689524609879,True,5.467054321578815,1.5066634362307623
1,mst,30.0,0.0,1099.3109487615252,-48.70638072780845,-42.2498829309265,697.7602231601086,26,23203.787494827022,1.9071293857062657,0.3503689524609879,True,5.211611639908695,1.2763742114609207
1,mst,30.0,-30.0,956.9743418265991,-48.70638072780845,-42.2498829309265,697.7602231601086,26,23203.787494827022,1.9071293857062657,0.3503689524609879,True,4.853143006702404,1.1624420448719974
1,mst,0.0,30.0,1108.001650964085,-48.70638072780845,-42.2498829309265,697.7602231601086,26,23203.787494827022,1.9071293857062657,0.3503689524609879,True,5.682601364802768,1.212664887280502
1,mst,0.0,0.0,800.5181710964833,-48.70638072780845,-42.2498829309265,697.7602231601086,26,23203.787494827022,1.9071293857062657,0.3503689524609879,True,5.426981477395422,0.9171863651398211
1,mst,0.0,-30.0,639.6945376437658,-48.70638072780845,-42.2498829309265,697.7602231601086,26,23203.787494827022,1.9071293857062657,0.3503689524609879,False,4.953669444343486,0.7194606544358993
1,mst,-30.0,30.0,886.6591312507994,-48.70638072780845,-42.2498829309265,697.7602231601086,26,23203.787494827022,1.9071293857062657,0.3503689524609879,True,6.011137264299277,1.0332106539446848
1,mst,-30.0,0.0,606.2381703029253,-48.70638072780845,-42.2498829309265,697.7602231601086,26,23203.787494827022,1.9071293857062657,0.3503689524609879,False,5.875832216919702,0.638270659209227
1,mst,-30.0,-30.0,564.5263325064008,-48.70638072780845,-42.2498829309265,697.7602231601086,26,23203.787494827022,1.9071293857062657,0.3503689524609879,False,5.291132865937109,0.3283710400331215
