Event Number,Category,Xpos,Ypos,Smeared DC Count,Smeared Background Count,True X,True Y,True Energy per Nucleon,True Z,True Height,Phi,Epsilon,Trigger,Dangle,Theta,Background
1,lst,0.0,0.0,2235,43134,-76.36542323900363,-46.66393572758835,659.2173091937111,26,27889.92330493199,1.7749479909847345,1.915065754209466,True,5.243357824560867,1.7572913729501582
1,mst,60.0,60.0,0,4698,-76.36542323900363,-46.66393572758835,659.2173091937111,26,27889.92330493199,1.7749479909847345,1.915065754209466,False,5.377203488657152,3.358354924021792
1,mst,60.0,-60.0,62,5896,-76.36542323900363,-46.66393572758835,659.2173091937111,26,27889.92330493199,1.7749479909847345,1.915065754209466,True,4.622858453167888,2.6585833584481553
1,mst,-60.0,60.0,713,7309,-76.36542323900363,-46.66393572758835,659.2173091937111,26,27889.92330493199,1.7749479909847345,1.915065754209466,True,6.130050154864237,2.0669961558112138
1,mst,-60.0,-60.0,42,8546,-76.36542323900363,-46.66393572758835,659.2173091937111,26,27889.92330493199,1.7749479909847345,1.915065754209466,True,4.031193382075767,0.40835279286471926
