Event Number,Category,Xpos,Ypos,Smeared DC Count,Smeared Background Count,True X,True Y,True Energy per Nucleon,True Z,True Height,Phi,Epsilon,Trigger,Dangle,Theta,Background
1,lst,0.0,0.0,1836,0,38.631039837712564,26.50924955330953,284.9308484676764,26,25259.060658319526,1.9278708806233138,4.986887332128085,True,2.171155899979752,1.1868826467811715
1,mst,60.0,60.0,274,0,38.631039837712564,26.50924955330953,284.9308484676764,26,25259.060658319526,1.9278708806233138,4.986887332128085,True,5.718908756838274,0.917651978864191
1,mst,60.0,-60.0,214,0,38.631039837712564,26.50924955330953,284.9308484676764,26,25259.060658319526,1.9278708806233138,4.986887332128085,True,3.381722254198246,2.127103964184991
1,mst,-60.0,60.0,88,0,38.631039837712564,26.50924955330953,284.9308484676764,26,25259.060658319526,1.9278708806233138,4.986887332128085,True,1.2376942148590815,2.6235796405350884
1,mst,-60.0,-60.0,42,0,38.631039837712564,26.50924955330953,284.9308484676764,26,25259.060658319526,1.9278708806233138,4.986887332128085,True,2.276569885952799,3.3129587905374827
2,lst,0.0,0.0,0,242149,15.17783417879329,0.8908246759106362,1311.396309688472,26,36029.91077640888,1.2290764198634854,5.743594873947997,False,1.636543391159413,None
2,mst,60.0,60.0,868,22156,15.17783417879329,0.8908246759106362,1311.396309688472,26,36029.91077640888,1.2290764198634854,5.743594873947997,True,5.6396836962785635,1.7858193383949936
2,mst,60.0,-60.0,252,23724,15.17783417879329,0.8908246759106362,1311.396309688472,26,36029.91077640888,1.2290764198634854,5.743594873947997,True,3.7900897958673423,1.9739215545251416
2,mst,-60.0,60.0,33,21587,15.17783417879329,0.8908246759106362,1311.396309688472,26,36029.91077640888,1.2290764198634854,5.743594873947997,True,0.9160613118815618,2.4194225659062325
2,mst,-60.0,-60.0,98,21490,15.17783417879329,0.8908246759106362,1311.396309688472,26,36029.91077640888,1.2290764198634854,5.743594873947997,True,2.23575281524356,2.614934675923654
