Event Number,Category,Xpos,Ypos,Smeared DC Count,Smeared Background Count,True X,True Y,True Energy per Nucleon,True Z,True Height,Phi,Epsilon,Trigger,Dangle,Theta,Background
1,lst,0.0,0.0,860,102783,-30.854751619927384,-12.115056499798413,775.9904631443892,26,29520.176120188968,1.4972157755778657,1.7214514027645738,True,5.079316654020585,0.687535189672211
1,mst,60.0,60.0,0,7855,-30.854751619927384,-12.115056499798413,775.9904631443892,26,29520.176120188968,1.4972157755778657,1.7214514027645738,False,5.3829451486886,2.360305202695626
1,mst,60.0,-60.0,169,10214,-30.854751619927384,-12.115056499798413,775.9904631443892,26,29520.176120188968,1.4972157755778657,1.7214514027645738,True,4.228178073634039,2.1232533968299596
1,mst,-60.0,60.0,2107,13138,-30.854751619927384,-12.115056499798413,775.9904631443892,26,29520.176120188968,1.4972157755778657,1.7214514027645738,True,0.3934831493799953,1.6071211653587847
1,mst,-60.0,-60.0,490,13393,-30.854751619927384,-12.115056499798413,775.9904631443892,26,29520.176120188968,1.4972157755778657,1.7214514027645738,True,2.5836499894013896,1.1573267371697673
2,lst,0.0,0.0,4505,0,6.056751953666634,75.17621503178316,243.0795695689072,26,20889.61795938001,1.8158121239463807,3.892217978532761,True,3.0451542641287936,1.2287830355635005
2,mst,60.0,60.0,501,0,6.056751953666634,75.17621503178316,243.0795695689072,26,20889.61795938001,1.8158121239463807,3.892217978532761,True,4.4327818871447855,0.913432984185757
2,mst,60.0,-60.0,0,0,6.056751953666634,75.17621503178316,243.0795695689072,26,20889.61795938001,1.8158121239463807,3.892217978532761,False,3.5218163684430697,2.392809957155463
2,mst,-60.0,60.0,459,0,6.056751953666634,75.17621503178316,243.0795695689072,26,20889.61795938001,1.8158121239463807,3.892217978532761,True,1.776860242688372,1.1386380364625226
2,mst,-60.0,-60.0,38,0,6.056751953666634,75.17621503178316,243.0795695689072,26,20889.61795938001,1.8158121239463807,3.892217978532761,True,2.690166221666044,2.5049856247499322
