Event Number,Category,Xpos,Ypos,Smeared DC Count,Smeared Background Count,True X,True Y,True Energy per Nucleon,True Z,True Height,Phi,Epsilon,Trigger,Dangle,Theta,Background
1,lst,0.0,0.0,1755,65016,-62.67752931372749,-10.872784175630017,723.8606209515528,26,29094.657349077464,1.716301209300591,1.8516032368221238,True,4.8820466624428684,1.286981524152018
1,mst,60.0,60.0,35,6009,-62.67752931372749,-10.872784175630017,723.8606209515528,26,29094.657349077464,1.716301209300591,1.8516032368221238,True,5.244316137727546,2.869136757862043
1,mst,60.0,-60.0,49,7531,-62.67752931372749,-10.872784175630017,723.8606209515528,26,29094.657349077464,1.716301209300591,1.8516032368221238,True,4.333646696287185,2.6733742781269383
1,mst,-60.0,60.0,1164,8709,-62.67752931372749,-10.872784175630017,723.8606209515528,26,29094.657349077464,1.716301209300591,1.8516032368221238,True,6.244802543965124,1.4416184497348836
1,mst,-60.0,-60.0,656,11009,-62.67752931372749,-10.872784175630017,723.8606209515528,26,29094.657349077464,1.716301209300591,1.8516032368221238,True,3.2084306860840393,0.993875101991793
