Event Number,Category,Xpos,Ypos,Smeared DC Count,Smeared Background Count,True X,True Y,True Energy per Nucleon,True Z,True Height,Phi,Epsilon,Trigger,Dangle,Theta,Background
1,lst,0.0,0.0,8758,86501,-120.0372627714603,51.25290923959861,1174.2863038425469,26,20193.009770536577,1.2002215965854075,5.367272851727248,True,4.312209223323692,1.537788434098029
1,mst,60.0,60.0,340,9956,-120.0372627714603,51.25290923959861,1174.2863038425469,26,20193.009770536577,1.2002215965854075,5.367272851727248,True,4.759608287961109,2.08450886585959
1,mst,60.0,-60.0,64,6801,-120.0372627714603,51.25290923959861,1174.2863038425469,26,20193.009770536577,1.2002215965854075,5.367272851727248,True,4.142546943410114,2.5331105975836423
1,mst,-60.0,60.0,604,24163,-120.0372627714603,51.25290923959861,1174.2863038425469,26,20193.009770536577,1.2002215965854075,5.367272851727248,True,4.834884903462654,0.7123078351921865
1,mst,-60.0,-60.0,1379,15314,-120.0372627714603,51.25290923959861,1174.2863038425469,26,20193.009770536577,1.2002215965854075,5.367272851727248,True,3.6444391939823815,1.5726309129895741
