Event Number,Category,Xpos,Ypos,Smeared DC Count,Smeared Background Count,True X,True Y,True Energy per Nucleon,True Z,True Height,Phi,Epsilon,Trigger,Dangle,Theta,Background
1,lst,0.0,0.0,5111,71799,25.972826182487836,-91.5611454934966,1096.3715363351494,26,30437.514813511527,1.289889895832427,0.5899572432253605,True,0.29259577457274333,1.8215513246191166
1,mst,60.0,60.0,51,8955,25.972826182487836,-91.5611454934966,1096.3715363351494,26,30437.514813511527,1.289889895832427,0.5899572432253605,True,6.071161301099782,2.9927317436714875
1,mst,60.0,-60.0,311,21848,25.972826182487836,-91.5611454934966,1096.3715363351494,26,30437.514813511527,1.289889895832427,0.5899572432253605,True,5.461667467699794,0.9285395902711505
1,mst,-60.0,60.0,0,8265,25.972826182487836,-91.5611454934966,1096.3715363351494,26,30437.514813511527,1.289889895832427,0.5899572432253605,False,0.5187067376482576,3.3131086547324826
1,mst,-60.0,-60.0,379,21239,25.972826182487836,-91.5611454934966,1096.3715363351494,26,30437.514813511527,1.289889895832427,0.5899572432253605,True,1.2097373625786259,1.7485171265774342
