Event Number,Category,Xpos,Ypos,Smeared DC Count,Smeared Background Count,True X,True Y,True Energy per Nucleon,True Z,True Height,Phi,Epsilon,Trigger,Dangle,Theta,Background
1,lst,0.0,0.0,1281,71512,18.583252782762287,33.09640550870162,681.2658728829358,26,33012.251929187536,1.771705195366687,5.568304419699211,True,2.6224268376938804,1.0332534195300482
1,mst,60.0,60.0,515,9283,18.583252782762287,33.09640550870162,681.2658728829358,26,33012.251929187536,1.771705195366687,5.568304419699211,True,5.3022350798755955,1.285500074676717
1,mst,60.0,-60.0,101,6879,18.583252782762287,33.09640550870162,681.2658728829358,26,33012.251929187536,1.771705195366687,5.568304419699211,True,3.5575460425437577,2.75580332150637
1,mst,-60.0,60.0,148,10116,18.583252782762287,33.09640550870162,681.2658728829358,26,33012.251929187536,1.771705195366687,5.568304419699211,True,1.2395223524446533,2.2505660693486753
1,mst,-60.0,-60.0,0,5917,18.583252782762287,33.09640550870162,681.2658728829358,26,33012.251929187536,1.771705195366687,5.568304419699211,False,2.4454598031637764,3.3337259551564284
