Event Number,Category,Xpos,Ypos,Smeared DC Count,Smeared Background Count,True X,True Y,True Energy per Nucleon,True Z,True Height,Phi,Epsilon,Trigger,Dangle,Theta,Background
1,lst,0.0,0.0,980,90522,-33.1473912589136,-15.473468017147496,679.4169690192249,26,24419.105342547846,1.4928799766011969,0.6355354477620494,True,5.155480690997625,0.6048347736154486
1,mst,60.0,60.0,1184,6176,-33.1473912589136,-15.473468017147496,679.4169690192249,26,24419.105342547846,1.4928799766011969,0.6355354477620494,True,5.376528617276133,1.9254585816964234
1,mst,60.0,-60.0,1431,6336,-33.1473912589136,-15.473468017147496,679.4169690192249,26,24419.105342547846,1.4928799766011969,0.6355354477620494,True,4.280825224170642,1.6630537596677035
1,mst,-60.0,60.0,812,10011,-33.1473912589136,-15.473468017147496,679.4169690192249,26,24419.105342547846,1.4928799766011969,0.6355354477620494,True,0.33014076147788046,1.283390913270047
1,mst,-60.0,-60.0,545,11087,-33.1473912589136,-15.473468017147496,679.4169690192249,26,24419.105342547846,1.4928799766011969,0.6355354477620494,True,2.597172784469941,0.8314244989766836
2,lst,0.0,0.0,674,88023,25.22467467457645,26.033319500830004,782.5310564618951,26,32637.716445648257,1.4659706049138157,4.718609925077065,True,2.3838566971520203,0.9098328329262522
2,mst,60.0,60.0,343,18196,25.22467467457645,26.033319500830004,782.5310564618951,26,32637.716445648257,1.4659706049138157,4.718609925077065,True,5.482582877019816,1.2067185492112766
2,mst,60.0,-60.0,232,13766,25.22467467457645,26.033319500830004,782.5310564618951,26,32637.716445648257,1.4659706049138157,4.718609925077065,True,3.5281101538254833,2.3268632717291067
2,mst,-60.0,60.0,261,10185,25.22467467457645,26.033319500830004,782.5310564618951,26,32637.716445648257,1.4659706049138157,4.718609925077065,True,1.1893135354708444,2.295378684847714
2,mst,-60.0,-60.0,0,8838,25.22467467457645,26.033319500830004,782.5310564618951,26,32637.716445648257,1.4659706049138157,4.718609925077065,False,2.36776230716692,3.036516492356155
