Event Number,Category,Xpos,Ypos,Smeared DC Count,Smeared Background Count,True X,True Y,True Energy per Nucleon,True Z,True Height,Phi,Epsilon,Trigger,Dangle,Theta,Background
1,lst,0.0,0.0,2113,0,-29.912611279425832,31.95725850947278,362.39819520918616,26,24835.191249150623,1.1971342185813223,0.24568971624999586,True,3.900224596579839,0.8402247712385132
1,mst,60.0,60.0,1343,0,-29.912611279425832,31.95725850947278,362.39819520918616,26,24835.191249150623,1.1971342185813223,0.24568971624999586,True,5.019669883903569,1.6874600771895123
1,mst,60.0,-60.0,0,0,-29.912611279425832,31.95725850947278,362.39819520918616,26,24835.191249150623,1.1971342185813223,0.24568971624999586,False,3.9206061510130152,2.48198284563823
1,mst,-60.0,60.0,248,0,-29.912611279425832,31.95725850947278,362.39819520918616,26,24835.191249150623,1.1971342185813223,0.24568971624999586,True,0.8161872077987183,0.6952816208286696
1,mst,-60.0,-60.0,520,0,-29.912611279425832,31.95725850947278,362.39819520918616,26,24835.191249150623,1.1971342185813223,0.24568971624999586,True,2.8272347854617377,1.8611247149883121
2,lst,0.0,0.0,3498,102168,59.05695930889303,-25.437406223121812,1033.1966388846581,26,30133.867965209876,1.7089034406203965,5.97342170479428,True,1.1632043871310895,1.3145605480435882
2,mst,60.0,60.0,1059,19296,59.05695930889303,-25.437406223121812,1033.1966388846581,26,30133.867965209876,1.7089034406203965,5.97342170479428,True,6.273285291747735,1.7279638298763509
2,mst,60.0,-60.0,247,28493,59.05695930889303,-25.437406223121812,1033.1966388846581,26,30133.867965209876,1.7089034406203965,5.97342170479428,True,3.1744253859445095,0.6946981126815612
2,mst,-60.0,60.0,0,10532,59.05695930889303,-25.437406223121812,1033.1966388846581,26,30133.867965209876,1.7089034406203965,5.97342170479428,False,0.9433648766267665,2.966147731402641
2,mst,-60.0,-60.0,61,14755,59.05695930889303,-25.437406223121812,1033.1966388846581,26,30133.867965209876,1.7089034406203965,5.97342170479428,True,1.865365015616713,2.520714204578631
