Event Number,Category,Xpos,Ypos,Smeared DC Count,Smeared Background Count,True X,True Y,True Energy per Nucleon,True Z,True Height,Phi,Epsilon,Trigger,Dangle,Theta,Background
1,lst,0.0,0.0,2984,24174,-48.36741051419112,-19.090163292754028,523.3859664260304,26,31311.075473751895,1.6820706025159307,0.013531241133475086,True,5.078984742779192,1.4299994603023596
1,mst,60.0,60.0,0,2457,-48.36741051419112,-19.090163292754028,523.3859664260304,26,31311.075473751895,1.6820706025159307,0.013531241133475086,False,5.345077689324606,3.6795741399065256
1,mst,60.0,-60.0,37,3399,-48.36741051419112,-19.090163292754028,523.3859664260304,26,31311.075473751895,1.6820706025159307,0.013531241133475086,True,4.367707247868774,3.199329036974013
1,mst,-60.0,60.0,153,4307,-48.36741051419112,-19.090163292754028,523.3859664260304,26,31311.075473751895,1.6820706025159307,0.013531241133475086,True,0.15164657539316295,2.1926692256394027
1,mst,-60.0,-60.0,445,4888,-48.36741051419112,-19.090163292754028,523.3859664260304,26,31311.075473751895,1.6820706025159307,0.013531241133475086,True,2.868154397842778,1.183770459281009
