Event Number,Category,Xpos,Ypos,Smeared DC Count,Smeared Background Count,True X,True Y,True Energy per Nucleon,True Z,True Height,Phi,Epsilon,Trigger,Dangle,Theta,Background
1,lst,0.0,0.0,4615,69323,76.70871254578384,25.477043900708765,818.1232014687032,26,23445.901813564044,1.4605148514767372,4.695008193070079,True,1.8819524156579823,1.2168928689223981
1,mst,60.0,60.0,245,20762,76.70871254578384,25.477043900708765,818.1232014687032,26,23445.901813564044,1.4605148514767372,4.695008193070079,True,0.4399964948782088,0.5785161938819237
1,mst,60.0,-60.0,838,13417,76.70871254578384,25.477043900708765,818.1232014687032,26,23445.901813564044,1.4605148514767372,4.695008193070079,True,2.957642055567256,1.3122027525027504
1,mst,-60.0,60.0,310,6711,76.70871254578384,25.477043900708765,818.1232014687032,26,23445.901813564044,1.4605148514767372,4.695008193070079,True,1.3319981531412155,2.146086711867703
1,mst,-60.0,-60.0,0,6808,76.70871254578384,25.477043900708765,818.1232014687032,26,23445.901813564044,1.4605148514767372,4.695008193070079,False,2.1394795989558886,2.443221921211716
