Event Number,Category,Xpos,Ypos,Smeared DC Count,Smeared Background Count,True X,True Y,True Energy per Nucleon,True Z,True Height,Phi,Epsilon,Trigger,Dangle,Theta,Background
1,lst,0.0,0.0,398,241941,51.7912830127641,92.72087452673904,3181.246712337087,26,30163.01082012138,1.4037707702559714,6.218439224510012,True,2.639478151313577,2.0918170336609143
1,mst,60.0,60.0,169,108514,51.7912830127641,92.72087452673904,3181.246712337087,26,30163.01082012138,1.4037707702559714,6.218439224510012,True,3.4074913722383284,0.6593532832815746
1,mst,60.0,-60.0,23,17722,51.7912830127641,92.72087452673904,3181.246712337087,26,30163.01082012138,1.4037707702559714,6.218439224510012,True,3.1840689537000095,2.9905858031349486
1,mst,-60.0,60.0,60,35911,51.7912830127641,92.72087452673904,3181.246712337087,26,30163.01082012138,1.4037707702559714,6.218439224510012,True,1.856994727972063,2.2537148944006953
1,mst,-60.0,-60.0,0,9713,51.7912830127641,92.72087452673904,3181.246712337087,26,30163.01082012138,1.4037707702559714,6.218439224510012,False,2.500611474672726,3.6806353335597835
