Event Number,Category,Xpos,Ypos,Smeared DC Count,Smeared Background Count,True X,True Y,True Energy per Nucleon,True Z,True Height,Phi,Epsilon,Trigger,Dangle,Theta,Background
1,lst,0.0,0.0,958,25271,-79.15241305910887,-50.16493894228246,581.9578065053213,26,28534.14898825662,1.3291736740482656,3.850782157312888,True,5.283096377069824,1.8836963478269646
1,mst,60.0,60.0,0,2775,-79.15241305910887,-50.16493894228246,581.9578065053213,26,28534.14898825662,1.3291736740482656,3.850782157312888,False,5.380405521306163,3.5695295415319293
1,mst,60.0,-60.0,64,3780,-79.15241305910887,-50.16493894228246,581.9578065053213,26,28534.14898825662,1.3291736740482656,3.850782157312888,True,4.650786826941455,2.7467909950909797
1,mst,-60.0,60.0,92,4551,-79.15241305910887,-50.16493894228246,581.9578065053213,26,28534.14898825662,1.3291736740482656,3.850782157312888,True,6.098500450106722,2.291102032245807
1,mst,-60.0,-60.0,51,9054,-79.15241305910887,-50.16493894228246,581.9578065053213,26,28534.14898825662,1.3291736740482656,3.850782157312888,True,4.222008107733992,0.42999123068280853
