Event Number,Category,Xpos,Ypos,Smeared DC Count,Smeared Background Count,True X,True Y,True Energy per Nucleon,True Z,True Height,Phi,Epsilon,Trigger,Dangle,Theta,Background
1,lst,0.0,0.0,0,406884,10.276483540516665,0.5832069513964768,1934.8173343407939,26,29750.33274709878,1.8444374758835569,2.838751241549351,False,1.633844230051046,None
1,mst,60.0,60.0,1201,37111,10.276483540516665,0.5832069513964768,1934.8173343407939,26,29750.33274709878,1.8444374758835569,2.838751241549351,True,5.603238034689118,1.499137706815426
1,mst,60.0,-60.0,959,27555,10.276483540516665,0.5832069513964768,1934.8173343407939,26,29750.33274709878,1.8444374758835569,2.838751241549351,True,3.833938220293524,1.4306198209004561
1,mst,-60.0,60.0,377,41449,10.276483540516665,0.5832069513964768,1934.8173343407939,26,29750.33274709878,1.8444374758835569,2.838751241549351,True,0.8757845411337563,1.7399697497288542
1,mst,-60.0,-60.0,1405,26562,10.276483540516665,0.5832069513964768,1934.8173343407939,26,29750.33274709878,1.8444374758835569,2.838751241549351,True,2.2603961919500817,1.6799477602924304
