Event Number,Category,Xpos,Ypos,Smeared DC Count,Smeared Background Count,True X,True Y,True Energy per Nucleon,True Z,True Height,Phi,Epsilon,Trigger,Dangle,Theta,Background
1,lst,0.0,0.0,1226,53756,11.523431333278438,40.94406473038424,644.4302150760994,26,29111.88059895294,1.7592299689748647,5.15463803774928,True,2.877134611588382,0.9021807482454716
1,mst,60.0,60.0,546,9031,11.523431333278438,40.94406473038424,644.4302150760994,26,29111.88059895294,1.7592299689748647,5.15463803774928,True,5.082842512203936,1.0418016082136523
1,mst,60.0,-60.0,283,6310,11.523431333278438,40.94406473038424,644.4302150760994,26,29111.88059895294,1.7592299689748647,5.15463803774928,True,3.583223286766886,2.292774965358806
1,mst,-60.0,60.0,574,10434,11.523431333278438,40.94406473038424,644.4302150760994,26,29111.88059895294,1.7592299689748647,5.15463803774928,True,1.311266241475843,1.536220876145455
1,mst,-60.0,-60.0,0,6338,11.523431333278438,40.94406473038424,644.4302150760994,26,29111.88059895294,1.7592299689748647,5.15463803774928,False,2.5308599596264116,2.576848562888063
