Event Number,Category,Xpos,Ypos,Smeared DC Count,Smeared Background Count,True X,True Y,True Energy per Nucleon,True Z,True Height,Phi,Epsilon,Trigger,Dangle,Theta,Background
1,lst,0.0,0.0,5576,0,85.19838242310004,-9.497415785635809,337.6326326142257,26,23495.507036372135,1.726344746210671,4.955212514343005,True,1.4584511470191637,1.5515032933189707
1,mst,60.0,60.0,1123,0,85.19838242310004,-9.497415785635809,337.6326326142257,26,23495.507036372135,1.726344746210671,4.955212514343005,True,0.3454963381170362,1.333608462494563
1,mst,60.0,-60.0,469,0,85.19838242310004,-9.497415785635809,337.6326326142257,26,23495.507036372135,1.726344746210671,4.955212514343005,True,2.6781982832309876,1.0115398214490694
1,mst,-60.0,60.0,0,0,85.19838242310004,-9.497415785635809,337.6326326142257,26,23495.507036372135,1.726344746210671,4.955212514343005,False,1.1123493364603734,2.9092195295793903
1,mst,-60.0,-60.0,29,0,85.19838242310004,-9.497415785635809,337.6326326142257,26,23495.507036372135,1.726344746210671,4.955212514343005,True,1.903135835640794,2.7599415294016416
