Event Number,Category,Xpos,Ypos,Smeared Count,True X,True Y,True Energy per Nucleon,True Z,True Height,Phi,Epsilon,Trigger,Dangle,Theta,Background
1,lst,0.0,0.0,1978.0428691049667,-25.415377657241947,27.569294997144198,483.64999767230114,26,24714.2077024927,1.699858906623881,1.6946323022301741,True,3.8808117402896545,0.6456276470582001
1,mst,60.0,60.0,265.44715156042486,-25.415377657241947,27.569294997144198,483.64999767230114,26,24714.2077024927,1.699858906623881,1.6946323022301741,True,5.066209505166667,1.5759255594636903
1,mst,60.0,-60.0,59.32664010925508,-25.415377657241947,27.569294997144198,483.64999767230114,26,24714.2077024927,1.699858906623881,1.6946323022301741,False,3.906467223673567,None
1,mst,-60.0,60.0,424.13415320017543,-25.415377657241947,27.569294997144198,483.64999767230114,26,24714.2077024927,1.699858906623881,1.6946323022301741,True,0.8238304023312111,0.8413507651970662
1,mst,-60.0,-60.0,260.07663797107716,-25.415377657241947,27.569294997144198,483.64999767230114,26,24714.2077024927,1.699858906623881,1.6946323022301741,True,2.777304868051503,1.6005076947469365
