Event Number,Category,Xpos,Ypos,Smeared DC Count,Smeared Background Count,True X,True Y,True Energy per Nucleon,True Z,True Height,Phi,Epsilon,Trigger,Dangle,Theta,Background
1,lst,0.0,0.0,0,124834,14.569229700508544,-0.6502966956097112,834.3692442565278,26,31721.747539978445,1.8555345882318528,0.5106406407731545,False,1.5240591858710495,None
1,mst,60.0,60.0,731,14925,14.569229700508544,-0.6502966956097112,834.3692442565278,26,31721.747539978445,1.8555345882318528,0.5106406407731545,True,5.645364771965597,1.6599098422615808
1,mst,60.0,-60.0,428,13883,14.569229700508544,-0.6502966956097112,834.3692442565278,26,31721.747539978445,1.8555345882318528,0.5106406407731545,True,3.8004061936900575,1.7110228207871447
1,mst,-60.0,60.0,164,10142,14.569229700508544,-0.6502966956097112,834.3692442565278,26,31721.747539978445,1.8555345882318528,0.5106406407731545,True,0.8949564466971334,2.0581772661713438
1,mst,-60.0,-60.0,322,7863,14.569229700508544,-0.6502966956097112,834.3692442565278,26,31721.747539978445,1.8555345882318528,0.5106406407731545,True,2.2208497221371064,2.120023927316815
2,lst,0.0,0.0,148,0,-19.79827048960047,-0.4386418085717878,275.069326857918,26,24429.66905244365,1.2820120548637408,0.6175574697719173,True,4.73423851281862,0.4546602263926086
2,mst,60.0,60.0,138,0,-19.79827048960047,-0.4386418085717878,275.069326857918,26,24429.66905244365,1.2820120548637408,0.6175574697719173,True,5.372432035020331,2.2559745600938665
2,mst,60.0,-60.0,42,0,-19.79827048960047,-0.4386418085717878,275.069326857918,26,24429.66905244365,1.2820120548637408,0.6175574697719173,True,4.076591176577347,2.320240258028558
2,mst,-60.0,60.0,905,0,-19.79827048960047,-0.4386418085717878,275.069326857918,26,24429.66905244365,1.2820120548637408,0.6175574697719173,True,0.5870625677845903,1.5742264283961058
2,mst,-60.0,-60.0,617,0,-19.79827048960047,-0.4386418085717878,275.069326857918,26,24429.66905244365,1.2820120548637408,0.6175574697719173,True,2.5552286922483183,1.639474977454674
