Event Number,Category,Xpos,Ypos,Smeared Count,True X,True Y,True Energy per Nucleon,True Z,True Height,Phi,Epsilon,Trigger,Dangle,Theta,Background
1,lst,0.0,0.0,2552.407338638894,30.55062633981072,28.907119661916028,617.2067709036452,26,25038.09923811452,1.8946678395234942,2.1241415617732775,True,2.3301478150421224,0.6526653391495831
1,mst,60.0,60.0,426.61135829462796,30.55062633981072,28.907119661916028,617.2067709036452,26,25038.09923811452,1.8946678395234942,2.1241415617732775,True,5.520759883947768,0.7269309154868607
1,mst,60.0,-60.0,1170.6729991305424,30.55062633981072,28.907119661916028,617.2067709036452,26,25038.09923811452,1.8946678395234942,2.1241415617732775,True,3.4664122535420354,1.4874765941356305
1,mst,-60.0,60.0,1210.162759254215,30.55062633981072,28.907119661916028,617.2067709036452,26,25038.09923811452,1.8946678395234942,2.1241415617732775,True,1.2384207345928837,1.502446661860097
1,mst,-60.0,-60.0,53.170686804774746,30.55062633981072,28.907119661916028,617.2067709036452,26,25038.09923811452,1.8946678395234942,2.1241415617732775,False,2.3435723035701472,None
