Event Number,Category,Xpos,Ypos,Smeared DC Count,Smeared Background Count,True X,True Y,True Energy per Nucleon,True Z,True Height,Phi,Epsilon,Trigger,Dangle,Theta,Background
1,lst,0.0,0.0,3153,0,-19.31583033492973,44.97088710927599,336.90200973389614,26,24239.77495633553,1.55523741309065,6.007703962990183,True,3.5403154863441944,0.9486333999490075
1,mst,60.0,60.0,891,0,-19.31583033492973,44.97088710927599,336.90200973389614,26,24239.77495633553,1.55523741309065,6.007703962990183,True,4.888873307204375,1.558315600835308
1,mst,60.0,-60.0,0,0,-19.31583033492973,44.97088710927599,336.90200973389614,26,24239.77495633553,1.55523741309065,6.007703962990183,False,3.8030139304607204,2.5238945724024386
1,mst,-60.0,60.0,464,0,-19.31583033492973,44.97088710927599,336.90200973389614,26,24239.77495633553,1.55523741309065,6.007703962990183,True,1.2186930614684806,0.8271833865322058
1,mst,-60.0,-60.0,83,0,-19.31583033492973,44.97088710927599,336.90200973389614,26,24239.77495633553,1.55523741309065,6.007703962990183,True,2.7756582225871167,2.184787449567923
2,lst,0.0,0.0,323,55835,10.017326516665577,21.451646137521294,582.057130565799,26,30573.85442491449,1.750428531603924,0.3033851452622243,True,2.704672005536581,0.568441467443632
2,mst,60.0,60.0,474,6114,10.017326516665577,21.451646137521294,582.057130565799,26,30573.85442491449,1.750428531603924,0.3033851452622243,True,5.36946596556582,1.5177977008324623
2,mst,60.0,-60.0,0,5444,10.017326516665577,21.451646137521294,582.057130565799,26,30573.85442491449,1.750428531603924,0.3033851452622243,False,3.6939635186235895,2.326141430117604
2,mst,-60.0,60.0,814,6665,10.017326516665577,21.451646137521294,582.057130565799,26,30573.85442491449,1.750428531603924,0.3033851452622243,True,1.0599428026773052,1.8767181914470301
2,mst,-60.0,-60.0,83,4738,10.017326516665577,21.451646137521294,582.057130565799,26,30573.85442491449,1.750428531603924,0.3033851452622243,True,2.4218600865914777,2.5882157283959804
