Event Number,Category,Xpos,Ypos,Smeared DC Count,Smeared Background Count,True X,True Y,True Energy per Nucleon,True Z,True Height,Phi,Epsilon,Trigger,Dangle,Theta,Background
1,lst,0.0,0.0,138,0,14.331849630305442,-14.115314948929921,328.1026587271884,26,23689.344493153636,1.1873149114076678,3.192935092288614,True,0.7960153191991608,0.36716221250264136
1,mst,60.0,60.0,2403,0,14.331849630305442,-14.115314948929921,328.1026587271884,26,23689.344493153636,1.1873149114076678,3.192935092288614,True,5.728324795714266,1.594409828810487
1,mst,60.0,-60.0,704,0,14.331849630305442,-14.115314948929921,328.1026587271884,26,23689.344493153636,1.1873149114076678,3.192935092288614,True,3.9361271047788287,1.0523548967708494
1,mst,-60.0,60.0,200,0,14.331849630305442,-14.115314948929921,328.1026587271884,26,23689.344493153636,1.1873149114076678,3.192935092288614,True,0.8095530686068486,1.9179207314395115
1,mst,-60.0,-60.0,1567,0,14.331849630305442,-14.115314948929921,328.1026587271884,26,23689.344493153636,1.1873149114076678,3.192935092288614,True,2.1059758975742353,1.4521983224843222
2,lst,0.0,0.0,274,67920,15.672170121125305,-14.496351101108928,610.7330311369914,26,29258.178370064044,1.7592050020410086,5.83340556477093,True,0.8306404782957253,0.4320413492581568
2,mst,60.0,60.0,686,6108,15.672170121125305,-14.496351101108928,610.7330311369914,26,29258.178370064044,1.7592050020410086,5.83340556477093,True,5.745014010324565,1.7857554885262046
2,mst,60.0,-60.0,607,7404,15.672170121125305,-14.496351101108928,610.7330311369914,26,29258.178370064044,1.7592050020410086,5.83340556477093,True,3.899283706183424,1.3490721369676721
2,mst,-60.0,60.0,319,6441,15.672170121125305,-14.496351101108928,610.7330311369914,26,29258.178370064044,1.7592050020410086,5.83340556477093,True,0.7893309403440645,2.222668425023345
2,mst,-60.0,-60.0,499,7510,15.672170121125305,-14.496351101108928,610.7330311369914,26,29258.178370064044,1.7592050020410086,5.83340556477093,True,2.1021000532043557,1.8914230934337388
