Event Number,Category,Xpos,Ypos,Smeared DC Count,Smeared Background Count,True X,True Y,True Energy per Nucleon,True Z,True Height,Phi,Epsilon,Trigger,Dangle,Theta,Background
1,lst,0.0,0.0,2812,0,-115.78959157012109,-83.57312584475166,382.6522824520941,26,21106.714235756084,1.8156062206704349,5.939185278242268,True,5.338273749900548,2.001356063883662
1,mst,60.0,60.0,0,0,-115.78959157012109,-83.57312584475166,382.6522824520941,26,21106.714235756084,1.8156062206704349,5.939185278242268,False,5.410144179198089,3.188570104925723
1,mst,60.0,-60.0,22,0,-115.78959157012109,-83.57312584475166,382.6522824520941,26,21106.714235756084,1.8156062206704349,5.939185278242268,True,4.846604792820899,2.4961606599849233
1,mst,-60.0,60.0,128,0,-115.78959157012109,-83.57312584475166,382.6522824520941,26,21106.714235756084,1.8156062206704349,5.939185278242268,True,5.901717652665043,2.1416958071560837
1,mst,-60.0,-60.0,365,0,-115.78959157012109,-83.57312584475166,382.6522824520941,26,21106.714235756084,1.8156062206704349,5.939185278242268,True,5.103702365656625,0.8469062591663803
2,lst,0.0,0.0,2154,9633,-8.647531948987563,-57.5593526007345,430.93090950363603,26,25452.809531168346,1.6109876725561323,5.882766451415132,True,6.122515264592687,1.090812271671774
2,mst,60.0,60.0,45,860,-8.647531948987563,-57.5593526007345,430.93090950363603,26,25452.809531168346,1.6109876725561323,5.882766451415132,True,5.744825455871089,2.5394917322412818
2,mst,60.0,-60.0,638,1642,-8.647531948987563,-57.5593526007345,430.93090950363603,26,25452.809531168346,1.6109876725561323,5.882766451415132,True,4.6747943412983375,1.2888935891563682
2,mst,-60.0,60.0,0,763,-8.647531948987563,-57.5593526007345,430.93090950363603,26,25452.809531168346,1.6109876725561323,5.882766451415132,False,0.4029547836884054,2.4143630058333025
2,mst,-60.0,-60.0,109,1618,-8.647531948987563,-57.5593526007345,430.93090950363603,26,25452.809531168346,1.6109876725561323,5.882766451415132,True,1.631690328797896,0.9754988775289508
