Event Number,Category,Xpos,Ypos,Smeared DC Count,Smeared Background Count,True X,True Y,True Energy per Nucleon,True Z,True Height,Phi,Epsilon,Trigger,Dangle,Theta,Background
1,lst,0.0,0.0,347,7259,-47.059643975592394,-85.09862297549773,424.99398861098535,26,23780.38069285857,1.6403948965071782,4.105714352916384,True,5.784358853475292,1.639224704959279
1,mst,60.0,60.0,0,535,-47.059643975592394,-85.09862297549773,424.99398861098535,26,23780.38069285857,1.6403948965071782,4.105714352916384,False,5.663075585054471,3.0506707162127076
1,mst,60.0,-60.0,428,1171,-47.059643975592394,-85.09862297549773,424.99398861098535,26,23780.38069285857,1.6403948965071782,4.105714352916384,True,4.940312867626016,1.8523247234313984
1,mst,-60.0,60.0,47,592,-47.059643975592394,-85.09862297549773,424.99398861098535,26,23780.38069285857,1.6403948965071782,4.105714352916384,True,0.09931460161593783,2.4679260708293915
1,mst,-60.0,-60.0,85,1849,-47.059643975592394,-85.09862297549773,424.99398861098535,26,23780.38069285857,1.6403948965071782,4.105714352916384,True,0.4771096092055153,0.46797659599989344
2,lst,0.0,0.0,3871,0,1.7010608446216793,-62.794767630769016,355.5693939693969,26,24065.249084166135,1.7887585119218612,3.5549319849202043,True,0.02191666861295775,1.1547109020012107
2,mst,60.0,60.0,0,0,1.7010608446216793,-62.794767630769016,355.5693939693969,26,24065.249084166135,1.7887585119218612,3.5549319849202043,False,5.841750606177994,2.4849646266072347
2,mst,60.0,-60.0,586,0,1.7010608446216793,-62.794767630769016,355.5693939693969,26,24065.249084166135,1.7887585119218612,3.5549319849202043,True,4.759523862679262,1.058412691392493
2,mst,-60.0,60.0,120,0,1.7010608446216793,-62.794767630769016,355.5693939693969,26,24065.249084166135,1.7887585119218612,3.5549319849202043,True,0.4558205896784749,2.5369078320407015
2,mst,-60.0,-60.0,583,0,1.7010608446216793,-62.794767630769016,355.5693939693969,26,24065.249084166135,1.7887585119218612,3.5549319849202043,True,1.535571618825627,1.1254079920473787
