Event Number,Category,Xpos,Ypos,Smeared DC Count,Smeared Background Count,True X,True Y,True Energy per Nucleon,True Z,True Height,Phi,Epsilon,Trigger,Dangle,Theta,Background
1,lst,0.0,0.0,3625,108599,59.480141902517005,22.098072426187287,990.2136260949711,26,29013.42008218683,1.4535032070647746,3.888743054496689,True,1.9305260840607166,1.2092739944469972
1,mst,60.0,60.0,310,20942,59.480141902517005,22.098072426187287,990.2136260949711,26,29013.42008218683,1.4535032070647746,3.888743054496689,True,6.275633274281461,0.7424963213762027
1,mst,60.0,-60.0,1427,16830,59.480141902517005,22.098072426187287,990.2136260949711,26,29013.42008218683,1.4535032070647746,3.888743054496689,True,3.148225355624987,1.54902985197798
1,mst,-60.0,60.0,0,12424,59.480141902517005,22.098072426187287,990.2136260949711,26,29013.42008218683,1.4535032070647746,3.888743054496689,False,1.2547230288079247,2.399309988958939
1,mst,-60.0,-60.0,24,10904,59.480141902517005,22.098072426187287,990.2136260949711,26,29013.42008218683,1.4535032070647746,3.888743054496689,True,2.160781113901463,2.7887662303634695
