Event Number,Category,Xpos,Ypos,Smeared DC Count,Smeared Background Count,True X,True Y,True Energy per Nucleon,True Z,True Height,Phi,Epsilon,Trigger,Dangle,Theta,Background
1,lst,0.0,0.0,2513,62192,52.23134090822916,0.46521033387995203,679.9407830536439,26,32106.092753097066,1.8047508372049312,4.132291631927241,True,1.5722264273572168,1.3170693216588225
1,mst,60.0,60.0,344,10944,52.23134090822916,0.46521033387995203,679.9407830536439,26,32106.092753097066,1.8047508372049312,4.132291631927241,True,6.157652979932961,1.5033128028285896
1,mst,60.0,-60.0,905,11408,52.23134090822916,0.46521033387995203,679.9407830536439,26,32106.092753097066,1.8047508372049312,4.132291631927241,True,3.2696401764466945,1.4707273251533441
1,mst,-60.0,60.0,28,5996,52.23134090822916,0.46521033387995203,679.9407830536439,26,32106.092753097066,1.8047508372049312,4.132291631927241,True,1.0825096958001064,3.2524353645025266
1,mst,-60.0,-60.0,0,4904,52.23134090822916,0.46521033387995203,679.9407830536439,26,32106.092753097066,1.8047508372049312,4.132291631927241,False,2.0707743280366397,3.2108581282776605
2,lst,0.0,0.0,1959,10307,-37.379356234442156,-17.51314223974785,434.1719414071859,26,25252.17007927667,1.726403805508954,1.3530971744592504,True,5.1335012635313175,0.7529783430435275
2,mst,60.0,60.0,0,895,-37.379356234442156,-17.51314223974785,434.1719414071859,26,25252.17007927667,1.726403805508954,1.3530971744592504,False,5.398071960003902,2.2942850698683026
2,mst,60.0,-60.0,200,1098,-37.379356234442156,-17.51314223974785,434.1719414071859,26,25252.17007927667,1.726403805508954,1.3530971744592504,True,4.300155521004178,1.9766643031856803
2,mst,-60.0,60.0,1653,1847,-37.379356234442156,-17.51314223974785,434.1719414071859,26,25252.17007927667,1.726403805508954,1.3530971744592504,True,0.2751605461288384,1.4749893294744
2,mst,-60.0,-60.0,298,2009,-37.379356234442156,-17.51314223974785,434.1719414071859,26,25252.17007927667,1.726403805508954,1.3530971744592504,True,2.6449914433606905,0.8675528952375342
