Event Number,Category,Xpos,Ypos,Smeared DC Count,Smeared Background Count,True X,True Y,True Energy per Nucleon,True Z,True Height,Phi,Epsilon,Trigger,Dangle,Theta,Background
1,lst,0.0,0.0,843,9187,-82.93589776195243,-110.15230153589943,472.7502806387509,26,25209.768798894478,1.5547109793872271,1.5502791718504303,True,5.633992806420779,2.475861682885206
1,mst,60.0,60.0,0,944,-82.93589776195243,-110.15230153589943,472.7502806387509,26,25209.768798894478,1.5547109793872271,1.5502791718504303,False,5.607691817330727,3.9743486744932093
1,mst,60.0,-60.0,22,1535,-82.93589776195243,-110.15230153589943,472.7502806387509,26,25209.768798894478,1.5547109793872271,1.5502791718504303,True,5.047768065259393,2.726727465681788
1,mst,-60.0,60.0,25,1365,-82.93589776195243,-110.15230153589943,472.7502806387509,26,25209.768798894478,1.5547109793872271,1.5502791718504303,True,6.158794590990938,3.0659792665810164
1,mst,-60.0,-60.0,265,3304,-82.93589776195243,-110.15230153589943,472.7502806387509,26,25209.768798894478,1.5547109793872271,1.5502791718504303,True,5.846359170595929,0.9823018938173178
