Event Number,Category,Xpos,Ypos,Smeared DC Count,Smeared Background Count,True X,True Y,True Energy per Nucleon,True Z,True Height,Phi,Epsilon,Trigger,Dangle,Theta,Background
1,lst,0.0,0.0,211,13255,-29.284896645058467,16.735662095726013,451.2666998103312,26,29390.114463044258,1.446516363024603,5.935256455719304,True,4.193772953009252,0.8609458053162992
1,mst,60.0,60.0,0,1729,-29.284896645058467,16.735662095726013,451.2666998103312,26,29390.114463044258,1.446516363024603,5.935256455719304,False,5.172646847781688,2.511593638769429
1,mst,60.0,-60.0,32,1593,-29.284896645058467,16.735662095726013,451.2666998103312,26,29390.114463044258,1.446516363024603,5.935256455719304,True,3.9757544229509696,2.9943627849751695
1,mst,-60.0,60.0,317,2418,-29.284896645058467,16.735662095726013,451.2666998103312,26,29390.114463044258,1.446516363024603,5.935256455719304,True,0.5978321848261042,1.339869399103179
1,mst,-60.0,-60.0,222,1890,-29.284896645058467,16.735662095726013,451.2666998103312,26,29390.114463044258,1.446516363024603,5.935256455719304,True,2.7671722431830332,2.1334579851749456
