Event Number,Category,Xpos,Ypos,Smeared Count,True X,True Y,True Energy per Nucleon,True Z,True Height,Phi,Epsilon,Trigger,Dangle,Theta,Background
1,mst,30.0,30.0,218.6325009110021,45.33564562557925,29.586985260412973,537.0806185113166,26,28160.96552595415,1.7377025314383139,4.116465918954645,False,1.5441957579689756,0.3057679101380445
1,mst,30.0,0.0,326.3816822474367,45.33564562557925,29.586985260412973,537.0806185113166,26,28160.96552595415,1.7377025314383139,4.116465918954645,False,2.658834468750976,0.681480215448257
1,mst,30.0,-30.0,574.3629633836885,45.33564562557925,29.586985260412973,537.0806185113166,26,28160.96552595415,1.7377025314383139,4.116465918954645,True,2.8943078575741685,1.2652954872069797
1,mst,0.0,30.0,453.02970704409125,45.33564562557925,29.586985260412973,537.0806185113166,26,28160.96552595415,1.7377025314383139,4.116465918954645,True,1.5605860818493063,0.9400641703569779
1,mst,0.0,0.0,481.7846450575855,45.33564562557925,29.586985260412973,537.0806185113166,26,28160.96552595415,1.7377025314383139,4.116465918954645,True,2.155560361592763,1.1043779779619003
1,mst,0.0,-30.0,577.1704848308146,45.33564562557925,29.586985260412973,537.0806185113166,26,28160.96552595415,1.7377025314383139,4.116465918954645,True,2.493020184833445,1.5525844146466896
1,mst,-30.0,30.0,515.8720760429837,45.33564562557925,29.586985260412973,537.0806185113166,26,28160.96552595415,1.7377025314383139,4.116465918954645,True,1.5606200112783273,1.5761302750481736
1,mst,-30.0,0.0,94.0497604097323,45.33564562557925,29.586985260412973,537.0806185113166,26,28160.96552595415,1.7377025314383139,4.116465918954645,False,1.945130392154816,None
1,mst,-30.0,-30.0,97.97656167335313,45.33564562557925,29.586985260412973,537.0806185113166,26,28160.96552595415,1.7377025314383139,4.116465918954645,False,2.224241480325047,None
