Event Number,Category,Xpos,Ypos,Smeared DC Count,Smeared Background Count,True X,True Y,True Energy per Nucleon,True Z,True Height,Phi,Epsilon,Trigger,Dangle,Theta,Background
1,lst,0.0,0.0,687,0,-25.11724282662469,14.753555274559147,378.15035484246755,26,30477.000311325217,1.754430113974253,2.049279266845746,True,4.179073658918789,1.240640514252387
1,mst,60.0,60.0,22,0,-25.11724282662469,14.753555274559147,378.15035484246755,26,30477.000311325217,1.754430113974253,2.049279266845746,True,5.189794901651068,4.140939082516744
1,mst,60.0,-60.0,0,0,-25.11724282662469,14.753555274559147,378.15035484246755,26,30477.000311325217,1.754430113974253,2.049279266845746,False,3.9930612567111137,4.794026955592838
1,mst,-60.0,60.0,98,0,-25.11724282662469,14.753555274559147,378.15035484246755,26,30477.000311325217,1.754430113974253,2.049279266845746,True,0.6563250158804773,2.405135842485158
1,mst,-60.0,-60.0,39,0,-25.11724282662469,14.753555274559147,378.15035484246755,26,30477.000311325217,1.754430113974253,2.049279266845746,True,2.7111604879455196,3.4371592205583843
