Event Number,Category,Xpos,Ypos,Smeared DC Count,Smeared Background Count,True X,True Y,True Energy per Nucleon,True Z,True Height,Phi,Epsilon,Trigger,Dangle,Theta,Background
1,lst,0.0,0.0,53,133726,-3.381217265545132,-22.430466267077946,936.756531574895,26,35793.13546885267,1.7851423359128493,4.3773355483479115,True,6.143753766302112,0.6592597232835941
1,mst,60.0,60.0,52,12748,-3.381217265545132,-22.430466267077946,936.756531574895,26,35793.13546885267,1.7851423359128493,4.3773355483479115,True,5.631397994722261,2.940381746827396
1,mst,60.0,-60.0,412,15963,-3.381217265545132,-22.430466267077946,936.756531574895,26,35793.13546885267,1.7851423359128493,4.3773355483479115,True,4.181615170915868,2.0757521107235744
1,mst,-60.0,60.0,0,15038,-3.381217265545132,-22.430466267077946,936.756531574895,26,35793.13546885267,1.7851423359128493,4.3773355483479115,False,0.6067126423084527,2.91583546272606
1,mst,-60.0,-60.0,544,13573,-3.381217265545132,-22.430466267077946,936.756531574895,26,35793.13546885267,1.7851423359128493,4.3773355483479115,True,2.1697391539491973,1.9727766887587965
2,lst,0.0,0.0,1160,902,-57.16670720277311,32.403769471190316,391.35691537381524,26,25324.116834004293,1.1900421054135988,3.398136181775246,True,4.186918190712957,1.1229133711295278
2,mst,60.0,60.0,263,74,-57.16670720277311,32.403769471190316,391.35691537381524,26,25324.116834004293,1.1900421054135988,3.398136181775246,True,4.947459179744784,2.1721970330086795
2,mst,60.0,-60.0,0,67,-57.16670720277311,32.403769471190316,391.35691537381524,26,25324.116834004293,1.1900421054135988,3.398136181775246,False,4.031661057787815,2.5312413788167545
2,mst,-60.0,60.0,158,224,-57.16670720277311,32.403769471190316,391.35691537381524,26,25324.116834004293,1.1900421054135988,3.398136181775246,True,0.10729020722793664,0.5330722686610568
2,mst,-60.0,-60.0,1473,128,-57.16670720277311,32.403769471190316,391.35691537381524,26,25324.116834004293,1.1900421054135988,3.398136181775246,True,3.1224145500322837,1.5379021049832426
