Event Number,Category,Xpos,Ypos,Smeared Count,True X,True Y,True Energy per Nucleon,True Z,True Height,Phi,Epsilon,Trigger,Dangle,Theta,Background
1,lst,0.0,0.0,1564.5062957754028,7.237192060448848,-4.003783740603126,684.674534310265,26,22156.42023010248,1.5415302420149015,1.0629124093604934,False,1.0807692436121805,0.1287778919476786
1,mst,60.0,60.0,890.4598359830845,7.237192060448848,-4.003783740603126,684.674534310265,26,22156.42023010248,1.5415302420149015,1.0629124093604934,True,5.601662038913199,1.2244956882241576
1,mst,60.0,-60.0,804.3411920762002,7.237192060448848,-4.003783740603126,684.674534310265,26,22156.42023010248,1.5415302420149015,1.0629124093604934,True,3.888478233442128,1.1025015222258618
1,mst,-60.0,60.0,1072.1872425411934,7.237192060448848,-4.003783740603126,684.674534310265,26,22156.42023010248,1.5415302420149015,1.0629124093604934,True,0.8133709661625157,1.3410502955108452
1,mst,-60.0,-60.0,990.307271954266,7.237192060448848,-4.003783740603126,684.674534310265,26,22156.42023010248,1.5415302420149015,1.0629124093604934,True,2.268662396226189,1.2790946562938605
