Event Number,Category,Xpos,Ypos,Smeared Count,True X,True Y,True Energy per Nucleon,True Z,True Height,Phi,Epsilon,Trigger,Dangle,Theta,Background
1,lst,0.0,0.0,1246.2634907744757,21.31828294374688,-3.407239887510684,372.80112994654115,26,22344.482326323738,1.6735515631622089,1.062829274531891,False,1.409715054924585,0.3508651005540381
1,mst,60.0,60.0,734.9490295392281,21.31828294374688,-3.407239887510684,372.80112994654115,26,22344.482326323738,1.6735515631622089,1.062829274531891,True,5.735272551957391,1.1948977261886917
1,mst,60.0,-60.0,644.5676436162081,21.31828294374688,-3.407239887510684,372.80112994654115,26,22344.482326323738,1.6735515631622089,1.062829274531891,True,3.721454215152295,1.1009134908249976
1,mst,-60.0,60.0,314.93385878221534,21.31828294374688,-3.407239887510684,372.80112994654115,26,22344.482326323738,1.6735515631622089,1.062829274531891,True,0.9245921463994788,1.6366634148944583
1,mst,-60.0,-60.0,264.7637388249799,21.31828294374688,-3.407239887510684,372.80112994654115,26,22344.482326323738,1.6735515631622089,1.062829274531891,True,2.1803745495765097,1.5932421102287144
