Event Number,Category,Xpos,Ypos,Smeared DC Count,Smeared Background Count,True X,True Y,True Energy per Nucleon,True Z,True Height,Phi,Epsilon,Trigger,Dangle,Theta,Background
1,lst,0.0,0.0,472,17808,3.6331056992777633,-23.37214718111376,455.0878157449222,26,29439.512682565946,1.8539694199450178,5.539139627451464,True,0.14404358632986056,0.5762534187450725
1,mst,60.0,60.0,300,1671,3.6331056992777633,-23.37214718111376,455.0878157449222,26,29439.512682565946,1.8539694199450178,5.539139627451464,True,5.6718086195513076,2.380533468442954
1,mst,60.0,-60.0,61,1577,3.6331056992777633,-23.37214718111376,455.0878157449222,26,29439.512682565946,1.8539694199450178,5.539139627451464,True,4.137834448720268,1.6379001425505384
1,mst,-60.0,60.0,0,1826,3.6331056992777633,-23.37214718111376,455.0878157449222,26,29439.512682565946,1.8539694199450178,5.539139627451464,False,0.6583572806871808,2.5749758647341747
1,mst,-60.0,-60.0,406,3241,3.6331056992777633,-23.37214718111376,455.0878157449222,26,29439.512682565946,1.8539694199450178,5.539139627451464,True,2.0834126306117606,1.8809993943187893
