Event Number,Category,Xpos,Ypos,Smeared DC Count,Smeared Background Count,True X,True Y,True Energy per Nucleon,True Z,True Height,Phi,Epsilon,Trigger,Dangle,Theta,Background
1,lst,0.0,0.0,1216,0,-32.17969673866247,-41.18199285482952,332.22363045148614,26,21490.76507836225,1.561829690337327,6.1059032024934465,True,5.617516034664511,0.8003270496417769
1,mst,60.0,60.0,0,0,-32.17969673866247,-41.18199285482952,332.22363045148614,26,21490.76507836225,1.561829690337327,6.1059032024934465,False,5.559232824359948,2.1565808051771795
1,mst,60.0,-60.0,1096,0,-32.17969673866247,-41.18199285482952,332.22363045148614,26,21490.76507836225,1.561829690337327,6.1059032024934465,True,4.534970032293688,1.469942980695579
1,mst,-60.0,60.0,532,0,-32.17969673866247,-41.18199285482952,332.22363045148614,26,21490.76507836225,1.561829690337327,6.1059032024934465,True,0.27465943789045183,1.6491402594178977
1,mst,-60.0,-60.0,224,0,-32.17969673866247,-41.18199285482952,332.22363045148614,26,21490.76507836225,1.561829690337327,6.1059032024934465,True,2.1575453444787436,0.5314502751753865
