Event Number,Category,Xpos,Ypos,Smeared DC Count,Smeared Background Count,True X,True Y,True Energy per Nucleon,True Z,True Height,Phi,Epsilon,Trigger,Dangle,Theta,Background
1,lst,0.0,0.0,2178,91392,-33.70928155726574,-29.16333258720701,752.7045733675027,26,31741.03362370583,1.4025470846586037,2.8091389313358186,True,5.424058553127236,1.0613818847330803
1,mst,60.0,60.0,34,9170,-33.70928155726574,-29.16333258720701,752.7045733675027,26,31741.03362370583,1.4025470846586037,2.8091389313358186,True,5.471195706809567,3.0686129036491434
1,mst,60.0,-60.0,0,11261,-33.70928155726574,-29.16333258720701,752.7045733675027,26,31741.03362370583,1.4025470846586037,2.8091389313358186,False,4.392992456353277,2.3035017946316327
1,mst,-60.0,60.0,432,10267,-33.70928155726574,-29.16333258720701,752.7045733675027,26,31741.03362370583,1.4025470846586037,2.8091389313358186,True,0.2774415557373645,2.2160249383220374
1,mst,-60.0,-60.0,143,12549,-33.70928155726574,-29.16333258720701,752.7045733675027,26,31741.03362370583,1.4025470846586037,2.8091389313358186,True,2.440521963848424,0.9362593313494837
