Event Number,Category,Xpos,Ypos,Smeared DC Count,Smeared Background Count,True X,True Y,True Energy per Nucleon,True Z,True Height,Phi,Epsilon,Trigger,Dangle,Theta,Background
1,lst,0.0,0.0,1388,8098,-100.2155043991985,56.45993579899121,461.3703194857349,26,25102.24978384604,1.515047636943789,5.602728964195705,True,4.207198045534233,2.0622755692273156
1,mst,60.0,60.0,28,841,-100.2155043991985,56.45993579899121,461.3703194857349,26,25102.24978384604,1.515047636943789,5.602728964195705,True,4.72338598449479,2.8703308419859868
1,mst,60.0,-60.0,0,794,-100.2155043991985,56.45993579899121,461.3703194857349,26,25102.24978384604,1.515047636943789,5.602728964195705,False,4.100375043357607,3.540210543046854
1,mst,-60.0,60.0,234,2550,-100.2155043991985,56.45993579899121,461.3703194857349,26,25102.24978384604,1.515047636943789,5.602728964195705,True,4.784980205905737,0.7008499449864769
1,mst,-60.0,-60.0,86,1698,-100.2155043991985,56.45993579899121,461.3703194857349,26,25102.24978384604,1.515047636943789,5.602728964195705,True,3.4782599402231247,2.2134688334986485
