Event Number,Category,Xpos,Ypos,Smeared DC Count,Smeared Background Count,True X,True Y,True Energy per Nucleon,True Z,True Height,Phi,Epsilon,Trigger,Dangle,Theta,Background
1,lst,0.0,0.0,6879,0,71.63949244098362,-15.041914568611247,315.1783128581265,26,24231.220202804212,1.4421685015754835,4.130748218133512,True,1.3744249191521902,1.4733855691903999
1,mst,60.0,60.0,605,0,71.63949244098362,-15.041914568611247,315.1783128581265,26,24231.220202804212,1.4421685015754835,4.130748218133512,True,0.13539625401253674,1.5130251853119303
1,mst,60.0,-60.0,277,0,71.63949244098362,-15.041914568611247,315.1783128581265,26,24231.220202804212,1.4421685015754835,4.130748218133512,True,2.8995772574191143,0.8973260984002297
1,mst,-60.0,60.0,0,0,71.63949244098362,-15.041914568611247,315.1783128581265,26,24231.220202804212,1.4421685015754835,4.130748218133512,False,1.0241138662551905,3.027367349423281
1,mst,-60.0,-60.0,66,0,71.63949244098362,-15.041914568611247,315.1783128581265,26,24231.220202804212,1.4421685015754835,4.130748218133512,True,1.898368506196467,2.7993095041115583
2,lst,0.0,0.0,1721,89578,50.10179367258388,43.2666156603058,997.4330612592676,26,28034.910790807608,1.8635705574806378,1.7895051803885993,True,2.2849900007293806,1.130747401729594
2,mst,60.0,60.0,0,35905,50.10179367258388,43.2666156603058,997.4330612592676,26,28034.910790807608,1.8635705574806378,1.7895051803885993,False,5.7459762472777856,0.35100922727389283
2,mst,60.0,-60.0,1124,14804,50.10179367258388,43.2666156603058,997.4330612592676,26,28034.910790807608,1.8635705574806378,1.7895051803885993,True,3.2367806160131525,1.8196965954712931
2,mst,-60.0,60.0,229,13274,50.10179367258388,43.2666156603058,997.4330612592676,26,28034.910790807608,1.8635705574806378,1.7895051803885993,True,1.4317801063248787,1.8865436377709142
2,mst,-60.0,-60.0,28,9295,50.10179367258388,43.2666156603058,997.4330612592676,26,28034.910790807608,1.8635705574806378,1.7895051803885993,True,2.3302521333552635,2.5731140586790775
