Event Number,Category,Xpos,Ypos,Smeared DC Count,Smeared Background Count,True X,True Y,True Energy per Nucleon,True Z,True Height,Phi,Epsilon,Trigger,Dangle,Theta,Background
1,lst,0.0,0.0,209,25079,-15.150067124299056,-14.749367379907937,474.11130938122284,26,23489.104959245626,1.5229354844981886,3.8262349015073216,True,5.467513674216289,0.3344548793802851
1,mst,60.0,60.0,1299,1591,-15.150067124299056,-14.749367379907937,474.11130938122284,26,23489.104959245626,1.5229354844981886,3.8262349015073216,True,5.489093446263989,1.7049137490821744
1,mst,60.0,-60.0,1236,2091,-15.150067124299056,-14.749367379907937,474.11130938122284,26,23489.104959245626,1.5229354844981886,3.8262349015073216,True,4.183330673199914,1.419754394811223
1,mst,-60.0,60.0,772,3101,-15.150067124299056,-14.749367379907937,474.11130938122284,26,23489.104959245626,1.5229354844981886,3.8262349015073216,True,0.5304496064107642,1.4195496891776842
1,mst,-60.0,-60.0,631,3496,-15.150067124299056,-14.749367379907937,474.11130938122284,26,23489.104959245626,1.5229354844981886,3.8262349015073216,True,2.347658411433426,1.0378496050527073
