Event Number,Category,Xpos,Ypos,Smeared DC Count,Smeared Background Count,True X,True Y,True Energy per Nucleon,True Z,True Height,Phi,Epsilon,Trigger,Dangle,Theta,Background
1,lst,0.0,0.0,997,513350,19.17718812440549,-22.351189600080914,2404.5572130331025,26,35645.26074902051,1.5315525330949569,0.11166375441839516,True,0.7070212050652256,0.7313480749781239
1,mst,60.0,60.0,198,51864,19.17718812440549,-22.351189600080914,2404.5572130331025,26,35645.26074902051,1.5315525330949569,0.11166375441839516,True,5.817464112226483,2.295402063133939
1,mst,60.0,-60.0,618,73068,19.17718812440549,-22.351189600080914,2404.5572130331025,26,35645.26074902051,1.5315525330949569,0.11166375441839516,True,3.9599859439905853,1.4130185058044546
1,mst,-60.0,60.0,21,26388,19.17718812440549,-22.351189600080914,2404.5572130331025,26,35645.26074902051,1.5315525330949569,0.11166375441839516,True,0.7801667026890767,2.8679097014769215
1,mst,-60.0,-60.0,0,45191,19.17718812440549,-22.351189600080914,2404.5572130331025,26,35645.26074902051,1.5315525330949569,0.11166375441839516,False,2.015594447317063,2.1964319879585203
