Event Number,Category,Xpos,Ypos,Smeared DC Count,Smeared Background Count,True X,True Y,True Energy per Nucleon,True Z,True Height,Phi,Epsilon,Trigger,Dangle,Theta,Background
1,lst,0.0,0.0,6783,49687,-49.51171364718449,-80.56548038439009,773.150286076248,26,24999.837817071253,1.8843504034805332,4.541618716839095,True,5.738713400960782,1.4469286358133666
1,mst,60.0,60.0,0,4329,-49.51171364718449,-80.56548038439009,773.150286076248,26,24999.837817071253,1.8843504034805332,4.541618716839095,False,5.616553895688081,2.7301380454548614
1,mst,60.0,-60.0,3081,8928,-49.51171364718449,-80.56548038439009,773.150286076248,26,24999.837817071253,1.8843504034805332,4.541618716839095,True,4.911427813289705,1.6670187379422308
1,mst,-60.0,60.0,128,6360,-49.51171364718449,-80.56548038439009,773.150286076248,26,24999.837817071253,1.8843504034805332,4.541618716839095,True,0.07130627886326783,2.2411283219983846
1,mst,-60.0,-60.0,37,21076,-49.51171364718449,-80.56548038439009,773.150286076248,26,24999.837817071253,1.8843504034805332,4.541618716839095,True,0.466718021023419,0.3871699897422417
