Event Number,Category,Xpos,Ypos,Smeared DC Count,Smeared Background Count,True X,True Y,True Energy per Nucleon,True Z,True Height,Phi,Epsilon,Trigger,Dangle,Theta,Background
1,lst,0.0,0.0,7219,124234,-78.55206374617259,22.785411842146004,1206.016844892226,26,28777.916324342812,1.8076843239398943,5.360339558693505,True,4.431156284112327,1.46992087028965
1,mst,60.0,60.0,123,13315,-78.55206374617259,22.785411842146004,1206.016844892226,26,28777.916324342812,1.8076843239398943,5.360339558693505,True,4.9640519301825385,2.5648482343608947
1,mst,60.0,-60.0,0,10671,-78.55206374617259,22.785411842146004,1206.016844892226,26,28777.916324342812,1.8076843239398943,5.360339558693505,False,4.159972750567378,2.912293205515693
1,mst,-60.0,60.0,257,35099,-78.55206374617259,22.785411842146004,1206.016844892226,26,28777.916324342812,1.8076843239398943,5.360339558693505,True,5.810829932603172,0.729895610294458
1,mst,-60.0,-60.0,843,23131,-78.55206374617259,22.785411842146004,1206.016844892226,26,28777.916324342812,1.8076843239398943,5.360339558693505,True,3.3679672281624646,1.5762062919553987
