Event Number,Category,Xpos,Ypos,Smeared Count,True X,True Y,True Energy per Nucleon,True Z,True Height,Phi,Epsilon,Trigger,Dangle,Theta,Background
1,lst,0.0,0.0,1852.6439516053256,11.826086486948498,1.599966063297245,741.354488857237,26,24882.295226044913,1.4005488516886275,4.711071474602639,False,1.706558996047696,0.17988894012975506
1,mst,60.0,60.0,818.1291986393838,11.826086486948498,1.599966063297245,741.354488857237,26,24882.295226044913,1.4005488516886275,4.711071474602639,True,5.584587158657985,1.1951719996388717
1,mst,60.0,-60.0,819.7118688035408,11.826086486948498,1.599966063297245,741.354488857237,26,24882.295226044913,1.4005488516886275,4.711071474602639,True,3.7953285750712156,1.2370631605441587
1,mst,-60.0,60.0,724.3104553829401,11.826086486948498,1.599966063297245,741.354488857237,26,24882.295226044913,1.4005488516886275,4.711071474602639,True,0.9046252828821079,1.507062000557224
1,mst,-60.0,-60.0,737.1932346008768,11.826086486948498,1.599966063297245,741.354488857237,26,24882.295226044913,1.4005488516886275,4.711071474602639,True,2.2822939169769447,1.551956151157222
2,lst,0.0,0.0,1068.3013804179632,17.04206444128411,0.9625644104663991,334.55907055314503,26,21787.11414843249,1.278073563245166,0.8192022022977191,False,1.6199062122092227,0.2518590702762848
2,mst,60.0,60.0,767.216378267563,17.04206444128411,0.9625644104663991,334.55907055314503,26,21787.11414843249,1.278073563245166,0.8192022022977191,True,5.647181729564159,1.118100208466937
2,mst,60.0,-60.0,810.7290389822199,17.04206444128411,0.9625644104663991,334.55907055314503,26,21787.11414843249,1.278073563245166,0.8192022022977191,True,3.7480056675116957,1.1768453072862188
2,mst,-60.0,60.0,1118.4120054675193,17.04206444128411,0.9625644104663991,334.55907055314503,26,21787.11414843249,1.278073563245166,0.8192022022977191,True,0.9208051779676835,1.4202596617872354
2,mst,-60.0,-60.0,1156.8279332200734,17.04206444128411,0.9625644104663991,334.55907055314503,26,21787.11414843249,1.278073563245166,0.8192022022977191,True,2.230374757232198,1.4869189327249
