Event Number,Category,Xpos,Ypos,Smeared DC Count,Smeared Background Count,True X,True Y,True Energy per Nucleon,True Z,True Height,Phi,Epsilon,Trigger,Dangle,Theta,Background
1,lst,0.0,0.0,537,92489,-94.12499143822328,73.1431374770047,1328.7879439520984,26,24313.192129819792,1.5764690022679122,3.230988698019641,True,4.053381361183107,1.835500726489316
1,mst,60.0,60.0,109,12945,-94.12499143822328,73.1431374770047,1328.7879439520984,26,24313.192129819792,1.5764690022679122,3.230988698019641,True,4.619965642008291,2.414300687779454
1,mst,60.0,-60.0,0,8537,-94.12499143822328,73.1431374770047,1328.7879439520984,26,24313.192129819792,1.5764690022679122,3.230988698019641,False,3.99627427685413,3.1499238773129044
1,mst,-60.0,60.0,144,35313,-94.12499143822328,73.1431374770047,1328.7879439520984,26,24313.192129819792,1.5764690022679122,3.230988698019641,True,4.3385245983978855,0.5648218623090376
1,mst,-60.0,-60.0,245,16105,-94.12499143822328,73.1431374770047,1328.7879439520984,26,24313.192129819792,1.5764690022679122,3.230988698019641,True,3.394752282061516,2.14221637472182
2,lst,0.0,0.0,2948,32220,33.14447274915483,54.87211851086818,539.0375757819495,26,29212.48006817877,1.1976415506165412,3.1962022057972344,True,2.6011636029923264,1.2668274634725543
2,mst,60.0,60.0,114,6405,33.14447274915483,54.87211851086818,539.0375757819495,26,29212.48006817877,1.1976415506165412,3.1962022057972344,True,4.911031641628159,0.5982358791434065
2,mst,60.0,-60.0,75,3541,33.14447274915483,54.87211851086818,539.0375757819495,26,29212.48006817877,1.1976415506165412,3.1962022057972344,True,3.391326450902146,2.300120086764842
2,mst,-60.0,60.0,599,3845,33.14447274915483,54.87211851086818,539.0375757819495,26,29212.48006817877,1.1976415506165412,3.1962022057972344,True,1.523692874041626,1.9812904910020979
2,mst,-60.0,-60.0,0,2764,33.14447274915483,54.87211851086818,539.0375757819495,26,29212.48006817877,1.1976415506165412,3.1962022057972344,False,2.4646281398013996,2.9257072859219684
