Event Number,Category,Xpos,Ypos,Smeared DC Count,Smeared Background Count,True X,True Y,True Energy per Nucleon,True Z,True Height,Phi,Epsilon,Trigger,Dangle,Theta,Background
1,lst,0.0,0.0,1910,70100,27.031925622493674,-30.221380540918688,720.1346695075964,26,32829.14206125944,1.656042452395738,2.8318211325031015,True,0.7295695559286106,1.0788028883833947
1,mst,60.0,60.0,0,9996,27.031925622493674,-30.221380540918688,720.1346695075964,26,32829.14206125944,1.656042452395738,2.8318211325031015,False,5.938074500899347,2.539964667508677
1,mst,60.0,-60.0,304,12019,27.031925622493674,-30.221380540918688,720.1346695075964,26,32829.14206125944,1.656042452395738,2.8318211325031015,True,3.971237936441472,1.172682497432089
1,mst,-60.0,60.0,25,5923,27.031925622493674,-30.221380540918688,720.1346695075964,26,32829.14206125944,1.656042452395738,2.8318211325031015,True,0.791706162206447,3.272158297497392
1,mst,-60.0,-60.0,58,8590,27.031925622493674,-30.221380540918688,720.1346695075964,26,32829.14206125944,1.656042452395738,2.8318211325031015,True,1.9016858797837997,2.419624970142087
