Event Number,Category,Xpos,Ypos,Smeared DC Count,Smeared Background Count,True X,True Y,True Energy per Nucleon,True Z,True Height,Phi,Epsilon,Trigger,Dangle,Theta,Background
1,lst,0.0,0.0,1803,78960,-45.95193799138137,-3.9294487593270446,900.4586419250842,26,32038.02117266962,1.3611195559305316,4.786716917084505,True,4.7809185811960395,1.0068889238385015
1,mst,60.0,60.0,23,8762,-45.95193799138137,-3.9294487593270446,900.4586419250842,26,32038.02117266962,1.3611195559305316,4.786716917084505,True,5.246692752222535,2.7386520349547885
1,mst,60.0,-60.0,0,10569,-45.95193799138137,-3.9294487593270446,900.4586419250842,26,32038.02117266962,1.3611195559305316,4.786716917084505,False,4.219351945097749,2.6641866745385663
1,mst,-60.0,60.0,939,15753,-45.95193799138137,-3.9294487593270446,900.4586419250842,26,32038.02117266962,1.3611195559305316,4.786716917084505,True,0.22844539658716514,1.4746412226659575
1,mst,-60.0,-60.0,621,13244,-45.95193799138137,-3.9294487593270446,900.4586419250842,26,32038.02117266962,1.3611195559305316,4.786716917084505,True,2.9039135849281714,1.3239253218631237
