Event Number,Category,Xpos,Ypos,Smeared DC Count,Smeared Background Count,True X,True Y,True Energy per Nucleon,True Z,True Height,Phi,Epsilon,Trigger,Dangle,Theta,Background
1,lst,0.0,0.0,3835,278749,-29.270713132147577,-55.20471620583591,2174.4912454747237,26,31585.525381510848,1.9224034750072714,1.6384151481339353,True,5.791584271710257,1.2667599708242157
1,mst,60.0,60.0,0,19590,-29.270713132147577,-55.20471620583591,2174.4912454747237,26,31585.525381510848,1.9224034750072714,1.6384151481339353,False,5.6153830656019865,2.984066597195176
1,mst,60.0,-60.0,114,29096,-29.270713132147577,-55.20471620583591,2174.4912454747237,26,31585.525381510848,1.9224034750072714,1.6384151481339353,True,4.663937143514005,1.8517749171332318
1,mst,-60.0,60.0,74,25543,-29.270713132147577,-55.20471620583591,2174.4912454747237,26,31585.525381510848,1.9224034750072714,1.6384151481339353,True,0.2483195049077288,2.312988332589016
1,mst,-60.0,-60.0,209,87958,-29.270713132147577,-55.20471620583591,2174.4912454747237,26,31585.525381510848,1.9224034750072714,1.6384151481339353,True,1.7328165845444248,0.5780623397068546
2,lst,0.0,0.0,5519,5613,-73.55277427532893,21.203604485788475,420.75424865372946,26,23877.853563866818,1.4802615588191026,0.7632425378305835,True,4.437500223629434,1.304564409903753
2,mst,60.0,60.0,282,811,-73.55277427532893,21.203604485788475,420.75424865372946,26,23877.853563866818,1.4802615588191026,0.7632425378305835,True,4.981488440580049,2.392806004122355
2,mst,60.0,-60.0,0,649,-73.55277427532893,21.203604485788475,420.75424865372946,26,23877.853563866818,1.4802615588191026,0.7632425378305835,False,4.179788417715573,2.663050051849946
2,mst,-60.0,60.0,242,1598,-73.55277427532893,21.203604485788475,420.75424865372946,26,23877.853563866818,1.4802615588191026,0.7632425378305835,True,5.956710313700191,0.7073964206324602
2,mst,-60.0,-60.0,623,1079,-73.55277427532893,21.203604485788475,420.75424865372946,26,23877.853563866818,1.4802615588191026,0.7632425378305835,True,3.312790011477765,1.404307894421544
