Event Number,Category,Xpos,Ypos,Smeared DC Count,Smeared Background Count,True X,True Y,True Energy per Nucleon,True Z,True Height,Phi,Epsilon,Trigger,Dangle,Theta,Background
1,lst,0.0,0.0,849,36019,15.467682760050252,22.99074830479782,528.1689875818033,26,29999.169338813936,1.8109770079954632,0.9934336149549053,True,2.5364652846303724,0.6414996900197233
1,mst,60.0,60.0,535,6221,15.467682760050252,22.99074830479782,528.1689875818033,26,29999.169338813936,1.8109770079954632,0.9934336149549053,True,5.415086435272962,1.3938870758229003
1,mst,60.0,-60.0,202,4353,15.467682760050252,22.99074830479782,528.1689875818033,26,29999.169338813936,1.8109770079954632,0.9934336149549053,True,3.648150896544478,2.3041808472392242
1,mst,-60.0,60.0,282,5899,15.467682760050252,22.99074830479782,528.1689875818033,26,29999.169338813936,1.8109770079954632,0.9934336149549053,True,1.0986177954635268,1.9638716435482821
1,mst,-60.0,-60.0,61,4192,15.467682760050252,22.99074830479782,528.1689875818033,26,29999.169338813936,1.8109770079954632,0.9934336149549053,True,2.4188634063677985,2.666748099708174
