Event Number,Category,Xpos,Ypos,Smeared DC Count,Smeared Background Count,True X,True Y,True Energy per Nucleon,True Z,True Height,Phi,Epsilon,Trigger,Dangle,Theta,Background
1,lst,0.0,0.0,1567,45843,116.59464345743896,55.48519170015203,894.5444428211704,26,24300.807744696085,1.3058865211963695,5.046347379882316,True,2.0135766304124867,2.031080026790264
1,mst,60.0,60.0,424,18305,116.59464345743896,55.48519170015203,894.5444428211704,26,24300.807744696085,1.3058865211963695,5.046347379882316,True,1.4974645208455957,0.8945689174359832
1,mst,60.0,-60.0,454,9606,116.59464345743896,55.48519170015203,894.5444428211704,26,24300.807744696085,1.3058865211963695,5.046347379882316,True,2.6892113805346956,2.01002189953566
1,mst,-60.0,60.0,41,6957,116.59464345743896,55.48519170015203,894.5444428211704,26,24300.807744696085,1.3058865211963695,5.046347379882316,True,1.550403435884551,2.782969289335713
1,mst,-60.0,-60.0,0,4131,116.59464345743896,55.48519170015203,894.5444428211704,26,24300.807744696085,1.3058865211963695,5.046347379882316,False,2.170274762653319,3.299652480078493
2,lst,0.0,0.0,2990,87678,-56.08489241023675,17.254590092204012,883.3020422152288,26,33946.01559852413,1.8567806538949827,1.4604672211084841,True,4.403189770854115,1.5152932285162963
2,mst,60.0,60.0,26,10696,-56.08489241023675,17.254590092204012,883.3020422152288,26,33946.01559852413,1.8567806538949827,1.4604672211084841,True,5.058852741404642,3.2209093351823594
2,mst,60.0,-60.0,0,8503,-56.08489241023675,17.254590092204012,883.3020422152288,26,33946.01559852413,1.8567806538949827,1.4604672211084841,False,4.119637830447611,3.639264611210356
2,mst,-60.0,60.0,227,17193,-56.08489241023675,17.254590092204012,883.3020422152288,26,33946.01559852413,1.8567806538949827,1.4604672211084841,True,0.07467089940054808,1.0756293840398212
2,mst,-60.0,-60.0,815,13097,-56.08489241023675,17.254590092204012,883.3020422152288,26,33946.01559852413,1.8567806538949827,1.4604672211084841,True,3.0968568891745565,1.9510902527354679
