Event Number,Category,Xpos,Ypos,Smeared DC Count,Smeared Background Count,True X,True Y,True Energy per Nucleon,True Z,True Height,Phi,Epsilon,Trigger,Dangle,Theta,Background
1,lst,0.0,0.0,4239,304197,-5.199689334193238,-65.65108731560308,2755.5162613035272,26,30741.315498141947,1.4453879826775256,1.1274634868025464,True,6.198906530296142,1.3076584761107022
1,mst,60.0,60.0,36,24393,-5.199689334193238,-65.65108731560308,2755.5162613035272,26,30741.315498141947,1.4453879826775256,1.1274634868025464,True,5.821851516651506,2.8218649322718474
1,mst,60.0,-60.0,839,62200,-5.199689334193238,-65.65108731560308,2755.5162613035272,26,30741.315498141947,1.4453879826775256,1.1274634868025464,True,4.8072779664859535,1.2893004170700126
1,mst,-60.0,60.0,101,30272,-5.199689334193238,-65.65108731560308,2755.5162613035272,26,30741.315498141947,1.4453879826775256,1.1274634868025464,True,0.40792082318761946,2.7019367962484884
1,mst,-60.0,-60.0,597,54105,-5.199689334193238,-65.65108731560308,2755.5162613035272,26,30741.315498141947,1.4453879826775256,1.1274634868025464,True,1.4812259423750578,1.0795486191170338
