Event Number,Category,Xpos,Ypos,Smeared DC Count,Smeared Background Count,True X,True Y,True Energy per Nucleon,True Z,True Height,Phi,Epsilon,Trigger,Dangle,Theta,Background
1,lst,0.0,0.0,1777,0,23.690103615730692,-32.51033584913405,301.36842683606767,26,24003.180777177175,1.4038387114812583,3.222626279902592,True,0.6345740910786326,0.8165325637697992
1,mst,60.0,60.0,447,0,23.690103615730692,-32.51033584913405,301.36842683606767,26,24003.180777177175,1.4038387114812583,3.222626279902592,True,5.927120392340688,2.041227754308178
1,mst,60.0,-60.0,325,0,23.690103615730692,-32.51033584913405,301.36842683606767,26,24003.180777177175,1.4038387114812583,3.222626279902592,True,4.07767197614565,0.9146372724008509
1,mst,-60.0,60.0,27,0,23.690103615730692,-32.51033584913405,301.36842683606767,26,24003.180777177175,1.4038387114812583,3.222626279902592,True,0.730283280227055,2.515282455189067
1,mst,-60.0,-60.0,1608,0,23.690103615730692,-32.51033584913405,301.36842683606767,26,24003.180777177175,1.4038387114812583,3.222626279902592,True,1.8733040818038602,1.7593372252556543
