Event Number,Category,Xpos,Ypos,Smeared Count,True X,True Y,True Energy per Nucleon,True Z,True Height,Phi,Epsilon,Trigger,Dangle,Theta,Background
1,lst,0.0,0.0,2495.6169067698925,33.98755711080048,-33.19851505717337,416.23543579161816,26,23325.58417272177,1.2110555084668564,2.237304634606999,True,0.7998939910777314,0.7242205708009629
1,mst,60.0,60.0,293.5185490049233,33.98755711080048,-33.19851505717337,416.23543579161816,26,23325.58417272177,1.2110555084668564,2.237304634606999,True,6.011024327627894,1.5740359841488574
1,mst,60.0,-60.0,375.8406491726315,33.98755711080048,-33.19851505717337,416.23543579161816,26,23325.58417272177,1.2110555084668564,2.237304634606999,True,3.9016386388944917,0.565060327894777
1,mst,-60.0,60.0,30.734225342021087,33.98755711080048,-33.19851505717337,416.23543579161816,26,23325.58417272177,1.2110555084668564,2.237304634606999,False,0.7897671027720278,None
1,mst,-60.0,-60.0,1213.3056184829754,33.98755711080048,-33.19851505717337,416.23543579161816,26,23325.58417272177,1.2110555084668564,2.237304634606999,True,1.844919496027633,1.4228555937762875
