Event Number,Category,Xpos,Ypos,Smeared Count,True X,True Y,True Energy per Nucleon,True Z,True Height,Phi,Epsilon,Trigger,Dangle,Theta,Background
1,mst,30.0,30.0,599.1790254099267,-19.96250508685037,71.9944894947019,315.90216977470214,26,24604.327739870612,1.486612668314744,1.2015693354850188,True,4.002404924930572,1.3371967180718
1,mst,30.0,0.0,61.54534884867371,-19.96250508685037,71.9944894947019,315.90216977470214,26,24604.327739870612,1.486612668314744,1.2015693354850188,False,3.736451377216446,None
1,mst,30.0,-30.0,47.783623726739656,-19.96250508685037,71.9944894947019,315.90216977470214,26,24604.327739870612,1.486612668314744,1.2015693354850188,False,3.6086789601479796,None
1,mst,0.0,30.0,384.0214154530659,-19.96250508685037,71.9944894947019,315.90216977470214,26,24604.327739870612,1.486612668314744,1.2015693354850188,True,3.5964058422027767,0.9556122987666625
1,mst,0.0,0.0,526.4643442843161,-19.96250508685037,71.9944894947019,315.90216977470214,26,24604.327739870612,1.486612668314744,1.2015693354850188,True,3.4038550111331523,1.5402638647141207
1,mst,0.0,-30.0,50.80027890129908,-19.96250508685037,71.9944894947019,315.90216977470214,26,24604.327739870612,1.486612668314744,1.2015693354850188,False,3.3352952430294693,None
1,mst,-30.0,30.0,360.862721324013,-19.96250508685037,71.9944894947019,315.90216977470214,26,24604.327739870612,1.486612668314744,1.2015693354850188,True,2.9257987017124365,0.8801881385797775
1,mst,-30.0,0.0,469.2691177186782,-19.96250508685037,71.9944894947019,315.90216977470214,26,24604.327739870612,1.486612668314744,1.2015693354850188,True,3.0154908849088784,1.5060306584867276
1,mst,-30.0,-30.0,61.45209902360318,-19.96250508685037,71.9944894947019,315.90216977470214,26,24604.327739870612,1.486612668314744,1.2015693354850188,False,3.0402105517216595,None
