Event Number,Category,Xpos,Ypos,Smeared DC Count,Smeared Background Count,True X,True Y,True Energy per Nucleon,True Z,True Height,Phi,Epsilon,Trigger,Dangle,Theta,Background
1,lst,0.0,0.0,915,304021,0.880040063549103,-34.709236164686175,1646.620193204863,26,23202.822318421833,1.371856367078407,0.48433868682707376,True,0.029031811325730714,0.48920382953369207
1,mst,60.0,60.0,610,19063,0.880040063549103,-34.709236164686175,1646.620193204863,26,23202.822318421833,1.371856367078407,0.48433868682707376,True,5.724992223330035,1.5947972398752743
1,mst,60.0,-60.0,413,43230,0.880040063549103,-34.709236164686175,1646.620193204863,26,23202.822318421833,1.371856367078407,0.48433868682707376,True,4.301716857641721,0.9510397636975877
1,mst,-60.0,60.0,2064,22044,0.880040063549103,-34.709236164686175,1646.620193204863,26,23202.822318421833,1.371856367078407,0.48433868682707376,True,0.5686301161520617,1.6076314524447521
1,mst,-60.0,-60.0,739,34224,0.880040063549103,-34.709236164686175,1646.620193204863,26,23202.822318421833,1.371856367078407,0.48433868682707376,True,1.963916894686425,0.9478582365978564
