Event Number,Category,Xpos,Ypos,Smeared DC Count,Smeared Background Count,True X,True Y,True Energy per Nucleon,True Z,True Height,Phi,Epsilon,Trigger,Dangle,Theta,Background
1,lst,0.0,0.0,4974,133132,-74.71399473608302,-5.9516798827992545,1319.207165708981,26,29218.034196602635,1.6776123789448116,5.788381644885567,True,4.793929492379764,1.4217587765864752
1,mst,60.0,60.0,57,11752,-74.71399473608302,-5.9516798827992545,1319.207165708981,26,29218.034196602635,1.6776123789448116,5.788381644885567,True,5.151196592070842,2.8315630216908154
1,mst,60.0,-60.0,98,11817,-74.71399473608302,-5.9516798827992545,1319.207165708981,26,29218.034196602635,1.6776123789448116,5.788381644885567,True,4.310538390940778,2.771125630382272
1,mst,-60.0,60.0,488,31608,-74.71399473608302,-5.9516798827992545,1319.207165708981,26,29218.034196602635,1.6776123789448116,5.788381644885567,True,6.038531486847929,1.2645478458049104
1,mst,-60.0,-60.0,654,29587,-74.71399473608302,-5.9516798827992545,1319.207165708981,26,29218.034196602635,1.6776123789448116,5.788381644885567,True,3.420542038602899,1.065343556011816
