Event Number,Category,Xpos,Ypos,Smeared DC Count,Smeared Background Count,True X,True Y,True Energy per Nucleon,True Z,True Height,Phi,Epsilon,Trigger,Dangle,Theta,Background
1,lst,0.0,0.0,1574,73411,29.813427260781793,-87.90007302606654,798.8638680115266,26,27678.816726711517,1.43972261349828,1.6166338811063277,True,0.3149006747663588,1.7003301252395764
1,mst,60.0,60.0,45,5459,29.813427260781793,-87.90007302606654,798.8638680115266,26,27678.816726711517,1.43972261349828,1.6166338811063277,True,6.088027197390683,2.7913607334915143
1,mst,60.0,-60.0,460,17272,29.813427260781793,-87.90007302606654,798.8638680115266,26,27678.816726711517,1.43972261349828,1.6166338811063277,True,5.455378872805396,0.76122248817489
1,mst,-60.0,60.0,0,5348,29.813427260781793,-87.90007302606654,798.8638680115266,26,27678.816726711517,1.43972261349828,1.6166338811063277,False,0.5409135988585465,3.178703038324808
1,mst,-60.0,-60.0,1740,11347,29.813427260781793,-87.90007302606654,798.8638680115266,26,27678.816726711517,1.43972261349828,1.6166338811063277,True,1.273014975115231,1.7305805282904332
