Event Number,Category,Xpos,Ypos,Smeared DC Count,Smeared Background Count,True X,True Y,True Energy per Nucleon,True Z,True Height,Phi,Epsilon,Trigger,Dangle,Theta,Background
1,lst,0.0,0.0,4528,9841,-66.03286205082642,42.96152416570638,445.37897799579156,26,23936.89913618102,1.2600667203524056,4.796106624477092,True,4.144510207163322,1.2204147676718986
1,mst,60.0,60.0,673,1355,-66.03286205082642,42.96152416570638,445.37897799579156,26,23936.89913618102,1.2600667203524056,4.796106624477092,True,4.831795971449364,1.9449424074565416
1,mst,60.0,-60.0,65,1016,-66.03286205082642,42.96152416570638,445.37897799579156,26,23936.89913618102,1.2600667203524056,4.796106624477092,True,4.045284853857919,2.5450681908453334
1,mst,-60.0,60.0,0,2871,-66.03286205082642,42.96152416570638,445.37897799579156,26,23936.89913618102,1.2600667203524056,4.796106624477092,False,5.949021529120045,0.2971929083417214
1,mst,-60.0,-60.0,616,1461,-66.03286205082642,42.96152416570638,445.37897799579156,26,23936.89913618102,1.2600667203524056,4.796106624477092,True,3.186814260194904,1.6666724129608905
