Event Number,Category,Xpos,Ypos,Smeared DC Count,Smeared Background Count,True X,True Y,True Energy per Nucleon,True Z,True Height,Phi,Epsilon,Trigger,Dangle,Theta,Background
1,lst,0.0,0.0,3075,92506,44.65689278595161,-23.813769632413596,785.2193768683394,26,29234.970152761438,1.246666719413847,4.1412405076177095,True,1.0714348732011956,1.0279564197590543
1,mst,60.0,60.0,1001,10162,44.65689278595161,-23.813769632413596,785.2193768683394,26,29234.970152761438,1.246666719413847,4.1412405076177095,True,6.09228575465963,1.6439573222240313
1,mst,60.0,-60.0,262,19310,44.65689278595161,-23.813769632413596,785.2193768683394,26,29234.970152761438,1.246666719413847,4.1412405076177095,True,3.544539179467404,0.7183823715986272
1,mst,-60.0,60.0,29,8570,44.65689278595161,-23.813769632413596,785.2193768683394,26,29234.970152761438,1.246666719413847,4.1412405076177095,True,0.8970439164061983,2.6927464130212435
1,mst,-60.0,-60.0,0,10373,44.65689278595161,-23.813769632413596,785.2193768683394,26,29234.970152761438,1.246666719413847,4.1412405076177095,False,1.9112357445366241,2.1852553384787514
