Event Number,Category,Xpos,Ypos,Smeared DC Count,Smeared Background Count,True X,True Y,True Energy per Nucleon,True Z,True Height,Phi,Epsilon,Trigger,Dangle,Theta,Background
1,lst,0.0,0.0,7571,245136,80.20772530244764,14.82725035851513,2640.445398440909,26,30529.20193051706,1.466516303399621,0.14881200044601706,True,1.7649074006682794,1.6180038676498856
1,mst,60.0,60.0,222,61032,80.20772530244764,14.82725035851513,2640.445398440909,26,30529.20193051706,1.466516303399621,0.14881200044601706,True,0.4385996389763582,0.9702849293391498
1,mst,60.0,-60.0,1175,50316,80.20772530244764,14.82725035851513,2640.445398440909,26,30529.20193051706,1.466516303399621,0.14881200044601706,True,2.8899397727355227,1.5505847499990055
1,mst,-60.0,60.0,70,21357,80.20772530244764,14.82725035851513,2640.445398440909,26,30529.20193051706,1.466516303399621,0.14881200044601706,True,1.2460910906039802,2.900434842984751
1,mst,-60.0,-60.0,0,17307,80.20772530244764,14.82725035851513,2640.445398440909,26,30529.20193051706,1.466516303399621,0.14881200044601706,False,2.049523200272642,3.117650379407538
