Event Number,Category,Xpos,Ypos,Smeared DC Count,Smeared Background Count,True X,True Y,True Energy per Nucleon,True Z,True Height,Phi,Epsilon,Trigger,Dangle,Theta,Background
1,lst,0.0,0.0,5002,27499,-6.492721959024095,-71.11670797806684,583.5877437339171,26,23094.172303475534,1.6062252679472149,1.187761993810783,True,6.185604375765037,1.1018212290863085
1,mst,60.0,60.0,112,3519,-6.492721959024095,-71.11670797806684,583.5877437339171,26,23094.172303475534,1.6062252679472149,1.187761993810783,True,5.802068334484066,2.2676356138595337
1,mst,60.0,-60.0,780,7764,-6.492721959024095,-71.11670797806684,583.5877437339171,26,23094.172303475534,1.6062252679472149,1.187761993810783,True,4.887758128136818,1.0394862124283852
1,mst,-60.0,60.0,0,3783,-6.492721959024095,-71.11670797806684,583.5877437339171,26,23094.172303475534,1.6062252679472149,1.187761993810783,False,0.3837988970324399,2.199784293638657
1,mst,-60.0,-60.0,483,6497,-6.492721959024095,-71.11670797806684,583.5877437339171,26,23094.172303475534,1.6062252679472149,1.187761993810783,True,1.3662708300034399,0.8261847348024054
