Event Number,Category,Xpos,Ypos,Smeared DC Count,Smeared Background Count,True X,True Y,True Energy per Nucleon,True Z,True Height,Phi,Epsilon,Trigger,Dangle,Theta,Background
1,lst,0.0,0.0,4387,32120,-54.45003128570495,-40.48645773269027,542.7108035986533,26,24243.25832967594,1.4844714014854965,4.141831721649791,True,5.329815618983523,1.1072197343731194
1,mst,60.0,60.0,49,2405,-54.45003128570495,-40.48645773269027,542.7108035986533,26,24243.25832967594,1.4844714014854965,4.141831721649791,True,5.427747122258537,2.5183657470261225
1,mst,60.0,-60.0,1247,4784,-54.45003128570495,-40.48645773269027,542.7108035986533,26,24243.25832967594,1.4844714014854965,4.141831721649791,True,4.549821117140627,1.8831947775332383
1,mst,-60.0,60.0,0,4253,-54.45003128570495,-40.48645773269027,542.7108035986533,26,24243.25832967594,1.4844714014854965,4.141831721649791,False,0.07064229132681492,1.6640942938439578
1,mst,-60.0,-60.0,30,9367,-54.45003128570495,-40.48645773269027,542.7108035986533,26,24243.25832967594,1.4844714014854965,4.141831721649791,True,2.863341846544792,0.3414285725199639
