Event Number,Category,Xpos,Ypos,Smeared DC Count,Smeared Background Count,True X,True Y,True Energy per Nucleon,True Z,True Height,Phi,Epsilon,Trigger,Dangle,Theta,Background
1,lst,0.0,0.0,253,30560,22.20289947561028,-6.4393629339273275,502.2704739192891,26,25401.207315767588,1.7863932572650127,4.033133564567466,True,1.286244301688567,0.4065422730346162
1,mst,60.0,60.0,483,3300,22.20289947561028,-6.4393629339273275,502.2704739192891,26,25401.207315767588,1.7863932572650127,4.033133564567466,True,5.785469196101756,1.3326199632767306
1,mst,60.0,-60.0,132,3855,22.20289947561028,-6.4393629339273275,502.2704739192891,26,25401.207315767588,1.7863932572650127,4.033133564567466,True,3.7606985040871574,1.133282585778965
1,mst,-60.0,60.0,480,2647,22.20289947561028,-6.4393629339273275,502.2704739192891,26,25401.207315767588,1.7863932572650127,4.033133564567466,True,0.885217091700218,1.8855954049996588
1,mst,-60.0,-60.0,1179,2983,22.20289947561028,-6.4393629339273275,502.2704739192891,26,25401.207315767588,1.7863932572650127,4.033133564567466,True,2.1248436165837514,1.7088328861698052
