Event Number,Category,Xpos,Ypos,Smeared DC Count,Smeared Background Count,True X,True Y,True Energy per Nucleon,True Z,True Height,Phi,Epsilon,Trigger,Dangle,Theta,Background
1,lst,0.0,0.0,2231,0,4.033242059527396,44.70860936395934,251.7376435467978,26,23932.92797456728,1.9018189945462458,6.081773076381191,True,3.0704507487334616,1.1277984176612479
1,mst,60.0,60.0,664,0,4.033242059527396,44.70860936395934,251.7376435467978,26,23932.92797456728,1.9018189945462458,6.081773076381191,True,4.991137304340826,1.3211188007230357
1,mst,60.0,-60.0,108,0,4.033242059527396,44.70860936395934,251.7376435467978,26,23932.92797456728,1.9018189945462458,6.081773076381191,True,3.6438424341797098,2.8995213554987807
1,mst,-60.0,60.0,654,0,4.033242059527396,44.70860936395934,251.7376435467978,26,23932.92797456728,1.9018189945462458,6.081773076381191,True,1.3412033293691912,1.5592790878257423
1,mst,-60.0,-60.0,24,0,4.033242059527396,44.70860936395934,251.7376435467978,26,23932.92797456728,1.9018189945462458,6.081773076381191,True,2.574050622362267,3.021841990424762
