Event Number,Category,Xpos,Ypos,Smeared DC Count,Smeared Background Count,True X,True Y,True Energy per Nucleon,True Z,True Height,Phi,Epsilon,Trigger,Dangle,Theta,Background
1,lst,0.0,0.0,3098,47563,62.384062929763616,-13.73598775906089,664.0136500256435,26,28001.96861829538,1.6872393549428946,3.0193388059257784,True,1.3508766650930064,1.2172363727726214
1,mst,60.0,60.0,638,7826,62.384062929763616,-13.73598775906089,664.0136500256435,26,28001.96861829538,1.6872393549428946,3.0193388059257784,True,0.019299968214068867,1.444585295436799
1,mst,60.0,-60.0,394,11370,62.384062929763616,-13.73598775906089,664.0136500256435,26,28001.96861829538,1.6872393549428946,3.0193388059257784,True,3.0919320665011534,0.8935941968042042
1,mst,-60.0,60.0,44,5410,62.384062929763616,-13.73598775906089,664.0136500256435,26,28001.96861829538,1.6872393549428946,3.0193388059257784,True,1.0315705476234143,2.7587166016240388
1,mst,-60.0,-60.0,158,4892,62.384062929763616,-13.73598775906089,664.0136500256435,26,28001.96861829538,1.6872393549428946,3.0193388059257784,True,1.9522921867645822,2.5212045880937235
