Event Number,Category,Xpos,Ypos,Smeared DC Count,Smeared Background Count,True X,True Y,True Energy per Nucleon,True Z,True Height,Phi,Epsilon,Trigger,Dangle,Theta,Background
1,lst,0.0,0.0,14097,11487,-78.25560842879972,-17.530471187478383,475.59768948884016,26,28738.181542055856,1.286274910500041,5.474678167888502,True,4.935915785560332,1.732781686153803
1,mst,60.0,60.0,0,1561,-78.25560842879972,-17.530471187478383,475.59768948884016,26,28738.181542055856,1.286274910500041,5.474678167888502,False,5.218676950058788,3.3725256067247633
1,mst,60.0,-60.0,24,2047,-78.25560842879972,-17.530471187478383,475.59768948884016,26,28738.181542055856,1.286274910500041,5.474678167888502,True,4.391649935274884,3.131541217342304
1,mst,-60.0,60.0,940,2330,-78.25560842879972,-17.530471187478383,475.59768948884016,26,28738.181542055856,1.286274910500041,5.474678167888502,True,6.050007589070372,1.699976810794208
1,mst,-60.0,-60.0,293,4203,-78.25560842879972,-17.530471187478383,475.59768948884016,26,28738.181542055856,1.286274910500041,5.474678167888502,True,3.5535779181976452,1.0176586296553163
