Event Number,Category,Xpos,Ypos,Smeared DC Count,Smeared Background Count,True X,True Y,True Energy per Nucleon,True Z,True Height,Phi,Epsilon,Trigger,Dangle,Theta,Background
1,lst,0.0,0.0,4589,0,-28.545882296023663,65.6507458020769,296.2450705563851,26,23808.414851668367,1.4927143417377204,3.18655309752695,True,3.553830139453341,1.4317808457867591
1,mst,60.0,60.0,690,0,-28.545882296023663,65.6507458020769,296.2450705563851,26,23808.414851668367,1.4927143417377204,3.18655309752695,True,4.642258041070157,1.7692507950613134
1,mst,60.0,-60.0,36,0,-28.545882296023663,65.6507458020769,296.2450705563851,26,23808.414851668367,1.4927143417377204,3.18655309752695,True,3.7564329256071165,3.075296525704701
1,mst,-60.0,60.0,88,0,-28.545882296023663,65.6507458020769,296.2450705563851,26,23808.414851668367,1.4927143417377204,3.18655309752695,True,1.7506780064570808,0.6456514332392181
1,mst,-60.0,-60.0,85,0,-28.545882296023663,65.6507458020769,296.2450705563851,26,23808.414851668367,1.4927143417377204,3.18655309752695,True,2.9017851650350877,2.596510515149352
