Event Number,Category,Xpos,Ypos,Smeared DC Count,Smeared Background Count,True X,True Y,True Energy per Nucleon,True Z,True Height,Phi,Epsilon,Trigger,Dangle,Theta,Background
1,lst,0.0,0.0,550,110693,-26.601898413544234,-25.480832693245915,1018.5858073471056,26,29865.64478652631,1.8197562963081086,1.076113958949113,True,5.473570858369008,0.7300262638707714
1,mst,60.0,60.0,226,14475,-26.601898413544234,-25.480832693245915,1018.5858073471056,26,29865.64478652631,1.8197562963081086,1.076113958949113,True,5.475865607160681,2.400156295168857
1,mst,60.0,-60.0,40,18142,-26.601898413544234,-25.480832693245915,1018.5858073471056,26,29865.64478652631,1.8197562963081086,1.076113958949113,True,4.342204247398131,1.8913101944227013
1,mst,-60.0,60.0,585,17289,-26.601898413544234,-25.480832693245915,1018.5858073471056,26,29865.64478652631,1.8197562963081086,1.076113958949113,True,0.3507453201283533,1.760102213537699
1,mst,-60.0,-60.0,208,25882,-26.601898413544234,-25.480832693245915,1018.5858073471056,26,29865.64478652631,1.8197562963081086,1.076113958949113,True,2.376567328527731,0.9327998473789703
2,lst,0.0,0.0,3317,132075,62.6556214312663,11.29592676341133,1163.2525940139099,26,30674.23508330633,1.2639217414627324,3.335623235566873,True,1.7457325175873055,1.2576275910550463
2,mst,60.0,60.0,125,27278,62.6556214312663,11.29592676341133,1163.2525940139099,26,30674.23508330633,1.2639217414627324,3.335623235566873,True,0.0363226461172336,1.0192128079825011
2,mst,60.0,-60.0,833,21742,62.6556214312663,11.29592676341133,1163.2525940139099,26,30674.23508330633,1.2639217414627324,3.335623235566873,True,3.0960817569507313,1.3464011925854893
2,mst,-60.0,60.0,0,10684,62.6556214312663,11.29592676341133,1163.2525940139099,26,30674.23508330633,1.2639217414627324,3.335623235566873,False,1.1818292315086765,2.6777620111544
2,mst,-60.0,-60.0,61,8069,62.6556214312663,11.29592676341133,1163.2525940139099,26,30674.23508330633,1.2639217414627324,3.335623235566873,True,2.094025568117642,2.7492089705541582
