Event Number,Category,Xpos,Ypos,Smeared DC Count,Smeared Background Count,True X,True Y,True Energy per Nucleon,True Z,True Height,Phi,Epsilon,Trigger,Dangle,Theta,Background
1,lst,0.0,0.0,1925,0,27.561630611062668,35.96948835391888,313.5154343128328,26,22580.665171512104,1.7576931339450512,0.23692670526782317,True,2.4876467794918407,0.7829843161079532
1,mst,60.0,60.0,237,0,27.561630611062668,35.96948835391888,313.5154343128328,26,22580.665171512104,1.7576931339450512,0.23692670526782317,True,5.349895189066664,0.6790445121848159
1,mst,60.0,-60.0,1589,0,27.561630611062668,35.96948835391888,313.5154343128328,26,22580.665171512104,1.7576931339450512,0.23692670526782317,True,3.4773128126766952,1.7571963979855747
1,mst,-60.0,60.0,1509,0,27.561630611062668,35.96948835391888,313.5154343128328,26,22580.665171512104,1.7576931339450512,0.23692670526782317,True,1.318640229519667,1.5225605174976105
1,mst,-60.0,-60.0,115,0,27.561630611062668,35.96948835391888,313.5154343128328,26,22580.665171512104,1.7576931339450512,0.23692670526782317,True,2.406251177981246,2.2340206730284446
