Event Number,Category,Xpos,Ypos,Smeared DC Count,Smeared Background Count,True X,True Y,True Energy per Nucleon,True Z,True Height,Phi,Epsilon,Trigger,Dangle,Theta,Background
1,lst,0.0,0.0,2023,4299,-3.436084679733881,51.51357592652204,404.42805564564696,26,23188.974737967794,1.6415887313546464,1.0377784796767089,True,3.2129288038164074,0.8525492583665188
1,mst,60.0,60.0,632,565,-3.436084679733881,51.51357592652204,404.42805564564696,26,23188.974737967794,1.6415887313546464,1.0377784796767089,True,4.82803104997094,1.0834999867040709
1,mst,60.0,-60.0,254,368,-3.436084679733881,51.51357592652204,404.42805564564696,26,23188.974737967794,1.6415887313546464,1.0377784796767089,True,3.6650996067834787,2.118352068983498
1,mst,-60.0,60.0,582,616,-3.436084679733881,51.51357592652204,404.42805564564696,26,23188.974737967794,1.6415887313546464,1.0377784796767089,True,1.4204912218980437,0.9611100670871271
1,mst,-60.0,-60.0,284,363,-3.436084679733881,51.51357592652204,404.42805564564696,26,23188.974737967794,1.6415887313546464,1.0377784796767089,True,2.6937713386300066,2.0543160142061283
