Event Number,Category,Xpos,Ypos,Smeared DC Count,Smeared Background Count,True X,True Y,True Energy per Nucleon,True Z,True Height,Phi,Epsilon,Trigger,Dangle,Theta,Background
1,lst,0.0,0.0,4017,346974,61.05632452382105,-29.92299489388006,2409.3848634740275,26,28181.175299614937,1.3473406699605592,4.0445251219318,True,1.1250428627883775,1.2225081654589625
1,mst,60.0,60.0,777,46070,61.05632452382105,-29.92299489388006,2409.3848634740275,26,28181.175299614937,1.3473406699605592,4.0445251219318,True,-3.604536241836459e-05,1.5887372034882243
1,mst,60.0,-60.0,252,64904,61.05632452382105,-29.92299489388006,2409.3848634740275,26,28181.175299614937,1.3473406699605592,4.0445251219318,True,3.095376109504792,0.5160035657926522
1,mst,-60.0,60.0,0,17591,61.05632452382105,-29.92299489388006,2409.3848634740275,26,28181.175299614937,1.3473406699605592,4.0445251219318,False,0.9361656171467401,2.691080042067643
1,mst,-60.0,-60.0,276,25968,61.05632452382105,-29.92299489388006,2409.3848634740275,26,28181.175299614937,1.3473406699605592,4.0445251219318,True,1.804319743623713,2.2059976367969187
