Event Number,Category,Xpos,Ypos,Smeared DC Count,Smeared Background Count,True X,True Y,True Energy per Nucleon,True Z,True Height,Phi,Epsilon,Trigger,Dangle,Theta,Background
1,lst,0.0,0.0,3534,49105,-51.99006731786045,42.32731797749429,641.3655767894045,26,29507.01887581411,1.193843504276527,4.928253665764828,True,4.011394955157791,1.2725497712196612
1,mst,60.0,60.0,0,6634,-51.99006731786045,42.32731797749429,641.3655767894045,26,29507.01887581411,1.193843504276527,4.928253665764828,False,4.862521366983828,2.1156572328432595
1,mst,60.0,-60.0,29,4268,-51.99006731786045,42.32731797749429,641.3655767894045,26,29507.01887581411,1.193843504276527,4.928253665764828,True,3.9759007407930316,2.920409117941576
1,mst,-60.0,60.0,23,12568,-51.99006731786045,42.32731797749429,641.3655767894045,26,29507.01887581411,1.193843504276527,4.928253665764828,True,0.43599365535073786,0.4063662778399931
1,mst,-60.0,-60.0,707,5944,-51.99006731786045,42.32731797749429,641.3655767894045,26,29507.01887581411,1.193843504276527,4.928253665764828,True,3.080637219536997,2.0928378124611675
