Event Number,Category,Xpos,Ypos,Smeared DC Count,Smeared Background Count,True X,True Y,True Energy per Nucleon,True Z,True Height,Phi,Epsilon,Trigger,Dangle,Theta,Background
1,lst,0.0,0.0,10092,67896,65.06041055921642,-81.88927069547461,1019.1455994801207,26,22990.886964386544,1.8969743986411025,4.7361269044834335,True,0.6834560325823694,1.5043495228678423
1,mst,60.0,60.0,360,9555,65.06041055921642,-81.88927069547461,1019.1455994801207,26,22990.886964386544,1.8969743986411025,4.7361269044834335,True,0.034729356226030635,1.9893404897826705
1,mst,60.0,-60.0,93,27618,65.06041055921642,-81.88927069547461,1019.1455994801207,26,22990.886964386544,1.8969743986411025,4.7361269044834335,True,0.2140425860288022,0.31367931238757063
1,mst,-60.0,60.0,0,7714,65.06041055921642,-81.88927069547461,1019.1455994801207,26,22990.886964386544,1.8969743986411025,4.7361269044834335,False,0.730891760243932,2.7499492758345663
1,mst,-60.0,-60.0,875,12974,65.06041055921642,-81.88927069547461,1019.1455994801207,26,22990.886964386544,1.8969743986411025,4.7361269044834335,True,1.389790112954746,1.868699611293196
2,lst,0.0,0.0,50,147809,-40.11927950690536,-85.40301519931577,1618.6869762425868,26,31697.999127611187,1.3490232787734073,0.9780330631217862,True,5.845793867093087,1.933469111337454
2,mst,60.0,60.0,0,11899,-40.11927950690536,-85.40301519931577,1618.6869762425868,26,31697.999127611187,1.3490232787734073,0.9780330631217862,False,5.673994133180559,3.6501009493199446
2,mst,60.0,-60.0,135,32531,-40.11927950690536,-85.40301519931577,1618.6869762425868,26,31697.999127611187,1.3490232787734073,0.9780330631217862,True,4.9539044855803835,2.169340348367078
2,mst,-60.0,60.0,30,13548,-40.11927950690536,-85.40301519931577,1618.6869762425868,26,31697.999127611187,1.3490232787734073,0.9780330631217862,True,0.13424035731056227,2.9885981745169268
2,mst,-60.0,-60.0,185,46192,-40.11927950690536,-85.40301519931577,1618.6869762425868,26,31697.999127611187,1.3490232787734073,0.9780330631217862,True,0.656380114521542,0.643580704460945
