Event Number,Category,Xpos,Ypos,Smeared DC Count,Smeared Background Count,True X,True Y,True Energy per Nucleon,True Z,True Height,Phi,Epsilon,Trigger,Dangle,Theta,Background
1,lst,0.0,0.0,1504,44924,-44.971768761459174,-13.441594533814538,635.0440637771117,26,32073.517607219517,1.9330031197689026,5.978653124003208,True,4.99760834499943,1.114927715884636
1,mst,60.0,60.0,40,3796,-44.971768761459174,-13.441594533814538,635.0440637771117,26,32073.517607219517,1.9330031197689026,5.978653124003208,True,5.318988205635453,2.9946442105734437
1,mst,60.0,-60.0,70,6604,-44.971768761459174,-13.441594533814538,635.0440637771117,26,32073.517607219517,1.9330031197689026,5.978653124003208,True,4.309939281838008,2.8390400266231732
1,mst,-60.0,60.0,0,8736,-44.971768761459174,-13.441594533814538,635.0440637771117,26,32073.517607219517,1.9330031197689026,5.978653124003208,False,0.1929293976336641,1.737661926441266
1,mst,-60.0,-60.0,456,9525,-44.971768761459174,-13.441594533814538,635.0440637771117,26,32073.517607219517,1.9330031197689026,5.978653124003208,True,2.827620909668161,1.2923654980073431
