Event Number,Category,Xpos,Ypos,Smeared DC Count,Smeared Background Count,True X,True Y,True Energy per Nucleon,True Z,True Height,Phi,Epsilon,Trigger,Dangle,Theta,Background
1,lst,0.0,0.0,709,0,-86.22393836865812,-54.03381173525871,333.43570544978917,26,22290.695755872042,1.4199129478964991,3.2033347690312852,True,5.271102149798031,1.678982601016429
1,mst,60.0,60.0,0,0,-86.22393836865812,-54.03381173525871,333.43570544978917,26,22290.695755872042,1.4199129478964991,3.2033347690312852,False,5.383047459247489,3.0544446907161453
1,mst,60.0,-60.0,101,0,-86.22393836865812,-54.03381173525871,333.43570544978917,26,22290.695755872042,1.4199129478964991,3.2033347690312852,True,4.680351512379466,2.380149260999696
1,mst,-60.0,60.0,109,0,-86.22393836865812,-54.03381173525871,333.43570544978917,26,22290.695755872042,1.4199129478964991,3.2033347690312852,True,6.06497116030765,1.9471927663734345
1,mst,-60.0,-60.0,139,0,-86.22393836865812,-54.03381173525871,333.43570544978917,26,22290.695755872042,1.4199129478964991,3.2033347690312852,True,4.500662235765824,0.43586032022087007
