Event Number,Category,Xpos,Ypos,Smeared DC Count,Smeared Background Count,True X,True Y,True Energy per Nucleon,True Z,True Height,Phi,Epsilon,Trigger,Dangle,Theta,Background
1,lst,0.0,0.0,6625,27410,91.84645248240062,-19.38591653765556,547.6884149589272,26,23220.149400429298,1.580018926679317,5.656633207786655,True,1.3662257624743213,1.467501611720194
1,mst,60.0,60.0,801,3663,91.84645248240062,-19.38591653765556,547.6884149589272,26,23220.149400429298,1.580018926679317,5.656633207786655,True,0.39283882540089193,1.344507815723071
1,mst,60.0,-60.0,236,6196,91.84645248240062,-19.38591653765556,547.6884149589272,26,23220.149400429298,1.580018926679317,5.656633207786655,True,2.4737599157557697,0.8245726658810817
1,mst,-60.0,60.0,45,2580,91.84645248240062,-19.38591653765556,547.6884149589272,26,23220.149400429298,1.580018926679317,5.656633207786655,True,1.0871903791612876,2.6730861045513046
1,mst,-60.0,-60.0,153,3335,91.84645248240062,-19.38591653765556,547.6884149589272,26,23220.149400429298,1.580018926679317,5.656633207786655,True,1.8341882499145583,2.442555046643043
