Event Number,Category,Xpos,Ypos,Smeared DC Count,Smeared Background Count,True X,True Y,True Energy per Nucleon,True Z,True Height,Phi,Epsilon,Trigger,Dangle,Theta,Background
1,lst,0.0,0.0,6123,98988,38.393601587479566,62.53874056897004,964.2534717282899,26,31176.15150982284,1.8506151807679878,3.0632756273718145,True,2.5860679162564164,1.4743094037668854
1,mst,60.0,60.0,31,22451,38.393601587479566,62.53874056897004,964.2534717282899,26,31176.15150982284,1.8506151807679878,3.0632756273718145,True,4.585821850000465,0.44899584466102127
1,mst,60.0,-60.0,182,10280,38.393601587479566,62.53874056897004,964.2534717282899,26,31176.15150982284,1.8506151807679878,3.0632756273718145,True,3.327161397621468,2.491669880305696
1,mst,-60.0,60.0,589,12663,38.393601587479566,62.53874056897004,964.2534717282899,26,31176.15150982284,1.8506151807679878,3.0632756273718145,True,1.5807964891818944,2.043370389680771
1,mst,-60.0,-60.0,0,8255,38.393601587479566,62.53874056897004,964.2534717282899,26,31176.15150982284,1.8506151807679878,3.0632756273718145,False,2.489609732893218,3.1714374113907575
