Event Number,Category,Xpos,Ypos,Smeared Count,True X,True Y,True Energy per Nucleon,True Z,True Height,Phi,Epsilon,Trigger,Dangle,Theta,Background
1,lst,0.0,0.0,1412.4988689922225,10.313392426841318,-26.97728031697075,325.68593444203543,26,21246.48008673052,1.8354992397689733,0.7251743040769552,False,0.3642861079890028,0.42971786489358815
1,mst,60.0,60.0,1245.7074378699908,10.313392426841318,-26.97728031697075,325.68593444203543,26,21246.48008673052,1.8354992397689733,0.7251743040769552,True,5.7411338648584165,1.4795869242956992
1,mst,60.0,-60.0,547.1187066024343,10.313392426841318,-26.97728031697075,325.68593444203543,26,21246.48008673052,1.8354992397689733,0.7251743040769552,True,4.125171067028443,0.9299640528746803
1,mst,-60.0,60.0,331.1915140126128,10.313392426841318,-26.97728031697075,325.68593444203543,26,21246.48008673052,1.8354992397689733,0.7251743040769552,True,0.6835018983822596,1.6393168149525976
1,mst,-60.0,-60.0,819.2278695984072,10.313392426841318,-26.97728031697075,325.68593444203543,26,21246.48008673052,1.8354992397689733,0.7251743040769552,True,2.001828020512124,1.1582065210478492
2,lst,0.0,0.0,2926.7916970031156,8.983066477755898,-1.2665297178007506,1171.1221529371905,26,23632.77503326787,1.6408600249123846,3.6446606221549054,False,1.4245716758007791,0.14002309436425545
2,mst,60.0,60.0,983.8432969734564,8.983066477755898,-1.2665297178007506,1171.1221529371905,26,23632.77503326787,1.6408600249123846,3.6446606221549054,True,5.6026128432767,1.2012804001208304
2,mst,60.0,-60.0,921.0223982567211,8.983066477755898,-1.2665297178007506,1171.1221529371905,26,23632.77503326787,1.6408600249123846,3.6446606221549054,True,3.8688953231018415,1.17231172894084
2,mst,-60.0,60.0,1154.9944254548413,8.983066477755898,-1.2665297178007506,1171.1221529371905,26,23632.77503326787,1.6408600249123846,3.6446606221549054,True,0.8515739405428713,1.3800713451924365
2,mst,-60.0,-60.0,1115.9700014494708,8.983066477755898,-1.2665297178007506,1171.1221529371905,26,23632.77503326787,1.6408600249123846,3.6446606221549054,True,2.2569886988764116,1.354015845128399
