Event Number,Category,Xpos,Ypos,Smeared Count,True X,True Y,True Energy per Nucleon,True Z,True Height,Phi,Epsilon,Trigger,Dangle,Theta,Background
1,lst,0.0,0.0,3080.798043304369,-36.583120644819516,4.6014762001646545,1133.6176821984336,26,21825.890878201048,1.5175191180018321,2.697076332217284,False,4.582314711425626,0.5247572931295019
1,mst,60.0,60.0,1017.027736877784,-36.583120644819516,4.6014762001646545,1133.6176821984336,26,21825.890878201048,1.5175191180018321,2.697076332217284,True,5.231408517569907,1.5482086351419744
1,mst,60.0,-60.0,383.9616224709956,-36.583120644819516,4.6014762001646545,1133.6176821984336,26,21825.890878201048,1.5175191180018321,2.697076332217284,True,4.116311798793147,1.6264446647823367
1,mst,-60.0,60.0,741.402074116472,-36.583120644819516,4.6014762001646545,1133.6176821984336,26,21825.890878201048,1.5175191180018321,2.697076332217284,True,0.41125130236659857,0.8525661218687384
1,mst,-60.0,-60.0,780.832420025318,-36.583120644819516,4.6014762001646545,1133.6176821984336,26,21825.890878201048,1.5175191180018321,2.697076332217284,True,2.7873503103449093,0.9594335340557635
2,lst,0.0,0.0,933.154311283672,11.437205907147899,-12.99396006739093,283.47272388012135,26,20757.42868345091,1.863866133134515,5.2209455169467995,False,0.7310950511774307,0.2728320152402817
2,mst,60.0,60.0,964.4283117895524,11.437205907147899,-12.99396006739093,283.47272388012135,26,20757.42868345091,1.863866133134515,5.2209455169467995,True,5.697450147415273,1.2820737487047629
2,mst,60.0,-60.0,584.0210063690802,11.437205907147899,-12.99396006739093,283.47272388012135,26,20757.42868345091,1.863866133134515,5.2209455169467995,True,3.9458601180571784,1.0116479291400962
2,mst,-60.0,60.0,836.5695139902115,11.437205907147899,-12.99396006739093,283.47272388012135,26,20757.42868345091,1.863866133134515,5.2209455169467995,True,0.794141247360368,1.5600599225563547
2,mst,-60.0,-60.0,944.5344043995153,11.437205907147899,-12.99396006739093,283.47272388012135,26,20757.42868345091,1.863866133134515,5.2209455169467995,True,2.1336720835726877,1.3688405587130121
