Event Number,Category,Xpos,Ypos,Smeared DC Count,Smeared Background Count,True X,True Y,True Energy per Nucleon,True Z,True Height,Phi,Epsilon,Trigger,Dangle,Theta,Background
1,lst,0.0,0.0,863,0,3.7884588622945046,30.472025248585282,367.93569056372604,26,25174.24974509977,1.6070731985589848,1.133624175202881,True,3.0221936728893524,0.598842713722183
1,mst,60.0,60.0,385,0,3.7884588622945046,30.472025248585282,367.93569056372604,26,25174.24974509977,1.6070731985589848,1.133624175202881,True,5.208564421095743,1.2642020353999217
1,mst,60.0,-60.0,0,0,3.7884588622945046,30.472025248585282,367.93569056372604,26,25174.24974509977,1.6070731985589848,1.133624175202881,False,3.70401677262096,2.111079433068603
1,mst,-60.0,60.0,791,0,3.7884588622945046,30.472025248585282,367.93569056372604,26,25174.24974509977,1.6070731985589848,1.133624175202881,True,1.1381621584757753,1.3965700154698744
1,mst,-60.0,-60.0,253,0,3.7884588622945046,30.472025248585282,367.93569056372604,26,25174.24974509977,1.6070731985589848,1.133624175202881,True,2.52239668335693,2.1828925555748606
2,lst,0.0,0.0,2007,26721,-2.2159895190795282,53.70125428620088,524.9126553100335,26,29865.43063358592,1.629322599260095,5.218609992933797,True,3.1906126042169674,1.3090980963210055
2,mst,60.0,60.0,703,6717,-2.2159895190795282,53.70125428620088,524.9126553100335,26,29865.43063358592,1.629322599260095,5.218609992933797,True,4.806437310200648,1.514418796451401
2,mst,60.0,-60.0,0,3461,-2.2159895190795282,53.70125428620088,524.9126553100335,26,29865.43063358592,1.629322599260095,5.218609992933797,False,3.648237547873811,3.1403623797102336
2,mst,-60.0,60.0,416,4755,-2.2159895190795282,53.70125428620088,524.9126553100335,26,29865.43063358592,1.629322599260095,5.218609992933797,True,1.4324531226425643,1.4055342034256464
2,mst,-60.0,-60.0,37,2900,-2.2159895190795282,53.70125428620088,524.9126553100335,26,29865.43063358592,1.629322599260095,5.218609992933797,True,2.66810802094215,3.09799366697836
