Event Number,Category,Xpos,Ypos,Smeared DC Count,Smeared Background Count,True X,True Y,True Energy per Nucleon,True Z,True Height,Phi,Epsilon,Trigger,Dangle,Theta,Background
1,lst,0.0,0.0,316,20615,-45.23675707359567,10.592782164094558,464.9803875833104,26,29616.251518247675,1.8275731412282439,5.132734586376884,True,4.477722898429115,1.1093420975565025
1,mst,60.0,60.0,151,2207,-45.23675707359567,10.592782164094558,464.9803875833104,26,29616.251518247675,1.8275731412282439,5.132734586376884,True,5.147061086127356,2.793377594543221
1,mst,60.0,-60.0,35,1506,-45.23675707359567,10.592782164094558,464.9803875833104,26,29616.251518247675,1.8275731412282439,5.132734586376884,True,4.132489511847775,3.0859777453263724
1,mst,-60.0,60.0,512,2751,-45.23675707359567,10.592782164094558,464.9803875833104,26,29616.251518247675,1.8275731412282439,5.132734586376884,True,0.29473507257982584,1.2751870229199758
1,mst,-60.0,-60.0,292,3096,-45.23675707359567,10.592782164094558,464.9803875833104,26,29616.251518247675,1.8275731412282439,5.132734586376884,True,2.918711101596497,1.8341826696670158
