Event Number,Category,Xpos,Ypos,Smeared DC Count,Smeared Background Count,True X,True Y,True Energy per Nucleon,True Z,True Height,Phi,Epsilon,Trigger,Dangle,Theta,Background
1,lst,0.0,0.0,1783,93929,31.696389277026867,27.402848474634965,772.6748883576156,26,28360.020128541757,1.8461953348243916,0.8929633571576276,True,2.2924325162579375,0.7735332075463803
1,mst,60.0,60.0,206,17263,31.696389277026867,27.402848474634965,772.6748883576156,26,28360.020128541757,1.8461953348243916,0.8929633571576276,True,5.557198221582745,0.805296425914999
1,mst,60.0,-60.0,406,11010,31.696389277026867,27.402848474634965,772.6748883576156,26,28360.020128541757,1.8461953348243916,0.8929633571576276,True,3.462341160040129,1.7533820003305198
1,mst,-60.0,60.0,1491,10855,31.696389277026867,27.402848474634965,772.6748883576156,26,28360.020128541757,1.8461953348243916,0.8929633571576276,True,1.2279931763605776,1.7477132635136994
1,mst,-60.0,-60.0,34,6512,31.696389277026867,27.402848474634965,772.6748883576156,26,28360.020128541757,1.8461953348243916,0.8929633571576276,True,2.340732628981974,2.338417914815129
