Event Number,Category,Xpos,Ypos,Smeared DC Count,Smeared Background Count,True X,True Y,True Energy per Nucleon,True Z,True Height,Phi,Epsilon,Trigger,Dangle,Theta,Background
1,lst,0.0,0.0,173,112824,-22.86151514162431,6.274672262531453,846.515751753657,26,32222.38948133635,1.444721424392524,6.2113963226277145,True,4.463443108515522,0.5465182631530937
1,mst,60.0,60.0,62,9766,-22.86151514162431,6.274672262531453,846.515751753657,26,32222.38948133635,1.444721424392524,6.2113963226277145,True,5.295883725690617,2.313573345173304
1,mst,60.0,-60.0,0,9603,-22.86151514162431,6.274672262531453,846.515751753657,26,32222.38948133635,1.444721424392524,6.2113963226277145,False,4.048246410089779,2.506127992287895
1,mst,-60.0,60.0,949,17431,-22.86151514162431,6.274672262531453,846.515751753657,26,32222.38948133635,1.444721424392524,6.2113963226277145,True,0.6042970573182296,1.523861095208753
1,mst,-60.0,-60.0,763,15114,-22.86151514162431,6.274672262531453,846.515751753657,26,32222.38948133635,1.444721424392524,6.2113963226277145,True,2.6366367675656206,1.8138455851017674
