Event Number,Category,Xpos,Ypos,Smeared DC Count,Smeared Background Count,True X,True Y,True Energy per Nucleon,True Z,True Height,Phi,Epsilon,Trigger,Dangle,Theta,Background
1,lst,0.0,0.0,1364,431147,-38.330889608129,-4.5181916651771985,2124.2803436919294,26,27733.55750021702,1.5412376462704713,1.2705371835288843,True,4.858814897203065,0.6882595598411385
1,mst,60.0,60.0,250,24455,-38.330889608129,-4.5181916651771985,2124.2803436919294,26,27733.55750021702,1.5412376462704713,1.2705371835288843,True,5.296941332392857,2.0962650493534505
1,mst,60.0,-60.0,0,29177,-38.330889608129,-4.5181916651771985,2124.2803436919294,26,27733.55750021702,1.5412376462704713,1.2705371835288843,False,4.197669637392162,2.0072511141180867
1,mst,-60.0,60.0,982,51874,-38.330889608129,-4.5181916651771985,2124.2803436919294,26,27733.55750021702,1.5412376462704713,1.2705371835288843,True,0.3193110554434416,1.208237604736892
1,mst,-60.0,-60.0,688,51103,-38.330889608129,-4.5181916651771985,2124.2803436919294,26,27733.55750021702,1.5412376462704713,1.2705371835288843,True,2.773306449081679,1.0491000903967242
2,lst,0.0,0.0,1870,411057,41.70874617234071,47.957489891834626,3374.488378081422,26,37740.9536413882,1.2533996591927494,0.1779610380030228,True,2.4235534942769807,1.7370591681830816
2,mst,60.0,60.0,51,122803,41.70874617234071,47.957489891834626,3374.488378081422,26,37740.9536413882,1.2533996591927494,0.1779610380030228,True,5.30382326189488,0.5608284830519086
2,mst,60.0,-60.0,47,41583,41.70874617234071,47.957489891834626,3374.488378081422,26,37740.9536413882,1.2533996591927494,0.1779610380030228,True,3.3054019465208637,3.0091779251348227
2,mst,-60.0,60.0,160,40853,41.70874617234071,47.957489891834626,3374.488378081422,26,37740.9536413882,1.2533996591927494,0.1779610380030228,True,1.4415762346634482,2.6212480555370825
2,mst,-60.0,-60.0,0,23939,41.70874617234071,47.957489891834626,3374.488378081422,26,37740.9536413882,1.2533996591927494,0.1779610380030228,False,2.3937646389105054,4.003636168576377
