Event Number,Category,Xpos,Ypos,Smeared DC Count,Smeared Background Count,True X,True Y,True Energy per Nucleon,True Z,True Height,Phi,Epsilon,Trigger,Dangle,Theta,Background
1,lst,0.0,0.0,1207,0,-76.70482939785776,90.37274374069182,319.8894085308894,26,22682.3467324947,1.6082176311850902,0.28647450660136214,True,3.8399897146775634,2.0405770331321094
1,mst,60.0,60.0,89,0,-76.70482939785776,90.37274374069182,319.8894085308894,26,22682.3467324947,1.6082176311850902,0.28647450660136214,True,4.502271007731159,2.4224663177305166
1,mst,60.0,-60.0,0,0,-76.70482939785776,90.37274374069182,319.8894085308894,26,22682.3467324947,1.6082176311850902,0.28647450660136214,False,3.8811946129365835,3.5286369844409653
1,mst,-60.0,60.0,193,0,-76.70482939785776,90.37274374069182,319.8894085308894,26,22682.3467324947,1.6082176311850902,0.28647450660136214,True,3.6517728964574085,0.6021482210872138
1,mst,-60.0,-60.0,55,0,-76.70482939785776,90.37274374069182,319.8894085308894,26,22682.3467324947,1.6082176311850902,0.28647450660136214,True,3.250756448776887,2.6234333627370714
