Event Number,Category,Xpos,Ypos,Smeared DC Count,Smeared Background Count,True X,True Y,True Energy per Nucleon,True Z,True Height,Phi,Epsilon,Trigger,Dangle,Theta,Background
1,lst,0.0,0.0,2506,43805,-34.7791935894336,44.34432448302431,599.444528206016,26,32670.962024644734,1.929898029218452,3.2726951903426795,True,3.8011187965392637,1.4376418746520585
1,mst,60.0,60.0,65,5521,-34.7791935894336,44.34432448302431,599.444528206016,26,32670.962024644734,1.929898029218452,3.2726951903426795,True,4.863427252558274,2.6198951924943716
1,mst,60.0,-60.0,0,3495,-34.7791935894336,44.34432448302431,599.444528206016,26,32670.962024644734,1.929898029218452,3.2726951903426795,False,3.8833112682891424,3.65526539631692
1,mst,-60.0,60.0,122,8042,-34.7791935894336,44.34432448302431,599.444528206016,26,32670.962024644734,1.929898029218452,3.2726951903426795,True,1.029130157180318,0.8418668188893513
1,mst,-60.0,-60.0,61,4654,-34.7791935894336,44.34432448302431,599.444528206016,26,32670.962024644734,1.929898029218452,3.2726951903426795,True,2.8985529037031097,2.751630695494842
