Event Number,Category,Xpos,Ypos,Smeared DC Count,Smeared Background Count,True X,True Y,True Energy per Nucleon,True Z,True Height,Phi,Epsilon,Trigger,Dangle,Theta,Background
1,lst,0.0,0.0,6000,36521,86.70974897834057,-22.343846539999262,654.3718233997735,26,25649.397305220966,1.50460050204866,4.407800058477797,True,1.3064842733033173,1.5263841027956127
1,mst,60.0,60.0,690,9128,86.70974897834057,-22.343846539999262,654.3718233997735,26,25649.397305220966,1.50460050204866,4.407800058477797,True,0.315091889164748,1.4688827490906853
1,mst,60.0,-60.0,178,9177,86.70974897834057,-22.343846539999262,654.3718233997735,26,25649.397305220966,1.50460050204866,4.407800058477797,True,2.5178889666037203,0.7884958313492774
1,mst,-60.0,60.0,0,4196,86.70974897834057,-22.343846539999262,654.3718233997735,26,25649.397305220966,1.50460050204866,4.407800058477797,False,1.0548450894333041,2.876767647566143
1,mst,-60.0,-60.0,104,3778,86.70974897834057,-22.343846539999262,654.3718233997735,26,25649.397305220966,1.50460050204866,4.407800058477797,True,1.8218102986929827,2.6085909622738304
2,lst,0.0,0.0,5120,31859,-18.61802471674133,69.30394656979439,607.977935647324,26,24374.517177518803,1.6433972192232515,3.4359283115660326,True,3.409793004905521,1.1711584456654
2,mst,60.0,60.0,1476,6237,-18.61802471674133,69.30394656979439,607.977935647324,26,24374.517177518803,1.6433972192232515,3.4359283115660326,True,4.591898803826834,1.2955302544436678
2,mst,60.0,-60.0,0,3881,-18.61802471674133,69.30394656979439,607.977935647324,26,24374.517177518803,1.6433972192232515,3.4359283115660326,False,3.6778075983667593,2.4457850680343722
2,mst,-60.0,60.0,317,9288,-18.61802471674133,69.30394656979439,607.977935647324,26,24374.517177518803,1.6433972192232515,3.4359283115660326,True,1.7964217206189192,0.6849523868727155
2,mst,-60.0,-60.0,248,4646,-18.61802471674133,69.30394656979439,607.977935647324,26,24374.517177518803,1.6433972192232515,3.4359283115660326,True,2.833109968904122,2.2210621379801068
