Event Number,Category,Xpos,Ypos,Smeared DC Count,Smeared Background Count,True X,True Y,True Energy per Nucleon,True Z,True Height,Phi,Epsilon,Trigger,Dangle,Theta,Background
1,lst,0.0,0.0,832,517354,1.8581583532877062,-34.46405208847327,3311.7953555265444,26,30012.435713295086,1.3528095544602723,4.675255242043527,True,0.04094112867067914,0.6619607769820935
1,mst,60.0,60.0,123,41408,1.8581583532877062,-34.46405208847327,3311.7953555265444,26,30012.435713295086,1.3528095544602723,4.675255242043527,True,5.742454256383941,2.0750007622483047
1,mst,60.0,-60.0,537,63732,1.8581583532877062,-34.46405208847327,3311.7953555265444,26,30012.435713295086,1.3528095544602723,4.675255242043527,True,4.2984193740521395,1.1828446301856368
1,mst,-60.0,60.0,115,37584,1.8581583532877062,-34.46405208847327,3311.7953555265444,26,30012.435713295086,1.3528095544602723,4.675255242043527,True,0.5683387745466373,2.172554510105588
1,mst,-60.0,-60.0,771,60214,1.8581583532877062,-34.46405208847327,3311.7953555265444,26,30012.435713295086,1.3528095544602723,4.675255242043527,True,1.9563614143982992,1.299955563844291
2,lst,0.0,0.0,1345,249916,22.97149178718962,-29.50478741406249,1667.495296033654,26,35494.91597462929,1.4259218620533658,3.6574507686747624,True,0.6692767843113838,0.9658708494974563
2,mst,60.0,60.0,188,25916,22.97149178718962,-29.50478741406249,1667.495296033654,26,35494.91597462929,1.4259218620533658,3.6574507686747624,True,5.889823552255067,2.492460513685001
2,mst,60.0,-60.0,235,43081,22.97149178718962,-29.50478741406249,1667.495296033654,26,35494.91597462929,1.4259218620533658,3.6574507686747624,True,4.016456172202879,1.2069363938167401
2,mst,-60.0,60.0,0,23473,22.97149178718962,-29.50478741406249,1667.495296033654,26,35494.91597462929,1.4259218620533658,3.6574507686747624,False,0.7585586029949128,3.124019107164352
2,mst,-60.0,-60.0,121,26251,22.97149178718962,-29.50478741406249,1667.495296033654,26,35494.91597462929,1.4259218620533658,3.6574507686747624,True,1.9347793804856026,2.251673622209626
