Event Number,Category,Xpos,Ypos,Smeared DC Count,Smeared Background Count,True X,True Y,True Energy per Nucleon,True Z,True Height,Phi,Epsilon,Trigger,Dangle,Theta,Background
1,lst,0.0,0.0,2134,0,-13.759578835454818,-56.96210669925806,257.50881039109834,26,24023.382758550153,1.774279936886631,0.060809848777694096,True,6.037884506388587,1.378083126142943
1,mst,60.0,60.0,32,0,-13.759578835454818,-56.96210669925806,257.50881039109834,26,24023.382758550153,1.774279936886631,0.060809848777694096,True,5.7023232666102945,3.2462654524703387
1,mst,60.0,-60.0,1025,0,-13.759578835454818,-56.96210669925806,257.50881039109834,26,24023.382758550153,1.774279936886631,0.060809848777694096,True,4.6855803864216945,1.7636430738138718
1,mst,-60.0,60.0,0,0,-13.759578835454818,-56.96210669925806,257.50881039109834,26,24023.382758550153,1.774279936886631,0.060809848777694096,False,0.36361330527598446,2.9432838228790548
1,mst,-60.0,-60.0,427,0,-13.759578835454818,-56.96210669925806,257.50881039109834,26,24023.382758550153,1.774279936886631,0.060809848777694096,True,1.6398358032325897,1.1192895705663255
