Event Number,Category,Xpos,Ypos,Smeared DC Count,Smeared Background Count,True X,True Y,True Energy per Nucleon,True Z,True Height,Phi,Epsilon,Trigger,Dangle,Theta,Background
1,lst,0.0,0.0,853,128761,-32.18631182871418,7.341718610149115,833.8042764357746,26,28850.594040513926,1.923472970997193,0.7168597478690396,True,4.486902668954215,0.6476623294112821
1,mst,60.0,60.0,326,10955,-32.18631182871418,7.341718610149115,833.8042764357746,26,28850.594040513926,1.923472970997193,0.7168597478690396,True,5.230442746513146,1.969792484461333
1,mst,60.0,-60.0,38,11049,-32.18631182871418,7.341718610149115,833.8042764357746,26,28850.594040513926,1.923472970997193,0.7168597478690396,True,4.07597255454695,2.22334240232682
1,mst,-60.0,60.0,517,15476,-32.18631182871418,7.341718610149115,833.8042764357746,26,28850.594040513926,1.923472970997193,0.7168597478690396,True,0.49024034215684054,1.0106594798915638
1,mst,-60.0,-60.0,787,12498,-32.18631182871418,7.341718610149115,833.8042764357746,26,28850.594040513926,1.923472970997193,0.7168597478690396,True,2.754906250340513,1.3863228953667608
