Event Number,Category,Xpos,Ypos,Smeared DC Count,Smeared Background Count,True X,True Y,True Energy per Nucleon,True Z,True Height,Phi,Epsilon,Trigger,Dangle,Theta,Background
1,lst,0.0,0.0,855,138,-11.850528117365087,-37.88700505785863,388.28426688643606,26,28944.44426254213,1.8940319617814603,3.2690826605111303,True,5.9847385547074845,1.1261265262903812
1,mst,60.0,60.0,0,0,-11.850528117365087,-37.88700505785863,388.28426688643606,26,28944.44426254213,1.8940319617814603,3.2690826605111303,False,5.636639203244423,3.4020243813622564
1,mst,60.0,-60.0,105,0,-11.850528117365087,-37.88700505785863,388.28426688643606,26,28944.44426254213,1.8940319617814603,3.2690826605111303,True,4.429550748171134,1.9855490481870088
1,mst,-60.0,60.0,51,0,-11.850528117365087,-37.88700505785863,388.28426688643606,26,28944.44426254213,1.8940319617814603,3.2690826605111303,True,0.4695922682456252,3.091951225343099
1,mst,-60.0,-60.0,321,0,-11.850528117365087,-37.88700505785863,388.28426688643606,26,28944.44426254213,1.8940319617814603,3.2690826605111303,True,1.9955755214513866,1.412930656497474
