Event Number,Category,Xpos,Ypos,Smeared DC Count,Smeared Background Count,True X,True Y,True Energy per Nucleon,True Z,True Height,Phi,Epsilon,Trigger,Dangle,Theta,Background
1,lst,0.0,0.0,100,455,-1.229766576912084,-19.36672596659409,389.3257129433607,26,28750.201167812374,1.439254199119427,2.64400099007574,True,6.214558614341215,0.5190949295926708
1,mst,60.0,60.0,36,59,-1.229766576912084,-19.36672596659409,389.3257129433607,26,28750.201167812374,1.439254199119427,2.64400099007574,True,5.615892766611107,2.7765329176882307
1,mst,60.0,-60.0,438,58,-1.229766576912084,-19.36672596659409,389.3257129433607,26,28750.201167812374,1.439254199119427,2.64400099007574,True,4.137053226614951,2.008037262690166
1,mst,-60.0,60.0,65,49,-1.229766576912084,-19.36672596659409,389.3257129433607,26,28750.201167812374,1.439254199119427,2.64400099007574,True,0.6295220869086985,2.721430238019511
1,mst,-60.0,-60.0,511,49,-1.229766576912084,-19.36672596659409,389.3257129433607,26,28750.201167812374,1.439254199119427,2.64400099007574,True,2.1781741099438827,1.9293119812393376
