Event Number,Category,Xpos,Ypos,Smeared Count,True X,True Y,True Energy per Nucleon,True Z,True Height,Phi,Epsilon,Trigger,Dangle,Theta,Background
1,lst,0.0,0.0,1959.18627992786,-26.264394620688762,-29.986645819304798,412.0765535011557,26,20740.780682999175,1.4005493663440327,5.501565035333063,True,5.546229434887066,0.5622745766259397
1,mst,60.0,60.0,34.96466203846546,-26.264394620688762,-29.986645819304798,412.0765535011557,26,20740.780682999175,1.4005493663440327,5.501565035333063,False,5.516678154504569,None
1,mst,60.0,-60.0,1048.198472635433,-26.264394620688762,-29.986645819304798,412.0765535011557,26,20740.780682999175,1.4005493663440327,5.501565035333063,True,4.399614280737489,1.280479084168081
1,mst,-60.0,60.0,1105.973952494245,-26.264394620688762,-29.986645819304798,412.0765535011557,26,20740.780682999175,1.4005493663440327,5.501565035333063,True,0.3477740451645974,1.3484353057653176
1,mst,-60.0,-60.0,392.86486935993275,-26.264394620688762,-29.986645819304798,412.0765535011557,26,20740.780682999175,1.4005493663440327,5.501565035333063,True,2.3006863869498795,0.6258167945630551
