Event Number,Category,Xpos,Ypos,Smeared DC Count,Smeared Background Count,True X,True Y,True Energy per Nucleon,True Z,True Height,Phi,Epsilon,Trigger,Dangle,Theta,Background
1,lst,0.0,0.0,1451,75685,1.2184786672572159,-47.69049490254575,763.0023154050815,26,29016.481033927026,1.4046242892456902,0.9542842805169728,True,0.02104837736783203,0.9316050797271771
1,mst,60.0,60.0,73,9076,1.2184786672572159,-47.69049490254575,763.0023154050815,26,29016.481033927026,1.4046242892456902,0.9542842805169728,True,5.772995582961347,2.4093591397898293
1,mst,60.0,-60.0,405,13238,1.2184786672572159,-47.69049490254575,763.0023154050815,26,29016.481033927026,1.4046242892456902,0.9542842805169728,True,4.501057902757874,1.2005524140227302
1,mst,-60.0,60.0,128,7157,1.2184786672572159,-47.69049490254575,763.0023154050815,26,29016.481033927026,1.4046242892456902,0.9542842805169728,True,0.5046995917501016,2.4065325248400757
1,mst,-60.0,-60.0,520,13531,1.2184786672572159,-47.69049490254575,763.0023154050815,26,29016.481033927026,1.4046242892456902,0.9542842805169728,True,1.7814013783574925,1.2165673424676429
2,lst,0.0,0.0,3567,88078,81.94094082523529,29.166677636506876,899.6930742389619,26,28433.686104410328,1.345514587761582,4.251212918328802,True,1.9052416886691945,1.6419694966105554
2,mst,60.0,60.0,181,23775,81.94094082523529,29.166677636506876,899.6930742389619,26,28433.686104410328,1.345514587761582,4.251212918328802,True,0.6186671733830345,0.7204560701979119
2,mst,60.0,-60.0,2341,14213,81.94094082523529,29.166677636506876,899.6930742389619,26,28433.686104410328,1.345514587761582,4.251212918328802,True,2.9129017162576,1.6838886888885924
2,mst,-60.0,60.0,77,9235,81.94094082523529,29.166677636506876,899.6930742389619,26,28433.686104410328,1.345514587761582,4.251212918328802,True,1.3578324701977844,2.741563969834826
2,mst,-60.0,-60.0,0,6951,81.94094082523529,29.166677636506876,899.6930742389619,26,28433.686104410328,1.345514587761582,4.251212918328802,False,2.1256827082830267,3.103467188940028
