Event Number,Category,Xpos,Ypos,Smeared DC Count,Smeared Background Count,True X,True Y,True Energy per Nucleon,True Z,True Height,Phi,Epsilon,Trigger,Dangle,Theta,Background
1,lst,0.0,0.0,4341,179179,86.29359452996303,-26.604858774935153,1985.8117420830656,26,25254.95120278373,1.7298517342337185,4.462385753048084,True,1.2861049018741202,1.4392804166344404
1,mst,60.0,60.0,1115,45199,86.29359452996303,-26.604858774935153,1985.8117420830656,26,25254.95120278373,1.7298517342337185,4.462385753048084,True,0.2907414530046788,1.4361804451014488
1,mst,60.0,-60.0,401,70844,86.29359452996303,-26.604858774935153,1985.8117420830656,26,25254.95120278373,1.7298517342337185,4.462385753048084,True,2.4721295901132607,0.6755223041831039
1,mst,-60.0,60.0,58,13160,86.29359452996303,-26.604858774935153,1985.8117420830656,26,25254.95120278373,1.7298517342337185,4.462385753048084,True,1.04039848607159,2.7044380451222203
1,mst,-60.0,-60.0,0,9394,86.29359452996303,-26.604858774935153,1985.8117420830656,26,25254.95120278373,1.7298517342337185,4.462385753048084,False,1.774801325619435,2.409950532242957
