Event Number,Category,Xpos,Ypos,Smeared DC Count,Smeared Background Count,True X,True Y,True Energy per Nucleon,True Z,True Height,Phi,Epsilon,Trigger,Dangle,Theta,Background
1,lst,0.0,0.0,5484,187109,59.88429644798245,26.402302760731544,1966.208167139905,26,25860.8203707094,1.440915456254314,4.985699620997084,True,1.9761085659563555,1.060634340959866
1,mst,60.0,60.0,109,65367,59.88429644798245,26.402302760731544,1966.208167139905,26,25860.8203707094,1.440915456254314,4.985699620997084,True,6.273869676665196,0.5437580760304126
1,mst,60.0,-60.0,1058,43086,59.88429644798245,26.402302760731544,1966.208167139905,26,25860.8203707094,1.440915456254314,4.985699620997084,True,3.160390054175906,1.3885688267961425
1,mst,-60.0,60.0,490,26918,59.88429644798245,26.402302760731544,1966.208167139905,26,25860.8203707094,1.440915456254314,4.985699620997084,True,1.3016043841647813,2.014666311019428
1,mst,-60.0,-60.0,129,17809,59.88429644798245,26.402302760731544,1966.208167139905,26,25860.8203707094,1.440915456254314,4.985699620997084,True,2.185764594136172,2.3886442943480684
2,lst,0.0,0.0,77,152736,7.860918075998768,16.070493633894586,846.8648308738376,26,36822.90711888946,1.4761436034520279,4.382732472569073,True,2.69819740875069,0.5985680058333469
2,mst,60.0,60.0,141,14262,7.860918075998768,16.070493633894586,846.8648308738376,26,36822.90711888946,1.4761436034520279,4.382732472569073,True,5.416449388921205,2.3072300109869746
2,mst,60.0,-60.0,0,11573,7.860918075998768,16.070493633894586,846.8648308738376,26,36822.90711888946,1.4761436034520279,4.382732472569073,False,3.7541107166687677,3.0713263187026794
2,mst,-60.0,60.0,54,13954,7.860918075998768,16.070493633894586,846.8648308738376,26,36822.90711888946,1.4761436034520279,4.382732472569073,True,0.9857655573359414,2.705126275200119
2,mst,-60.0,-60.0,34,12507,7.860918075998768,16.070493633894586,846.8648308738376,26,36822.90711888946,1.4761436034520279,4.382732472569073,True,2.423806769837368,3.4332199792202176
