Event Number,Category,Xpos,Ypos,Smeared DC Count,Smeared Background Count,True X,True Y,True Energy per Nucleon,True Z,True Height,Phi,Epsilon,Trigger,Dangle,Theta,Background
1,lst,0.0,0.0,509,280706,-13.945716467007713,20.06678035678553,1486.323055115893,26,34394.53930118418,1.4220120663188447,4.909857853189164,True,3.7373573962515776,0.6092936884066449
1,mst,60.0,60.0,185,28351,-13.945716467007713,20.06678035678553,1486.323055115893,26,34394.53930118418,1.4220120663188447,4.909857853189164,True,5.191811761890953,1.9821273896542
1,mst,60.0,-60.0,0,22771,-13.945716467007713,20.06678035678553,1486.323055115893,26,34394.53930118418,1.4220120663188447,4.909857853189164,False,3.8988952953034377,2.604858126269883
1,mst,-60.0,60.0,611,30781,-13.945716467007713,20.06678035678553,1486.323055115893,26,34394.53930118418,1.4220120663188447,4.909857853189164,True,0.8482075881701878,1.4941309754626397
1,mst,-60.0,-60.0,184,24194,-13.945716467007713,20.06678035678553,1486.323055115893,26,34394.53930118418,1.4220120663188447,4.909857853189164,True,2.6318764119170694,2.2433903893271463
