Event Number,Category,Xpos,Ypos,Smeared DC Count,Smeared Background Count,True X,True Y,True Energy per Nucleon,True Z,True Height,Phi,Epsilon,Trigger,Dangle,Theta,Background
1,lst,0.0,0.0,1700,9798,40.51070516481116,-3.8182736853150345,438.8949325048294,26,29880.24737247976,1.3614712359063859,4.621550564430992,True,1.4745792618611384,1.1716348635094278
1,mst,60.0,60.0,317,1934,40.51070516481116,-3.8182736853150345,438.8949325048294,26,29880.24737247976,1.3614712359063859,4.621550564430992,True,5.995358621421921,1.829290740141632
1,mst,60.0,-60.0,0,1768,40.51070516481116,-3.8182736853150345,438.8949325048294,26,29880.24737247976,1.3614712359063859,4.621550564430992,False,3.4822876439223522,1.6268103381330346
1,mst,-60.0,60.0,28,1364,40.51070516481116,-3.8182736853150345,438.8949325048294,26,29880.24737247976,1.3614712359063859,4.621550564430992,True,1.0146439950688515,3.3626993305326374
1,mst,-60.0,-60.0,38,1237,40.51070516481116,-3.8182736853150345,438.8949325048294,26,29880.24737247976,1.3614712359063859,4.621550564430992,True,2.0798902716619083,3.251317372610594
