Event Number,Category,Xpos,Ypos,Smeared DC Count,Smeared Background Count,True X,True Y,True Energy per Nucleon,True Z,True Height,Phi,Epsilon,Trigger,Dangle,Theta,Background
1,lst,0.0,0.0,3776,182658,-1.6002488885709454,-69.18831155059512,1659.4872674573696,26,30346.411932011357,1.9136733494233336,5.388962539628724,True,6.254533480193942,1.2390095710020255
1,mst,60.0,60.0,85,21975,-1.6002488885709454,-69.18831155059512,1659.4872674573696,26,30346.411932011357,1.9136733494233336,5.388962539628724,True,5.8200905556833735,2.5543006923995972
1,mst,60.0,-60.0,699,32179,-1.6002488885709454,-69.18831155059512,1659.4872674573696,26,30346.411932011357,1.9136733494233336,5.388962539628724,True,4.864079377887204,1.1300581746847314
1,mst,-60.0,60.0,69,16067,-1.6002488885709454,-69.18831155059512,1659.4872674573696,26,30346.411932011357,1.9136733494233336,5.388962539628724,True,0.41336855196082184,2.6205919582007713
1,mst,-60.0,-60.0,472,42297,-1.6002488885709454,-69.18831155059512,1659.4872674573696,26,30346.411932011357,1.9136733494233336,5.388962539628724,True,1.4044813040314148,1.1647287497268513
