Event Number,Category,Xpos,Ypos,Smeared DC Count,Smeared Background Count,True X,True Y,True Energy per Nucleon,True Z,True Height,Phi,Epsilon,Trigger,Dangle,Theta,Background
1,lst,0.0,0.0,672,3779,83.22543393952313,-126.20554299486173,416.533439420837,26,21583.101087799194,1.7796686780460351,1.4188685717507654,True,0.5849178298922728,2.181136138183397
1,mst,60.0,60.0,35,471,83.22543393952313,-126.20554299486173,416.533439420837,26,21583.101087799194,1.7796686780460351,1.4188685717507654,True,0.14151971997011278,2.7398080441440573
1,mst,60.0,-60.0,727,1100,83.22543393952313,-126.20554299486173,416.533439420837,26,21583.101087799194,1.7796686780460351,1.4188685717507654,True,0.33433476728647904,1.0127795289656178
1,mst,-60.0,60.0,0,266,83.22543393952313,-126.20554299486173,416.533439420837,26,21583.101087799194,1.7796686780460351,1.4188685717507654,False,0.649856383988853,3.3965593992163865
1,mst,-60.0,-60.0,302,445,83.22543393952313,-126.20554299486173,416.533439420837,26,21583.101087799194,1.7796686780460351,1.4188685717507654,True,1.1545926250135539,2.2503199560070715
