Event Number,Category,Xpos,Ypos,Smeared DC Count,Smeared Background Count,True X,True Y,True Energy per Nucleon,True Z,True Height,Phi,Epsilon,Trigger,Dangle,Theta,Background
1,lst,0.0,0.0,5283,269205,45.566945455079605,-42.103758212059546,1999.631436743347,26,32774.48055238721,1.8536491385024974,4.596630613891898,True,0.8254846789084215,1.3633472743988384
1,mst,60.0,60.0,285,18378,45.566945455079605,-42.103758212059546,1999.631436743347,26,32774.48055238721,1.8536491385024974,4.596630613891898,True,6.151392354813987,2.199884584827916
1,mst,60.0,-60.0,62,61388,45.566945455079605,-42.103758212059546,1999.631436743347,26,32774.48055238721,1.8536491385024974,4.596630613891898,True,3.8142466301044085,0.4823953664124165
1,mst,-60.0,60.0,29,15157,45.566945455079605,-42.103758212059546,1999.631436743347,26,32774.48055238721,1.8536491385024974,4.596630613891898,True,0.7987238700427205,3.231616034783999
1,mst,-60.0,-60.0,0,26593,45.566945455079605,-42.103758212059546,1999.631436743347,26,32774.48055238721,1.8536491385024974,4.596630613891898,False,1.74077772645341,2.3810878402491475
