x 1,y 1,Count 1,Bkg Count 1,Telescope 1,Dangle 1,Altitude 1,x 2,y 2,Count 2,Bkg Count 2,Telescope 2,Dangle 2,Altitude 2,x 3,y 3,Count 3,Bkg Count 3,Telescope 3,Dangle 3,Altitude 3,x 4,y 4,Count 4,Bkg Count 4,Telescope 4,Dangle 4,Altitude 4,x 5,y 5,Count 5,Bkg Count 5,Telescope 5,Dangle 5,Altitude 5,True X,True Y,True Energy Per Nucleon,True Z,True Height,Detecions,Phi,Epsilon,Theta
0.0,0.0,2083.0,111808.0,lst,2.500485606496971,1.2372775032566634,60.0,60.0,186.0,21492.0,mst,5.247091459109542,0.8368209883432938,60.0,-60.0,61.0,13237.0,mst,3.4321176707062158,2.590725573095393,-60.0,60.0,388.0,12351.0,mst,1.3923027293982642,2.049173400931141,-60.0,-60.0,0.0,10400.0,mst,2.4390294110802295,3.212955927212301,29.914165704363,41.711448766113875,900.0059247758103,26,32939.88842815229,4,1.2503653834632404,0.5690761431362026
0.0,0.0,4163.0,164743.0,lst,0.01281830840106474,0.9863171337765806,60.0,60.0,0.0,16338.0,mst,5.839503096802242,2.110781427563932,60.0,-60.0,857.0,32227.0,mst,4.785257865893311,0.9021671362022093,-60.0,60.0,105.0,14467.0,mst,0.4446284144617909,2.1165069914807857,-60.0,-60.0,688.0,31543.0,mst,1.5125208102051826,0.9298676645316855,1.1468091177049757,-63.79349607644288,1417.2964813333735,26,24132.148637545542,4,1.79061152891362,2.736254906001957
0.0,0.0,1594.0,56049.0,lst,4.692537438961989,0.893138487958432,60.0,60.0,0.0,4944.0,mst,5.221723559298346,2.347636862725259,60.0,-60.0,59.0,5744.0,mst,4.202880887314158,2.2939586422619427,-60.0,60.0,535.0,10775.0,mst,0.23855620092547916,1.2589832526895979,-60.0,-60.0,624.0,12213.0,mst,2.918108965077592,1.1795659023598484,-45.921484450192736,0.5176029709089676,669.4712886252526,26,28946.242203266094,4,1.8715744101545255,3.904904304116435
0.0,0.0,851.0,78740.0,lst,3.5048034958260974,0.752474321281978,60.0,60.0,49.0,8818.0,mst,5.11825221562097,1.940155012216321,60.0,-60.0,68.0,7623.0,mst,3.8064713007310362,2.7624031833962945,-60.0,60.0,461.0,14401.0,mst,1.0041760005902096,1.397077841452423,-60.0,-60.0,36.0,8116.0,mst,2.637881741797937,2.402096099451901,-11.509620450936183,29.612080662327344,719.420076015793,26,32234.48352640269,5,1.8392392139458844,2.5558884624538805
