x 1,y 1,Count 1,Bkg Count 1,Telescope 1,Dangle 1,Altitude 1,x 2,y 2,Count 2,Bkg Count 2,Telescope 2,Dangle 2,Altitude 2,x 3,y 3,Count 3,Bkg Count 3,Telescope 3,Dangle 3,Altitude 3,x 4,y 4,Count 4,Bkg Count 4,Telescope 4,Dangle 4,Altitude 4,x 5,y 5,Count 5,Bkg Count 5,Telescope 5,Dangle 5,Altitude 5,True X,True Y,True Energy Per Nucleon,True Z,True Height,Detecions,Phi,Epsilon,Theta
0.0,0.0,1680.0,151307.0,lst,5.327793549513853,1.3842090879487043,60.0,60.0,0.0,13245.0,mst,5.440100590292957,3.4093509797630843,60.0,-60.0,129.0,14410.0,mst,4.472104710971821,2.482768974807029,-60.0,60.0,296.0,16525.0,mst,0.12431429333537909,2.3212314111043706,-60.0,-60.0,135.0,33743.0,mst,2.691985168363774,0.6092434343707204,-47.67952664731726,-34.0293944251722,1074.2847641614587,26,33684.08982279345,4,1.9363229181661508,3.2609452491569946
0.0,0.0,2163.0,34597.0,lst,4.287612410511681,1.2677935920550338,60.0,60.0,78.0,2591.0,mst,5.07818895386165,2.8641245993666864,60.0,-60.0,0.0,3229.0,mst,4.067223763942265,3.357125088330847,-60.0,60.0,436.0,8062.0,mst,0.33500131137419464,1.0229394892767063,-60.0,-60.0,424.0,4548.0,mst,2.969136210531828,2.0355125243163297,-46.319355157419395,20.70518288709266,524.164093746034,26,30309.02685272869,4,1.7607392506069641,1.6612365450101452
