x 1,y 1,Count 1,Bkg Count 1,Telescope 1,Dangle 1,Altitude 1,x 2,y 2,Count 2,Bkg Count 2,Telescope 2,Dangle 2,Altitude 2,x 3,y 3,Count 3,Bkg Count 3,Telescope 3,Dangle 3,Altitude 3,x 4,y 4,Count 4,Bkg Count 4,Telescope 4,Dangle 4,Altitude 4,x 5,y 5,Count 5,Bkg Count 5,Telescope 5,Dangle 5,Altitude 5,True X,True Y,True Energy Per Nucleon,True Z,True Height,Detecions,Phi,Epsilon,Theta
0.0,0.0,869.0,52265.0,lst,5.0372074120704635,2.0171369213234227,60.0,60.0,0.0,4406.0,mst,5.231212446741986,3.3786831997517486,60.0,-60.0,30.0,5886.0,mst,4.598918397049407,2.905623933372996,-60.0,60.0,139.0,8292.0,mst,5.780097529975221,1.897785475327704,-60.0,-60.0,495.0,14652.0,mst,4.3729993008729995,0.9533387991402688,-115.50696286217536,-40.54890131969037,878.6879966074858,26,25611.79484729144,4,1.8965323902800824,2.078676349098055
0.0,0.0,941.0,5481.0,lst,2.009480255664833,0.8179021721349856,60.0,60.0,371.0,796.0,mst,5.700215411003109,1.2087399389206428,60.0,-60.0,273.0,865.0,mst,3.485403379014475,1.8632276740159508,-60.0,60.0,123.0,416.0,mst,1.133133227903737,2.3282014096523107,-60.0,-60.0,88.0,644.0,mst,2.2618909682763864,2.759726844782931,31.89092704064231,14.993692380026346,408.9571764498792,26,27694.272499240014,5,1.3811749521575667,6.104857810182979
0.0,0.0,208.0,58522.0,lst,3.509862990298749,1.675730753781485,60.0,60.0,407.0,6538.0,mst,4.588323435916279,1.876024695635895,60.0,-60.0,0.0,4142.0,mst,3.7334229902257268,3.4651121391329336,-60.0,60.0,211.0,13924.0,mst,1.8919769285046424,0.7578161779665796,-60.0,-60.0,34.0,6186.0,mst,2.891319967960392,3.0110932767240857,-27.38648596269327,70.38489890230676,651.1263743720475,26,30001.593349626586,4,1.8845899566408892,6.156253612492427
