x 1,y 1,Count 1,Bkg Count 1,Telescope 1,Dangle 1,Altitude 1,x 2,y 2,Count 2,Bkg Count 2,Telescope 2,Dangle 2,Altitude 2,x 3,y 3,Count 3,Bkg Count 3,Telescope 3,Dangle 3,Altitude 3,x 4,y 4,Count 4,Bkg Count 4,Telescope 4,Dangle 4,Altitude 4,x 5,y 5,Count 5,Bkg Count 5,Telescope 5,Dangle 5,Altitude 5,True X,True Y,True Energy Per Nucleon,True Z,True Height,Detecions,Phi,Epsilon,Theta
0.0,0.0,4161.0,0.0,lst,3.17175258638092,1.3890523191565731,60.0,60.0,606.0,0.0,mst,4.505000417975642,1.2155118892664503,60.0,-60.0,51.0,0.0,mst,3.566868298450636,2.8145630019342955,-60.0,60.0,710.0,0.0,mst,1.7795141732394466,1.155436286375545,-60.0,-60.0,0.0,0.0,mst,2.7468563791012697,2.8031181121133604,-2.018934441032428,71.64818332142707,276.0751945597721,26,23053.43873209971,4,1.7205442993891662,4.456346530438098
0.0,0.0,12258.0,29146.0,lst,0.5901203762841678,1.7319564425224965,60.0,60.0,231.0,3230.0,mst,0.06458480376222392,2.1823226155265028,60.0,-60.0,311.0,12087.0,mst,0.22317498006487613,0.6440780974410274,-60.0,60.0,0.0,2704.0,mst,0.6779848510809552,2.8210731645945852,-60.0,-60.0,999.0,3853.0,mst,1.2410988277852077,1.9078650108007131,71.71605737089345,-108.26322081963096,641.7154244374477,26,20576.89921210888,4,1.8537018436614008,5.014259238344197
0.0,0.0,8607.0,47599.0,lst,5.078176954394196,1.5885974055517356,60.0,60.0,0.0,4193.0,mst,5.3190699689657714,3.6026643288708753,60.0,-60.0,26.0,6604.0,mst,4.412618041809722,3.1049096625941424,-60.0,60.0,147.0,9865.0,mst,6.278514544639696,2.0477098887745795,-60.0,-60.0,248.0,13671.0,mst,3.1533943746760613,0.9056691930298991,-60.133053759442916,-23.717377187553353,685.324144283931,26,31870.289466051137,4,1.685469575127657,5.72594141110936
