x 1,y 1,Count 1,Bkg Count 1,Telescope 1,Dangle 1,Altitude 1,x 2,y 2,Count 2,Bkg Count 2,Telescope 2,Dangle 2,Altitude 2,x 3,y 3,Count 3,Bkg Count 3,Telescope 3,Dangle 3,Altitude 3,x 4,y 4,Count 4,Bkg Count 4,Telescope 4,Dangle 4,Altitude 4,x 5,y 5,Count 5,Bkg Count 5,Telescope 5,Dangle 5,Altitude 5,True X,True Y,True Energy Per Nucleon,True Z,True Height,Detecions,Phi,Epsilon,Theta
0.0,0.0,2382.0,21726.0,lst,2.2947903217508174,0.8315089330445579,60.0,60.0,86.0,5601.0,mst,5.574893326805394,0.5360958886913503,60.0,-60.0,775.0,2686.0,mst,3.3721021406454446,1.6082782448969164,-60.0,60.0,1413.0,2897.0,mst,1.3224511703676567,1.636181858944618,-60.0,-60.0,0.0,2027.0,mst,2.347354751266524,2.2403560043855473,37.911294613598216,34.52481929837006,493.24702521303334,26,23965.236292515372,4,1.8111492580044826,6.021298366549266
0.0,0.0,2005.0,72696.0,lst,2.8045921099379303,1.3314078718984226,60.0,60.0,400.0,15889.0,mst,5.051481325457471,1.329830641505461,60.0,-60.0,37.0,8187.0,mst,3.5604836126250463,3.2289201921347366,-60.0,60.0,91.0,13298.0,mst,1.3601868204983416,2.170296820927197,-60.0,-60.0,0.0,6896.0,mst,2.5383744007742637,3.6586281778931538,14.82305700874852,44.08047259869946,786.6813446070445,26,34478.926141179145,4,1.4099786170741824,5.548616351997084
0.0,0.0,3123.0,6287.0,lst,3.765753980794007,1.4452961760214382,60.0,60.0,106.0,996.0,mst,4.813112423905153,2.220593537044235,60.0,-60.0,0.0,536.0,mst,3.8712835770339615,3.3821223065592916,-60.0,60.0,43.0,1902.0,mst,1.1957405493015578,0.5678750785805202,-60.0,-60.0,100.0,795.0,mst,2.9262465594835048,2.6054054606451134,-37.08279228342519,50.723355630513936,425.24466398801997,26,27882.814285194872,4,1.4244251361483309,5.290762108816832
