x 1,y 1,Count 1,Bkg Count 1,Telescope 1,Dangle 1,Altitude 1,x 2,y 2,Count 2,Bkg Count 2,Telescope 2,Dangle 2,Altitude 2,x 3,y 3,Count 3,Bkg Count 3,Telescope 3,Dangle 3,Altitude 3,x 4,y 4,Count 4,Bkg Count 4,Telescope 4,Dangle 4,Altitude 4,x 5,y 5,Count 5,Bkg Count 5,Telescope 5,Dangle 5,Altitude 5,True X,True Y,True Energy Per Nucleon,True Z,True Height,Detecions,Phi,Epsilon,Theta
0.0,0.0,4718.0,89568.0,lst,1.440610761686783,1.4611497681033294,60.0,60.0,707.0,20625.0,mst,0.2323209342375187,1.32952932092821,60.0,-60.0,410.0,26493.0,mst,2.7886147936130556,0.9437354476557415,-60.0,60.0,32.0,10416.0,mst,1.0872039319524784,2.862656426215498,-60.0,-60.0,0.0,10501.0,mst,1.9309086417467751,2.6940389666952926,78.56500356419889,-10.858268650361822,1110.4721447798834,26,28294.227403200766,4,1.3111137403433244,4.445720589234554
0.0,0.0,2989.0,122432.0,lst,3.3419856782607646,1.1087487052845504,60.0,60.0,660.0,21362.0,mst,4.756845282834998,1.3830051330053428,60.0,-60.0,0.0,8832.0,mst,3.680312463288324,2.6663036081640836,-60.0,60.0,229.0,25959.0,mst,1.4915677311074504,0.9334939416627389,-60.0,-60.0,164.0,13581.0,mst,2.74732223453378,2.452009083571594,-11.300390898222474,56.47421603246735,1045.2970410870398,26,29334.711170609386,4,1.4476527441356897,1.1892664496414103
0.0,0.0,4665.0,20670.0,lst,4.9669478423037825,1.404166101932327,60.0,60.0,0.0,1495.0,mst,5.243755576785277,2.788257051578987,60.0,-60.0,29.0,2297.0,mst,4.4227755309022765,2.51371027206846,-60.0,60.0,1304.0,4146.0,mst,6.051291137441764,1.437691278371922,-60.0,-60.0,306.0,6950.0,mst,3.5667948579622224,0.802635063367062,-78.49650434544156,-19.212308988988497,511.1539994647038,26,25663.68568508969,4,1.7495553610589674,4.516436435024413
