x 1,y 1,Count 1,Bkg Count 1,Telescope 1,Dangle 1,Altitude 1,x 2,y 2,Count 2,Bkg Count 2,Telescope 2,Dangle 2,Altitude 2,x 3,y 3,Count 3,Bkg Count 3,Telescope 3,Dangle 3,Altitude 3,x 4,y 4,Count 4,Bkg Count 4,Telescope 4,Dangle 4,Altitude 4,x 5,y 5,Count 5,Bkg Count 5,Telescope 5,Dangle 5,Altitude 5,True X,True Y,True Energy Per Nucleon,True Z,True Height,Detecions,Phi,Epsilon,Theta
0.0,0.0,2715.0,61254.0,lst,1.4200151575681856,1.480880764257132,60.0,60.0,49.0,8537.0,mst,6.11606294282125,2.0070776766967047,60.0,-60.0,534.0,10540.0,mst,3.326743672442067,1.5052744501868334,-60.0,60.0,0.0,5997.0,mst,1.0077964122159537,3.794718026674619,-60.0,-60.0,21.0,5102.0,mst,2.0140392290732083,3.5146180222387358,49.81732091761873,-7.887003784403532,673.2251826715715,26,33745.10212561909,4,1.7620022091039311,3.9570209257578317
0.0,0.0,17116.0,0.0,lst,4.161360820759686,1.7245083144917148,60.0,60.0,36.0,0.0,mst,4.736539876630635,2.3877571648231393,60.0,-60.0,0.0,0.0,mst,4.055830128101202,3.022906704118687,-60.0,60.0,173.0,0.0,mst,4.738115660796609,0.5131124046305319,-60.0,-60.0,281.0,0.0,mst,3.406610652870612,1.9384176103939041,-93.0332060080683,58.8592992357824,373.6406426484187,26,22506.98305590079,4,1.3867077524393505,4.6012612966078255
0.0,0.0,4076.0,66636.0,lst,3.1861308695337875,1.1284488472968357,60.0,60.0,615.0,13818.0,mst,4.50047649400782,0.9660088716876905,60.0,-60.0,0.0,6290.0,mst,3.583597043494948,2.301078086538167,-60.0,60.0,377.0,15004.0,mst,1.7974510522922338,0.9115665588386279,-60.0,-60.0,84.0,4800.0,mst,2.730996090184144,2.2921822262735883,-2.9390100656020195,73.09338644611893,736.3506637647911,26,24323.282333458432,4,1.803869801993843,5.330049487389564
