x 1,y 1,Count 1,Bkg Count 1,Telescope 1,Dangle 1,Altitude 1,x 2,y 2,Count 2,Bkg Count 2,Telescope 2,Dangle 2,Altitude 2,x 3,y 3,Count 3,Bkg Count 3,Telescope 3,Dangle 3,Altitude 3,x 4,y 4,Count 4,Bkg Count 4,Telescope 4,Dangle 4,Altitude 4,x 5,y 5,Count 5,Bkg Count 5,Telescope 5,Dangle 5,Altitude 5,True X,True Y,True Energy Per Nucleon,True Z,True Height,Detecions,Phi,Epsilon,Theta
0.0,0.0,903.0,2967.0,lst,1.6206683230148078,1.224537792515757,60.0,60.0,98.0,335.0,mst,5.873741371640594,2.0901481351891356,60.0,-60.0,187.0,622.0,mst,3.496684598492673,2.2702491281662267,-60.0,60.0,21.0,311.0,mst,1.0254740813985828,3.794896574926975,-60.0,-60.0,0.0,183.0,mst,2.1449258414338908,3.8726418323736365,35.67202498127327,2.550831291589674,400.27153283898457,26,30099.192964784455,4,1.565420211371679,5.683567148296831
0.0,0.0,0.0,3495.0,lst,4.6768772130813705,1.6939621685881052,60.0,60.0,27.0,377.0,mst,5.023548799128158,2.734487181840907,60.0,-60.0,28.0,416.0,mst,4.363456171158243,2.687505286388354,-60.0,60.0,654.0,927.0,mst,5.502816208359512,1.2215485372985837,-60.0,-60.0,1037.0,957.0,mst,3.8656726669896755,1.2052977739430841,-116.07973718382165,3.01946627373448,417.8654038621306,26,22922.714612861677,4,1.2355414141161438,4.037399954805299
0.0,0.0,621.0,34016.0,lst,3.6713391186510362,2.125403528375276,60.0,60.0,138.0,7180.0,mst,4.419805527370304,2.3154708618637105,60.0,-60.0,0.0,3557.0,mst,3.795095389425527,3.697943173997324,-60.0,60.0,276.0,10505.0,mst,3.0619884194707248,0.701831342649267,-60.0,-60.0,21.0,5344.0,mst,3.124596581160158,2.954188991397497,-57.30528287801759,97.28472800248531,661.3677868775948,26,27693.039985055497,4,1.4240419570832836,3.668601444577175
