x 1,y 1,Count 1,Bkg Count 1,Telescope 1,Dangle 1,Altitude 1,x 2,y 2,Count 2,Bkg Count 2,Telescope 2,Dangle 2,Altitude 2,x 3,y 3,Count 3,Bkg Count 3,Telescope 3,Dangle 3,Altitude 3,x 4,y 4,Count 4,Bkg Count 4,Telescope 4,Dangle 4,Altitude 4,x 5,y 5,Count 5,Bkg Count 5,Telescope 5,Dangle 5,Altitude 5,True X,True Y,True Energy Per Nucleon,True Z,True Height,Detecions,Phi,Epsilon,Theta
0.0,0.0,1524.0,237210.0,lst,4.358866836255048,1.1560836893053268,60.0,60.0,114.0,25857.0,mst,5.128210632040001,2.8749320781908607,60.0,-60.0,0.0,17643.0,mst,4.067731117286026,3.2731027912590407,-60.0,60.0,560.0,52479.0,mst,0.3818888357664988,1.2593577926051114,-60.0,-60.0,188.0,29560.0,mst,2.905266853290011,2.0025902478893296,-41.501810402171074,15.206124492345793,1591.551175529191,26,35765.01052183107,4,1.497736241628533,2.673010842025751
0.0,0.0,2342.0,329226.0,lst,3.2040085725233274,0.7138842348002244,60.0,60.0,662.0,45450.0,mst,5.029523455759902,1.2346372875223224,60.0,-60.0,167.0,19551.0,mst,3.7008036783809315,2.1511917784534926,-60.0,60.0,221.0,34337.0,mst,1.2168545946149816,1.0712793154346603,-60.0,-60.0,25.0,27895.0,mst,2.6316496366672713,2.0282540715703816,-2.505498178540279,39.783903449861924,1723.4484401932662,26,28854.954059713196,5,1.8106349343004724,1.7788419426384565
