x 1,y 1,Count 1,Bkg Count 1,Telescope 1,Dangle 1,Altitude 1,x 2,y 2,Count 2,Bkg Count 2,Telescope 2,Dangle 2,Altitude 2,x 3,y 3,Count 3,Bkg Count 3,Telescope 3,Dangle 3,Altitude 3,x 4,y 4,Count 4,Bkg Count 4,Telescope 4,Dangle 4,Altitude 4,x 5,y 5,Count 5,Bkg Count 5,Telescope 5,Dangle 5,Altitude 5,True X,True Y,True Energy Per Nucleon,True Z,True Height,Detecions,Phi,Epsilon,Theta
0.0,0.0,4084.0,64907.0,lst,5.743868544255745,1.452314782765377,60.0,60.0,0.0,5311.0,mst,5.613692225631232,3.5025545101949427,60.0,-60.0,318.0,8326.0,mst,4.619444471519692,2.1377833602911767,-60.0,60.0,35.0,7584.0,mst,0.24627086664418327,2.8349079398839514,-60.0,-60.0,149.0,14884.0,mst,1.837919373504992,0.7295611114992813,-30.538715868708465,-51.57615236558823,698.016781279971,26,31864.076415394808,4,1.321957599581865,3.5614828806874512
0.0,0.0,6289.0,20689.0,lst,5.887115023032787,1.5336684337408506,60.0,60.0,0.0,3183.0,mst,5.693096291042716,3.2313940289134213,60.0,-60.0,1169.0,5262.0,mst,4.8038968927435315,1.816336229529265,-60.0,60.0,35.0,3504.0,mst,0.26262320643202397,2.7578632630773487,-60.0,-60.0,225.0,8131.0,mst,1.2929259650135925,0.7119425472192716,-27.020304925052102,-68.85108061275659,538.8885105055089,26,28457.446489436636,4,1.4152502924150507,6.044853655040216
0.0,0.0,3531.0,0.0,lst,0.5549928519708861,0.9360789560417488,60.0,60.0,793.0,0.0,mst,6.015938125979333,1.8516779614378949,60.0,-60.0,227.0,0.0,mst,4.341179877353114,0.5150150653826516,-60.0,60.0,389.0,0.0,mst,0.7096871543358206,2.3329915934165064,-60.0,-60.0,1332.0,0.0,mst,1.6962732022240135,1.5426730294120987,30.680472784586186,-48.671763328878384,271.6841997670109,26,21383.315960476208,5,1.730681671752012,0.035435680259389715
0.0,0.0,721.0,184703.0,lst,5.457055148076437,0.6560386370857809,60.0,60.0,167.0,17112.0,mst,5.479144062622534,2.12066909805197,60.0,-60.0,3548.0,25259.0,mst,4.350765634135173,1.5844417888503532,-60.0,60.0,542.0,21227.0,mst,0.36932365656291416,1.6899879994818785,-60.0,-60.0,342.0,32838.0,mst,2.408339386616006,0.870894492846394,-27.219273146403054,-25.142554904374222,1280.020302205635,26,28934.513563021836,5,1.244377812757417,4.223602418333091
