x 1,y 1,Count 1,Bkg Count 1,Telescope 1,Dangle 1,Altitude 1,x 2,y 2,Count 2,Bkg Count 2,Telescope 2,Dangle 2,Altitude 2,x 3,y 3,Count 3,Bkg Count 3,Telescope 3,Dangle 3,Altitude 3,x 4,y 4,Count 4,Bkg Count 4,Telescope 4,Dangle 4,Altitude 4,x 5,y 5,Count 5,Bkg Count 5,Telescope 5,Dangle 5,Altitude 5,True X,True Y,True Energy Per Nucleon,True Z,True Height,Detecions,Phi,Epsilon,Theta
0.0,0.0,1796.0,104504.0,lst,1.8851430963746882,1.083448273835647,60.0,60.0,555.0,19653.0,mst,5.945424808289603,1.0910189339989071,60.0,-60.0,1380.0,10842.0,mst,3.3529265346745496,1.759568123982842,-60.0,60.0,56.0,8407.0,mst,1.1546989505161882,2.63343307678437,-60.0,-60.0,0.0,7473.0,mst,2.181045317837199,2.964080398074684,44.938736002552076,14.467886723701326,795.8144457464042,26,31531.31558737297,4,1.620708963166185,2.2949679749153846
0.0,0.0,4355.0,144427.0,lst,1.8082317456271213,1.2443817052336454,60.0,60.0,411.0,40637.0,mst,0.40916475740178543,0.6701957909089612,60.0,-60.0,1187.0,28770.0,mst,2.9031673480090174,1.3009784096100236,-60.0,60.0,358.0,13936.0,mst,1.288498815412764,2.184197384448261,-60.0,-60.0,0.0,12329.0,mst,2.0867959988258775,2.4702610288034497,77.45977443534431,19.428946109761625,1326.8536550652873,26,25466.877573956943,4,1.835009375548896,0.597440472021145
0.0,0.0,323.0,86097.0,lst,0.5179625694011749,0.6667604226716617,60.0,60.0,0.0,10210.0,mst,5.731864130608353,2.714286194324985,60.0,-60.0,586.0,14737.0,mst,4.027426777429713,1.8546900982654146,-60.0,60.0,75.0,9054.0,mst,0.7256507052122292,3.167536732195438,-60.0,-60.0,102.0,14856.0,mst,2.0976004894614517,2.439301528303457,10.934621977770803,-19.53367664971543,737.4146545522395,26,34588.03579052731,4,1.3882118956606777,5.067108396442686
