x 1,y 1,Count 1,Bkg Count 1,Telescope 1,Dangle 1,Altitude 1,x 2,y 2,Count 2,Bkg Count 2,Telescope 2,Dangle 2,Altitude 2,x 3,y 3,Count 3,Bkg Count 3,Telescope 3,Dangle 3,Altitude 3,x 4,y 4,Count 4,Bkg Count 4,Telescope 4,Dangle 4,Altitude 4,x 5,y 5,Count 5,Bkg Count 5,Telescope 5,Dangle 5,Altitude 5,True X,True Y,True Energy Per Nucleon,True Z,True Height,Detecions,Phi,Epsilon,Theta
0.0,0.0,2316.0,58059.0,lst,0.7431631661152185,2.070884995561742,60.0,60.0,69.0,7805.0,mst,0.19387013422150448,2.474683604832097,60.0,-60.0,448.0,26419.0,mst,0.6834018253110551,0.8113383082067046,-60.0,60.0,0.0,4430.0,mst,0.7499246026710624,3.3770590558276026,-60.0,-60.0,90.0,12321.0,mst,1.3130577957070113,2.384405025096479,93.27364080433952,-101.0087671082056,1007.5022632006737,26,23474.845739389293,4,1.371455204745707,3.7021737951062064
0.0,0.0,346.0,66355.0,lst,4.766079472263205,0.5431185741846086,60.0,60.0,215.0,8858.0,mst,5.368308956104209,2.4564635385840687,60.0,-60.0,166.0,7286.0,mst,4.0736881741093605,2.4401320809458245,-60.0,60.0,803.0,10907.0,mst,0.5566431506926338,1.7413839799087547,-60.0,-60.0,0.0,9514.0,mst,2.588706511129972,1.681470069340775,-22.021155095134887,-1.0924993911408194,706.8768518508805,26,31630.0975843846,4,1.565356707274077,0.8185892033036705
0.0,0.0,4714.0,265856.0,lst,5.2072041945710525,1.3920451631507305,60.0,60.0,0.0,17840.0,mst,5.386129881297547,3.4648648222566156,60.0,-60.0,71.0,30295.0,mst,4.412086005417516,2.8127573128150343,-60.0,60.0,390.0,38435.0,mst,0.1299524572800543,2.1913444112407428,-60.0,-60.0,114.0,69430.0,mst,2.8084121149453596,0.8856914246151152,-48.468087108523775,-26.13172377413632,2339.965319725518,26,35637.69139104159,4,1.4465001442551022,3.742207502082563
