x 1,y 1,Count 1,Bkg Count 1,Telescope 1,Dangle 1,Altitude 1,x 2,y 2,Count 2,Bkg Count 2,Telescope 2,Dangle 2,Altitude 2,x 3,y 3,Count 3,Bkg Count 3,Telescope 3,Dangle 3,Altitude 3,x 4,y 4,Count 4,Bkg Count 4,Telescope 4,Dangle 4,Altitude 4,x 5,y 5,Count 5,Bkg Count 5,Telescope 5,Dangle 5,Altitude 5,True X,True Y,True Energy Per Nucleon,True Z,True Height,Detecions,Phi,Epsilon,Theta
0.0,0.0,141.0,41309.0,lst,0.776132667601957,0.7244785873415315,60.0,60.0,37.0,3478.0,mst,5.74377656811071,2.8230886743417933,60.0,-60.0,454.0,3245.0,mst,3.948810361153826,1.9253509165971368,-60.0,60.0,0.0,4574.0,mst,0.7968123056236381,3.603736585437293,-60.0,-60.0,75.0,7112.0,mst,2.119754515667292,2.87323442809317,15.036539688393418,-15.720991289722463,561.3296752771724,26,33441.23978625407,4,1.2662437367777306,4.215468368444492
0.0,0.0,2842.0,10691.0,lst,2.2721150447800493,1.150906121380322,60.0,60.0,159.0,2743.0,mst,5.659661530567232,0.7297197874124032,60.0,-60.0,97.0,1402.0,mst,3.3494304446954515,2.0113718943652357,-60.0,60.0,166.0,1188.0,mst,1.301338092167208,2.3933819338875835,-60.0,-60.0,29.0,770.0,mst,2.3249902213945983,2.972122091767046,41.12693161287021,34.14453582976731,439.24934812020376,26,28441.656273117314,5,1.2232330311048618,3.3236780857058634
0.0,0.0,3372.0,21846.0,lst,0.5049445364471025,1.3299580084605305,60.0,60.0,65.0,2934.0,mst,5.987046227677406,2.739028410212483,60.0,-60.0,72.0,3516.0,mst,4.350758219494505,0.9434728285914279,-60.0,60.0,0.0,2904.0,mst,0.6828949249987282,3.4672089858957373,-60.0,-60.0,30.0,2977.0,mst,1.7311504169004321,2.3149816565752777,26.166918000485452,-46.161967016526845,498.7698851059038,26,30665.602105323287,4,1.878368654426229,5.844972454952368
0.0,0.0,1841.0,0.0,lst,3.09162737310701,1.1447881023333266,60.0,60.0,689.0,0.0,mst,4.708674627301558,1.0665570351505784,60.0,-60.0,0.0,0.0,mst,3.5944490975181593,2.5253646320406506,-60.0,60.0,334.0,0.0,mst,1.5554341534585672,1.2108944670949378,-60.0,-60.0,129.0,0.0,mst,2.642552145328678,2.6085966625784267,3.6673716226659394,59.98385267588807,269.3768699030659,26,22649.12922054184,4,1.4794036191626834,5.275172149108329
