x 1,y 1,Count 1,Bkg Count 1,Telescope 1,Dangle 1,Altitude 1,x 2,y 2,Count 2,Bkg Count 2,Telescope 2,Dangle 2,Altitude 2,x 3,y 3,Count 3,Bkg Count 3,Telescope 3,Dangle 3,Altitude 3,x 4,y 4,Count 4,Bkg Count 4,Telescope 4,Dangle 4,Altitude 4,x 5,y 5,Count 5,Bkg Count 5,Telescope 5,Dangle 5,Altitude 5,True X,True Y,True Energy Per Nucleon,True Z,True Height,Detecions,Phi,Epsilon,Theta
0.0,0.0,1669.0,0.0,lst,4.073598542259572,0.9109411532517947,60.0,60.0,47.0,0.0,mst,5.109033471221422,2.3799629251475,60.0,-60.0,0.0,0.0,mst,3.9615622234374475,3.0251988648782113,-60.0,60.0,449.0,0.0,mst,0.6672290010509215,1.1963330782990598,-60.0,-60.0,235.0,0.0,mst,2.791168779278708,2.1687524357682446,-29.707937173529785,22.33827031891167,238.79353433708647,26,23468.40523021071,4,1.696635682677579,0.8473886066353026
0.0,0.0,0.0,18575.0,lst,2.880724854824253,1.728085562891348,60.0,60.0,434.0,5717.0,mst,3.800754921015362,0.8736010527806779,60.0,-60.0,31.0,2657.0,mst,3.3286268093965066,2.7468019884771486,-60.0,60.0,83.0,4203.0,mst,2.005059010946239,1.5936886148847782,-60.0,-60.0,22.0,1712.0,mst,2.647000846675936,3.0233883462388755,26.534838755615965,100.94754017155051,532.698155093552,26,24458.84761181085,4,1.4551391012696735,1.2811637126989432
