x 1,y 1,Count 1,Bkg Count 1,Telescope 1,Dangle 1,Altitude 1,x 2,y 2,Count 2,Bkg Count 2,Telescope 2,Dangle 2,Altitude 2,x 3,y 3,Count 3,Bkg Count 3,Telescope 3,Dangle 3,Altitude 3,x 4,y 4,Count 4,Bkg Count 4,Telescope 4,Dangle 4,Altitude 4,x 5,y 5,Count 5,Bkg Count 5,Telescope 5,Dangle 5,Altitude 5,True X,True Y,True Energy Per Nucleon,True Z,True Height,Detecions,Phi,Epsilon,Theta
0.0,0.0,1336.0,59009.0,lst,2.5843860086987505,1.2856339951889797,60.0,60.0,422.0,10338.0,mst,5.2702021411777835,1.3227697155654674,60.0,-60.0,50.0,6762.0,mst,3.496875241099806,3.0310429506435246,-60.0,60.0,118.0,5513.0,mst,1.2967729620267177,2.678566327639612,-60.0,-60.0,0.0,5069.0,mst,2.4529883891543545,3.869409239617713,22.487458401146938,36.49616641214456,634.307838524802,26,33933.847438514626,4,1.3117657118287265,4.19574110840883
0.0,0.0,61.0,20258.0,lst,3.8120201656296957,0.42794143764881115,60.0,60.0,645.0,1739.0,mst,5.27736921375246,1.8880735577639391,60.0,-60.0,115.0,998.0,mst,3.900077039320281,2.162424700014629,-60.0,60.0,490.0,1954.0,mst,0.8124076154857737,1.4747080328463131,-60.0,-60.0,894.0,1565.0,mst,2.5742459411898686,1.8477505617093353,-12.72190720690358,15.73472925863453,449.99177471521716,26,28206.880364600373,5,1.9029248506545857,3.3259437843829174
0.0,0.0,589.0,0.0,lst,2.224941910969003,0.5485087008658509,60.0,60.0,561.0,0.0,mst,5.58663544487073,0.9563694776021151,60.0,-60.0,945.0,0.0,mst,3.5704492483009775,1.542101709116299,-60.0,60.0,490.0,0.0,mst,1.1431710642970405,1.6635157656739432,-60.0,-60.0,573.0,0.0,mst,2.325436965672312,2.0762382292519006,25.10766296576901,18.939833885444557,345.0125326201849,26,23485.935224308705,5,1.4445203104859345,5.7536200952541625
0.0,0.0,1404.0,0.0,lst,3.359579175058956,1.1995582381147794,60.0,60.0,752.0,0.0,mst,4.548462173726595,1.2585695674675437,60.0,-60.0,0.0,0.0,mst,3.671006289247298,2.4421213484807818,-60.0,60.0,384.0,0.0,mst,1.8439036157939603,0.723872512547077,-60.0,-60.0,372.0,0.0,mst,2.8222679532183026,2.210141413217197,-16.684348263577533,72.16921681484757,342.85282512265945,26,22329.370731573512,4,1.3945419058405324,2.2520934908075962
