x 1,y 1,Count 1,Bkg Count 1,Telescope 1,Dangle 1,Altitude 1,x 2,y 2,Count 2,Bkg Count 2,Telescope 2,Dangle 2,Altitude 2,x 3,y 3,Count 3,Bkg Count 3,Telescope 3,Dangle 3,Altitude 3,x 4,y 4,Count 4,Bkg Count 4,Telescope 4,Dangle 4,Altitude 4,x 5,y 5,Count 5,Bkg Count 5,Telescope 5,Dangle 5,Altitude 5,True X,True Y,True Energy Per Nucleon,True Z,True Height,Detecions,Phi,Epsilon,Theta
0.0,0.0,659.0,0.0,lst,5.7073136786602925,2.1852931128911925,60.0,60.0,0.0,0.0,mst,5.599158767554324,4.071262391680752,60.0,-60.0,33.0,0.0,mst,4.90601994638864,2.680070816123358,-60.0,60.0,45.0,0.0,mst,0.047412047352892055,3.054700214118497,-60.0,-60.0,57.0,0.0,mst,0.32832092200500346,0.4605277406871754,-52.96784296599182,-81.32292602972002,304.7738746948627,26,25354.501383669987,4,1.1931013260334353,1.4042096889894422
0.0,0.0,0.0,104334.0,lst,0.052007487613005776,None,60.0,60.0,1315.0,9797.0,mst,5.613086975159149,1.5642191211629086,60.0,-60.0,513.0,12474.0,mst,4.075324286485012,1.1999703129554107,-60.0,60.0,1743.0,9266.0,mst,0.677905027283541,1.5582491512575085,-60.0,-60.0,761.0,8413.0,mst,2.205069927287765,1.2212492254871303,0.8680258389743472,-15.826228995440317,728.5896608541203,26,24633.459801149696,4,1.4676059584033487,4.77694075881546
0.0,0.0,795.0,18982.0,lst,4.642875800509474,0.6484317028327466,60.0,60.0,0.0,2361.0,mst,5.285457295007788,2.378814279475982,60.0,-60.0,48.0,2245.0,mst,4.096338317591211,2.3811258700455875,-60.0,60.0,605.0,2417.0,mst,0.4938716595218921,1.520859060894841,-60.0,-60.0,1649.0,1959.0,mst,2.6908276686714827,1.5819162929711412,-28.520909679659226,2.3562819904127252,464.12971793694544,26,28770.035454673864,4,1.3173890744148253,4.105154342674384
