x 1,y 1,Count 1,Bkg Count 1,Telescope 1,Dangle 1,Altitude 1,x 2,y 2,Count 2,Bkg Count 2,Telescope 2,Dangle 2,Altitude 2,x 3,y 3,Count 3,Bkg Count 3,Telescope 3,Dangle 3,Altitude 3,x 4,y 4,Count 4,Bkg Count 4,Telescope 4,Dangle 4,Altitude 4,x 5,y 5,Count 5,Bkg Count 5,Telescope 5,Dangle 5,Altitude 5,True X,True Y,True Energy Per Nucleon,True Z,True Height,Detecions,Phi,Epsilon,Theta
0.0,0.0,239.0,0.0,lst,5.498100536733705,1.9367100535499018,60.0,60.0,0.0,0.0,mst,5.500174326210166,3.3855494535943236,60.0,-60.0,144.0,0.0,mst,4.853829360993283,2.40315663775827,-60.0,60.0,51.0,0.0,mst,6.1502415936145445,2.5083266883254067,-60.0,-60.0,171.0,0.0,mst,5.520518140541482,0.5125657482079096,-80.40459095664325,-81.05732313782558,321.2152892461404,26,23943.47532915522,4,1.9325934531729863,5.066071856807513
0.0,0.0,3814.0,113682.0,lst,4.964512713110264,1.3259924741419546,60.0,60.0,23.0,8443.0,mst,5.269736652880767,2.8457304952544415,60.0,-60.0,55.0,9133.0,mst,4.399463512609849,2.5517787483306695,-60.0,60.0,647.0,16497.0,mst,6.180211597393703,1.4704365537355373,-60.0,-60.0,85.0,22101.0,mst,3.346051784597118,0.8171808237341809,-68.32875747137321,-18.16819180174187,995.3499159139508,26,28886.86929968565,5,1.7538011558614142,0.439358341376557
