x 1,y 1,Count 1,Bkg Count 1,Telescope 1,Dangle 1,Altitude 1,x 2,y 2,Count 2,Bkg Count 2,Telescope 2,Dangle 2,Altitude 2,x 3,y 3,Count 3,Bkg Count 3,Telescope 3,Dangle 3,Altitude 3,x 4,y 4,Count 4,Bkg Count 4,Telescope 4,Dangle 4,Altitude 4,x 5,y 5,Count 5,Bkg Count 5,Telescope 5,Dangle 5,Altitude 5,True X,True Y,True Energy Per Nucleon,True Z,True Height,Detecions,Phi,Epsilon,Theta
0.0,0.0,2667.0,182908.0,lst,0.9551663221425578,1.5196641648702174,60.0,60.0,58.0,18353.0,mst,6.182140538363115,2.4241346620408453,60.0,-60.0,71.0,44621.0,mst,3.5611027337408405,0.7474498339658825,-60.0,60.0,0.0,16462.0,mst,0.8629542925581704,3.6832123272600215,-60.0,-60.0,25.0,17715.0,mst,1.805982006311866,2.8656062504971014,48.77712515682484,-33.625900375093906,1350.4351857693061,26,34936.95939282722,4,1.5528068661799488,3.8003535932750676
0.0,0.0,168.0,0.0,lst,1.5622428526700576,0.675097352629064,60.0,60.0,658.0,0.0,mst,5.87476867213373,1.35199774718728,60.0,-60.0,273.0,0.0,mst,3.572509166116895,1.3442474540778506,-60.0,60.0,87.0,0.0,mst,0.9973597473836401,2.3007022297836217,-60.0,-60.0,166.0,0.0,mst,2.146691464136006,2.2758662898592603,33.49010785781863,-0.5901012005790562,291.85728252161226,26,23889.1783245458,5,1.638559913828606,0.9815784468663881
0.0,0.0,2650.0,371542.0,lst,1.0667818454707634,1.4745170274568093,60.0,60.0,77.0,40007.0,mst,6.175978495980579,2.2298012175273065,60.0,-60.0,187.0,76324.0,mst,3.3929613658449576,0.7113498004990834,-60.0,60.0,0.0,19732.0,mst,0.9011700834525684,3.5395353129994724,-60.0,-60.0,59.0,33851.0,mst,1.844027766962592,2.737332146514088,51.78570039481164,-28.70065300728821,2817.9035800812535,26,35691.95668515756,4,1.9299541317706197,3.4570640560547186
