x 1,y 1,Count 1,Bkg Count 1,Telescope 1,Dangle 1,Altitude 1,x 2,y 2,Count 2,Bkg Count 2,Telescope 2,Dangle 2,Altitude 2,x 3,y 3,Count 3,Bkg Count 3,Telescope 3,Dangle 3,Altitude 3,x 4,y 4,Count 4,Bkg Count 4,Telescope 4,Dangle 4,Altitude 4,x 5,y 5,Count 5,Bkg Count 5,Telescope 5,Dangle 5,Altitude 5,True X,True Y,True Energy Per Nucleon,True Z,True Height,Detecions,Phi,Epsilon,Theta
0.0,0.0,4527.0,0.0,lst,2.9609302298296165,1.2415927453658937,60.0,60.0,654.0,0.0,mst,4.30728331818519,0.7594217123355014,60.0,-60.0,0.0,0.0,mst,3.4519172672500087,2.2127810513391823,-60.0,60.0,357.0,0.0,mst,1.8176398352030665,1.1533039458962397,-60.0,-60.0,23.0,0.0,mst,2.658057069842474,2.400021573390632,13.820997337991514,79.44461327829856,380.79247685302227,26,21546.31168369585,4,1.51901325190836,5.253162775956612
