x 1,y 1,Count 1,Bkg Count 1,Telescope 1,Dangle 1,Altitude 1,x 2,y 2,Count 2,Bkg Count 2,Telescope 2,Dangle 2,Altitude 2,x 3,y 3,Count 3,Bkg Count 3,Telescope 3,Dangle 3,Altitude 3,x 4,y 4,Count 4,Bkg Count 4,Telescope 4,Dangle 4,Altitude 4,x 5,y 5,Count 5,Bkg Count 5,Telescope 5,Dangle 5,Altitude 5,True X,True Y,True Energy Per Nucleon,True Z,True Height,Detecions,Phi,Epsilon,Theta
0.0,0.0,10258.0,9278.0,lst,1.4072951283877944,1.7651190224083821,60.0,60.0,1219.0,2127.0,mst,0.6535140834034008,1.447369251687878,60.0,-60.0,678.0,2762.0,mst,2.127040146457212,1.0487763917348212,-60.0,60.0,0.0,874.0,mst,1.1357256416059507,2.851446854698751,-60.0,-60.0,44.0,1198.0,mst,1.7922961820597576,2.6665550734318773,121.87002290293071,-21.707789321602604,471.07766809315837,26,21255.860393107738,4,1.747040942717029,5.839557475195785
0.0,0.0,3507.0,99583.0,lst,3.707430436315872,2.0074369909302665,60.0,60.0,135.0,17251.0,mst,4.691938730724665,2.687045892360147,60.0,-60.0,0.0,12067.0,mst,3.808958677623468,4.252264348988625,-60.0,60.0,47.0,36753.0,mst,1.7398240281500978,0.5791697657731142,-60.0,-60.0,25.0,11224.0,mst,2.974829103832925,3.3384674393075873,-39.06854343812215,63.47349943631943,1084.38055349149,26,35291.01927338505,4,1.4553664730043288,3.8108059854998615
0.0,0.0,956.0,0.0,lst,5.733417281543731,0.7511351516595016,60.0,60.0,63.0,0.0,mst,5.546763757660144,2.4512263364687734,60.0,-60.0,1305.0,0.0,mst,4.3761778313230835,1.744889462049727,-60.0,60.0,47.0,0.0,mst,0.4140521011609389,1.9960615018704186,-60.0,-60.0,306.0,0.0,mst,2.1866512361404884,0.9893662421603792,-19.551440994322746,-31.527776845692017,341.8410644135299,26,25202.33921060876,5,1.34700248462741,0.8446271320719144
