x 1,y 1,Count 1,Bkg Count 1,Telescope 1,Dangle 1,Altitude 1,x 2,y 2,Count 2,Bkg Count 2,Telescope 2,Dangle 2,Altitude 2,x 3,y 3,Count 3,Bkg Count 3,Telescope 3,Dangle 3,Altitude 3,x 4,y 4,Count 4,Bkg Count 4,Telescope 4,Dangle 4,Altitude 4,x 5,y 5,Count 5,Bkg Count 5,Telescope 5,Dangle 5,Altitude 5,True X,True Y,True Energy Per Nucleon,True Z,True Height,Detecions,Phi,Epsilon,Theta
0.0,0.0,1804.0,27712.0,lst,5.522200451274271,1.423370560605709,60.0,60.0,0.0,3377.0,mst,5.516568861107833,3.471887843915425,60.0,-60.0,99.0,3575.0,mst,4.547407724694637,2.566692654699486,-60.0,60.0,43.0,3548.0,mst,0.19641741936253257,2.461654790351822,-60.0,-60.0,77.0,7345.0,mst,2.282321241126908,0.6846322664838945,-39.69144529796263,-42.20110461123629,526.2887615766377,26,30556.166296426283,4,1.862057292270122,0.5483037250189553
0.0,0.0,1351.0,0.0,lst,3.8930978789570707,1.2808136704773734,60.0,60.0,98.0,0.0,mst,4.905642394780121,2.3413864484283136,60.0,-60.0,25.0,0.0,mst,3.9173758221133688,3.2194901902052666,-60.0,60.0,202.0,0.0,mst,0.851955443733878,0.7365963867220403,-60.0,-60.0,43.0,0.0,mst,2.9257035617091933,2.449632072143729,-38.38047336980908,40.81335417866765,253.80179622586866,26,24195.953742867438,5,1.2370270782446622,4.0397078902229735
0.0,0.0,1185.0,41705.0,lst,4.563257213663431,1.117897485045518,60.0,60.0,25.0,4443.0,mst,5.212616875019164,3.3279233795434737,60.0,-60.0,0.0,3695.0,mst,4.135591154870937,3.456870508499983,-60.0,60.0,471.0,5792.0,mst,0.3910499307949445,1.7515288158973497,-60.0,-60.0,271.0,5671.0,mst,2.8080979357304208,2.018209395159513,-37.63864484698695,5.772981732170365,564.7417923902791,26,32379.39638339298,4,1.7007954116972832,2.839096247951578
