x 1,y 1,Count 1,Bkg Count 1,Telescope 1,Dangle 1,Altitude 1,x 2,y 2,Count 2,Bkg Count 2,Telescope 2,Dangle 2,Altitude 2,x 3,y 3,Count 3,Bkg Count 3,Telescope 3,Dangle 3,Altitude 3,x 4,y 4,Count 4,Bkg Count 4,Telescope 4,Dangle 4,Altitude 4,x 5,y 5,Count 5,Bkg Count 5,Telescope 5,Dangle 5,Altitude 5,True X,True Y,True Energy Per Nucleon,True Z,True Height,Detecions,Phi,Epsilon,Theta
0.0,0.0,0.0,381122.0,lst,5.044359444452687,None,60.0,60.0,1347.0,22318.0,mst,5.431535363448289,1.5221747305796822,60.0,-60.0,656.0,23702.0,mst,4.053991286688349,1.444302226519471,-60.0,60.0,268.0,32724.0,mst,0.6334481980270668,1.2335428040335898,-60.0,-60.0,818.0,34816.0,mst,2.4301666360305973,1.1529595165073534,-11.549407538397247,-4.085481227016061,1540.6807008968347,26,24906.317686640927,4,1.7066847733309611,1.6093089248855608
0.0,0.0,0.0,150087.0,lst,4.238990549410446,None,60.0,60.0,1514.0,17447.0,mst,5.342909373181103,1.6825249425621722,60.0,-60.0,61.0,13016.0,mst,3.962649552738043,1.9866095149685628,-60.0,60.0,596.0,22315.0,mst,0.7013990172419693,1.2942242057648425,-60.0,-60.0,1057.0,14039.0,mst,2.536216746674436,1.642964270313325,-13.90967813878882,7.026014039981845,975.3310370566502,26,29860.881018448417,4,1.2374079366024096,6.152592102660323
