x 1,y 1,Count 1,Bkg Count 1,Telescope 1,Dangle 1,Altitude 1,x 2,y 2,Count 2,Bkg Count 2,Telescope 2,Dangle 2,Altitude 2,x 3,y 3,Count 3,Bkg Count 3,Telescope 3,Dangle 3,Altitude 3,x 4,y 4,Count 4,Bkg Count 4,Telescope 4,Dangle 4,Altitude 4,x 5,y 5,Count 5,Bkg Count 5,Telescope 5,Dangle 5,Altitude 5,True X,True Y,True Energy Per Nucleon,True Z,True Height,Detecions,Phi,Epsilon,Theta
0.0,0.0,2622.0,19852.0,lst,1.6639274685023238,1.0503258196005176,60.0,60.0,576.0,4765.0,mst,0.22404985050910306,0.861156843367767,60.0,-60.0,621.0,3741.0,mst,2.965847267215226,0.9809184949783798,-60.0,60.0,187.0,2419.0,mst,1.1987111561544432,2.1019359748702953,-60.0,-60.0,450.0,2064.0,mst,2.0541307745285566,2.090374343642858,71.30098931964989,6.922095054495685,498.76272840312265,26,23117.58870152915,5,1.90175435564217,2.5701104340334755
0.0,0.0,6401.0,0.0,lst,2.8150224160632997,1.4015730654598133,60.0,60.0,193.0,0.0,mst,4.303761611425279,0.710592742113499,60.0,-60.0,0.0,0.0,mst,3.3986102874129465,2.4994650649180716,-60.0,60.0,911.0,0.0,mst,1.727885254858469,1.5210939700562154,-60.0,-60.0,27.0,0.0,mst,2.577790022313011,2.8243289714196993,24.779827630102375,75.07458699479656,340.3676297396594,26,23826.276442414874,4,1.369570738771153,2.4155248326161765
0.0,0.0,4817.0,53628.0,lst,3.218093003435126,1.5020766621686779,60.0,60.0,719.0,10191.0,mst,4.429151629120264,1.368988156653638,60.0,-60.0,0.0,6755.0,mst,3.597096159119786,2.951053346101454,-60.0,60.0,710.0,14660.0,mst,1.9015230781741967,1.082713492372133,-60.0,-60.0,72.0,6379.0,mst,2.7722157067111994,2.7820697973467956,-6.576639842475856,79.17873160154764,742.0119313097795,26,29456.33960551908,4,1.2604257623817798,2.7176425958933756
