x 1,y 1,Count 1,Bkg Count 1,Telescope 1,Dangle 1,Altitude 1,x 2,y 2,Count 2,Bkg Count 2,Telescope 2,Dangle 2,Altitude 2,x 3,y 3,Count 3,Bkg Count 3,Telescope 3,Dangle 3,Altitude 3,x 4,y 4,Count 4,Bkg Count 4,Telescope 4,Dangle 4,Altitude 4,x 5,y 5,Count 5,Bkg Count 5,Telescope 5,Dangle 5,Altitude 5,True X,True Y,True Energy Per Nucleon,True Z,True Height,Detecions,Phi,Epsilon,Theta
0.0,0.0,3261.0,208035.0,lst,0.499728156702372,1.2444192344226754,60.0,60.0,0.0,22719.0,mst,6.083442431946488,2.154454989506247,60.0,-60.0,87.0,42340.0,mst,4.839411212560346,0.4329837067481397,-60.0,60.0,25.0,16658.0,mst,0.6516453035628982,2.7044406286189244,-60.0,-60.0,2559.0,24979.0,mst,1.529818587871771,1.6604978212493096,34.653261468594565,-63.257042417274434,1658.9907055914673,26,27545.763027771158,4,1.7505396959496085,5.617956420535166
0.0,0.0,181.0,0.0,lst,4.204983693479712,0.47828606123194184,60.0,60.0,912.0,0.0,mst,5.266347606663672,1.8962635769741452,60.0,-60.0,317.0,0.0,mst,3.985772177649261,2.183052267375007,-60.0,60.0,426.0,0.0,mst,0.6928702422534155,1.2703982956461302,-60.0,-60.0,1433.0,0.0,mst,2.6426112289005026,1.6658349878239935,-20.626126343580097,11.361723545079826,255.06925497364443,26,22716.117913015598,5,1.5916230292951816,4.523439956058471
0.0,0.0,3791.0,83907.0,lst,5.024751786539018,1.5817190662740164,60.0,60.0,0.0,6791.0,mst,5.289513816834052,3.734239777601502,60.0,-60.0,36.0,7488.0,mst,4.3883259089004,3.1712201617850435,-60.0,60.0,379.0,14733.0,mst,0.025929248943784115,2.094586170297313,-60.0,-60.0,56.0,20280.0,mst,3.090506969677363,1.042840690811795,-57.56142015057149,-18.17174951048574,839.4954508116251,26,34141.10077283002,4,1.8705743763672233,3.1250929649469157
