x 1,y 1,Count 1,Bkg Count 1,Telescope 1,Dangle 1,Altitude 1,x 2,y 2,Count 2,Bkg Count 2,Telescope 2,Dangle 2,Altitude 2,x 3,y 3,Count 3,Bkg Count 3,Telescope 3,Dangle 3,Altitude 3,x 4,y 4,Count 4,Bkg Count 4,Telescope 4,Dangle 4,Altitude 4,x 5,y 5,Count 5,Bkg Count 5,Telescope 5,Dangle 5,Altitude 5,True X,True Y,True Energy Per Nucleon,True Z,True Height,Detecions,Phi,Epsilon,Theta
0.0,0.0,1538.0,146070.0,lst,-0.0028806076922255983,1.1056129868142999,60.0,60.0,49.0,13641.0,mst,5.79384023382327,2.8354390846547792,60.0,-60.0,506.0,27048.0,mst,4.50682733186114,1.4296329554277931,-60.0,60.0,0.0,17969.0,mst,0.5118861206776437,2.8221386348245594,-60.0,-60.0,479.0,28476.0,mst,1.7756723550444056,1.4083753423088676,0.6182973948706945,-47.55523891123032,1128.3075363421733,26,33010.32949611391,4,1.378697384820492,1.443141263085153
0.0,0.0,2056.0,27160.0,lst,0.7486557776550314,1.1735774446134075,60.0,60.0,62.0,4084.0,mst,6.051128409036469,2.290754754119094,60.0,-60.0,67.0,5518.0,mst,3.9861135031361834,0.7855958057624952,-60.0,60.0,0.0,2560.0,mst,0.7724200392449376,3.064210701209326,-60.0,-60.0,343.0,3803.0,mst,1.7934488282907957,2.2246654439384086,35.9954777368707,-38.54207597133875,521.873392346213,26,29719.26685011692,4,1.8485879924032786,0.8095426078875765
