x 1,y 1,Count 1,Bkg Count 1,Telescope 1,Dangle 1,Altitude 1,x 2,y 2,Count 2,Bkg Count 2,Telescope 2,Dangle 2,Altitude 2,x 3,y 3,Count 3,Bkg Count 3,Telescope 3,Dangle 3,Altitude 3,x 4,y 4,Count 4,Bkg Count 4,Telescope 4,Dangle 4,Altitude 4,x 5,y 5,Count 5,Bkg Count 5,Telescope 5,Dangle 5,Altitude 5,True X,True Y,True Energy Per Nucleon,True Z,True Height,Detecions,Phi,Epsilon,Theta
0.0,0.0,1154.0,58683.0,lst,4.607942760877189,0.9624483194312549,60.0,60.0,102.0,6641.0,mst,5.204008333922358,2.6838040033718955,60.0,-60.0,101.0,7213.0,mst,4.156539929116002,2.7748260192551046,-60.0,60.0,442.0,10814.0,mst,0.3100336783267489,1.3583380549646935,-60.0,-60.0,478.0,10883.0,mst,2.8670707265410194,1.5464101939096881,-42.50487756162454,4.418475859394533,676.8568939281224,26,30820.011334512616,5,1.4590452501627356,4.3488217631347235
0.0,0.0,0.0,0.0,lst,0.5361180123155684,None,60.0,60.0,770.0,0.0,mst,5.66752943313758,1.6038080059027242,60.0,-60.0,731.0,0.0,mst,3.9850357446476634,1.287914645860392,-60.0,60.0,571.0,0.0,mst,0.7483677199008314,1.8361460641677665,-60.0,-60.0,1464.0,0.0,mst,2.201027186727878,1.6019471157088874,7.549247083701886,-12.768379060585886,358.88747211810335,26,24711.462616879933,4,1.8597114137665318,5.318512652356203
0.0,0.0,114.0,210555.0,lst,2.465560545160326,0.41193636699238845,60.0,60.0,783.0,25527.0,mst,5.4847515531927815,1.3729580541582351,60.0,-60.0,1273.0,22021.0,mst,3.7063442781697504,1.8773359713658206,-60.0,60.0,620.0,17735.0,mst,1.0256889768374684,1.8080210235714411,-60.0,-60.0,0.0,23432.0,mst,2.3835259288968773,2.2016784791735478,12.267585444319451,15.39543835829744,1221.8957047264105,26,31278.340021682605,4,1.650651205751517,5.866050914110256
