x 1,y 1,Count 1,Bkg Count 1,Telescope 1,Dangle 1,Altitude 1,x 2,y 2,Count 2,Bkg Count 2,Telescope 2,Dangle 2,Altitude 2,x 3,y 3,Count 3,Bkg Count 3,Telescope 3,Dangle 3,Altitude 3,x 4,y 4,Count 4,Bkg Count 4,Telescope 4,Dangle 4,Altitude 4,x 5,y 5,Count 5,Bkg Count 5,Telescope 5,Dangle 5,Altitude 5,True X,True Y,True Energy Per Nucleon,True Z,True Height,Detecions,Phi,Epsilon,Theta
0.0,0.0,1840.0,61820.0,lst,4.7594513436196415,1.0343164018167084,60.0,60.0,0.0,5491.0,mst,5.188219302551178,2.3047321941607133,60.0,-60.0,173.0,5756.0,mst,4.262876134307721,2.2142831603574415,-60.0,60.0,728.0,10311.0,mst,6.282754904160428,1.0483715349456955,-60.0,-60.0,540.0,13296.0,mst,3.160474963346593,0.9107524401155336,-61.18855154261293,-3.284298010980592,713.1396535663974,26,25603.641115550705,4,1.7895522728137845,2.644820533466561
0.0,0.0,3108.0,0.0,lst,3.7836425257486406,1.1084658469546624,60.0,60.0,593.0,0.0,mst,4.804957631472462,1.7590628200005793,60.0,-60.0,63.0,0.0,mst,3.872988659561856,2.582029821145925,-60.0,60.0,92.0,0.0,mst,1.1863998014633308,0.40919187604155965,-60.0,-60.0,755.0,0.0,mst,2.961233242810868,1.9517559347161582,-38.495305445237165,50.96054310338758,373.1021123843326,26,24191.564608647772,5,1.8114886123785985,2.888167995489811
0.0,0.0,3536.0,47438.0,lst,0.6028649899044553,1.3328998587565195,60.0,60.0,199.0,4774.0,mst,6.091933102958673,2.229558015809344,60.0,-60.0,61.0,8084.0,mst,4.483356966988208,0.4616643822424015,-60.0,60.0,0.0,3460.0,mst,0.7004308974981167,2.9855222724558543,-60.0,-60.0,229.0,4760.0,mst,1.5942583643485695,2.092415344481985,38.75409542191352,-55.0889836691276,607.758875275874,26,29605.214467269474,4,1.1884453218599458,5.907234577389367
