x 1,y 1,Count 1,Bkg Count 1,Telescope 1,Dangle 1,Altitude 1,x 2,y 2,Count 2,Bkg Count 2,Telescope 2,Dangle 2,Altitude 2,x 3,y 3,Count 3,Bkg Count 3,Telescope 3,Dangle 3,Altitude 3,x 4,y 4,Count 4,Bkg Count 4,Telescope 4,Dangle 4,Altitude 4,x 5,y 5,Count 5,Bkg Count 5,Telescope 5,Dangle 5,Altitude 5,True X,True Y,True Energy Per Nucleon,True Z,True Height,Detecions,Phi,Epsilon,Theta
0.0,0.0,5432.0,94394.0,lst,5.028321311675603,1.3423760482508906,60.0,60.0,54.0,5438.0,mst,5.290422969751067,3.056347852296118,60.0,-60.0,139.0,8706.0,mst,4.397027591404894,2.6612552609547007,-60.0,60.0,2018.0,19430.0,mst,0.002302864187196868,1.682565301555693,-60.0,-60.0,235.0,25416.0,mst,3.129556261011341,0.8349425251121951,-59.69725170211471,-19.77618955904026,919.5152972128795,26,30578.723067840234,5,1.4529549354093303,2.392119575998192
0.0,0.0,123.0,62654.0,lst,1.7368115271130191,0.5750826384161316,60.0,60.0,153.0,7082.0,mst,5.667064180593612,1.8525101925108325,60.0,-60.0,602.0,4802.0,mst,3.6794920252381274,2.0237314067371486,-60.0,60.0,0.0,4717.0,mst,0.969181356785097,2.684682379599009,-60.0,-60.0,107.0,5383.0,mst,2.242175347513744,2.801566517813387,21.01738173470855,3.720272027945697,599.4845961800883,26,32047.138099484644,4,1.5962641923424987,0.2509544531076232
0.0,0.0,1595.0,0.0,lst,4.411153992949231,1.5059608896843213,60.0,60.0,173.0,0.0,mst,4.9502453792515135,2.5009100282502583,60.0,-60.0,26.0,0.0,mst,4.1765950485372105,2.846885120847319,-60.0,60.0,310.0,0.0,mst,5.635330002394864,0.6699530559229416,-60.0,-60.0,988.0,0.0,mst,3.4242210989264956,1.5109488396269841,-84.9588934549575,26.04096149787489,289.6266135677686,26,21810.834280517345,5,1.2597682738523674,0.9901167999344271
0.0,0.0,808.0,96066.0,lst,5.839561418137414,0.608178580913866,60.0,60.0,0.0,8951.0,mst,5.5845188645661406,2.3285972325534683,60.0,-60.0,1936.0,10286.0,mst,4.27429426352722,1.586670295499396,-60.0,60.0,447.0,7326.0,mst,0.49538594648044487,2.100847637892681,-60.0,-60.0,285.0,14298.0,mst,2.1691629867991358,1.1877198987755293,-13.089678305574552,-27.22980792455705,764.5588464641845,26,29883.427043184973,4,1.8495487913040651,3.91155544966989
