x 1,y 1,Count 1,Bkg Count 1,Telescope 1,Dangle 1,Altitude 1,x 2,y 2,Count 2,Bkg Count 2,Telescope 2,Dangle 2,Altitude 2,x 3,y 3,Count 3,Bkg Count 3,Telescope 3,Dangle 3,Altitude 3,x 4,y 4,Count 4,Bkg Count 4,Telescope 4,Dangle 4,Altitude 4,x 5,y 5,Count 5,Bkg Count 5,Telescope 5,Dangle 5,Altitude 5,True X,True Y,True Energy Per Nucleon,True Z,True Height,Detecions,Phi,Epsilon,Theta
0.0,0.0,994.0,82494.0,lst,3.7107943380648134,0.9666622057463514,60.0,60.0,159.0,9931.0,mst,5.039323803607845,2.1024967394397773,60.0,-60.0,0.0,6472.0,mst,3.8656255733947953,3.013136174630497,-60.0,60.0,550.0,9194.0,mst,0.9673601492836292,1.0266597081438469,-60.0,-60.0,221.0,8353.0,mst,2.7387071114041035,2.3380396341969365,-20.97051428786594,33.15601815413942,701.4113723656078,26,31994.6752058803,4,1.2198632832655973,1.2518695797424098
0.0,0.0,354.0,51371.0,lst,4.4515382302397875,0.4372938263453746,60.0,60.0,512.0,6932.0,mst,5.295434219177253,1.9987164538392677,60.0,-60.0,360.0,6276.0,mst,4.022027771876383,2.038122274749217,-60.0,60.0,898.0,6252.0,mst,0.6132305645813191,1.379898865296858,-60.0,-60.0,949.0,6224.0,mst,2.6040597890549178,1.481101667491976,-21.624212897137397,5.650479968673608,595.6445178914148,26,28717.68945898239,5,1.2915308330114021,3.2243199992482467
0.0,0.0,36.0,127669.0,lst,2.2993571785506957,0.5028528631107914,60.0,60.0,733.0,11167.0,mst,5.521814365712143,1.7346122428427346,60.0,-60.0,305.0,12385.0,mst,3.718578773890837,2.2576672859304936,-60.0,60.0,155.0,14223.0,mst,0.9825138204867949,2.2915442159909993,-60.0,-60.0,43.0,14417.0,mst,2.3511703606725054,2.706187807961692,13.344583085274849,11.981854310943362,869.9889180670107,26,34087.31022161835,5,1.7400234235672656,6.002330570006946
