x 1,y 1,Count 1,Bkg Count 1,Telescope 1,Dangle 1,Altitude 1,x 2,y 2,Count 2,Bkg Count 2,Telescope 2,Dangle 2,Altitude 2,x 3,y 3,Count 3,Bkg Count 3,Telescope 3,Dangle 3,Altitude 3,x 4,y 4,Count 4,Bkg Count 4,Telescope 4,Dangle 4,Altitude 4,x 5,y 5,Count 5,Bkg Count 5,Telescope 5,Dangle 5,Altitude 5,True X,True Y,True Energy Per Nucleon,True Z,True Height,Detecions,Phi,Epsilon,Theta
0.0,0.0,2154.0,72063.0,lst,0.7482675736009754,0.7712969023863854,60.0,60.0,1370.0,7903.0,mst,6.106741012206579,1.321232329789054,60.0,-60.0,61.0,19694.0,mst,3.9812057643332306,0.3400017604308312,-60.0,60.0,1418.0,6574.0,mst,0.7691731101975792,1.8627439796701502,-60.0,-60.0,1351.0,9632.0,mst,1.735480829489914,1.4026177404111444,41.594693679015705,-43.36169514483426,763.6339446147514,26,22115.56661387245,5,1.9459815740035833,6.130817420385347
0.0,0.0,2599.0,0.0,lst,2.2983362847520366,1.9614008281244086,60.0,60.0,122.0,0.0,mst,2.1235648993076466,0.4367091076784904,60.0,-60.0,178.0,0.0,mst,2.992277545204482,2.3506332482655425,-60.0,60.0,64.0,0.0,mst,1.642804915732141,2.6070822961809754,-60.0,-60.0,0.0,0.0,mst,2.3141669908746754,3.484082839012166,80.5367959845062,72.64310797666116,327.5936631400155,26,23484.51177991016,4,1.2241860781515246,4.848342843310723
0.0,0.0,1688.0,141.0,lst,2.3672862796002967,1.0944603174851546,60.0,60.0,0.0,43.0,mst,5.465990276838336,None,60.0,-60.0,333.0,0.0,mst,3.237090025374265,1.643039690625256,-60.0,60.0,1998.0,0.0,mst,1.483774718463478,1.7564034929799501,-60.0,-60.0,217.0,0.0,mst,2.359581148765825,2.36282635556923,50.64665695654085,51.02987009991372,388.39601069527663,26,23392.71469948425,4,1.2131822626510302,2.9832180287095795
0.0,0.0,819.0,24922.0,lst,5.049313472752932,1.026611515262386,60.0,60.0,25.0,1894.0,mst,5.351684457766317,2.971045904398669,60.0,-60.0,54.0,1937.0,mst,4.2779054078952345,2.638613698341881,-60.0,60.0,0.0,3080.0,mst,0.2327674321392448,1.813632040163282,-60.0,-60.0,303.0,2764.0,mst,2.747707364525552,1.184071979930891,-41.369542718051036,-15.206854594816889,480.8502901345898,26,29320.799933488335,4,1.3994688429660511,5.810637020250321
