x 1,y 1,Count 1,Bkg Count 1,Telescope 1,Dangle 1,Altitude 1,x 2,y 2,Count 2,Bkg Count 2,Telescope 2,Dangle 2,Altitude 2,x 3,y 3,Count 3,Bkg Count 3,Telescope 3,Dangle 3,Altitude 3,x 4,y 4,Count 4,Bkg Count 4,Telescope 4,Dangle 4,Altitude 4,x 5,y 5,Count 5,Bkg Count 5,Telescope 5,Dangle 5,Altitude 5,True X,True Y,True Energy Per Nucleon,True Z,True Height,Detecions,Phi,Epsilon,Theta
0.0,0.0,1020.0,170858.0,lst,0.2064585314075785,0.87916098156091,60.0,60.0,0.0,14566.0,mst,5.809718509694271,2.5692635713462177,60.0,-60.0,458.0,31254.0,mst,4.310010750274547,1.3036151664274829,-60.0,60.0,65.0,14552.0,mst,0.5935834853302717,2.7804105228355773,-60.0,-60.0,556.0,24448.0,mst,1.8849983563985355,1.697568127603856,8.584023696941216,-37.53666342877362,1142.8160885275236,26,32904.08510562528,4,1.4898290071660056,4.366514786704426
0.0,0.0,1707.0,0.0,lst,6.228261773901377,0.8932192674716144,60.0,60.0,0.0,0.0,mst,5.724998184414094,2.611943276387219,60.0,-60.0,577.0,0.0,mst,4.399234918552229,1.4332617091871684,-60.0,60.0,115.0,0.0,mst,0.5105389213284351,2.5299567621709893,-60.0,-60.0,405.0,0.0,mst,1.8886898518964195,1.3381195544648787,-2.4569525685979556,-40.6593589342194,348.4387052454188,26,25961.868305229236,4,1.5984841905977423,5.590315413314808
