x 1,y 1,Count 1,Bkg Count 1,Telescope 1,Dangle 1,Altitude 1,x 2,y 2,Count 2,Bkg Count 2,Telescope 2,Dangle 2,Altitude 2,x 3,y 3,Count 3,Bkg Count 3,Telescope 3,Dangle 3,Altitude 3,x 4,y 4,Count 4,Bkg Count 4,Telescope 4,Dangle 4,Altitude 4,x 5,y 5,Count 5,Bkg Count 5,Telescope 5,Dangle 5,Altitude 5,True X,True Y,True Energy Per Nucleon,True Z,True Height,Detecions,Phi,Epsilon,Theta
0.0,0.0,404.0,6815.0,lst,4.0942723682684585,0.6919996835934257,60.0,60.0,57.0,675.0,mst,5.269353377480498,2.9256279122921187,60.0,-60.0,28.0,692.0,mst,3.945759712409159,3.513859228607951,-60.0,60.0,257.0,938.0,mst,0.7436313229684259,2.132260939015979,-60.0,-60.0,57.0,826.0,mst,2.6141336576519487,2.901025054269845,-17.430250976198295,12.485633686002672,413.11830410952444,26,30602.828817474772,5,1.303886397984134,5.369019386763502
0.0,0.0,2183.0,0.0,lst,5.633878118651056,1.3322628493907134,60.0,60.0,0.0,0.0,mst,5.550053079485862,3.1102334989576623,60.0,-60.0,398.0,0.0,mst,4.613354226684925,2.0702296201647257,-60.0,60.0,26.0,0.0,mst,0.20590308410526617,2.3131667973550756,-60.0,-60.0,57.0,0.0,mst,1.9693271695653638,0.4794211392605136,-37.753290802428424,-50.68924950895031,244.1207680894413,26,22700.051771365335,4,1.8071856403754984,1.6052367695490009
