x 1,y 1,Count 1,Bkg Count 1,Telescope 1,Dangle 1,Altitude 1,x 2,y 2,Count 2,Bkg Count 2,Telescope 2,Dangle 2,Altitude 2,x 3,y 3,Count 3,Bkg Count 3,Telescope 3,Dangle 3,Altitude 3,x 4,y 4,Count 4,Bkg Count 4,Telescope 4,Dangle 4,Altitude 4,x 5,y 5,Count 5,Bkg Count 5,Telescope 5,Dangle 5,Altitude 5,True X,True Y,True Energy Per Nucleon,True Z,True Height,Detecions,Phi,Epsilon,Theta
0.0,0.0,573.0,77812.0,lst,5.079551840035088,2.0451242827153693,60.0,60.0,0.0,5133.0,mst,5.292679251404725,4.47061553965036,60.0,-60.0,21.0,5857.0,mst,4.438117147912705,3.8204591576714027,-60.0,60.0,29.0,11292.0,mst,6.228695075592383,2.5996857683123697,-60.0,-60.0,295.0,13768.0,mst,3.2841638755969496,1.0536257737650334,-64.85751258168756,-25.84634789077448,721.3256434560061,26,34932.57748660208,4,1.848274239996774,4.992946821921974
0.0,0.0,1300.0,0.0,lst,5.8542829172484785,0.6617604291022418,60.0,60.0,106.0,0.0,mst,5.607191607325483,2.2190840378212418,60.0,-60.0,1302.0,0.0,mst,4.32877332436478,1.5402952167496915,-60.0,60.0,674.0,0.0,mst,0.47774363561074756,1.9967268413736552,-60.0,-60.0,478.0,0.0,mst,2.1351649567187656,1.1123314801673596,-14.11360107369373,-31.15798875114207,364.9138211077264,26,25648.044564878837,5,1.2751116471465207,5.299955563121058
0.0,0.0,3751.0,20183.0,lst,1.8135495733814193,1.1290462019824596,60.0,60.0,344.0,5235.0,mst,0.009354119406435428,0.8225912197452192,60.0,-60.0,1259.0,3664.0,mst,3.127989052881256,1.3512019603980054,-60.0,60.0,104.0,1886.0,mst,1.216292054235099,2.326383888262048,-60.0,-60.0,43.0,1928.0,mst,2.132430160273598,2.5808532038786094,60.552690971366076,14.979123277191235,493.4360152800017,26,25763.967587577692,5,1.6538329251850887,2.2591072438580504
