x 1,y 1,Count 1,Bkg Count 1,Telescope 1,Dangle 1,Altitude 1,x 2,y 2,Count 2,Bkg Count 2,Telescope 2,Dangle 2,Altitude 2,x 3,y 3,Count 3,Bkg Count 3,Telescope 3,Dangle 3,Altitude 3,x 4,y 4,Count 4,Bkg Count 4,Telescope 4,Dangle 4,Altitude 4,x 5,y 5,Count 5,Bkg Count 5,Telescope 5,Dangle 5,Altitude 5,True X,True Y,True Energy Per Nucleon,True Z,True Height,Detecions,Phi,Epsilon,Theta
0.0,0.0,3037.0,42888.0,lst,3.1973109769482093,1.0923586168367343,60.0,60.0,509.0,7362.0,mst,4.606802004810328,1.059440364364395,60.0,-60.0,94.0,4598.0,mst,3.5956039640739683,2.346841523652989,-60.0,60.0,372.0,10639.0,mst,1.6914712127298175,0.9266514093616004,-60.0,-60.0,363.0,4582.0,mst,2.7272479809233827,2.274283741898672,-3.9599560795801665,66.57933654858707,633.1004268011471,26,24663.100569208764,5,1.4846386070460942,1.3505592049898334
0.0,0.0,4375.0,0.0,lst,1.5531765096164678,1.5316325915970523,60.0,60.0,627.0,0.0,mst,0.24033988898646785,1.2276560854080523,60.0,-60.0,510.0,0.0,mst,2.8689480608231226,1.1247198878224525,-60.0,60.0,27.0,0.0,mst,1.144117589155552,2.9815128769287207,-60.0,-60.0,38.0,0.0,mst,1.9733618724968578,2.937540972700204,75.72473213224652,-2.312188979839192,259.5923812709769,26,22762.07199409162,5,1.9333852216887812,4.667042912398996
0.0,0.0,3364.0,8374.0,lst,5.957558658720391,1.2668802877176004,60.0,60.0,48.0,923.0,mst,5.662602722184351,3.0494474758291177,60.0,-60.0,458.0,1557.0,mst,4.650137980057818,1.770726381682777,-60.0,60.0,0.0,1031.0,mst,0.33777441478523146,2.5775648866140113,-60.0,-60.0,306.0,1518.0,mst,1.6961840237270385,0.8780644609625623,-19.42649176751027,-55.089041064167986,429.326016070511,26,27554.117940644224,4,1.8125475024545814,0.9605067570857106
