x 1,y 1,Count 1,Bkg Count 1,Telescope 1,Dangle 1,Altitude 1,x 2,y 2,Count 2,Bkg Count 2,Telescope 2,Dangle 2,Altitude 2,x 3,y 3,Count 3,Bkg Count 3,Telescope 3,Dangle 3,Altitude 3,x 4,y 4,Count 4,Bkg Count 4,Telescope 4,Dangle 4,Altitude 4,x 5,y 5,Count 5,Bkg Count 5,Telescope 5,Dangle 5,Altitude 5,True X,True Y,True Energy Per Nucleon,True Z,True Height,Detecions,Phi,Epsilon,Theta
0.0,0.0,1100.0,51099.0,lst,0.9385729482740445,1.803669895944028,60.0,60.0,41.0,7686.0,mst,6.142329869797209,2.863419525174866,60.0,-60.0,146.0,14027.0,mst,3.5751833361659533,0.7861595186303376,-60.0,60.0,0.0,3212.0,mst,0.8381082726900277,4.318391974208714,-60.0,-60.0,47.0,6038.0,mst,1.7968113110349,3.3113476885160265,48.47512828772321,-35.88957300208462,643.2050413461001,26,33628.97073013994,4,1.398088136298664,4.531944328478971
0.0,0.0,911.0,56058.0,lst,3.257669173350463,0.9650704738546421,60.0,60.0,287.0,4736.0,mst,4.999654852060957,1.664054290130885,60.0,-60.0,141.0,3340.0,mst,3.700594699579156,2.8038881225958003,-60.0,60.0,773.0,6254.0,mst,1.238380649276777,1.4692556905591654,-60.0,-60.0,67.0,3828.0,mst,2.6349171837535965,2.6956767385072458,-4.523088207992998,41.00289424919353,552.4045885983975,26,31038.663009844204,5,1.9005222771461219,3.2950054287464727
0.0,0.0,1151.0,164595.0,lst,2.4174369246678484,2.094979993066181,60.0,60.0,148.0,103963.0,mst,2.5576145311403784,0.5856901156723807,60.0,-60.0,81.0,17393.0,mst,3.0296114035514616,2.642012961597298,-60.0,60.0,26.0,25769.0,mst,1.7694080491802797,2.5168320510793762,-60.0,-60.0,0.0,9737.0,mst,2.396987830546651,3.6055411417747245,78.22914613739783,87.61600988357534,2996.408659359678,26,28344.84644950626,4,1.7033112026208221,3.860312276558559
