x 1,y 1,Count 1,Bkg Count 1,Telescope 1,Dangle 1,Altitude 1,x 2,y 2,Count 2,Bkg Count 2,Telescope 2,Dangle 2,Altitude 2,x 3,y 3,Count 3,Bkg Count 3,Telescope 3,Dangle 3,Altitude 3,x 4,y 4,Count 4,Bkg Count 4,Telescope 4,Dangle 4,Altitude 4,x 5,y 5,Count 5,Bkg Count 5,Telescope 5,Dangle 5,Altitude 5,True X,True Y,True Energy Per Nucleon,True Z,True Height,Detecions,Phi,Epsilon,Theta
0.0,0.0,319.0,76300.0,lst,3.8690062311531657,2.560763139923862,60.0,60.0,34.0,13068.0,mst,4.528106794221764,3.1023834019346075,60.0,-60.0,0.0,5907.0,mst,3.896923530828655,4.457907282887888,-60.0,60.0,120.0,32088.0,mst,3.704184966216536,0.6916908738961564,-60.0,-60.0,22.0,9705.0,mst,3.2632228125135576,3.2873772913774957,-76.79786527375613,86.24841518539827,1056.1053915108785,26,32210.29965045199,4,1.4182351869611656,4.202156611343201
0.0,0.0,1926.0,80472.0,lst,1.2046244985128742,0.8351198155111571,60.0,60.0,1418.0,12803.0,mst,6.0706122184745475,1.5108478832026682,60.0,-60.0,236.0,13395.0,mst,3.5279131678036992,0.8737514334677401,-60.0,60.0,89.0,6788.0,mst,0.9161241874919497,2.3201494960127067,-60.0,-60.0,303.0,7591.0,mst,1.979045852645842,1.9451450314271395,42.22880396583355,-16.95156494942168,739.8113910939104,26,28396.75196909387,5,1.8714580467517192,2.031885855479253
