x 1,y 1,Count 1,Bkg Count 1,Telescope 1,Dangle 1,Altitude 1,x 2,y 2,Count 2,Bkg Count 2,Telescope 2,Dangle 2,Altitude 2,x 3,y 3,Count 3,Bkg Count 3,Telescope 3,Dangle 3,Altitude 3,x 4,y 4,Count 4,Bkg Count 4,Telescope 4,Dangle 4,Altitude 4,x 5,y 5,Count 5,Bkg Count 5,Telescope 5,Dangle 5,Altitude 5,True X,True Y,True Energy Per Nucleon,True Z,True Height,Detecions,Phi,Epsilon,Theta
0.0,0.0,6099.0,62350.0,lst,6.121227474451288,1.272797178935347,60.0,60.0,0.0,6017.0,mst,5.8151448816268445,2.4030730905791517,60.0,-60.0,981.0,12477.0,mst,5.033427464483915,1.1779449269058344,-60.0,60.0,40.0,5895.0,mst,0.3114256184707912,2.303573917177231,-60.0,-60.0,569.0,15116.0,mst,1.0783477668238712,0.8399248323260491,-13.672089652944095,-85.00904325503788,794.5642610149573,26,25728.38423128107,4,1.9261997234104598,5.739497877532513
0.0,0.0,6958.0,30721.0,lst,5.443025297274299,1.4072327808493565,60.0,60.0,21.0,2149.0,mst,5.455046461819216,2.9067213085157766,60.0,-60.0,370.0,4818.0,mst,4.647134762331963,2.113757420776805,-60.0,60.0,630.0,5873.0,mst,6.277621756419451,1.9911026747894793,-60.0,-60.0,0.0,14338.0,mst,3.3105375703214985,None,-61.09083299381389,-53.737480640174454,587.310985222235,26,25894.823426733885,4,1.661227934926375,5.759529218760744
0.0,0.0,623.0,7367.0,lst,1.697442374865926,0.7585541785147478,60.0,60.0,652.0,1149.0,mst,5.789354118857367,1.5980336370354364,60.0,-60.0,533.0,1063.0,mst,3.6022024959994474,1.7931576850402138,-60.0,60.0,71.0,871.0,mst,1.0050918467325882,2.6734980478804373,-60.0,-60.0,47.0,718.0,mst,2.176699581106611,2.7853467950030373,29.28134047367655,3.886740065885931,419.7826861586198,26,28754.758439786034,5,1.6115398624869877,4.870415305424467
0.0,0.0,4522.0,131649.0,lst,3.6956115034137618,1.4084252913239836,60.0,60.0,30.0,18000.0,mst,4.720779905803755,1.979891794628004,60.0,-60.0,0.0,8615.0,mst,3.8253640978167938,3.127262618498984,-60.0,60.0,66.0,45098.0,mst,1.508049047553711,0.45155545557062143,-60.0,-60.0,128.0,17421.0,mst,2.9558403048591955,2.3823216384327175,-35.99847774439603,58.14115611966491,1199.7213184788282,26,30790.867313529543,4,1.252444129804206,1.3607586822147508
