x 1,y 1,Count 1,Bkg Count 1,Telescope 1,Dangle 1,Altitude 1,x 2,y 2,Count 2,Bkg Count 2,Telescope 2,Dangle 2,Altitude 2,x 3,y 3,Count 3,Bkg Count 3,Telescope 3,Dangle 3,Altitude 3,x 4,y 4,Count 4,Bkg Count 4,Telescope 4,Dangle 4,Altitude 4,x 5,y 5,Count 5,Bkg Count 5,Telescope 5,Dangle 5,Altitude 5,True X,True Y,True Energy Per Nucleon,True Z,True Height,Detecions,Phi,Epsilon,Theta
0.0,0.0,3957.0,7873.0,lst,0.3957077671041759,1.2104055092848336,60.0,60.0,38.0,697.0,mst,6.060737405775269,2.1213021178355356,60.0,-60.0,206.0,1318.0,mst,5.020599297169762,0.4855169604564627,-60.0,60.0,41.0,678.0,mst,0.6010275461371729,2.5304193248769136,-60.0,-60.0,1273.0,1130.0,mst,1.4631862263956277,1.4619993432087932,28.990911194344847,-69.47953495152855,425.85432104944675,26,23064.04532063944,5,1.3233505136802517,4.19416381011822
0.0,0.0,2550.0,24010.0,lst,3.306553929168577,1.4010835437046865,60.0,60.0,1276.0,3092.0,mst,4.712757646065452,1.5728321272829984,60.0,-60.0,0.0,1895.0,mst,3.6698127789929353,3.1453197913644217,-60.0,60.0,186.0,4612.0,mst,1.6152163263893748,1.1754779180634352,-60.0,-60.0,25.0,2094.0,mst,2.7579737978996324,2.9981965703114097,-9.617721066882922,61.53142097910808,484.3753296850704,26,29075.832079264335,4,1.7804569181580203,3.7206635780598445
0.0,0.0,3844.0,269369.0,lst,2.2378558143389697,0.8780343685218728,60.0,60.0,35.0,49168.0,mst,5.8994363985582545,0.30638525893591734,60.0,-60.0,1136.0,30207.0,mst,3.2190174312668614,1.36232620291304,-60.0,60.0,1236.0,24067.0,mst,1.3822325930427461,1.560119543815616,-60.0,-60.0,47.0,16654.0,mst,2.2988498736005374,2.0592702808927164,50.92887162937532,38.99743366061884,1745.8552603703752,26,21576.587225515177,5,1.530114738434603,2.9490398889099274
