x 1,y 1,Count 1,Bkg Count 1,Telescope 1,Dangle 1,Altitude 1,x 2,y 2,Count 2,Bkg Count 2,Telescope 2,Dangle 2,Altitude 2,x 3,y 3,Count 3,Bkg Count 3,Telescope 3,Dangle 3,Altitude 3,x 4,y 4,Count 4,Bkg Count 4,Telescope 4,Dangle 4,Altitude 4,x 5,y 5,Count 5,Bkg Count 5,Telescope 5,Dangle 5,Altitude 5,True X,True Y,True Energy Per Nucleon,True Z,True Height,Detecions,Phi,Epsilon,Theta
0.0,0.0,6450.0,180521.0,lst,1.2373763226484968,1.488721412754468,60.0,60.0,952.0,33251.0,mst,0.17740328770262345,1.5649011044479073,60.0,-60.0,253.0,64672.0,mst,2.7194229990652934,0.6393608333708921,-60.0,60.0,0.0,11820.0,mst,0.9990304470103759,2.9314003754541567,-60.0,-60.0,48.0,17140.0,mst,1.8090723097373271,2.54868305379745,74.98334761117607,-26.705638087519617,1601.7164253241715,26,28621.59980117495,4,1.91910958219887,4.53690437103133
0.0,0.0,4000.0,9035.0,lst,4.153122865410308,0.9641446799066561,60.0,60.0,603.0,1066.0,mst,4.942722354133266,1.8595244784889375,60.0,-60.0,0.0,869.0,mst,4.0371432255175685,2.33184596486414,-60.0,60.0,157.0,2059.0,mst,0.24927835724857283,0.5041582637556098,-60.0,-60.0,1337.0,1296.0,mst,3.052200679806126,1.501261513940555,-51.99947769758215,31.296376932491256,431.85078816081074,26,23454.78884829375,4,1.7342394604285276,4.564831671223933
