x 1,y 1,Count 1,Bkg Count 1,Telescope 1,Dangle 1,Altitude 1,x 2,y 2,Count 2,Bkg Count 2,Telescope 2,Dangle 2,Altitude 2,x 3,y 3,Count 3,Bkg Count 3,Telescope 3,Dangle 3,Altitude 3,x 4,y 4,Count 4,Bkg Count 4,Telescope 4,Dangle 4,Altitude 4,x 5,y 5,Count 5,Bkg Count 5,Telescope 5,Dangle 5,Altitude 5,True X,True Y,True Energy Per Nucleon,True Z,True Height,Detecions,Phi,Epsilon,Theta
0.0,0.0,5487.0,0.0,lst,2.7820927158755078,1.4460359377298106,60.0,60.0,270.0,0.0,mst,4.507201021559331,0.7218506787387994,60.0,-60.0,0.0,0.0,mst,3.4124962585342815,2.625136494886363,-60.0,60.0,86.0,0.0,mst,1.6607527227108734,1.742149898159989,-60.0,-60.0,31.0,0.0,mst,2.5386081497655355,3.1026942135679216,25.31266568079755,66.97799725642975,378.0344285277383,26,25870.943250170803,4,1.4039236728922968,4.089868102796649
0.0,0.0,6118.0,0.0,lst,1.285201617275229,1.449156762428874,60.0,60.0,1869.0,0.0,mst,0.13706815085062748,1.6525997239408856,60.0,-60.0,421.0,0.0,mst,2.850239070630401,0.7613240584921943,-60.0,60.0,0.0,0.0,mst,0.9990869766687214,3.0532355978177517,-60.0,-60.0,63.0,0.0,mst,1.8497730995068067,2.6607837092881095,71.47342506775328,-21.824542721427576,299.955071158443,26,23883.204241267227,4,1.3793495206443667,2.3638868121064305
