x 1,y 1,Count 1,Bkg Count 1,Telescope 1,Dangle 1,Altitude 1,x 2,y 2,Count 2,Bkg Count 2,Telescope 2,Dangle 2,Altitude 2,x 3,y 3,Count 3,Bkg Count 3,Telescope 3,Dangle 3,Altitude 3,x 4,y 4,Count 4,Bkg Count 4,Telescope 4,Dangle 4,Altitude 4,x 5,y 5,Count 5,Bkg Count 5,Telescope 5,Dangle 5,Altitude 5,True X,True Y,True Energy Per Nucleon,True Z,True Height,Detecions,Phi,Epsilon,Theta
0.0,0.0,2948.0,123984.0,lst,1.3030005642587499,1.1288520339243353,60.0,60.0,832.0,17822.0,mst,6.16481141642452,1.5793068197088642,60.0,-60.0,423.0,20441.0,mst,3.34471542355558,1.032833854172998,-60.0,60.0,26.0,7489.0,mst,0.9824590694535572,2.8450755051955894,-60.0,-60.0,0.0,9597.0,mst,1.9756515271907267,2.6023851201260078,50.27733292902059,-14.122029723383179,921.2618944353334,26,31435.70311974705,4,1.792024138296571,6.149869234371967
0.0,0.0,2688.0,129130.0,lst,0.8016881219142818,1.5090599820812887,60.0,60.0,102.0,23336.0,mst,6.117569568536473,2.6364412519917853,60.0,-60.0,61.0,40477.0,mst,3.86221299196548,0.6748646644532976,-60.0,60.0,0.0,13776.0,mst,0.7866813456075159,3.701633448939208,-60.0,-60.0,59.0,14955.0,mst,1.7581396106232867,2.696341564281037,42.77959814557053,-40.89110818384931,1217.524530673213,26,34945.582276967136,4,1.6936594956764346,0.4297411083575345
0.0,0.0,2360.0,102389.0,lst,5.916879378223228,1.3618207692680357,60.0,60.0,0.0,8991.0,mst,5.655261871871876,3.4395256352311585,60.0,-60.0,126.0,13284.0,mst,4.588057837820541,2.173964673248612,-60.0,60.0,34.0,7742.0,mst,0.34598644523329575,2.764288215921744,-60.0,-60.0,208.0,17108.0,mst,1.7900220038120684,0.9668761926872198,-20.125780500084602,-50.61436614389689,867.9673089011021,26,34181.12434572942,4,1.9487244756931763,1.0383573610740116
