x 1,y 1,Count 1,Bkg Count 1,Telescope 1,Dangle 1,Altitude 1,x 2,y 2,Count 2,Bkg Count 2,Telescope 2,Dangle 2,Altitude 2,x 3,y 3,Count 3,Bkg Count 3,Telescope 3,Dangle 3,Altitude 3,x 4,y 4,Count 4,Bkg Count 4,Telescope 4,Dangle 4,Altitude 4,x 5,y 5,Count 5,Bkg Count 5,Telescope 5,Dangle 5,Altitude 5,True X,True Y,True Energy Per Nucleon,True Z,True Height,Detecions,Phi,Epsilon,Theta
0.0,0.0,2333.0,300156.0,lst,1.6944162430914038,0.7197766403132638,60.0,60.0,438.0,54030.0,mst,6.1104113456799,0.7090583966744053,60.0,-60.0,596.0,49313.0,mst,3.3136271234676524,1.008876783671767,-60.0,60.0,172.0,25506.0,mst,1.1019306215453377,1.6899148140473947,-60.0,-60.0,261.0,25427.0,mst,2.1082771292329947,1.8927617938915875,48.83981289700486,6.720861620240527,1966.7876676837232,26,23982.824061507323,5,1.191285725407746,6.112464608955637
0.0,0.0,6498.0,119921.0,lst,4.3265725683421214,1.6093170794116578,60.0,60.0,23.0,13468.0,mst,4.922472713659738,2.884277339027735,60.0,-60.0,0.0,9355.0,mst,4.146129887176165,3.288701685894525,-60.0,60.0,222.0,40206.0,mst,5.91585607103063,0.7315827628756935,-60.0,-60.0,418.0,23592.0,mst,3.2825110715463244,1.8486711154209698,-72.14371998042502,29.645030667989403,1187.3898406989615,26,32028.847474908012,4,1.8683287323988924,3.3043682975878297
0.0,0.0,2710.0,173041.0,lst,5.60605575849959,1.325344391232696,60.0,60.0,0.0,18445.0,mst,5.5213035954091865,3.4496222328661896,60.0,-60.0,140.0,24095.0,mst,4.518008218725314,2.4059497675457022,-60.0,60.0,45.0,26528.0,mst,0.2556791101947048,2.6033448993895476,-60.0,-60.0,110.0,27862.0,mst,2.202099510595128,0.8031416266940273,-34.336398240300696,-41.51349130531527,1410.240988678866,26,34716.61737244604,4,1.506101783405692,5.475102707497822
0.0,0.0,12410.0,52914.0,lst,4.999991718440785,1.5781992553848585,60.0,60.0,0.0,6802.0,mst,5.2872668324788865,3.4783445739067105,60.0,-60.0,23.0,5925.0,mst,4.389769229116573,3.104054301160029,-60.0,60.0,427.0,11965.0,mst,6.231765825073583,1.859188344632015,-60.0,-60.0,311.0,16114.0,mst,3.2253933448400582,1.0090535825104638,-63.39579798041959,-18.306410033764138,722.5135789211175,26,31589.99487523166,4,1.5437003147797468,1.5909563564631752
