x 1,y 1,Count 1,Bkg Count 1,Telescope 1,Dangle 1,Altitude 1,x 2,y 2,Count 2,Bkg Count 2,Telescope 2,Dangle 2,Altitude 2,x 3,y 3,Count 3,Bkg Count 3,Telescope 3,Dangle 3,Altitude 3,x 4,y 4,Count 4,Bkg Count 4,Telescope 4,Dangle 4,Altitude 4,x 5,y 5,Count 5,Bkg Count 5,Telescope 5,Dangle 5,Altitude 5,True X,True Y,True Energy Per Nucleon,True Z,True Height,Detecions,Phi,Epsilon,Theta
0.0,0.0,1280.0,71143.0,lst,1.1391272794940734,0.8699445179583537,60.0,60.0,490.0,8103.0,mst,5.914846095897676,1.9252868296101555,60.0,-60.0,419.0,12347.0,mst,3.70029860594856,1.3028921051703675,-60.0,60.0,34.0,6731.0,mst,0.8765981243223835,2.862778719161032,-60.0,-60.0,164.0,7167.0,mst,2.032190466434613,2.492194943540591,32.178023352734215,-14.971277417296506,683.1688799008647,26,31592.14783593906,5,1.5785553016259029,1.5699133514803232
0.0,0.0,6136.0,7018.0,lst,1.5829942155148837,1.5479894610461336,60.0,60.0,676.0,1917.0,mst,0.5451638761757148,1.078899715728256,60.0,-60.0,430.0,1894.0,mst,2.650052024337296,1.239380418233756,-60.0,60.0,36.0,929.0,mst,1.2237866873084062,2.6799040932110687,-60.0,-60.0,0.0,802.0,mst,1.9553855148764612,2.7725212750734545,94.14476857666497,2.695755335485302,441.84107581675164,26,24591.996670572174,4,1.8591499175804884,0.6482977817691508
0.0,0.0,1295.0,223126.0,lst,3.371827497831517,0.8637341973992975,60.0,60.0,215.0,35101.0,mst,4.961769572517477,1.3020599444723335,60.0,-60.0,131.0,19819.0,mst,3.7572491828430965,2.3600547341154043,-60.0,60.0,203.0,43583.0,mst,1.2292903796977421,0.9653438498891512,-60.0,-60.0,152.0,16750.0,mst,2.6989401300189986,2.140276248777292,-9.460259929256068,43.03585468005025,1453.499335694075,26,29188.10713435423,5,1.3036754780830375,0.4516334844592751
0.0,0.0,4518.0,0.0,lst,1.8170108459679217,1.3083185157477373,60.0,60.0,598.0,0.0,mst,0.2955253157881944,0.7828873580327724,60.0,-60.0,992.0,0.0,mst,3.004454475522134,1.3522204764356887,-60.0,60.0,160.0,0.0,mst,1.2653081066624696,2.4621453427222364,-60.0,-60.0,27.0,0.0,mst,2.1078529705592404,2.694080837450502,72.04405406747537,18.00279238051985,307.7955755167348,26,22786.676685937502,5,1.8156635753179742,4.103383358043081
