x 1,y 1,Count 1,Bkg Count 1,Telescope 1,Dangle 1,Altitude 1,x 2,y 2,Count 2,Bkg Count 2,Telescope 2,Dangle 2,Altitude 2,x 3,y 3,Count 3,Bkg Count 3,Telescope 3,Dangle 3,Altitude 3,x 4,y 4,Count 4,Bkg Count 4,Telescope 4,Dangle 4,Altitude 4,x 5,y 5,Count 5,Bkg Count 5,Telescope 5,Dangle 5,Altitude 5,True X,True Y,True Energy Per Nucleon,True Z,True Height,Detecions,Phi,Epsilon,Theta
0.0,0.0,6162.0,82909.0,lst,3.7850681780093045,1.0448732035062291,60.0,60.0,1941.0,15053.0,mst,4.771334497002282,1.5705167239521312,60.0,-60.0,0.0,8029.0,mst,3.878246145647629,2.3393034607940715,-60.0,60.0,29.0,28844.0,mst,1.242373031353057,0.3013202318864311,-60.0,-60.0,397.0,7438.0,mst,2.9767071719203444,1.7761594627694997,-41.22522596600136,53.73069056927645,844.9381085638371,26,23818.65759836315,4,1.6627635448985663,1.9144074382610523
0.0,0.0,1637.0,579593.0,lst,4.309347737116495,0.9567775034626396,60.0,60.0,90.0,33188.0,mst,5.113117769926148,2.397154445277218,60.0,-60.0,0.0,30667.0,mst,4.072560680194156,2.7635637900983676,-60.0,60.0,461.0,66038.0,mst,0.4096328180586732,1.054258476036213,-60.0,-60.0,192.0,50662.0,mst,2.9024719491578956,1.7334366755881871,-41.52417933780379,16.998757016440834,3445.960373766631,26,33176.55534018325,4,1.7444746200058905,4.376320978796816
0.0,0.0,2258.0,142792.0,lst,0.8559180629415327,1.082201407327841,60.0,60.0,1574.0,14883.0,mst,6.129509459623325,1.7707648718762783,60.0,-60.0,74.0,34139.0,mst,3.824668431167919,0.4099648011458665,-60.0,60.0,72.0,11122.0,mst,0.8142396332083396,2.645152982335009,-60.0,-60.0,1049.0,15556.0,mst,1.7757026973638212,1.9146221303618074,43.832143981542856,-39.941090258476365,1211.5660074606237,26,28257.5177939558,5,1.937546556324862,4.181440284469166
0.0,0.0,73.0,302374.0,lst,5.020521885912107,0.4537943317650675,60.0,60.0,106.0,25550.0,mst,5.4069396890084915,2.3626332258936684,60.0,-60.0,283.0,21017.0,mst,4.111327097610691,2.1806725631828843,-60.0,60.0,233.0,30388.0,mst,0.572748916791784,1.7719324271331882,-60.0,-60.0,615.0,36890.0,mst,2.4983923978457376,1.55476175156496,-19.178736089451718,-6.098724644297818,1414.1955253119818,26,32917.739197692135,5,1.5915957728598638,4.966486037621308
