x 1,y 1,Count 1,Bkg Count 1,Telescope 1,Dangle 1,Altitude 1,x 2,y 2,Count 2,Bkg Count 2,Telescope 2,Dangle 2,Altitude 2,x 3,y 3,Count 3,Bkg Count 3,Telescope 3,Dangle 3,Altitude 3,x 4,y 4,Count 4,Bkg Count 4,Telescope 4,Dangle 4,Altitude 4,x 5,y 5,Count 5,Bkg Count 5,Telescope 5,Dangle 5,Altitude 5,True X,True Y,True Energy Per Nucleon,True Z,True Height,Detecions,Phi,Epsilon,Theta
0.0,0.0,7563.0,46664.0,lst,5.941120724400989,1.2045374144426306,60.0,60.0,0.0,4863.0,mst,5.735271511557342,2.3025007159469255,60.0,-60.0,1546.0,11369.0,mst,4.991608906401085,1.2672343884223238,-60.0,60.0,505.0,4221.0,mst,0.1917919420872615,1.97467770806715,-60.0,-60.0,182.0,14206.0,mst,0.8239884424543876,0.5288208494029615,-30.610744946442153,-87.21040497345206,705.9361151345458,26,20365.6203522734,4,1.334429702179896,1.6160510837344921
0.0,0.0,1271.0,0.0,lst,5.982264854464689,0.8897032174712207,60.0,60.0,21.0,0.0,mst,5.633953393007899,2.8054209740174043,60.0,-60.0,430.0,0.0,mst,4.3988966468107105,1.7544898985094752,-60.0,60.0,110.0,0.0,mst,0.4576840205999945,2.386878583888495,-60.0,-60.0,528.0,0.0,mst,2.0297454879235817,1.119251727638182,-12.198768786838372,-36.633695326048624,263.7343087294005,26,23987.773900628592,5,1.904527840195639,2.0452428616252623
