x 1,y 1,Count 1,Bkg Count 1,Telescope 1,Dangle 1,Altitude 1,x 2,y 2,Count 2,Bkg Count 2,Telescope 2,Dangle 2,Altitude 2,x 3,y 3,Count 3,Bkg Count 3,Telescope 3,Dangle 3,Altitude 3,x 4,y 4,Count 4,Bkg Count 4,Telescope 4,Dangle 4,Altitude 4,x 5,y 5,Count 5,Bkg Count 5,Telescope 5,Dangle 5,Altitude 5,True X,True Y,True Energy Per Nucleon,True Z,True Height,Detecions,Phi,Epsilon,Theta
0.0,0.0,2825.0,0.0,lst,5.012259971045026,1.0900317012758938,60.0,60.0,55.0,0.0,mst,5.268165151579237,2.268174240479651,60.0,-60.0,240.0,0.0,mst,4.4267728513997,1.960108836676683,-60.0,60.0,829.0,0.0,mst,6.162522459399645,1.253969058308975,-60.0,-60.0,115.0,0.0,mst,3.402871420268374,0.5743987839708118,-70.44592875001666,-21.81002777676329,355.362419359606,26,21489.480225830266,5,1.285672377360697,3.66492213920516
0.0,0.0,1073.0,176687.0,lst,0.2144530833356181,0.546687472375722,60.0,60.0,880.0,16318.0,mst,5.715578604752368,1.851918916985616,60.0,-60.0,774.0,20464.0,mst,4.185824996200067,1.130942550345889,-60.0,60.0,138.0,21466.0,mst,0.6410083106319667,2.019862947442932,-60.0,-60.0,634.0,25026.0,mst,2.0053364905226356,1.3324159700413776,6.261241730537108,-28.881045589648778,1172.0249078003565,26,28253.08745924946,5,1.7409184210709934,4.89826110553416
0.0,0.0,2219.0,280282.0,lst,1.2039554424483012,1.1236637181579583,60.0,60.0,1287.0,29890.0,mst,6.173513976515982,1.5520018428976512,60.0,-60.0,288.0,48063.0,mst,3.3770589666900004,0.9052576611448494,-60.0,60.0,50.0,21432.0,mst,0.9466653254666028,2.733609510239186,-60.0,-60.0,112.0,21613.0,mst,1.9029152356481056,2.5037422114931176,50.691042023066075,-19.782917674227406,1778.8429482724957,26,32297.71915258827,5,1.9242560678811198,6.090069130881209
0.0,0.0,457.0,30903.0,lst,4.519833892075374,0.6012611453971847,60.0,60.0,121.0,3738.0,mst,5.278496349962454,2.362340896629041,60.0,-60.0,297.0,4430.0,mst,4.0561727211995855,2.436312313385766,-60.0,60.0,919.0,4534.0,mst,0.5385502373402452,1.5173866357651236,-60.0,-60.0,728.0,3984.0,mst,2.6530930753257422,1.6433039829084657,-26.29918396724986,4.882153062973629,511.98704210829135,26,29374.11066884669,5,1.3789498546823846,3.4941625312398004
