x 1,y 1,Count 1,Bkg Count 1,Telescope 1,Dangle 1,Altitude 1,x 2,y 2,Count 2,Bkg Count 2,Telescope 2,Dangle 2,Altitude 2,x 3,y 3,Count 3,Bkg Count 3,Telescope 3,Dangle 3,Altitude 3,x 4,y 4,Count 4,Bkg Count 4,Telescope 4,Dangle 4,Altitude 4,x 5,y 5,Count 5,Bkg Count 5,Telescope 5,Dangle 5,Altitude 5,True X,True Y,True Energy Per Nucleon,True Z,True Height,Detecions,Phi,Epsilon,Theta
0.0,0.0,781.0,0.0,lst,5.846343836428898,0.6932729587295625,60.0,60.0,31.0,0.0,mst,5.5972194760012295,2.395685718041839,60.0,-60.0,1114.0,0.0,mst,4.332636922942108,1.640900764935766,-60.0,60.0,237.0,0.0,mst,0.46339915985579794,2.054500542488759,-60.0,-60.0,444.0,0.0,mst,2.141911773192255,1.0967129820936474,-14.343052908421583,-30.688332726543095,292.84887514669856,26,23906.80087894909,5,1.434436268470388,0.5729094043624456
0.0,0.0,1479.0,53867.0,lst,4.488317900627774,1.0884567858950533,60.0,60.0,53.0,7612.0,mst,5.117252000041196,2.5717720244886144,60.0,-60.0,64.0,6874.0,mst,4.122999934875815,2.815625932291933,-60.0,60.0,489.0,10735.0,mst,0.2275556297780541,1.0782049841014136,-60.0,-60.0,0.0,9020.0,mst,2.985293915942242,1.5584568159854384,-49.224170274084074,11.938858502057116,641.4565412306063,26,29653.179667139946,4,1.6957380181297554,4.164117348387698
0.0,0.0,1112.0,52202.0,lst,1.8387515303248656,0.7454661761730823,60.0,60.0,435.0,8596.0,mst,5.801820294210539,1.1908284714694797,60.0,-60.0,874.0,10252.0,mst,3.4980323935540123,1.5180830501888467,-60.0,60.0,0.0,6159.0,mst,1.08019757525097,2.2283361425943515,-60.0,-60.0,27.0,4828.0,mst,2.208201875694448,2.435915884855525,34.01783892728125,9.044156503997783,620.0904298404989,26,28885.15602134216,4,1.6150070448089011,5.691052223833625
0.0,0.0,2000.0,126487.0,lst,5.590786570992349,1.5847676033931999,60.0,60.0,0.0,10816.0,mst,5.529732972475769,4.312488330336848,60.0,-60.0,48.0,14585.0,mst,4.453112641232772,3.1039722314132416,-60.0,60.0,26.0,9783.0,mst,0.280168480894092,3.32236741489382,-60.0,-60.0,187.0,17000.0,mst,2.2248386764603625,1.2464098740126954,-31.413735777988165,-37.6552170481056,1046.5131966616248,26,38386.8017674676,4,1.7912649045757778,5.76998119887558
