x 1,y 1,Count 1,Bkg Count 1,Telescope 1,Dangle 1,Altitude 1,x 2,y 2,Count 2,Bkg Count 2,Telescope 2,Dangle 2,Altitude 2,x 3,y 3,Count 3,Bkg Count 3,Telescope 3,Dangle 3,Altitude 3,x 4,y 4,Count 4,Bkg Count 4,Telescope 4,Dangle 4,Altitude 4,x 5,y 5,Count 5,Bkg Count 5,Telescope 5,Dangle 5,Altitude 5,True X,True Y,True Energy Per Nucleon,True Z,True Height,Detecions,Phi,Epsilon,Theta
0.0,0.0,15554.0,199731.0,lst,4.411049919889754,1.6406347218090178,60.0,60.0,82.0,17826.0,mst,4.871234626155088,2.5745453710149935,60.0,-60.0,0.0,13549.0,mst,4.19822305810966,2.8266022128836608,-60.0,60.0,508.0,71126.0,mst,5.3057161857642985,0.7805966018741612,-60.0,-60.0,2193.0,31951.0,mst,3.5375264245305345,1.4962315305459553,-100.1099401760622,33.55452916606097,2402.665408702746,26,25554.796652111592,4,1.2110520154522808,2.425254146987834
0.0,0.0,1455.0,192444.0,lst,3.794417297181472,0.8407748654762949,60.0,60.0,0.0,17878.0,mst,5.017566174666952,1.859996846561619,60.0,-60.0,122.0,14554.0,mst,3.909444047261522,2.5765961775239266,-60.0,60.0,388.0,23784.0,mst,0.8742539755447607,0.9307528506720785,-60.0,-60.0,28.0,17778.0,mst,2.7813334827146536,2.055409178142544,-25.169256282331446,31.982802245660537,1129.6665535585782,26,30543.072982427548,4,1.6138566404336974,2.4137285343078556
