x 1,y 1,Count 1,Bkg Count 1,Telescope 1,Dangle 1,Altitude 1,x 2,y 2,Count 2,Bkg Count 2,Telescope 2,Dangle 2,Altitude 2,x 3,y 3,Count 3,Bkg Count 3,Telescope 3,Dangle 3,Altitude 3,x 4,y 4,Count 4,Bkg Count 4,Telescope 4,Dangle 4,Altitude 4,x 5,y 5,Count 5,Bkg Count 5,Telescope 5,Dangle 5,Altitude 5,True X,True Y,True Energy Per Nucleon,True Z,True Height,Detecions,Phi,Epsilon,Theta
0.0,0.0,244.0,200709.0,lst,0.35147344224362037,0.4748655555049095,60.0,60.0,0.0,24534.0,mst,5.725714050460298,1.9703103123104957,60.0,-60.0,648.0,24627.0,mst,4.103019549758893,1.3925900361006156,-60.0,60.0,355.0,14032.0,mst,0.6863549923954165,2.0752247453638253,-60.0,-60.0,1939.0,24610.0,mst,2.0656196774947757,1.5801362913021566,8.58532748220233,-22.592013464730414,1177.0644679893505,26,31853.452648981838,4,1.2193996172572963,0.830205540497311
0.0,0.0,1690.0,24591.0,lst,0.30381816511359966,0.959239429128645,60.0,60.0,195.0,1794.0,mst,5.906423040566439,2.1232510952649823,60.0,-60.0,416.0,4229.0,mst,4.544444211591215,0.7675459328390073,-60.0,60.0,0.0,2057.0,mst,0.615504455628359,2.3795159736970013,-60.0,-60.0,1119.0,3737.0,mst,1.659974803672449,1.340344839638474,16.363224614200846,-53.11425100461051,502.60528840672407,26,24961.23477986839,4,1.529335654108795,0.82254488554383
