x 1,y 1,Count 1,Bkg Count 1,Telescope 1,Dangle 1,Altitude 1,x 2,y 2,Count 2,Bkg Count 2,Telescope 2,Dangle 2,Altitude 2,x 3,y 3,Count 3,Bkg Count 3,Telescope 3,Dangle 3,Altitude 3,x 4,y 4,Count 4,Bkg Count 4,Telescope 4,Dangle 4,Altitude 4,x 5,y 5,Count 5,Bkg Count 5,Telescope 5,Dangle 5,Altitude 5,True X,True Y,True Energy Per Nucleon,True Z,True Height,Detecions,Phi,Epsilon,Theta
0.0,0.0,565.0,11242.0,lst,3.712287234150689,1.8345201206300217,60.0,60.0,80.0,1665.0,mst,4.693977285621688,2.5192499390031857,60.0,-60.0,0.0,1016.0,mst,3.8285489917783164,3.939637307201155,-60.0,60.0,25.0,3230.0,mst,1.6678058100773565,0.4697004054154611,-60.0,-60.0,40.0,1157.0,mst,2.9853567668106673,3.00881099332009,-40.73405317677732,61.93541767340918,444.292639332309,26,29250.005415080137,4,1.8132476317899995,2.179930789362847
0.0,0.0,1135.0,250451.0,lst,1.9710914786424754,0.67088601549743,60.0,60.0,452.0,40370.0,mst,5.75788649291394,1.1170692962967022,60.0,-60.0,327.0,27469.0,mst,3.481813245935345,1.4983416942259362,-60.0,60.0,207.0,23656.0,mst,1.1107604295308895,1.9781487669259485,-60.0,-60.0,549.0,17993.0,mst,2.24000621439894,2.1764533131594663,33.30769851472874,13.980327837725127,1452.3369933149343,26,31315.630269622026,5,1.2101852551039918,2.316756624501445
0.0,0.0,1099.0,83798.0,lst,3.694070932659363,1.6182024736877034,60.0,60.0,306.0,10355.0,mst,4.585921863601311,1.9588566621849641,60.0,-60.0,0.0,4919.0,mst,3.788055043216709,3.146210966043668,-60.0,60.0,38.0,24083.0,mst,2.360153064150914,0.38895604011779805,-60.0,-60.0,34.0,9427.0,mst,3.0264086286714535,2.5183186164576807,-45.1816343714158,74.71311826655582,822.231305372913,26,27506.935638317882,4,1.5681200318492425,3.090841843182661
0.0,0.0,1043.0,44742.0,lst,4.663453703947617,0.8739205754494312,60.0,60.0,158.0,4238.0,mst,5.220931118216025,2.4984233621750604,60.0,-60.0,0.0,4143.0,mst,4.161221856161583,2.5208838531932414,-60.0,60.0,553.0,4689.0,mst,0.3261441625597085,1.3234833184586512,-60.0,-60.0,926.0,6451.0,mst,2.8390676173309233,1.4005561994105895,-40.5708478069927,1.6056437284785545,573.7684378444075,26,28991.985657724283,4,1.5252471144754385,4.357083955164323
