x 1,y 1,Count 1,Bkg Count 1,Telescope 1,Dangle 1,Altitude 1,x 2,y 2,Count 2,Bkg Count 2,Telescope 2,Dangle 2,Altitude 2,x 3,y 3,Count 3,Bkg Count 3,Telescope 3,Dangle 3,Altitude 3,x 4,y 4,Count 4,Bkg Count 4,Telescope 4,Dangle 4,Altitude 4,x 5,y 5,Count 5,Bkg Count 5,Telescope 5,Dangle 5,Altitude 5,True X,True Y,True Energy Per Nucleon,True Z,True Height,Detecions,Phi,Epsilon,Theta
0.0,0.0,463.0,0.0,lst,4.162864508068072,0.7245120599882172,60.0,60.0,58.0,0.0,mst,5.19600930244729,2.427192667878384,60.0,-60.0,62.0,0.0,mst,3.9824315258162586,2.766654761537084,-60.0,60.0,328.0,0.0,mst,0.6848019104841218,1.4037820333725874,-60.0,-60.0,43.0,0.0,mst,2.691474208593237,1.9705113282558917,-24.90784311594396,15.290086003338644,276.23670509471714,26,24932.714438334388,5,1.839345440122393,2.5957255298509194
0.0,0.0,701.0,70010.0,lst,5.487365871748764,0.8067953910157779,60.0,60.0,21.0,9581.0,mst,5.483529342204808,2.6554392652053562,60.0,-60.0,486.0,12128.0,mst,4.334841831677302,1.9934724707252232,-60.0,60.0,0.0,12729.0,mst,0.39237763826164196,2.110382296513586,-60.0,-60.0,343.0,18693.0,mst,2.387458166339224,1.1056039704237923,-26.144193628560856,-25.19174854997877,780.5654503418267,26,31729.321016105794,4,1.876037676047421,4.388963643016488
0.0,0.0,1551.0,86484.0,lst,3.5063505061052522,1.0501537806112278,60.0,60.0,643.0,14142.0,mst,4.928806732572826,1.7866533922682428,60.0,-60.0,0.0,7206.0,mst,3.7805608156508628,2.946891277595595,-60.0,60.0,412.0,15711.0,mst,1.185452259117263,1.0776161607149188,-60.0,-60.0,101.0,6613.0,mst,2.755138828094219,2.5905199927363802,-16.702517486038317,42.9167452920245,772.1380877994096,26,31581.96232457798,4,1.7111897672214293,4.753936284318901
0.0,0.0,2767.0,92372.0,lst,1.914670549932671,1.8031056839976312,60.0,60.0,488.0,22879.0,mst,1.248365964588407,0.8782643031996141,60.0,-60.0,1138.0,23344.0,mst,2.6275890795848453,1.67051716418328,-60.0,60.0,52.0,10268.0,mst,1.4692017076621082,2.6255209475347403,-60.0,-60.0,0.0,7216.0,mst,2.0940371410598115,2.9898909629865544,116.953080686244,40.72535471808263,1334.6861342713953,26,23169.144671171736,4,1.3953443499982832,3.9424276914789895
