x 1,y 1,Count 1,Bkg Count 1,Telescope 1,Dangle 1,Altitude 1,x 2,y 2,Count 2,Bkg Count 2,Telescope 2,Dangle 2,Altitude 2,x 3,y 3,Count 3,Bkg Count 3,Telescope 3,Dangle 3,Altitude 3,x 4,y 4,Count 4,Bkg Count 4,Telescope 4,Dangle 4,Altitude 4,x 5,y 5,Count 5,Bkg Count 5,Telescope 5,Dangle 5,Altitude 5,True X,True Y,True Energy Per Nucleon,True Z,True Height,Detecions,Phi,Epsilon,Theta
0.0,0.0,878.0,15124.0,lst,5.697131884029012,0.6692511765055055,60.0,60.0,23.0,1630.0,mst,5.5470204543273685,2.562099859819078,60.0,-60.0,0.0,2123.0,mst,4.277026261057349,1.8393178431291957,-60.0,60.0,54.0,2043.0,mst,0.48288317144548837,2.1176312474797467,-60.0,-60.0,649.0,2664.0,mst,2.2712315091811215,1.1759994494977613,-16.495476032557377,-24.53676978509094,464.3527084791891,26,28307.806855495073,4,1.292464483776085,2.650032116023464
0.0,0.0,2745.0,0.0,lst,3.456561079230926,1.7553004445944298,60.0,60.0,336.0,0.0,mst,4.576985685889597,2.0170627399049064,60.0,-60.0,0.0,0.0,mst,3.685533557355067,3.683154185310428,-60.0,60.0,293.0,0.0,mst,1.881719597513914,0.91750985251207,-60.0,-60.0,28.0,0.0,mst,2.842558131374488,3.1738838097734927,-21.877994276967797,71.50054372273752,235.0877816130193,26,23225.035529112778,4,1.8313398014001703,1.8337966101969296
