x 1,y 1,Count 1,Bkg Count 1,Telescope 1,Dangle 1,Altitude 1,x 2,y 2,Count 2,Bkg Count 2,Telescope 2,Dangle 2,Altitude 2,x 3,y 3,Count 3,Bkg Count 3,Telescope 3,Dangle 3,Altitude 3,x 4,y 4,Count 4,Bkg Count 4,Telescope 4,Dangle 4,Altitude 4,x 5,y 5,Count 5,Bkg Count 5,Telescope 5,Dangle 5,Altitude 5,True X,True Y,True Energy Per Nucleon,True Z,True Height,Detecions,Phi,Epsilon,Theta
0.0,0.0,1808.0,371917.0,lst,5.8011513858045065,1.0969497130840637,60.0,60.0,0.0,23791.0,mst,5.596302497613202,2.915559828207972,60.0,-60.0,475.0,50383.0,mst,4.531241210941194,1.9937595668200494,-60.0,60.0,52.0,37361.0,mst,0.34214178273151796,2.2866153178754347,-60.0,-60.0,325.0,76726.0,mst,1.9769798742534306,0.8530009940654742,-24.2015617743577,-44.765661924019,2512.5027372928253,26,34269.953804757315,4,1.9280732497025286,0.6748597856388975
0.0,0.0,2617.0,46490.0,lst,1.050103224264906,0.9060395308779339,60.0,60.0,1172.0,5836.0,mst,6.181150915477327,1.4024427498418017,60.0,-60.0,130.0,9466.0,mst,3.3950260154638388,0.46752256954869553,-60.0,60.0,0.0,4695.0,mst,0.8933871429175928,2.166156410272172,-60.0,-60.0,167.0,4431.0,mst,1.8586602837133794,1.7095526330433195,52.07125693277581,-29.337411199455303,600.4097204985098,26,23686.814280836967,4,1.2766857463994064,2.530405243487275
0.0,0.0,9220.0,18570.0,lst,5.203754600964347,1.5967575494574946,60.0,60.0,0.0,1318.0,mst,5.368964314029743,3.2431078694116446,60.0,-60.0,41.0,2240.0,mst,4.556578521672083,2.7340515769321247,-60.0,60.0,303.0,4032.0,mst,6.180120974509713,1.9851644742628844,-60.0,-60.0,35.0,5755.0,mst,3.545094817252075,0.5398478297075554,-69.68701614697453,-37.84974078631488,513.1128404391986,26,29135.94037692621,4,1.9381337371180365,5.598198609263681
