x 1,y 1,Count 1,Telescope 1,Dangle 1,Altitude 1,x 2,y 2,Count 2,Telescope 2,Dangle 2,Altitude 2,x 3,y 3,Count 3,Telescope 3,Dangle 3,Altitude 3,x 4,y 4,Count 4,Telescope 4,Dangle 4,Altitude 4,x 5,y 5,Count 5,Telescope 5,Dangle 5,Altitude 5,True X,True Y,True Energy Per Nucleon,True Z,True Height,Detecions,Phi,Epsilon,Theta
0.0,0.0,2513.499874242426,lst,0.8227329384213988,0.6697875445947227,60.0,60.0,1152.8332277096697,mst,6.00720741341412,1.3616295322954013,60.0,-60.0,426.02598659801504,mst,3.8758885750411776,0.5602425338240324,-60.0,60.0,37.84580583185564,mst,0.8024707847846116,None,-60.0,-60.0,1290.9562644999073,mst,1.8792335432294711,1.462872407804682,32.622408506526284,-29.29663369508262,567.8883321561935,26,22994.81031238007,4,1.2038761292444695,4.195911783254252
0.0,0.0,1892.165512045295,lst,2.800628564254123,0.5213835496306305,60.0,60.0,547.2528038612306,mst,5.197857226866322,0.9455569613397639,60.0,-60.0,298.5829405476726,mst,3.6317832978964786,1.6399571656740477,-60.0,60.0,832.0530219797517,mst,1.2103673945765927,1.1879566663531842,-60.0,-60.0,43.18470917034788,mst,2.49591046253803,None,11.472472271790053,33.43341890066458,422.30843893610165,26,23829.51696686434,4,1.2000338658955954,2.5093019948555906
