x 1,y 1,Count 1,Bkg Count 1,Telescope 1,Dangle 1,Altitude 1,x 2,y 2,Count 2,Bkg Count 2,Telescope 2,Dangle 2,Altitude 2,x 3,y 3,Count 3,Bkg Count 3,Telescope 3,Dangle 3,Altitude 3,x 4,y 4,Count 4,Bkg Count 4,Telescope 4,Dangle 4,Altitude 4,x 5,y 5,Count 5,Bkg Count 5,Telescope 5,Dangle 5,Altitude 5,True X,True Y,True Energy Per Nucleon,True Z,True Height,Detecions,Phi,Epsilon,Theta
0.0,0.0,11813.0,24416.0,lst,2.319253625284646,1.7617780426849619,60.0,60.0,24.0,10994.0,mst,2.1257299290730938,0.3193940601576314,60.0,-60.0,131.0,4381.0,mst,3.0265265078226653,2.2267242305902073,-60.0,60.0,189.0,5283.0,mst,1.6678151622281157,2.2960210175225932,-60.0,-60.0,0.0,2497.0,mst,2.348193210197196,3.1765249298594287,76.05685024016813,70.08404415453282,602.7659252893671,26,25114.704182103396,4,1.6883666259669186,0.685262757469497
0.0,0.0,144.0,98155.0,lst,4.571007114042804,0.37939567869999635,60.0,60.0,949.0,7383.0,mst,5.330056900104124,1.8782904351146765,60.0,-60.0,0.0,7656.0,mst,4.032296674959036,2.014709213733774,-60.0,60.0,1271.0,14991.0,mst,0.6313438775053147,1.339722226049111,-60.0,-60.0,1113.0,8901.0,mst,2.561172614543315,1.514354949978241,-18.585865202100138,2.8876852396765855,757.3783262224496,26,29269.27985445975,4,1.3111092594782794,0.11030721966418724
0.0,0.0,2328.0,79557.0,lst,5.334032735643715,1.3227862435960276,60.0,60.0,0.0,6487.0,mst,5.4168084131349135,3.0280796335311737,60.0,-60.0,208.0,9758.0,mst,4.493452157918079,2.337217016063118,-60.0,60.0,989.0,12305.0,mst,0.08780841447432114,2.0066458187211804,-60.0,-60.0,60.0,20562.0,mst,2.8160908674557885,0.4776956769215277,-52.49314813459516,-37.29362443855257,792.7785113343142,26,29469.2658080974,4,1.6161175853622234,2.359656483680153
0.0,0.0,3204.0,68922.0,lst,5.0761708604258,1.9565622727051126,60.0,60.0,0.0,5470.0,mst,5.264121584879406,3.484132282037276,60.0,-60.0,26.0,7240.0,mst,4.566951257840388,3.016905772632808,-60.0,60.0,1099.0,11049.0,mst,5.906329393906253,1.9617260116864836,-60.0,-60.0,374.0,23679.0,mst,4.197877152787616,0.8521927148929271,-98.94488162913862,-37.23279668824205,907.9669543407414,26,29501.2894878014,4,1.30979351633902,5.188283149168084
