x 1,y 1,Count 1,Bkg Count 1,Telescope 1,Dangle 1,Altitude 1,x 2,y 2,Count 2,Bkg Count 2,Telescope 2,Dangle 2,Altitude 2,x 3,y 3,Count 3,Bkg Count 3,Telescope 3,Dangle 3,Altitude 3,x 4,y 4,Count 4,Bkg Count 4,Telescope 4,Dangle 4,Altitude 4,x 5,y 5,Count 5,Bkg Count 5,Telescope 5,Dangle 5,Altitude 5,True X,True Y,True Energy Per Nucleon,True Z,True Height,Detecions,Phi,Epsilon,Theta
0.0,0.0,232.0,298940.0,lst,4.826891320261372,0.7391180680978185,60.0,60.0,54.0,19645.0,mst,5.339109411923134,2.9957243206702904,60.0,-60.0,113.0,23417.0,mst,4.125794951207162,2.9255583086007984,-60.0,60.0,349.0,32452.0,mst,0.4974736798624267,1.995851427915893,-60.0,-60.0,462.0,22075.0,mst,2.6122430614568297,1.8946532412492612,-25.81126638111546,-3.015604355788412,1354.907662409477,26,37004.25878678227,5,1.423733615140468,0.56368245488705
0.0,0.0,2382.0,87138.0,lst,5.346586341264924,1.1511637878372774,60.0,60.0,65.0,6974.0,mst,5.420327026655092,2.470627804341732,60.0,-60.0,1374.0,8319.0,mst,4.576282543429462,1.900689710338531,-60.0,60.0,3855.0,11383.0,mst,0.016072892098224222,1.618744396863576,-60.0,-60.0,0.0,23890.0,mst,3.0907536521783685,None,-59.114034397492205,-44.033979940600005,840.1323400987801,26,24511.032739132894,4,1.7081046844926717,5.240647325548261
0.0,0.0,2399.0,200587.0,lst,0.55135529218208,1.4007106352263368,60.0,60.0,43.0,19808.0,mst,6.204417469224227,2.197124976372371,60.0,-60.0,25.0,107466.0,mst,5.682927553336827,0.329214063255594,-60.0,60.0,52.0,13190.0,mst,0.6795805948070716,2.7194255866827284,-60.0,-60.0,520.0,29083.0,mst,1.4502935593700257,1.70699451939545,48.86374025472509,-76.11113672367313,2104.7864123484173,26,27891.622951880625,5,1.2040860288766437,0.9482030887714232
