x 1,y 1,Count 1,Bkg Count 1,Telescope 1,Dangle 1,Altitude 1,x 2,y 2,Count 2,Bkg Count 2,Telescope 2,Dangle 2,Altitude 2,x 3,y 3,Count 3,Bkg Count 3,Telescope 3,Dangle 3,Altitude 3,x 4,y 4,Count 4,Bkg Count 4,Telescope 4,Dangle 4,Altitude 4,x 5,y 5,Count 5,Bkg Count 5,Telescope 5,Dangle 5,Altitude 5,True X,True Y,True Energy Per Nucleon,True Z,True Height,Detecions,Phi,Epsilon,Theta
0.0,0.0,2386.0,70997.0,lst,4.97951359480984,1.313844256839333,60.0,60.0,0.0,6470.0,mst,5.313816247827307,3.415682164900393,60.0,-60.0,29.0,8963.0,mst,4.309883210722151,3.025953023183763,-60.0,60.0,198.0,11101.0,mst,0.14086225598703125,1.9166043395638872,-60.0,-60.0,602.0,14994.0,mst,2.920991302783277,1.1558896829372796,-49.225985937904355,-13.989770034833526,784.7802952051663,26,33076.845999777375,4,1.7867838910597669,2.0824552004500405
0.0,0.0,886.0,143273.0,lst,3.757021880441417,0.8820482852228614,60.0,60.0,155.0,13055.0,mst,5.14743213158178,2.3642451422153443,60.0,-60.0,0.0,8757.0,mst,3.887699606768099,3.3169915899233087,-60.0,60.0,674.0,13718.0,mst,0.8897340532037089,1.4626435483384814,-60.0,-60.0,25.0,10282.0,mst,2.6830282535356664,2.69069081233388,-17.041363610526105,24.56172070602318,833.1819105523142,26,34897.79793380606,4,1.2464724002340968,0.4960635825479705
0.0,0.0,207.0,181924.0,lst,4.519419187925275,0.5364617412810023,60.0,60.0,174.0,13608.0,mst,5.326594080954608,2.6555193525947183,60.0,-60.0,26.0,17528.0,mst,4.042247240465625,2.865132211710195,-60.0,60.0,216.0,19748.0,mst,0.6286987328033358,1.888559769866101,-60.0,-60.0,0.0,15298.0,mst,2.565148669014456,2.1359385486018985,-18.983227806698068,3.6692369460454017,969.4203145843873,26,35533.02973533991,4,1.8007647721240163,0.45316268858609055
0.0,0.0,4754.0,165782.0,lst,4.533677969908749,1.3992900959836314,60.0,60.0,96.0,13427.0,mst,5.0661078539883615,2.7016588494429934,60.0,-60.0,0.0,9631.0,mst,4.1861846516107635,2.9345740279254673,-60.0,60.0,316.0,16506.0,mst,6.0334074681607595,0.9155107043100391,-60.0,-60.0,938.0,20395.0,mst,3.2760761798570246,1.4462703458695305,-70.52281948371413,13.471924131521803,1182.8633657702653,26,29596.374651414735,4,1.737945729924153,0.6136541442293759
