x 1,y 1,Count 1,Bkg Count 1,Telescope 1,Dangle 1,Altitude 1,x 2,y 2,Count 2,Bkg Count 2,Telescope 2,Dangle 2,Altitude 2,x 3,y 3,Count 3,Bkg Count 3,Telescope 3,Dangle 3,Altitude 3,x 4,y 4,Count 4,Bkg Count 4,Telescope 4,Dangle 4,Altitude 4,x 5,y 5,Count 5,Bkg Count 5,Telescope 5,Dangle 5,Altitude 5,True X,True Y,True Energy Per Nucleon,True Z,True Height,Detecions,Phi,Epsilon,Theta
0.0,0.0,1318.0,276144.0,lst,2.2858908649378042,0.646639120501889,60.0,60.0,331.0,36756.0,mst,5.531280992591135,1.016673192492205,60.0,-60.0,324.0,38138.0,mst,3.5664021863891997,1.7605821211851607,-60.0,60.0,1101.0,33046.0,mst,1.1750480619630015,1.8469239152948196,-60.0,-60.0,0.0,15128.0,mst,2.331575261203661,2.3408132612505983,25.02680351978387,21.85725438073581,1643.8847332843557,26,30164.738961433413,4,1.608150664305688,4.226518899364915
0.0,0.0,0.0,50996.0,lst,3.119643148520517,None,60.0,60.0,881.0,12033.0,mst,5.34850788147742,1.7187892277173855,60.0,-60.0,174.0,8849.0,mst,3.807896501639587,2.2154169199587237,-60.0,60.0,1857.0,9879.0,mst,0.9417556380416967,1.6081225211233467,-60.0,-60.0,85.0,7010.0,mst,2.4567132558577107,2.1000369195597326,0.4283650897516793,16.185812784800703,676.5614280569723,26,31023.104927364977,4,1.2697815172820053,1.5892008132000426
0.0,0.0,5477.0,32467.0,lst,5.193459820140671,1.3571856948027,60.0,60.0,0.0,2496.0,mst,5.339124015633931,3.0219768819824493,60.0,-60.0,99.0,3811.0,mst,4.480010399124042,2.4810193592836587,-60.0,60.0,440.0,7289.0,mst,6.261790129160947,1.8947566999951015,-60.0,-60.0,178.0,7265.0,mst,3.187781904834475,0.6229129979957674,-61.69323901602412,-31.329717465504714,595.4039795851675,26,29728.192728336027,4,1.2129348577969674,4.977450274169265
