x 1,y 1,Count 1,Bkg Count 1,Telescope 1,Dangle 1,Altitude 1,x 2,y 2,Count 2,Bkg Count 2,Telescope 2,Dangle 2,Altitude 2,x 3,y 3,Count 3,Bkg Count 3,Telescope 3,Dangle 3,Altitude 3,x 4,y 4,Count 4,Bkg Count 4,Telescope 4,Dangle 4,Altitude 4,x 5,y 5,Count 5,Bkg Count 5,Telescope 5,Dangle 5,Altitude 5,True X,True Y,True Energy Per Nucleon,True Z,True Height,Detecions,Phi,Epsilon,Theta
0.0,0.0,2206.0,72283.0,lst,5.123451328791512,0.6373813940207822,60.0,60.0,1582.0,7892.0,mst,5.354770750595646,1.6546332937673776,60.0,-60.0,1361.0,10460.0,mst,4.350250216696802,1.4683271601913128,-60.0,60.0,1059.0,15576.0,mst,0.18981882978202175,1.052967781090282,-60.0,-60.0,95.0,20437.0,mst,2.7750358707131464,0.590123859135292,-44.873566990543594,-19.21626129885567,835.1784963076756,26,20645.97938429512,5,1.3434012793512897,5.449452706032283
0.0,0.0,1889.0,179256.0,lst,3.41227688111391,0.7664719496420265,60.0,60.0,1022.0,39726.0,mst,4.934980255087812,1.3457432019198863,60.0,-60.0,139.0,20015.0,mst,3.7283256126589577,2.2027794714416733,-60.0,60.0,552.0,51198.0,mst,1.2259555221829959,0.8840013976658426,-60.0,-60.0,525.0,35400.0,mst,2.7064859032878688,1.9596621481840104,-11.301641923490877,42.73304340836691,1880.3566660491426,26,28884.126034982826,5,1.294259925250084,2.3047428017810407
0.0,0.0,229.0,0.0,lst,5.607561173713721,0.4517057959265138,60.0,60.0,112.0,0.0,mst,5.520250943478929,2.420136218719478,60.0,-60.0,337.0,0.0,mst,4.153260260248984,1.974827559996513,-60.0,60.0,402.0,0.0,mst,0.5609516273986088,2.0660997446889597,-60.0,-60.0,1155.0,0.0,mst,2.3064778636300725,1.5044001518875023,-12.698002035753888,-15.846749835902273,253.82895327953497,26,23620.723018686396,5,1.648352665792803,1.0480290940884742
