x 1,y 1,Count 1,Bkg Count 1,Telescope 1,Dangle 1,Altitude 1,x 2,y 2,Count 2,Bkg Count 2,Telescope 2,Dangle 2,Altitude 2,x 3,y 3,Count 3,Bkg Count 3,Telescope 3,Dangle 3,Altitude 3,x 4,y 4,Count 4,Bkg Count 4,Telescope 4,Dangle 4,Altitude 4,x 5,y 5,Count 5,Bkg Count 5,Telescope 5,Dangle 5,Altitude 5,True X,True Y,True Energy Per Nucleon,True Z,True Height,Detecions,Phi,Epsilon,Theta
0.0,0.0,1639.0,72137.0,lst,0.8048526222305005,0.7246971199934508,60.0,60.0,91.0,7128.0,mst,5.897594681641056,1.8971837098081639,60.0,-60.0,388.0,12268.0,mst,3.9204907062785166,1.0618711916604857,-60.0,60.0,170.0,3950.0,mst,0.7654327545727545,2.450955236570218,-60.0,-60.0,651.0,7836.0,mst,1.9574767536913737,1.9578392656032297,24.98144854976931,-24.757720357831005,653.7797330270374,26,29674.09393890293,5,1.8192270138863154,0.14071688151841527
0.0,0.0,7101.0,125856.0,lst,6.157837450362359,1.6056431387733054,60.0,60.0,0.0,11204.0,mst,5.852221309977085,2.8161100874150127,60.0,-60.0,912.0,32568.0,mst,5.169891416119849,1.3076192594736689,-60.0,60.0,23.0,15529.0,mst,0.2996255168641208,2.662248567065666,-60.0,-60.0,443.0,46771.0,mst,0.8986300449484409,0.9560596652698912,-13.315493535974866,-97.46278877227508,1551.3556120798198,26,25501.124091294336,4,1.5902709028246818,4.014513437424122
