x 1,y 1,Count 1,Bkg Count 1,Telescope 1,Dangle 1,Altitude 1,x 2,y 2,Count 2,Bkg Count 2,Telescope 2,Dangle 2,Altitude 2,x 3,y 3,Count 3,Bkg Count 3,Telescope 3,Dangle 3,Altitude 3,x 4,y 4,Count 4,Bkg Count 4,Telescope 4,Dangle 4,Altitude 4,x 5,y 5,Count 5,Bkg Count 5,Telescope 5,Dangle 5,Altitude 5,True X,True Y,True Energy Per Nucleon,True Z,True Height,Detecions,Phi,Epsilon,Theta
0.0,0.0,6311.0,26753.0,lst,1.0664035301409482,1.3144550171259013,60.0,60.0,2739.0,4620.0,mst,0.2388017039516872,1.551500399628449,60.0,-60.0,183.0,7268.0,mst,1.990407365997826,0.3678527129378201,-60.0,60.0,0.0,2783.0,mst,0.9449812415608609,2.4492996618728666,-60.0,-60.0,592.0,3160.0,mst,1.6489483903363773,1.9436384887497848,86.44878010638817,-48.06394053839588,566.1296821302618,26,21646.277342449528,4,1.2632551484953127,2.0364469820578277
0.0,0.0,5098.0,375.0,lst,1.8627120593386555,1.3939921235831674,60.0,60.0,377.0,48.0,mst,0.5019124216716397,0.6850679379085338,60.0,-60.0,1418.0,75.0,mst,2.909799429777045,1.4971055559269086,-60.0,60.0,263.0,51.0,mst,1.310120577312802,2.3993724202390716,-60.0,-60.0,33.0,39.0,mst,2.1175644788871644,2.7428611390872186,80.28903172691349,24.319761255997832,389.8855846125399,26,24342.07774501123,5,1.274238344257507,1.4449137120762585
0.0,0.0,5105.0,0.0,lst,0.5609414805432061,1.283588155164289,60.0,60.0,0.0,0.0,mst,6.056395491134725,2.341073014013967,60.0,-60.0,119.0,0.0,mst,4.4657668055715,0.5342288140227532,-60.0,60.0,33.0,0.0,mst,0.6974894828125818,2.950041737686252,-60.0,-60.0,67.0,0.0,mst,1.6465504555732713,1.8794157525656576,33.92916848651976,-53.33667149328001,374.9889516185899,26,25600.45820741538,4,1.5067908687744325,5.69363663262105
0.0,0.0,8016.0,78753.0,lst,2.7424210168610506,1.339369372404169,60.0,60.0,216.0,22603.0,mst,3.9529496998397553,0.48185018449156813,60.0,-60.0,220.0,8360.0,mst,3.3128454906410028,2.122554613380214,-60.0,60.0,1292.0,11012.0,mst,1.8143459430072981,1.5479187159129508,-60.0,-60.0,0.0,6714.0,mst,2.5587811576927844,2.607640927579287,35.21829365248803,83.24715037128047,949.8652610610677,26,24581.054681705595,4,1.895668753650549,4.345613429709952
