x 1,y 1,Count 1,Bkg Count 1,Telescope 1,Dangle 1,Altitude 1,x 2,y 2,Count 2,Bkg Count 2,Telescope 2,Dangle 2,Altitude 2,x 3,y 3,Count 3,Bkg Count 3,Telescope 3,Dangle 3,Altitude 3,x 4,y 4,Count 4,Bkg Count 4,Telescope 4,Dangle 4,Altitude 4,x 5,y 5,Count 5,Bkg Count 5,Telescope 5,Dangle 5,Altitude 5,True X,True Y,True Energy Per Nucleon,True Z,True Height,Detecions,Phi,Epsilon,Theta
0.0,0.0,1827.0,139887.0,lst,3.0700370477574643,1.6133826783664025,60.0,60.0,143.0,30186.0,mst,4.3672063469320115,1.2275972528318924,60.0,-60.0,22.0,13681.0,mst,3.47712350507507,3.123617225057578,-60.0,60.0,851.0,35982.0,mst,1.8403306756309779,1.3081678683269677,-60.0,-60.0,30.0,12365.0,mst,2.699335962851025,3.056760384767289,6.979479438343418,79.42363657183066,1387.071533576271,26,32188.476497015443,5,1.1878208793575975,1.6302749396929852
0.0,0.0,426.0,17195.0,lst,0.9504569236642605,2.146614328603353,60.0,60.0,85.0,2802.0,mst,0.3665378133727857,2.33046385408804,60.0,-60.0,799.0,6779.0,mst,1.1431671402872872,0.9344399591203982,-60.0,60.0,0.0,1906.0,mst,0.8929838405288345,3.4004341888919236,-60.0,-60.0,69.0,2974.0,mst,1.433408919604817,2.6549691838954055,117.5874683825702,-85.0686335709706,569.229450954186,26,22687.87355554378,4,1.7337881164635118,1.7402684879057233
0.0,0.0,7539.0,36120.0,lst,5.143812775934579,1.3548350608612305,60.0,60.0,24.0,4620.0,mst,5.315473377857161,2.617477334670111,60.0,-60.0,194.0,5282.0,mst,4.535150008756144,2.2627950525941465,-60.0,60.0,1837.0,8936.0,mst,6.097375001448254,1.5010510249249667,-60.0,-60.0,110.0,11961.0,mst,3.831290179902592,0.49776741312684547,-79.76572851748251,-35.57878575659659,661.8733934750154,26,24589.39815793981,5,1.831035670329562,6.205573236773256
0.0,0.0,3901.0,0.0,lst,0.9940324204943977,1.6813276314918737,60.0,60.0,159.0,0.0,mst,0.027923439218766444,2.3009420201639124,60.0,-60.0,21.0,0.0,mst,3.0126041495448233,0.42268807835006494,-60.0,60.0,0.0,0.0,mst,0.8623213098610494,3.557789178994596,-60.0,-60.0,37.0,0.0,mst,1.71891337372144,2.748784147286428,62.209498854228826,-41.2933402795657,246.00639060841328,26,23162.77901228969,4,1.7093863658828206,3.096385089306241
