x 1,y 1,Count 1,Bkg Count 1,Telescope 1,Dangle 1,Altitude 1,x 2,y 2,Count 2,Bkg Count 2,Telescope 2,Dangle 2,Altitude 2,x 3,y 3,Count 3,Bkg Count 3,Telescope 3,Dangle 3,Altitude 3,x 4,y 4,Count 4,Bkg Count 4,Telescope 4,Dangle 4,Altitude 4,x 5,y 5,Count 5,Bkg Count 5,Telescope 5,Dangle 5,Altitude 5,True X,True Y,True Energy Per Nucleon,True Z,True Height,Detecions,Phi,Epsilon,Theta
0.0,0.0,3832.0,69502.0,lst,0.4296469142935426,1.384861441457026,60.0,60.0,31.0,9008.0,mst,6.144782802510867,2.1921680573419775,60.0,-60.0,142.0,26366.0,mst,5.45064929889511,0.4635830954268887,-60.0,60.0,25.0,9129.0,mst,0.5958639361153212,2.658674323418,-60.0,-60.0,1135.0,16224.0,mst,1.360105061246108,1.4994518879596008,36.603507732939136,-81.27276080658758,1015.2882832847553,26,23964.84319327347,5,1.2535556215238863,3.5852002500278397
0.0,0.0,4891.0,29649.0,lst,1.5430105855952951,1.1193555570490974,60.0,60.0,462.0,8598.0,mst,0.37872904578379685,0.9118561906154223,60.0,-60.0,663.0,6512.0,mst,2.769917915104882,0.850384468193705,-60.0,60.0,271.0,3319.0,mst,1.1675501894692213,2.1383913954698843,-60.0,-60.0,458.0,2852.0,mst,1.9753731691354313,2.0751823251209998,83.27413686270671,-0.9983391002558619,578.182461941497,26,21575.535336479978,5,1.304534935865666,2.5794821194501165
