x 1,y 1,Count 1,Bkg Count 1,Telescope 1,Dangle 1,Altitude 1,x 2,y 2,Count 2,Bkg Count 2,Telescope 2,Dangle 2,Altitude 2,x 3,y 3,Count 3,Bkg Count 3,Telescope 3,Dangle 3,Altitude 3,x 4,y 4,Count 4,Bkg Count 4,Telescope 4,Dangle 4,Altitude 4,x 5,y 5,Count 5,Bkg Count 5,Telescope 5,Dangle 5,Altitude 5,True X,True Y,True Energy Per Nucleon,True Z,True Height,Detecions,Phi,Epsilon,Theta
0.0,0.0,2276.0,127682.0,lst,4.200904677322301,1.2535789074415034,60.0,60.0,28.0,16179.0,mst,5.0450193009859925,2.6981919644887125,60.0,-60.0,0.0,8560.0,mst,4.014461286016945,3.319978818953772,-60.0,60.0,185.0,23255.0,mst,0.4278591770398797,0.8795667899013898,-60.0,-60.0,882.0,18860.0,mst,2.935638286658571,2.0698698255340586,-43.80392884707838,24.191192129396455,1129.1128715956881,26,34047.97486662496,4,1.8923726479620082,1.1531332008439585
0.0,0.0,2252.0,122031.0,lst,4.165487659568949,1.0451802542758075,60.0,60.0,112.0,10459.0,mst,5.091548105619438,2.577230291080361,60.0,-60.0,50.0,12109.0,mst,3.987144213200696,3.1421110314072913,-60.0,60.0,336.0,21106.0,mst,0.5936339030149975,1.1553848635674193,-60.0,-60.0,214.0,13958.0,mst,2.8309235118020437,2.1388396517349313,-34.928047567917815,22.014059325207512,837.7504579050162,26,33095.01876009113,5,1.6547538847727778,2.6388226960388828
0.0,0.0,741.0,163169.0,lst,1.5952043366064388,0.5081973184552118,60.0,60.0,768.0,15680.0,mst,5.824247860915186,1.1191965912972224,60.0,-60.0,487.0,13643.0,mst,3.6230615826856116,1.056693011418214,-60.0,60.0,0.0,12163.0,mst,0.9968908657008324,1.7544429710836529,-60.0,-60.0,1721.0,12169.0,mst,2.1525502583646516,1.7032340541640953,30.560586882461592,0.45585224123112766,920.8779417077964,26,25813.79158843282,4,1.8225941203208462,2.872888761821033
0.0,0.0,1610.0,50938.0,lst,4.339664146704064,1.186481352589324,60.0,60.0,79.0,5893.0,mst,5.051715598921027,2.480118695371756,60.0,-60.0,0.0,4279.0,mst,4.089332845789583,2.8613235063215647,-60.0,60.0,265.0,11865.0,mst,0.15672080354402093,0.8258812578504098,-60.0,-60.0,817.0,7468.0,mst,3.0584970423753166,1.6545042879330385,-53.54536425082223,20.316725215813534,619.7067977042252,26,28826.876874748796,4,1.3983905564724548,1.4773964062102394
