x 1,y 1,Count 1,Bkg Count 1,Telescope 1,Dangle 1,Altitude 1,x 2,y 2,Count 2,Bkg Count 2,Telescope 2,Dangle 2,Altitude 2,x 3,y 3,Count 3,Bkg Count 3,Telescope 3,Dangle 3,Altitude 3,x 4,y 4,Count 4,Bkg Count 4,Telescope 4,Dangle 4,Altitude 4,x 5,y 5,Count 5,Bkg Count 5,Telescope 5,Dangle 5,Altitude 5,True X,True Y,True Energy Per Nucleon,True Z,True Height,Detecions,Phi,Epsilon,Theta
0.0,0.0,3410.0,5272.0,lst,0.6663425173583708,1.182012214296332,60.0,60.0,227.0,1044.0,mst,6.112832399285758,2.015886870257238,60.0,-60.0,55.0,2099.0,mst,4.258227050445475,0.38128834650905846,-60.0,60.0,63.0,608.0,mst,0.7281081145139726,2.7370240069010348,-60.0,-60.0,569.0,895.0,mst,1.6649942343735737,1.8371412200821278,40.9434888329462,-50.76269162723304,425.96970954986153,26,24855.420259043633,5,1.4458528901394674,4.052720598244851
0.0,0.0,0.0,0.0,lst,0.41011803768958144,None,60.0,60.0,119.0,0.0,mst,5.614767495797351,1.877119572034853,60.0,-60.0,1396.0,0.0,mst,3.981322294048436,1.5987925263309721,-60.0,60.0,171.0,0.0,mst,0.753112052805635,2.0068133274390907,-60.0,-60.0,123.0,0.0,mst,2.2394450292496018,1.7177365851567736,4.091305821482138,-9.204925056340926,313.996555280538,26,24706.466470199946,4,1.5808149797892748,4.484746410103199
0.0,0.0,1881.0,0.0,lst,4.273053072060367,0.9682933809776616,60.0,60.0,172.0,0.0,mst,5.073610438169366,2.2362298193479306,60.0,-60.0,55.0,0.0,mst,4.05044711865582,2.632436678309367,-60.0,60.0,309.0,0.0,mst,0.4058029317050759,0.8401672137675014,-60.0,-60.0,2042.0,0.0,mst,2.933169854514623,1.6369234637313177,-43.67503413510477,20.696103452058537,364.12215518595906,26,25333.01650647422,5,1.412350091799436,1.2636669487817853
0.0,0.0,5809.0,0.0,lst,3.346138551864091,1.48900992159256,60.0,60.0,1403.0,0.0,mst,4.361971914101495,1.3239208651602854,60.0,-60.0,25.0,0.0,mst,3.6062005607413887,2.741413520847007,-60.0,60.0,354.0,0.0,mst,2.155423365752785,0.8402689682824502,-60.0,-60.0,30.0,0.0,mst,2.8490143167322084,2.51919437682136,-16.513006302132283,88.9715329715369,382.94508772269637,26,22766.2960045065,5,1.523649105200587,1.8283545660243827
