x 1,y 1,Count 1,Bkg Count 1,Telescope 1,Dangle 1,Altitude 1,x 2,y 2,Count 2,Bkg Count 2,Telescope 2,Dangle 2,Altitude 2,x 3,y 3,Count 3,Bkg Count 3,Telescope 3,Dangle 3,Altitude 3,x 4,y 4,Count 4,Bkg Count 4,Telescope 4,Dangle 4,Altitude 4,x 5,y 5,Count 5,Bkg Count 5,Telescope 5,Dangle 5,Altitude 5,True X,True Y,True Energy Per Nucleon,True Z,True Height,Detecions,Phi,Epsilon,Theta
0.0,0.0,3822.0,99857.0,lst,1.7750586897074905,1.0947464707483852,60.0,60.0,748.0,19631.0,mst,6.205031143646928,0.8599981695265143,60.0,-60.0,990.0,16262.0,mst,3.191842147217163,1.3040229115298712,-60.0,60.0,45.0,13737.0,mst,1.1822237504353525,2.3557402697558203,-60.0,-60.0,0.0,9478.0,mst,2.1259553445512673,2.5599342786903985,57.09047673268097,11.222835667635735,951.3136105932037,26,28326.67514060946,4,1.352835780614245,5.037316895012228
0.0,0.0,2974.0,68627.0,lst,4.474286722531965,1.4582253130125304,60.0,60.0,45.0,12069.0,mst,5.0131902481427355,2.5602954339366324,60.0,-60.0,0.0,10866.0,mst,4.169127409915128,2.958434722470383,-60.0,60.0,287.0,23321.0,mst,5.943087501941098,0.7993418453773197,-60.0,-60.0,171.0,15444.0,mst,3.3306444813841956,1.5805934877421712,-74.11848631058821,18.8676339672119,954.136739118997,26,29808.427098163895,4,1.8994061179890518,5.427928198779815
0.0,0.0,2008.0,3268.0,lst,5.969682548686826,1.1325664692489075,60.0,60.0,21.0,237.0,mst,5.6550744872921745,3.131429132049847,60.0,-60.0,641.0,520.0,mst,4.505480593498787,1.8627068487551601,-60.0,60.0,40.0,294.0,mst,0.41218572890055644,2.8027653341584378,-60.0,-60.0,365.0,541.0,mst,1.9062448223232389,1.215656299603766,-14.09301076164357,-43.960964023455915,401.7672038056707,26,28216.24222108507,5,1.7046855700274524,4.969542201038015
