x 1,y 1,Count 1,Bkg Count 1,Telescope 1,Dangle 1,Altitude 1,x 2,y 2,Count 2,Bkg Count 2,Telescope 2,Dangle 2,Altitude 2,x 3,y 3,Count 3,Bkg Count 3,Telescope 3,Dangle 3,Altitude 3,x 4,y 4,Count 4,Bkg Count 4,Telescope 4,Dangle 4,Altitude 4,x 5,y 5,Count 5,Bkg Count 5,Telescope 5,Dangle 5,Altitude 5,True X,True Y,True Energy Per Nucleon,True Z,True Height,Detecions,Phi,Epsilon,Theta
0.0,0.0,0.0,278756.0,lst,1.532667430702852,None,60.0,60.0,254.0,26804.0,mst,5.604506911871847,2.0124271613236697,60.0,-60.0,553.0,28701.0,mst,3.8406791672445943,1.9249039983405758,-60.0,60.0,112.0,27556.0,mst,0.8534812331358858,2.346140375481392,-60.0,-60.0,331.0,25039.0,mst,2.2752379849533733,2.285367750226643,10.907106040391312,-0.4009812845989984,1602.974409506215,26,35762.77361847528,4,1.3325449708196027,2.6135978642195843
0.0,0.0,4011.0,41726.0,lst,1.7261790687029577,1.534239974699273,60.0,60.0,466.0,8490.0,mst,0.247700138827613,1.032552975664366,60.0,-60.0,294.0,7652.0,mst,2.954798057142229,1.4036772103779473,-60.0,60.0,0.0,5433.0,mst,1.2090331580051972,2.952900773840569,-60.0,-60.0,21.0,5036.0,mst,2.0635920838707076,3.1365757582110474,72.23413209116501,10.144538448427653,647.7240033863435,26,29260.89557606245,4,1.1883350644035793,4.838274026916973
