x 1,y 1,Count 1,Bkg Count 1,Telescope 1,Dangle 1,Altitude 1,x 2,y 2,Count 2,Bkg Count 2,Telescope 2,Dangle 2,Altitude 2,x 3,y 3,Count 3,Bkg Count 3,Telescope 3,Dangle 3,Altitude 3,x 4,y 4,Count 4,Bkg Count 4,Telescope 4,Dangle 4,Altitude 4,x 5,y 5,Count 5,Bkg Count 5,Telescope 5,Dangle 5,Altitude 5,True X,True Y,True Energy Per Nucleon,True Z,True Height,Detecions,Phi,Epsilon,Theta
0.0,0.0,6563.0,93147.0,lst,1.7881529715015598,1.6622686245867697,60.0,60.0,335.0,28815.0,mst,0.4875935181766034,0.9519031314668753,60.0,-60.0,1349.0,22371.0,mst,2.8701865189851006,1.5728331298472225,-60.0,60.0,0.0,9430.0,mst,1.288405336844239,2.9652443275076195,-60.0,-60.0,26.0,9911.0,mst,2.066747430805069,3.1990967373133103,81.91749406027108,17.71921590600408,1085.525361531831,26,29768.70380058648,4,1.3806503385123592,4.249074738753908
0.0,0.0,9457.0,51073.0,lst,1.8551689758526198,1.55204015044527,60.0,60.0,399.0,11594.0,mst,0.7935813980386114,0.7292913550098316,60.0,-60.0,1396.0,9027.0,mst,2.787760483433547,1.5514701559164716,-60.0,60.0,100.0,5748.0,mst,1.3720964235895485,2.5155998261264876,-60.0,-60.0,0.0,4419.0,mst,2.095822899749775,2.8944474206587145,92.93617369695622,26.954179423241527,710.2109034425836,26,25351.250056363286,4,1.3373931002559156,0.2398200370881684
0.0,0.0,2109.0,0.0,lst,5.543507491814236,1.0459813389355443,60.0,60.0,0.0,0.0,mst,5.523895850085653,2.9798367131053967,60.0,-60.0,37.0,0.0,mst,4.455669291041063,2.1272981747518678,-60.0,60.0,280.0,0.0,mst,0.28511199114507263,2.213936622560525,-60.0,-60.0,266.0,0.0,mst,2.2931490156691328,0.8519455978352681,-30.706111746941318,-33.97881726582345,328.9007099656351,26,25823.164439853706,4,1.770768985414902,2.1705922167545117
0.0,0.0,6411.0,261876.0,lst,3.061280459483526,1.2190482731630228,60.0,60.0,594.0,58782.0,mst,4.4118204281600315,0.9199847717061633,60.0,-60.0,95.0,21314.0,mst,3.529586994369427,2.36977623090859,-60.0,60.0,603.0,61863.0,mst,1.8181855765123953,1.0776526126212862,-60.0,-60.0,0.0,23062.0,mst,2.7092996693341167,2.45203921644456,5.798595386883022,77.17030846942322,2327.6451643641485,26,25495.431338328493,4,1.5774331967570416,2.539851556529116
