x 1,y 1,Count 1,Bkg Count 1,Telescope 1,Dangle 1,Altitude 1,x 2,y 2,Count 2,Bkg Count 2,Telescope 2,Dangle 2,Altitude 2,x 3,y 3,Count 3,Bkg Count 3,Telescope 3,Dangle 3,Altitude 3,x 4,y 4,Count 4,Bkg Count 4,Telescope 4,Dangle 4,Altitude 4,x 5,y 5,Count 5,Bkg Count 5,Telescope 5,Dangle 5,Altitude 5,True X,True Y,True Energy Per Nucleon,True Z,True Height,Detecions,Phi,Epsilon,Theta
0.0,0.0,3043.0,0.0,lst,2.352731509350602,1.0090641432784977,60.0,60.0,24.0,0.0,mst,5.563136287911195,0.4017355030190472,60.0,-60.0,117.0,0.0,mst,3.3029350371937225,1.6385249716780284,-60.0,60.0,261.0,0.0,mst,1.375749806125088,1.8197295122163266,-60.0,-60.0,239.0,0.0,mst,2.344173746043583,2.383803569883682,44.31996761297381,42.20289650182207,382.99561933742194,26,23838.609308021827,5,1.887966514109374,3.4846038985947194
0.0,0.0,2680.0,30586.0,lst,5.788623007067013,1.1090306528430007,60.0,60.0,32.0,2680.0,mst,5.599343696177573,3.1096101623165104,60.0,-60.0,54.0,4252.0,mst,4.482029352863982,1.9791169182408552,-60.0,60.0,26.0,2282.0,mst,0.3621985584217696,2.6113567700843943,-60.0,-60.0,280.0,5944.0,mst,2.0280743554640175,1.0588865046105498,-21.182685682144722,-40.58625888076922,515.1397090208613,26,29739.506541921903,5,1.6993121463471186,3.978125363187703
0.0,0.0,1910.0,110695.0,lst,3.0221788755792436,1.2773245983254757,60.0,60.0,560.0,21750.0,mst,4.761196879456486,1.144134195198217,60.0,-60.0,88.0,9958.0,mst,3.563608559477316,2.8409233625784913,-60.0,60.0,623.0,12774.0,mst,1.5105532590306052,1.5120564256512554,-60.0,-60.0,0.0,11037.0,mst,2.6072207813379795,3.0059938831575965,6.709733059272082,56.58770008459811,941.9280024533983,26,31632.651335036342,4,1.7339975252834003,5.3564028731579905
0.0,0.0,330.0,4813.0,lst,0.7289089885690163,0.6086071424689389,60.0,60.0,196.0,565.0,mst,5.744874873753275,2.4422466091405566,60.0,-60.0,188.0,622.0,mst,3.9588247617144146,1.5968275872618944,-60.0,60.0,33.0,383.0,mst,0.769154052681834,2.95226806937618,-60.0,-60.0,165.0,559.0,mst,2.0875562838592097,2.244604280892421,14.912373123120716,-16.724260530791895,406.386111258816,26,29180.713726558348,5,1.2675375652268237,3.1551435260340375
