x 1,y 1,Count 1,Bkg Count 1,Telescope 1,Dangle 1,Altitude 1,x 2,y 2,Count 2,Bkg Count 2,Telescope 2,Dangle 2,Altitude 2,x 3,y 3,Count 3,Bkg Count 3,Telescope 3,Dangle 3,Altitude 3,x 4,y 4,Count 4,Bkg Count 4,Telescope 4,Dangle 4,Altitude 4,x 5,y 5,Count 5,Bkg Count 5,Telescope 5,Dangle 5,Altitude 5,True X,True Y,True Energy Per Nucleon,True Z,True Height,Detecions,Phi,Epsilon,Theta
0.0,0.0,3102.0,200941.0,lst,0.3647165554935443,1.3475346506467165,60.0,60.0,0.0,19185.0,mst,5.957273917609431,2.69376110855389,60.0,-60.0,230.0,61239.0,mst,4.646665607106968,0.8162275860451562,-60.0,60.0,31.0,17923.0,mst,0.5864496786757354,3.1298401855434492,-60.0,-60.0,338.0,43506.0,mst,1.6091122710036436,1.7912137291713595,22.346839326060092,-57.52383785993155,2176.4987193773463,26,32442.066316925557,4,1.4501399779274988,3.300160233887605
0.0,0.0,1266.0,0.0,lst,1.8147911137075385,0.8866769792428895,60.0,60.0,460.0,0.0,mst,5.940228067601655,1.039471736472164,60.0,-60.0,784.0,0.0,mst,3.3970136899630528,1.4315603067523222,-60.0,60.0,48.0,0.0,mst,1.1077950850972347,2.3060709311378598,-60.0,-60.0,0.0,0.0,mst,2.1718849657068215,2.499770556541054,42.18534228264497,9.951877832057875,339.6100694771469,26,24843.424001020307,4,1.3908297945229604,4.626648786168379
0.0,0.0,374.0,266082.0,lst,5.421768137063441,0.4245016693855291,60.0,60.0,723.0,15669.0,mst,5.475062322567696,1.9348196943130596,60.0,-60.0,2232.0,21442.0,mst,4.181846679564013,1.6858937828762526,-60.0,60.0,1088.0,26478.0,mst,0.5147635820755171,1.536004168622051,-60.0,-60.0,521.0,33006.0,mst,2.392724032213442,1.1539014247523853,-18.020192993206138,-15.321512210340387,1295.2854914387126,26,29292.980962245456,5,1.302651129838919,6.18744190870672
0.0,0.0,2623.0,259939.0,lst,0.8502254743117813,1.7754931512658416,60.0,60.0,24.0,30566.0,mst,6.144926376205487,2.8233126117348792,60.0,-60.0,38.0,59009.0,mst,3.7752513227811537,0.6044377546759815,-60.0,60.0,0.0,18611.0,mst,0.8142026136574726,4.233756487037054,-60.0,-60.0,21.0,36053.0,mst,1.7508526640943112,3.0985807050508347,46.5296101452675,-40.645149633279985,2035.262833393088,26,38338.037226458735,4,1.2180348289038467,4.218696595478956
