x 1,y 1,Count 1,Bkg Count 1,Telescope 1,Dangle 1,Altitude 1,x 2,y 2,Count 2,Bkg Count 2,Telescope 2,Dangle 2,Altitude 2,x 3,y 3,Count 3,Bkg Count 3,Telescope 3,Dangle 3,Altitude 3,x 4,y 4,Count 4,Bkg Count 4,Telescope 4,Dangle 4,Altitude 4,x 5,y 5,Count 5,Bkg Count 5,Telescope 5,Dangle 5,Altitude 5,True X,True Y,True Energy Per Nucleon,True Z,True Height,Detecions,Phi,Epsilon,Theta
0.0,0.0,1135.0,157695.0,lst,4.079883470990063,1.132039011841147,60.0,60.0,99.0,12904.0,mst,5.022071198418285,2.468811848729325,60.0,-60.0,0.0,10796.0,mst,3.9591566470256465,3.1744431487773648,-60.0,60.0,306.0,29234.0,mst,0.6394329903581594,0.9596269160410531,-60.0,-60.0,313.0,16612.0,mst,2.8963485949975434,2.1955882326981118,-37.25482924539453,27.791492480254135,1049.6117683464818,26,33322.446588510946,4,1.4732597226532826,0.5980864181756576
0.0,0.0,3253.0,273658.0,lst,2.225732195801656,1.441691113012504,60.0,60.0,110.0,100639.0,mst,5.829936985521987,0.5457216738594165,60.0,-60.0,300.0,42354.0,mst,3.243680664445423,2.25979311174716,-60.0,60.0,57.0,33719.0,mst,1.3704017479432502,2.5451484480909774,-60.0,-60.0,0.0,24439.0,mst,2.3097342556336073,3.3942546099718083,49.04275002827302,37.43623379361361,2431.0716491599674,26,34004.81894017623,4,1.3456069075614172,5.611180627188793
0.0,0.0,4711.0,268757.0,lst,0.2820916525197332,1.012528426840356,60.0,60.0,284.0,23416.0,mst,5.963289803092041,1.9910725565342304,60.0,-60.0,179.0,61813.0,mst,4.779817172125322,0.6549844005711125,-60.0,60.0,70.0,23057.0,mst,0.5559851499478323,2.248815918021249,-60.0,-60.0,788.0,43667.0,mst,1.5217235953268302,1.1981749151862662,18.342993602345615,-63.035490792836185,2141.924364512029,26,24316.084638844663,5,1.4742999717825356,4.41902371719466
