x 1,y 1,Count 1,Bkg Count 1,Telescope 1,Dangle 1,Altitude 1,x 2,y 2,Count 2,Bkg Count 2,Telescope 2,Dangle 2,Altitude 2,x 3,y 3,Count 3,Bkg Count 3,Telescope 3,Dangle 3,Altitude 3,x 4,y 4,Count 4,Bkg Count 4,Telescope 4,Dangle 4,Altitude 4,x 5,y 5,Count 5,Bkg Count 5,Telescope 5,Dangle 5,Altitude 5,True X,True Y,True Energy Per Nucleon,True Z,True Height,Detecions,Phi,Epsilon,Theta
0.0,0.0,2126.0,98412.0,lst,0.7593132975010963,1.549608521007827,60.0,60.0,29.0,12608.0,mst,6.015840424563738,3.1957425140814686,60.0,-60.0,219.0,20496.0,mst,3.9786135100581066,1.2695212439147099,-60.0,60.0,0.0,11051.0,mst,0.7641142135287484,4.302043076586348,-60.0,-60.0,28.0,13421.0,mst,1.8579183083161523,3.209676172677271,32.88767331974529,-34.72616527284552,896.9966693974792,26,37357.11681076252,4,1.8175959022245756,0.25402239595212595
0.0,0.0,6279.0,101702.0,lst,3.3894285114320284,1.3710915659531873,60.0,60.0,1499.0,18229.0,mst,4.35800809271609,1.2655285643301364,60.0,-60.0,0.0,8668.0,mst,3.638854560446407,2.4793083128353253,-60.0,60.0,330.0,30896.0,mst,2.274379588497467,0.7243934221659404,-60.0,-60.0,213.0,13250.0,mst,2.8934195855115363,2.2669063724758565,-23.049655655434435,91.46164142087432,1182.9475153024346,26,23004.14731456461,4,1.7591477013795052,5.043638517726314
0.0,0.0,3749.0,78004.0,lst,0.39086512697740405,1.8892244460406946,60.0,60.0,22.0,7694.0,mst,6.015840378186566,3.426975208597874,60.0,-60.0,91.0,20479.0,mst,4.881570033838044,0.9072400730370374,-60.0,60.0,0.0,6528.0,mst,0.6030708217003361,4.002916233944488,-60.0,-60.0,76.0,14381.0,mst,1.525310015049305,2.339331992158346,27.56392870400998,-64.91217180932856,842.3851629187315,26,34423.10113751029,4,1.7927030678233091,0.5508863676458123
