x 1,y 1,Count 1,Bkg Count 1,Telescope 1,Dangle 1,Altitude 1,x 2,y 2,Count 2,Bkg Count 2,Telescope 2,Dangle 2,Altitude 2,x 3,y 3,Count 3,Bkg Count 3,Telescope 3,Dangle 3,Altitude 3,x 4,y 4,Count 4,Bkg Count 4,Telescope 4,Dangle 4,Altitude 4,x 5,y 5,Count 5,Bkg Count 5,Telescope 5,Dangle 5,Altitude 5,True X,True Y,True Energy Per Nucleon,True Z,True Height,Detecions,Phi,Epsilon,Theta
0.0,0.0,1746.0,118338.0,lst,2.3548627426835353,1.563961200053038,60.0,60.0,95.0,36116.0,mst,5.512548717202952,0.6637038681265632,60.0,-60.0,107.0,16509.0,mst,3.325967025169893,2.700018928382368,-60.0,60.0,38.0,14260.0,mst,1.3854822489698122,2.788805411060725,-60.0,-60.0,0.0,9905.0,mst,2.3504635707480217,3.8469266023429523,41.46023634938243,41.33575754245484,1123.825582662524,26,35531.496282032174,4,1.300623486144536,4.606602098518034
0.0,0.0,717.0,348585.0,lst,5.177606115602473,0.49606796626167843,60.0,60.0,530.0,21549.0,mst,5.416177505970325,1.8969781098835468,60.0,-60.0,0.0,24049.0,mst,4.209898815019239,1.7727865293850795,-60.0,60.0,865.0,35444.0,mst,0.44436264513204404,1.3220283170095233,-60.0,-60.0,588.0,47194.0,mst,2.5084850239461454,1.0342564777327181,-25.684211941672814,-12.625796435880119,1993.5270937535731,26,28709.94403949821,4,1.236864360294727,0.3112675047514317
