x 1,y 1,Count 1,Bkg Count 1,Telescope 1,Dangle 1,Altitude 1,x 2,y 2,Count 2,Bkg Count 2,Telescope 2,Dangle 2,Altitude 2,x 3,y 3,Count 3,Bkg Count 3,Telescope 3,Dangle 3,Altitude 3,x 4,y 4,Count 4,Bkg Count 4,Telescope 4,Dangle 4,Altitude 4,x 5,y 5,Count 5,Bkg Count 5,Telescope 5,Dangle 5,Altitude 5,True X,True Y,True Energy Per Nucleon,True Z,True Height,Detecions,Phi,Epsilon,Theta
0.0,0.0,1087.0,45409.0,lst,2.645003234109823,0.7684954507731924,60.0,60.0,385.0,4110.0,mst,5.310552411187538,1.1715606723386405,60.0,-60.0,259.0,4799.0,mst,3.589050058625499,2.230388179692694,-60.0,60.0,260.0,4676.0,mst,1.2006494612878702,1.828489186489917,-60.0,-60.0,54.0,4129.0,mst,2.453879158550433,2.6409080732643,16.626636900610805,30.753339557415643,547.1279952976091,26,29223.269693981703,5,1.530208578379721,4.674476553311396
0.0,0.0,1249.0,656728.0,lst,4.59952173665139,0.8417429304012951,60.0,60.0,162.0,29238.0,mst,5.2226068019007394,2.4359338980862844,60.0,-60.0,62.0,33454.0,mst,4.129274831268913,2.5613629820538066,-60.0,60.0,464.0,66769.0,mst,0.35397296270020184,1.2805478532313392,-60.0,-60.0,593.0,79453.0,mst,2.8127975016246793,1.500629146143742,-38.51979305294863,4.653283864653758,3351.759512478501,26,32690.445676732852,5,1.7032121825655455,6.056411314575299
0.0,0.0,2465.0,158013.0,lst,1.5866401192061632,1.07324580991852,60.0,60.0,346.0,46308.0,mst,6.214004646721675,1.1563286524237049,60.0,-60.0,524.0,36613.0,mst,3.1992860395179634,1.2036324522352109,-60.0,60.0,33.0,22354.0,mst,1.0812498626072493,2.5100545988424776,-60.0,-60.0,49.0,20209.0,mst,2.0569563246399465,2.571815401769913,56.17769246597706,0.3344139242130666,1804.6878976983724,26,30207.470686869936,5,1.7240249600184263,0.8234135935592457
0.0,0.0,7739.0,0.0,lst,2.0634170681626522,1.8002658032427532,60.0,60.0,91.0,0.0,mst,0.9779751551355733,0.5615729633967339,60.0,-60.0,741.0,0.0,mst,2.909935918759124,1.9738910121133109,-60.0,60.0,65.0,0.0,mst,1.4586027295668755,2.7291866373756046,-60.0,-60.0,0.0,0.0,mst,2.204997825116263,3.368806257871953,84.43799398491299,43.328717704458114,284.84826018593793,26,22879.122502219725,4,1.5393976980102146,4.204251704579065
