x 1,y 1,Count 1,Bkg Count 1,Telescope 1,Dangle 1,Altitude 1,x 2,y 2,Count 2,Bkg Count 2,Telescope 2,Dangle 2,Altitude 2,x 3,y 3,Count 3,Bkg Count 3,Telescope 3,Dangle 3,Altitude 3,x 4,y 4,Count 4,Bkg Count 4,Telescope 4,Dangle 4,Altitude 4,x 5,y 5,Count 5,Bkg Count 5,Telescope 5,Dangle 5,Altitude 5,True X,True Y,True Energy Per Nucleon,True Z,True Height,Detecions,Phi,Epsilon,Theta
0.0,0.0,4146.0,5893.0,lst,5.085836096583311,1.7062830041607229,60.0,60.0,0.0,459.0,mst,5.287441786698505,3.4569248279664713,60.0,-60.0,23.0,458.0,mst,4.492076260826054,2.9856767208928088,-60.0,60.0,261.0,981.0,mst,6.102565942324677,1.9499916335993845,-60.0,-60.0,158.0,1434.0,mst,3.598967927268309,0.7378446502278279,-74.37619085723483,-30.03500602245866,417.3079018974437,26,27635.806649677088,4,1.8391076699477102,5.350402535989748
0.0,0.0,3385.0,15680.0,lst,1.572571299479433,0.9317625819196049,60.0,60.0,906.0,4110.0,mst,6.25598155519258,0.9837372462750137,60.0,-60.0,1076.0,2152.0,mst,3.1731375645894877,1.026332813909524,-60.0,60.0,318.0,2142.0,mst,1.0973699641943002,2.120301327754556,-60.0,-60.0,0.0,2117.0,mst,2.043118924172344,2.151360573894616,58.21755132901984,0.7751167885063239,487.2178379380481,26,24810.337152123884,4,1.8621718089936932,1.3090911169294936
