x 1,y 1,Count 1,Bkg Count 1,Telescope 1,Dangle 1,Altitude 1,x 2,y 2,Count 2,Bkg Count 2,Telescope 2,Dangle 2,Altitude 2,x 3,y 3,Count 3,Bkg Count 3,Telescope 3,Dangle 3,Altitude 3,x 4,y 4,Count 4,Bkg Count 4,Telescope 4,Dangle 4,Altitude 4,x 5,y 5,Count 5,Bkg Count 5,Telescope 5,Dangle 5,Altitude 5,True X,True Y,True Energy Per Nucleon,True Z,True Height,Detecions,Phi,Epsilon,Theta
0.0,0.0,2917.0,253311.0,lst,3.0077794800857363,1.1232340639735088,60.0,60.0,531.0,54413.0,mst,4.697642415119238,0.9619778484284648,60.0,-60.0,0.0,21538.0,mst,3.5426567929050816,2.426330926601277,-60.0,60.0,779.0,47719.0,mst,1.5538283964792916,1.2749627181029104,-60.0,-60.0,42.0,17826.0,mst,2.6286535144745296,2.5693828466867,8.731785747463505,59.50096706207975,1997.74697552986,26,29120.118978035654,4,1.4952707682004074,2.9024973095609963
0.0,0.0,0.0,117878.0,lst,5.4351225945602595,None,60.0,60.0,286.0,12826.0,mst,5.4680145691403395,1.976513161126283,60.0,-60.0,447.0,11408.0,mst,4.129658421098655,1.700976205292854,-60.0,60.0,523.0,14913.0,mst,0.5891670331262135,1.656329879496564,-60.0,-60.0,1050.0,15875.0,mst,2.36516483330573,1.3381803058425015,-12.268737742457517,-10.669732180668234,845.2160789049325,26,28902.2216602839,4,1.472913861132216,2.847242420866523
0.0,0.0,6039.0,47733.0,lst,3.0068003774378043,1.6660142727600038,60.0,60.0,750.0,11575.0,mst,3.9648758790034786,1.0081807321219145,60.0,-60.0,27.0,4683.0,mst,3.427585402316727,2.718104440276751,-60.0,60.0,1597.0,7775.0,mst,2.0715016443680314,1.3812857830663907,-60.0,-60.0,0.0,4197.0,mst,2.7074968822089294,2.8590152322620748,15.135088586087619,101.4902014703813,683.5453183836003,26,24791.625108347063,4,1.4063415405089392,1.7843284328886313
