x 1,y 1,Count 1,Bkg Count 1,Telescope 1,Dangle 1,Altitude 1,x 2,y 2,Count 2,Bkg Count 2,Telescope 2,Dangle 2,Altitude 2,x 3,y 3,Count 3,Bkg Count 3,Telescope 3,Dangle 3,Altitude 3,x 4,y 4,Count 4,Bkg Count 4,Telescope 4,Dangle 4,Altitude 4,x 5,y 5,Count 5,Bkg Count 5,Telescope 5,Dangle 5,Altitude 5,True X,True Y,True Energy Per Nucleon,True Z,True Height,Detecions,Phi,Epsilon,Theta
0.0,0.0,5351.0,95646.0,lst,1.1072017315944436,1.6534331221123157,60.0,60.0,110.0,14267.0,mst,6.198580986515062,2.4351265764588947,60.0,-60.0,263.0,20650.0,mst,3.3550976240476844,0.9788765243868178,-60.0,60.0,0.0,8037.0,mst,0.9288829493435999,3.97891742987609,-60.0,-60.0,23.0,13020.0,mst,1.8774795808628897,3.324703683324198,52.76633578769514,-25.644173975942124,910.5502688130886,26,34978.827373188746,4,1.5723754167365829,1.1068168979867348
0.0,0.0,4205.0,136466.0,lst,1.208953092901624,1.4272808348113712,60.0,60.0,1477.0,31301.0,mst,0.2504920203291266,1.4943065488298293,60.0,-60.0,229.0,52896.0,mst,2.499147313824062,0.6321478960186631,-60.0,60.0,34.0,15806.0,mst,1.014909443623933,2.746061491605399,-60.0,-60.0,0.0,22146.0,mst,1.7922527105454042,2.367190881503647,82.55924043829768,-29.770922936083082,2020.3502055678819,26,25825.709233824975,4,1.6454505986917385,6.239459101612893
0.0,0.0,3590.0,61949.0,lst,2.142191634923553,1.4269592596176006,60.0,60.0,116.0,17869.0,mst,5.8933125824582895,0.8058746111986351,60.0,-60.0,80.0,7205.0,mst,3.274139274604941,2.27848146577975,-60.0,60.0,80.0,9201.0,mst,1.293578702403711,2.817878285069064,-60.0,-60.0,0.0,5490.0,mst,2.269260287671493,3.5538840499955637,47.90562423844639,30.625319483202276,764.0832363366068,26,32478.66577892026,4,1.6370637743360807,3.647614906317912
0.0,0.0,3003.0,71993.0,lst,0.44050020296277315,1.2464648101495328,60.0,60.0,40.0,4947.0,mst,6.0060546669196295,2.3934643224880143,60.0,-60.0,168.0,15525.0,mst,4.5441094843582395,0.68630628512789,-60.0,60.0,0.0,3901.0,mst,0.655082660137019,2.9794713044294663,-60.0,-60.0,663.0,7957.0,mst,1.640686597699771,1.8882691984989022,26.71554809785252,-54.32019503835275,656.8805479689371,26,29704.22578616915,4,1.8509143743350078,5.451848908093098
