x 1,y 1,Count 1,Bkg Count 1,Telescope 1,Dangle 1,Altitude 1,x 2,y 2,Count 2,Bkg Count 2,Telescope 2,Dangle 2,Altitude 2,x 3,y 3,Count 3,Bkg Count 3,Telescope 3,Dangle 3,Altitude 3,x 4,y 4,Count 4,Bkg Count 4,Telescope 4,Dangle 4,Altitude 4,x 5,y 5,Count 5,Bkg Count 5,Telescope 5,Dangle 5,Altitude 5,True X,True Y,True Energy Per Nucleon,True Z,True Height,Detecions,Phi,Epsilon,Theta
0.0,0.0,1682.0,382.0,lst,4.28680936036604,0.9659266003719215,60.0,60.0,302.0,49.0,mst,5.0589587451887175,2.0807871146528982,60.0,-60.0,0.0,28.0,mst,4.055139736336758,2.5132448448918128,-60.0,60.0,331.0,75.0,mst,0.3202634406047572,0.7191500010835119,-60.0,-60.0,897.0,44.0,mst,2.9870739002605804,1.5620554415286299,-47.20904657954894,21.69529005411644,389.4874710653516,26,24941.878860217807,4,1.7942136009182987,5.854835794272431
0.0,0.0,1618.0,256429.0,lst,2.787306388894196,1.2657737014990673,60.0,60.0,510.0,35261.0,mst,5.084274134453606,1.2790338283599922,60.0,-60.0,58.0,18046.0,mst,3.516331295744544,3.0710056134970736,-60.0,60.0,89.0,26412.0,mst,1.3602769259606196,2.122707409510993,-60.0,-60.0,0.0,16312.0,mst,2.5087010413810575,3.512514451795282,16.15840035967281,43.017302135957095,1389.1820160087045,26,36435.99162372449,4,1.6357207566306216,0.2882119383111775
0.0,0.0,4082.0,0.0,lst,1.2629578688347205,1.5913065873473646,60.0,60.0,521.0,0.0,mst,0.19006245988596493,1.7171932961399161,60.0,-60.0,230.0,0.0,mst,2.7409248687414727,0.8015314041187004,-60.0,60.0,0.0,0.0,mst,1.0060311885733046,3.163884768963496,-60.0,-60.0,84.0,0.0,mst,1.8411735223839762,2.8438092566520212,75.47570788796392,-24.847638309273577,351.2672230044722,26,25814.847347849285,4,1.847448741695569,0.8618866669025963
