x 1,y 1,Count 1,Bkg Count 1,Telescope 1,Dangle 1,Altitude 1,x 2,y 2,Count 2,Bkg Count 2,Telescope 2,Dangle 2,Altitude 2,x 3,y 3,Count 3,Bkg Count 3,Telescope 3,Dangle 3,Altitude 3,x 4,y 4,Count 4,Bkg Count 4,Telescope 4,Dangle 4,Altitude 4,x 5,y 5,Count 5,Bkg Count 5,Telescope 5,Dangle 5,Altitude 5,True X,True Y,True Energy Per Nucleon,True Z,True Height,Detecions,Phi,Epsilon,Theta
0.0,0.0,328.0,0.0,lst,2.94971363417929,0.5595917781737166,60.0,60.0,948.0,0.0,mst,5.271402587233789,1.4749634564266951,60.0,-60.0,0.0,0.0,mst,3.733018966264902,2.2561699218909803,-60.0,60.0,348.0,0.0,mst,1.0595686537666178,1.6406129821938598,-60.0,-60.0,123.0,0.0,mst,2.4972644247652505,2.350041499080262,4.559162002848325,24.820775376891532,324.25576549076436,26,25518.49778024889,4,1.6794743270559032,1.988910533766703
0.0,0.0,1180.0,301807.0,lst,5.487032275927926,1.2064011538039188,60.0,60.0,0.0,22793.0,mst,5.492397242511414,3.900128948483716,60.0,-60.0,23.0,23427.0,mst,4.363127344929535,2.9656648520041955,-60.0,60.0,23.0,22584.0,mst,0.3649834695259761,2.924900710846941,-60.0,-60.0,420.0,38157.0,mst,2.357761260652657,1.4793883807271038,-27.236262116482052,-26.847951152116025,1484.5011148360181,26,39231.574404178,4,1.4652262406534315,0.912680076775654
0.0,0.0,2942.0,166105.0,lst,1.4907534964799263,1.197343364295571,60.0,60.0,743.0,21235.0,mst,6.147160340486434,1.4650454175720413,60.0,-60.0,406.0,28032.0,mst,3.3082113179268955,1.2954078266317877,-60.0,60.0,63.0,11514.0,mst,1.060987920256025,2.960491739423705,-60.0,-60.0,0.0,11699.0,mst,2.031529520371599,2.8580839601266184,51.85769653571177,-3.8844248605384166,1114.9545325252918,26,32372.171608867633,4,1.4879767028560416,4.4957236866259445
