x 1,y 1,Count 1,Bkg Count 1,Telescope 1,Dangle 1,Altitude 1,x 2,y 2,Count 2,Bkg Count 2,Telescope 2,Dangle 2,Altitude 2,x 3,y 3,Count 3,Bkg Count 3,Telescope 3,Dangle 3,Altitude 3,x 4,y 4,Count 4,Bkg Count 4,Telescope 4,Dangle 4,Altitude 4,x 5,y 5,Count 5,Bkg Count 5,Telescope 5,Dangle 5,Altitude 5,True X,True Y,True Energy Per Nucleon,True Z,True Height,Detecions,Phi,Epsilon,Theta
0.0,0.0,1511.0,2907.0,lst,1.7848096258013528,0.9266289953585313,60.0,60.0,352.0,680.0,mst,6.01425830431575,1.0179727988571512,60.0,-60.0,614.0,407.0,mst,3.3317340772483908,1.4226403133038297,-60.0,60.0,186.0,344.0,mst,1.1384081479938466,2.314272487560351,-60.0,-60.0,173.0,394.0,mst,2.158256329316655,2.525228724684648,46.51680636530975,10.675848477047055,403.5957644656007,26,25914.278178225937,5,1.636496196343362,1.2600316722149225
0.0,0.0,1272.0,38624.0,lst,0.5738850910236291,1.3252158781501742,60.0,60.0,48.0,3998.0,mst,5.87589993599254,3.5466204045448637,60.0,-60.0,969.0,9972.0,mst,4.079093840124425,1.7400241591583074,-60.0,60.0,0.0,5164.0,mst,0.73891648302562,4.312711266943832,-60.0,-60.0,38.0,6108.0,mst,1.91098069075392,3.0224213058746723,20.229543976140974,-31.07889365087712,584.5660567980804,26,34196.387086262046,4,1.6022265058409482,0.4894028552820511
