x 1,y 1,Count 1,Bkg Count 1,Telescope 1,Dangle 1,Altitude 1,x 2,y 2,Count 2,Bkg Count 2,Telescope 2,Dangle 2,Altitude 2,x 3,y 3,Count 3,Bkg Count 3,Telescope 3,Dangle 3,Altitude 3,x 4,y 4,Count 4,Bkg Count 4,Telescope 4,Dangle 4,Altitude 4,x 5,y 5,Count 5,Bkg Count 5,Telescope 5,Dangle 5,Altitude 5,True X,True Y,True Energy Per Nucleon,True Z,True Height,Detecions,Phi,Epsilon,Theta
0.0,0.0,5672.0,0.0,lst,5.764860131159956,1.4823984526844,60.0,60.0,0.0,0.0,mst,5.644499315043453,3.1102310730949023,60.0,-60.0,113.0,0.0,mst,4.772762654382827,1.8791815843977575,-60.0,60.0,97.0,0.0,mst,0.18303251926603217,2.516066547089158,-60.0,-60.0,97.0,0.0,mst,1.2920025937076292,0.49126781136180747,-35.74519910115063,-66.89382848416756,373.2171125341413,26,25221.86786081239,4,1.4793125527733264,0.4120801081390906
0.0,0.0,4048.0,196047.0,lst,2.0278803220092625,1.0748148834570463,60.0,60.0,113.0,50667.0,mst,0.01715910720296312,0.438796483847446,60.0,-60.0,1164.0,24277.0,mst,3.1252969599948814,1.4417239005576403,-60.0,60.0,322.0,17475.0,mst,1.3183782708589789,1.960866884321618,-60.0,-60.0,0.0,9291.0,mst,2.2013043081467303,2.4691581558092346,60.42196347245954,29.886618350694533,1362.568676000534,26,25748.740355765563,4,1.9540955148204375,5.492770922666632
0.0,0.0,2061.0,219412.0,lst,3.2731438793899392,1.0851826657929375,60.0,60.0,849.0,32308.0,mst,4.714428274882074,1.2056586550360333,60.0,-60.0,64.0,12907.0,mst,3.6512649452149386,2.474475321239184,-60.0,60.0,586.0,38461.0,mst,1.5679212840448329,0.9338974100752028,-60.0,-60.0,0.0,16246.0,mst,2.7429071461183794,2.3457758142743668,-7.35032596865878,59.83910751336313,1483.4062801969035,26,27826.85716536492,4,1.6860159834479391,6.2548621000841305
