x 1,y 1,Count 1,Telescope 1,Dangle 1,Altitude 1,x 2,y 2,Count 2,Telescope 2,Dangle 2,Altitude 2,x 3,y 3,Count 3,Telescope 3,Dangle 3,Altitude 3,x 4,y 4,Count 4,Telescope 4,Dangle 4,Altitude 4,x 5,y 5,Count 5,Telescope 5,Dangle 5,Altitude 5,True X,True Y,True Energy Per Nucleon,True Z,True Height,Detecions,Phi,Epsilon,Theta
0.0,0.0,1491.3841611004455,lst,1.624607681173398,0.3400182390314249,60.0,60.0,694.570345289146,mst,5.702920541050014,1.0870167442486496,60.0,-60.0,765.3272614572913,mst,3.70695247336966,1.1932169205249445,-60.0,60.0,791.4008494511415,mst,0.9533602769609807,1.5545805954698393,-60.0,-60.0,297.8679144023,mst,2.21393654742891,1.647809176655716,20.876703995198085,1.1424367550969805,529.5159769291528,26,24131.389330044218,4,1.3046238886216088,0.05198427065518244
0.0,0.0,2286.5719550934577,lst,2.084355018651638,0.27899840867213493,60.0,60.0,752.3755131428026,mst,5.563259572234755,1.0191687773292575,60.0,-60.0,955.5987408266166,mst,3.6943558164978216,1.2484983076167984,-60.0,60.0,1106.260168092043,mst,0.9976225110664143,1.3825368859944998,-60.0,-60.0,838.5130116432939,mst,2.3158778867001053,1.5760148554861262,16.090326198282924,9.320009084559587,897.8423571939227,26,23652.642479014976,4,1.5033049505691056,5.867100733512947
