x 1,y 1,Count 1,Bkg Count 1,Telescope 1,Dangle 1,Altitude 1,x 2,y 2,Count 2,Bkg Count 2,Telescope 2,Dangle 2,Altitude 2,x 3,y 3,Count 3,Bkg Count 3,Telescope 3,Dangle 3,Altitude 3,x 4,y 4,Count 4,Bkg Count 4,Telescope 4,Dangle 4,Altitude 4,x 5,y 5,Count 5,Bkg Count 5,Telescope 5,Dangle 5,Altitude 5,True X,True Y,True Energy Per Nucleon,True Z,True Height,Detecions,Phi,Epsilon,Theta
0.0,0.0,8054.0,57812.0,lst,2.1233065669948847,1.3795034393572123,60.0,60.0,37.0,19900.0,mst,1.004754713319132,0.31154736372399977,60.0,-60.0,1424.0,8609.0,mst,2.989168712582197,1.6488890106383898,-60.0,60.0,0.0,5280.0,mst,1.4802575789246168,2.080572220524865,-60.0,-60.0,52.0,6157.0,mst,2.2436675235548784,2.619919084980129,78.48761634779291,48.69627786333777,807.5284029940511,26,22955.256272084483,4,1.5756357563344525,4.272193480081402
0.0,0.0,2463.0,9020.0,lst,4.77089000565342,0.8981081831531954,60.0,60.0,126.0,861.0,mst,5.2066099348296,2.0673160530706034,60.0,-60.0,761.0,974.0,mst,4.26757486964664,2.035721565429144,-60.0,60.0,310.0,1889.0,mst,0.04153318172184101,0.9952476438487705,-60.0,-60.0,766.0,1737.0,mst,3.0966981154551108,0.8867677983954627,-56.83380426021458,-2.8030855805536135,436.09814741033523,26,22847.686956293706,5,1.447507593907726,4.516858654441915
0.0,0.0,1405.0,0.0,lst,4.906007784454042,1.6367384025298637,60.0,60.0,0.0,0.0,mst,5.2367877721456475,3.4184665055185324,60.0,-60.0,48.0,0.0,mst,4.36190321510679,3.158826454732543,-60.0,60.0,292.0,0.0,mst,6.129739122862835,1.6607915888948328,-60.0,-60.0,305.0,0.0,mst,3.401906730564972,1.0815687128128362,-71.6456287766633,-13.504178015334418,297.0563359436915,26,24797.97809926344,4,1.7166165941320788,1.5298828924843506
0.0,0.0,3076.0,35319.0,lst,2.3714775229373144,0.8798878412614879,60.0,60.0,242.0,8129.0,mst,5.495463811287776,0.5642952059615581,60.0,-60.0,82.0,3214.0,mst,3.3740853144756855,1.7010763743292066,-60.0,60.0,1695.0,3355.0,mst,1.3312688181172931,1.7169106635578866,-60.0,-60.0,155.0,3163.0,mst,2.361655978432329,2.3438280559615823,36.62776357030532,36.60481347948283,556.8137057160527,26,25270.13661674234,5,1.4347080895415105,2.3308084201417354
