x 1,y 1,Count 1,Bkg Count 1,Telescope 1,Dangle 1,Altitude 1,x 2,y 2,Count 2,Bkg Count 2,Telescope 2,Dangle 2,Altitude 2,x 3,y 3,Count 3,Bkg Count 3,Telescope 3,Dangle 3,Altitude 3,x 4,y 4,Count 4,Bkg Count 4,Telescope 4,Dangle 4,Altitude 4,x 5,y 5,Count 5,Bkg Count 5,Telescope 5,Dangle 5,Altitude 5,True X,True Y,True Energy Per Nucleon,True Z,True Height,Detecions,Phi,Epsilon,Theta
0.0,0.0,2840.0,229767.0,lst,1.9844139233486116,1.4659999358284987,60.0,60.0,206.0,50602.0,mst,6.016550805839779,1.07973591097426,60.0,-60.0,99.0,29942.0,mst,3.279000461262283,2.108395599248519,-60.0,60.0,44.0,25689.0,mst,1.23669950310515,3.2128770448840145,-60.0,-60.0,0.0,17099.0,mst,2.217858361323787,3.709451266821646,48.99661997738286,20.347945112116378,1771.4750579206634,26,37136.53888275731,4,1.8838856557744053,4.63538193209785
0.0,0.0,23023.0,112486.0,lst,3.241487589000709,1.5770851911644643,60.0,60.0,1082.0,20091.0,mst,4.044592969212128,1.2569145195928093,60.0,-60.0,0.0,11121.0,mst,3.498027804185333,2.584040798792912,-60.0,60.0,1178.0,34695.0,mst,2.440737453719408,1.007363106801397,-60.0,-60.0,75.0,9031.0,mst,2.8583289193689576,2.4678842356554016,-10.818955961262247,116.70081620460871,1530.0955576577219,26,21166.892711852568,4,1.80907576351257,0.673533702756454
