x 1,y 1,Count 1,Bkg Count 1,Telescope 1,Dangle 1,Altitude 1,x 2,y 2,Count 2,Bkg Count 2,Telescope 2,Dangle 2,Altitude 2,x 3,y 3,Count 3,Bkg Count 3,Telescope 3,Dangle 3,Altitude 3,x 4,y 4,Count 4,Bkg Count 4,Telescope 4,Dangle 4,Altitude 4,x 5,y 5,Count 5,Bkg Count 5,Telescope 5,Dangle 5,Altitude 5,True X,True Y,True Energy Per Nucleon,True Z,True Height,Detecions,Phi,Epsilon,Theta
0.0,0.0,6790.0,2507.0,lst,5.78206304616599,1.353391246308513,60.0,60.0,0.0,228.0,mst,5.639230083536617,2.6155661861784227,60.0,-60.0,2176.0,324.0,mst,4.890635458631766,1.603636444261336,-60.0,60.0,319.0,325.0,mst,0.12302301359065676,2.101615731668871,-60.0,-60.0,63.0,577.0,mst,0.7582767570999207,0.3737684077695283,-43.776990132874204,-77.23270403903926,401.35305032546523,26,21799.518588041425,4,1.7410659611008614,2.2632019723848193
0.0,0.0,233.0,50763.0,lst,0.6001993284906638,1.9802754588636318,60.0,60.0,64.0,8002.0,mst,0.009022001266143971,2.7962608053809146,60.0,-60.0,72.0,20214.0,mst,-0.01067404351916372,0.5494852848727254,-60.0,60.0,0.0,5279.0,mst,0.6708508644880574,3.5403612858001816,-60.0,-60.0,227.0,7747.0,mst,1.3346426127399433,2.2466167906914336,60.16667828633348,-89.18770117873555,813.5650459164552,26,28244.14292472296,4,1.341534919448142,2.1321131790288277
