x 1,y 1,Count 1,Bkg Count 1,Telescope 1,Dangle 1,Altitude 1,x 2,y 2,Count 2,Bkg Count 2,Telescope 2,Dangle 2,Altitude 2,x 3,y 3,Count 3,Bkg Count 3,Telescope 3,Dangle 3,Altitude 3,x 4,y 4,Count 4,Bkg Count 4,Telescope 4,Dangle 4,Altitude 4,x 5,y 5,Count 5,Bkg Count 5,Telescope 5,Dangle 5,Altitude 5,True X,True Y,True Energy Per Nucleon,True Z,True Height,Detecions,Phi,Epsilon,Theta
0.0,0.0,5561.0,24435.0,lst,2.103257810892221,1.8282766239133528,60.0,60.0,65.0,11642.0,mst,1.1613701769552387,0.5002277611469106,60.0,-60.0,179.0,6219.0,mst,2.9196684218284226,2.1989937040667744,-60.0,60.0,72.0,4867.0,mst,1.5051217605384062,2.693091124992464,-60.0,-60.0,0.0,3422.0,mst,2.226297815369386,3.433942490565118,84.35657003479861,48.645311559083865,614.9357671057037,26,29058.001490274663,4,1.2140992146188827,1.369861032937245
0.0,0.0,3333.0,91574.0,lst,3.671827982785165,1.2709889264729206,60.0,60.0,198.0,13754.0,mst,4.843319263494403,2.0624444106350817,60.0,-60.0,0.0,5255.0,mst,3.8128274678246634,3.2237353731925262,-60.0,60.0,155.0,22022.0,mst,1.2166971318411282,0.7412139754171384,-60.0,-60.0,54.0,12239.0,mst,2.8492079773476577,2.5434349228029083,-28.302815929380955,47.721335637018825,883.0004157442805,26,31971.503752211807,4,1.8075281851015947,1.022339517217616
