x 1,y 1,Count 1,Bkg Count 1,Telescope 1,Dangle 1,Altitude 1,x 2,y 2,Count 2,Bkg Count 2,Telescope 2,Dangle 2,Altitude 2,x 3,y 3,Count 3,Bkg Count 3,Telescope 3,Dangle 3,Altitude 3,x 4,y 4,Count 4,Bkg Count 4,Telescope 4,Dangle 4,Altitude 4,x 5,y 5,Count 5,Bkg Count 5,Telescope 5,Dangle 5,Altitude 5,True X,True Y,True Energy Per Nucleon,True Z,True Height,Detecions,Phi,Epsilon,Theta
0.0,0.0,5772.0,367061.0,lst,0.05045456365907884,1.2443076894931686,60.0,60.0,135.0,16197.0,mst,5.849427617280344,2.522748769302837,60.0,-60.0,722.0,56779.0,mst,4.823187606299454,1.0675769126534365,-60.0,60.0,0.0,16356.0,mst,0.4566352192153767,2.6892676466062944,-60.0,-60.0,354.0,52873.0,mst,1.4581362724651366,1.2947656265374672,3.2183583204358683,-67.23298872435602,2847.9625373341055,26,31623.12544670185,4,1.9302222232374187,5.543573679355094
0.0,0.0,962.0,0.0,lst,2.1492628694323237,0.8749121821879122,60.0,60.0,279.0,0.0,mst,5.71453222493393,0.8570258983696384,60.0,-60.0,923.0,0.0,mst,3.4241955369986834,1.7763662385610515,-60.0,60.0,405.0,0.0,mst,1.2030421881281606,2.096170880926488,-60.0,-60.0,54.0,0.0,mst,2.285261735571774,2.584235756405695,36.30447794672412,23.428135287282203,362.77190250724146,26,25564.22723666421,5,1.720849445115864,0.4197892087492852
0.0,0.0,1139.0,0.0,lst,0.44840447357848096,0.9156207577770614,60.0,60.0,292.0,0.0,mst,5.8756295056486145,2.354064996683678,60.0,-60.0,286.0,0.0,mst,4.18792190786977,1.0431978502045929,-60.0,60.0,0.0,0.0,mst,0.6920543348766702,2.8838607082836822,-60.0,-60.0,865.0,0.0,mst,1.8815774379656645,1.9173394176097507,17.941548518557198,-35.79341553904588,272.0482668919809,26,24328.755136835196,4,1.27228341671321,4.401609516290251
