x 1,y 1,Count 1,Bkg Count 1,Telescope 1,Dangle 1,Altitude 1,x 2,y 2,Count 2,Bkg Count 2,Telescope 2,Dangle 2,Altitude 2,x 3,y 3,Count 3,Bkg Count 3,Telescope 3,Dangle 3,Altitude 3,x 4,y 4,Count 4,Bkg Count 4,Telescope 4,Dangle 4,Altitude 4,x 5,y 5,Count 5,Bkg Count 5,Telescope 5,Dangle 5,Altitude 5,True X,True Y,True Energy Per Nucleon,True Z,True Height,Detecions,Phi,Epsilon,Theta
0.0,0.0,9142.0,0.0,lst,3.4548053563674066,1.5406394734700934,60.0,60.0,1279.0,0.0,mst,4.283754023138911,1.4068003437623875,60.0,-60.0,0.0,0.0,mst,3.658537201282413,2.683036518601577,-60.0,60.0,336.0,0.0,mst,2.6170745031647953,0.7113843957029264,-60.0,-60.0,69.0,0.0,mst,3.00368235774747,2.3918770917879826,-34.788030592702555,103.82319491045357,311.76151656400975,26,19871.665657863257,4,1.2260100159394065,5.929258267900401
0.0,0.0,3190.0,0.0,lst,0.8887411454729203,0.8449939416769724,60.0,60.0,1627.0,0.0,mst,6.190697333855487,1.3298396942036288,60.0,-60.0,50.0,0.0,mst,3.610478147141129,0.26923328010948566,-60.0,60.0,774.0,0.0,mst,0.8213042330505479,1.9621415687077783,-60.0,-60.0,1524.0,0.0,mst,1.753777699250589,1.483300724784292,49.986729381401716,-40.528044204497746,307.5598306510392,26,18144.939161094186,5,1.4575772571915442,5.608887771015844
0.0,0.0,2120.0,20471.0,lst,5.368385222072508,1.386625435100346,60.0,60.0,0.0,1620.0,mst,5.465200258226832,3.5264575955895925,60.0,-60.0,97.0,2369.0,mst,4.453747354461798,2.763186745644122,-60.0,60.0,48.0,2178.0,mst,0.18087876193688235,2.412507401531331,-60.0,-60.0,253.0,3854.0,mst,2.5680961827582953,0.8247104321170858,-43.36280348444704,-33.81409860613256,471.6793457883207,26,29915.53889221516,4,1.7859562169192766,6.049241967688589
