x 1,y 1,Count 1,Bkg Count 1,Telescope 1,Dangle 1,Altitude 1,x 2,y 2,Count 2,Bkg Count 2,Telescope 2,Dangle 2,Altitude 2,x 3,y 3,Count 3,Bkg Count 3,Telescope 3,Dangle 3,Altitude 3,x 4,y 4,Count 4,Bkg Count 4,Telescope 4,Dangle 4,Altitude 4,x 5,y 5,Count 5,Bkg Count 5,Telescope 5,Dangle 5,Altitude 5,True X,True Y,True Energy Per Nucleon,True Z,True Height,Detecions,Phi,Epsilon,Theta
0.0,0.0,1267.0,51649.0,lst,2.1817851239517103,0.9580422905451693,60.0,60.0,234.0,8545.0,mst,5.62914871618985,1.4211247198328723,60.0,-60.0,79.0,6665.0,mst,3.4924378656075428,2.4481559606547516,-60.0,60.0,26.0,6433.0,mst,1.1648950928213198,2.566771437439609,-60.0,-60.0,31.0,4764.0,mst,2.293361784514436,3.182818452378621,30.246930014525702,21.338482453618298,588.2120918635864,26,32819.960428064005,5,1.1923313364849963,1.7819404124056883
0.0,0.0,11685.0,35560.0,lst,5.889674739702143,1.6935447737605174,60.0,60.0,0.0,3282.0,mst,5.725033118531129,2.8477022445439504,60.0,-60.0,3400.0,6677.0,mst,5.149797429758892,1.646811089396421,-60.0,60.0,42.0,4846.0,mst,0.08349162925702946,2.444115290928791,-60.0,-60.0,464.0,8483.0,mst,0.2819263522015745,0.7505836932644137,-45.298914615525106,-110.10877928579914,653.4234332087178,26,21896.885970799,4,1.6938785242588272,5.789837334215682
