x 1,y 1,Count 1,Telescope 1,Dangle 1,Altitude 1,x 2,y 2,Count 2,Telescope 2,Dangle 2,Altitude 2,x 3,y 3,Count 3,Telescope 3,Dangle 3,Altitude 3,x 4,y 4,Count 4,Telescope 4,Dangle 4,Altitude 4,x 5,y 5,Count 5,Telescope 5,Dangle 5,Altitude 5,x 6,y 6,Count 6,Telescope 6,Dangle 6,Altitude 6,x 7,y 7,Count 7,Telescope 7,Dangle 7,Altitude 7,x 8,y 8,Count 8,Telescope 8,Dangle 8,Altitude 8,x 9,y 9,Count 9,Telescope 9,Dangle 9,Altitude 9,True X,True Y,True Energy Per Nucleon,True Z,True Height,Detecions,Phi,Epsilon,Theta
30.0,30.0,1386.084583339884,mst,5.467054321578815,1.5066634362307623,30.0,0.0,1099.3109487615252,mst,5.211611639908695,1.2763742114609207,30.0,-30.0,956.9743418265991,mst,4.853143006702404,1.1624420448719974,0.0,30.0,1108.001650964085,mst,5.682601364802768,1.212664887280502,0.0,0.0,800.5181710964833,mst,5.426981477395422,0.9171863651398211,0.0,-30.0,639.6945376437658,mst,4.953669444343486,0.7194606544358993,-30.0,30.0,886.6591312507994,mst,6.011137264299277,1.0332106539446848,-30.0,0.0,606.2381703029253,mst,5.875832216919702,0.638270659209227,-30.0,-30.0,564.5263325064008,mst,5.291132865937109,0.3283710400331215,-48.70638072780845,-42.2498829309265,697.7602231601086,26,23203.787494827022,6,1.9071293857062657,0.3503689524609879
