x 1,y 1,Count 1,Bkg Count 1,Telescope 1,Dangle 1,Altitude 1,x 2,y 2,Count 2,Bkg Count 2,Telescope 2,Dangle 2,Altitude 2,x 3,y 3,Count 3,Bkg Count 3,Telescope 3,Dangle 3,Altitude 3,x 4,y 4,Count 4,Bkg Count 4,Telescope 4,Dangle 4,Altitude 4,x 5,y 5,Count 5,Bkg Count 5,Telescope 5,Dangle 5,Altitude 5,True X,True Y,True Energy Per Nucleon,True Z,True Height,Detecions,Phi,Epsilon,Theta
0.0,0.0,2825.0,111082.0,lst,5.111149514763794,0.7605775449700142,60.0,60.0,797.0,9682.0,mst,5.358072055833674,1.9326319376202352,60.0,-60.0,1470.0,13352.0,mst,4.357594984750911,1.6734532883627087,-60.0,60.0,326.0,16174.0,mst,0.15058654595387236,1.147211871572479,-60.0,-60.0,350.0,31381.0,mst,2.84786545027156,0.6210524891525149,-47.480377314891626,-19.87624127118201,1007.4001304446925,26,22703.715824970885,5,1.398216186169841,0.9980637424449066
0.0,0.0,502.0,454713.0,lst,5.847155377951111,0.5193303575350577,60.0,60.0,99.0,26933.0,mst,5.5806805747790875,2.2693434461560718,60.0,-60.0,1027.0,62274.0,mst,4.233527606292001,1.7443263002803178,-60.0,60.0,145.0,42952.0,mst,0.5484581179739435,1.972250603585811,-60.0,-60.0,529.0,90176.0,mst,2.2244815970309726,1.3393178278596567,-10.396614901340143,-22.406988806758207,3457.413933080239,26,33068.354790819576,5,1.313091493145124,0.4526290142374177
