x 1,y 1,Count 1,Bkg Count 1,Telescope 1,Dangle 1,Altitude 1,x 2,y 2,Count 2,Bkg Count 2,Telescope 2,Dangle 2,Altitude 2,x 3,y 3,Count 3,Bkg Count 3,Telescope 3,Dangle 3,Altitude 3,x 4,y 4,Count 4,Bkg Count 4,Telescope 4,Dangle 4,Altitude 4,x 5,y 5,Count 5,Bkg Count 5,Telescope 5,Dangle 5,Altitude 5,True X,True Y,True Energy Per Nucleon,True Z,True Height,Detecions,Phi,Epsilon,Theta
0.0,0.0,1173.0,62876.0,lst,4.250069688865962,0.5850210567121861,60.0,60.0,0.0,6806.0,mst,5.147873987178719,1.6759570703994922,60.0,-60.0,197.0,6632.0,mst,4.0306905331803335,1.9882651136432266,-60.0,60.0,309.0,10545.0,mst,0.5488825487933944,0.8591414839692814,-60.0,-60.0,778.0,9633.0,mst,2.799426322805684,1.330550383785413,-32.75948617314019,16.21848868199882,619.801774540245,26,24650.707852334723,4,1.4198593988759434,0.5671803282984016
0.0,0.0,0.0,54606.0,lst,3.530713401890201,None,60.0,60.0,723.0,7508.0,mst,5.317501568213873,1.3640077246978028,60.0,-60.0,2153.0,4956.0,mst,3.8623686584253423,1.652108345281241,-60.0,60.0,574.0,9087.0,mst,0.8751276925076799,1.206329851870898,-60.0,-60.0,1315.0,7293.0,mst,2.512462745789058,1.5108816687057502,-5.993735239471533,14.786733632688907,616.1702602963487,26,25963.185329923243,4,1.3020156661126765,3.1495416496014967
0.0,0.0,3532.0,14071.0,lst,1.9222384949411664,0.9432643892447619,60.0,60.0,313.0,3043.0,mst,5.993075979841503,0.8172425214780997,60.0,-60.0,975.0,2801.0,mst,3.305448636480216,1.4526475578818332,-60.0,60.0,112.0,1284.0,mst,1.1878198979985286,2.138189247439807,-60.0,-60.0,102.0,1374.0,mst,2.209243879331866,2.4637248165666805,47.88609420245061,18.07776674687588,449.6397572733636,26,25596.88640405304,5,1.666912571050439,0.8515018337516779
