x 1,y 1,Count 1,Bkg Count 1,Telescope 1,Dangle 1,Altitude 1,x 2,y 2,Count 2,Bkg Count 2,Telescope 2,Dangle 2,Altitude 2,x 3,y 3,Count 3,Bkg Count 3,Telescope 3,Dangle 3,Altitude 3,x 4,y 4,Count 4,Bkg Count 4,Telescope 4,Dangle 4,Altitude 4,x 5,y 5,Count 5,Bkg Count 5,Telescope 5,Dangle 5,Altitude 5,True X,True Y,True Energy Per Nucleon,True Z,True Height,Detecions,Phi,Epsilon,Theta
0.0,0.0,1034.0,0.0,lst,5.635332775178812,1.0814180381799734,60.0,60.0,0.0,0.0,mst,5.528399878984175,3.4415313002116945,60.0,-60.0,117.0,0.0,mst,4.3608477063894,2.4956482384759413,-60.0,60.0,73.0,0.0,mst,0.38843358139711864,2.748628166772161,-60.0,-60.0,365.0,0.0,mst,2.264767143745317,1.3681262190119554,-22.259575094423923,-29.946120943282523,250.5055057724113,26,24577.482553741516,4,1.6582926111496008,0.41953191973290227
0.0,0.0,1054.0,0.0,lst,2.537332130628558,2.1633135369541243,60.0,60.0,33.0,0.0,mst,3.4837657240706017,0.4432405437891837,60.0,-60.0,26.0,0.0,mst,3.1886240239938397,3.1715478464078055,-60.0,60.0,54.0,0.0,mst,1.7243460705111746,2.573663931715958,-60.0,-60.0,0.0,0.0,mst,2.4619548964713456,4.0599837899453926,53.83248042275295,78.06033743677165,255.19780778185822,26,23729.28329854246,4,1.7836724999179214,1.3485880970440314
0.0,0.0,1273.0,81518.0,lst,5.9718282344776235,0.7220497148773063,60.0,60.0,0.0,5629.0,mst,5.6435529612256925,2.094838964975561,60.0,-60.0,760.0,7903.0,mst,4.428022912884786,1.293659779999395,-60.0,60.0,617.0,7076.0,mst,0.43900897495504576,1.8997092450075939,-60.0,-60.0,421.0,12510.0,mst,1.9880306830716783,0.8945080812304459,-12.561135940934918,-39.14867089588398,675.1768059511674,26,25971.283522937185,4,1.683166625018537,4.620777574181577
