x 1,y 1,Count 1,Bkg Count 1,Telescope 1,Dangle 1,Altitude 1,x 2,y 2,Count 2,Bkg Count 2,Telescope 2,Dangle 2,Altitude 2,x 3,y 3,Count 3,Bkg Count 3,Telescope 3,Dangle 3,Altitude 3,x 4,y 4,Count 4,Bkg Count 4,Telescope 4,Dangle 4,Altitude 4,x 5,y 5,Count 5,Bkg Count 5,Telescope 5,Dangle 5,Altitude 5,True X,True Y,True Energy Per Nucleon,True Z,True Height,Detecions,Phi,Epsilon,Theta
0.0,0.0,731.0,112501.0,lst,4.943794157670618,0.7716761271816528,60.0,60.0,43.0,9791.0,mst,5.368586359281438,2.890092561336949,60.0,-60.0,45.0,11758.0,mst,4.1606772607654205,2.7422186812214155,-60.0,60.0,596.0,12933.0,mst,0.44259551341342646,1.924685197228237,-60.0,-60.0,106.0,13462.0,mst,2.5948257243902395,1.6725249296947824,-28.69629551732409,-6.789501462460947,797.3073480006329,26,33939.45539187598,5,1.785077067070559,5.921010358626372
0.0,0.0,3187.0,0.0,lst,4.742195874294503,1.2860947650209318,60.0,60.0,0.0,0.0,mst,5.16655282989681,2.844655663055879,60.0,-60.0,42.0,0.0,mst,4.253640921605191,2.837645833752003,-60.0,60.0,554.0,0.0,mst,0.013647402913779692,1.3073291505583666,-60.0,-60.0,398.0,0.0,mst,3.1456685642259066,1.2376952029614923,-59.97151119740511,-1.487787375015074,279.92570262379724,26,23834.299506934065,4,1.5190568123253274,1.5360334890778444
0.0,0.0,2427.0,304659.0,lst,3.848501489644299,1.243820034636709,60.0,60.0,113.0,44272.0,mst,4.879071153861741,2.197545683284295,60.0,-60.0,0.0,18641.0,mst,3.89937482761247,3.1229162072016274,-60.0,60.0,136.0,83335.0,mst,0.9168766351915181,0.6040145928370311,-60.0,-60.0,83.0,34583.0,mst,2.92120543477904,2.239306451935547,-36.539169198935525,42.417537885658874,2215.93928554298,26,33193.49968275663,4,1.2523289404067948,1.3447664282566714
