x 1,y 1,Count 1,Bkg Count 1,Telescope 1,Dangle 1,Altitude 1,x 2,y 2,Count 2,Bkg Count 2,Telescope 2,Dangle 2,Altitude 2,x 3,y 3,Count 3,Bkg Count 3,Telescope 3,Dangle 3,Altitude 3,x 4,y 4,Count 4,Bkg Count 4,Telescope 4,Dangle 4,Altitude 4,x 5,y 5,Count 5,Bkg Count 5,Telescope 5,Dangle 5,Altitude 5,True X,True Y,True Energy Per Nucleon,True Z,True Height,Detecions,Phi,Epsilon,Theta
0.0,0.0,2547.0,127625.0,lst,0.5234167014736194,0.9412742233061575,60.0,60.0,446.0,10336.0,mst,6.023027046374415,1.824399371969338,60.0,-60.0,130.0,26382.0,mst,4.432995556197271,0.5111046921670096,-60.0,60.0,106.0,9232.0,mst,0.6788804160161256,2.2370020809929976,-60.0,-60.0,1255.0,18838.0,mst,1.652502730750107,1.4290271640617709,29.94304610731359,-51.8581330538596,982.2916905751333,26,25809.398525615456,5,1.3239740730708125,0.7876711206134149
0.0,0.0,473.0,135822.0,lst,3.8789800325260124,0.5327772672898438,60.0,60.0,711.0,17449.0,mst,5.222045975164356,1.929838445914125,60.0,-60.0,81.0,14762.0,mst,3.9447921656623786,2.4270849618438706,-60.0,60.0,735.0,18001.0,mst,0.7901115119696123,1.2926720636825637,-60.0,-60.0,0.0,15822.0,mst,2.6339495329722395,1.9436086539275184,-16.920621613055488,17.810268441469987,959.1937950925363,26,31504.91134113861,4,1.4157732830520673,1.2016029984344903
0.0,0.0,1357.0,204318.0,lst,1.1090136277879783,1.0581984033304312,60.0,60.0,314.0,32806.0,mst,5.969406415821284,2.17120590869249,60.0,-60.0,507.0,38338.0,mst,3.67664006985374,1.2531941918779619,-60.0,60.0,41.0,21105.0,mst,0.89926908456907,3.286196588976331,-60.0,-60.0,0.0,25533.0,mst,1.9961864845008839,2.7486765413081935,34.95248543402778,-17.72326255763403,1394.9898201517358,26,36049.850495802246,4,1.3579152004630843,3.90395511184745
