x 1,y 1,Count 1,Bkg Count 1,Telescope 1,Dangle 1,Altitude 1,x 2,y 2,Count 2,Bkg Count 2,Telescope 2,Dangle 2,Altitude 2,x 3,y 3,Count 3,Bkg Count 3,Telescope 3,Dangle 3,Altitude 3,x 4,y 4,Count 4,Bkg Count 4,Telescope 4,Dangle 4,Altitude 4,x 5,y 5,Count 5,Bkg Count 5,Telescope 5,Dangle 5,Altitude 5,True X,True Y,True Energy Per Nucleon,True Z,True Height,Detecions,Phi,Epsilon,Theta
0.0,0.0,2210.0,37933.0,lst,5.159211073193857,1.0982306296173983,60.0,60.0,25.0,2693.0,mst,5.373567832954351,2.871299226525443,60.0,-60.0,64.0,4971.0,mst,4.363320194162608,2.4665125225284843,-60.0,60.0,107.0,5587.0,mst,0.19376580693965653,1.7205748368588227,-60.0,-60.0,157.0,7146.0,mst,2.764543160238211,0.8920016355722716,-45.02409568282519,-22.04734603034153,560.1971730828815,26,29301.367184602077,5,1.2842983525971086,0.8467498702663416
0.0,0.0,9692.0,185969.0,lst,2.8809594120787985,1.5832751927820485,60.0,60.0,325.0,45896.0,mst,3.833625534772767,0.7904108776428908,60.0,-60.0,99.0,17843.0,mst,3.3445944759999913,2.5195769721369228,-60.0,60.0,980.0,34980.0,mst,2.0042706198617237,1.4845474282866122,-60.0,-60.0,23.0,13851.0,mst,2.6601615631846207,2.8177280919879806,27.654397114037266,99.22427146127288,2114.9818235837183,26,24589.29959897023,5,1.5879572818275416,6.057120608857683
