x 1,y 1,Count 1,Bkg Count 1,Telescope 1,Dangle 1,Altitude 1,x 2,y 2,Count 2,Bkg Count 2,Telescope 2,Dangle 2,Altitude 2,x 3,y 3,Count 3,Bkg Count 3,Telescope 3,Dangle 3,Altitude 3,x 4,y 4,Count 4,Bkg Count 4,Telescope 4,Dangle 4,Altitude 4,x 5,y 5,Count 5,Bkg Count 5,Telescope 5,Dangle 5,Altitude 5,True X,True Y,True Energy Per Nucleon,True Z,True Height,Detecions,Phi,Epsilon,Theta
0.0,0.0,3474.0,0.0,lst,3.0888115177041033,0.819485031042606,60.0,60.0,351.0,0.0,mst,4.823539522477095,0.9067748770697871,60.0,-60.0,624.0,0.0,mst,3.5931811053039313,1.9337625105699188,-60.0,60.0,554.0,0.0,mst,1.4645573572232646,1.0004548628955896,-60.0,-60.0,278.0,0.0,mst,2.651704024263224,1.9913724172025333,2.4987404271513753,53.307625458509534,341.33989017665897,26,21880.50589321786,5,1.3619082184066407,3.3750942365558667
0.0,0.0,4814.0,54329.0,lst,0.6420830448813808,2.0095012613745786,60.0,60.0,117.0,9494.0,mst,0.054630934945592194,2.6726472141435673,60.0,-60.0,141.0,15064.0,mst,0.21183973372812237,0.5279432219584481,-60.0,60.0,0.0,4873.0,mst,0.6987194314690506,3.508640627388456,-60.0,-60.0,36.0,7085.0,mst,1.3600714364624453,2.362107615451006,66.74232329236233,-88.33260448131242,784.0841561680503,26,27826.955702017756,4,1.3685611042881072,0.7406283748584109
0.0,0.0,1829.0,42002.0,lst,2.7219062805448595,1.0598446068646725,60.0,60.0,84.0,8158.0,mst,5.162627143138866,1.1584527810104452,60.0,-60.0,62.0,4032.0,mst,3.5263215526869103,2.6594165965073486,-60.0,60.0,786.0,4995.0,mst,1.2978128985094755,1.9821536235770234,-60.0,-60.0,31.0,2777.0,mst,2.4701356931478866,3.1320021523328143,17.59976048049907,38.30517464158524,565.2320782732908,26,30717.1322017426,5,1.4432877235942718,5.942802366919969
