x 1,y 1,Count 1,Bkg Count 1,Telescope 1,Dangle 1,Altitude 1,x 2,y 2,Count 2,Bkg Count 2,Telescope 2,Dangle 2,Altitude 2,x 3,y 3,Count 3,Bkg Count 3,Telescope 3,Dangle 3,Altitude 3,x 4,y 4,Count 4,Bkg Count 4,Telescope 4,Dangle 4,Altitude 4,x 5,y 5,Count 5,Bkg Count 5,Telescope 5,Dangle 5,Altitude 5,True X,True Y,True Energy Per Nucleon,True Z,True Height,Detecions,Phi,Epsilon,Theta
0.0,0.0,5168.0,257366.0,lst,1.5228659427721927,1.7018627858169353,60.0,60.0,690.0,32573.0,mst,0.2695790661781619,1.4449063328888656,60.0,-60.0,242.0,45156.0,mst,2.8683730120716726,1.282769620448538,-60.0,60.0,0.0,13920.0,mst,1.1382845389057006,3.3242543820252743,-60.0,-60.0,21.0,18911.0,mst,1.952337550278058,3.2544549805871132,76.86713531929814,-3.4515490253129997,2008.7017398358964,26,32468.028388121013,4,1.549526837137279,0.4161525046096379
0.0,0.0,2834.0,0.0,lst,5.371003270390162,1.4233900284513785,60.0,60.0,21.0,0.0,mst,5.441927923273663,3.044441855787929,60.0,-60.0,157.0,0.0,mst,4.582856415424415,2.4636258099033093,-60.0,60.0,35.0,0.0,mst,0.013716007866061856,1.9855939184490814,-60.0,-60.0,0.0,0.0,mst,3.029449589459235,None,-58.47996390780578,-44.27786339830172,241.65039871223675,26,22806.36063693964,4,1.2030080049616445,6.175349568428817
0.0,0.0,1964.0,20769.0,lst,1.0094593549939146,1.3444829095597046,60.0,60.0,128.0,3177.0,mst,6.0963914529488115,2.382570871457925,60.0,-60.0,245.0,5105.0,mst,3.631023508857096,0.9967754098760895,-60.0,60.0,0.0,2429.0,mst,0.8772678745309554,3.59395086500858,-60.0,-60.0,53.0,2829.0,mst,1.871584161764205,2.871482348278108,42.62024121457421,-27.544012226107654,510.0791987130452,26,30769.915871325808,4,1.6549080777757605,1.3044987306346414
0.0,0.0,1248.0,50524.0,lst,4.504604810100131,0.8686971027987002,60.0,60.0,51.0,4961.0,mst,5.137367393930922,2.1835060478809423,60.0,-60.0,57.0,4557.0,mst,4.118030073485721,2.417577481953206,-60.0,60.0,337.0,12035.0,mst,0.2737374089643303,0.9750449467760353,-60.0,-60.0,935.0,8754.0,mst,2.931663921805618,1.3792470301759119,-45.37223883709281,9.843632256768501,638.795072047241,26,27534.60482778401,5,1.3473199732498595,0.3156347193414798
