x 1,y 1,Count 1,Bkg Count 1,Telescope 1,Dangle 1,Altitude 1,x 2,y 2,Count 2,Bkg Count 2,Telescope 2,Dangle 2,Altitude 2,x 3,y 3,Count 3,Bkg Count 3,Telescope 3,Dangle 3,Altitude 3,x 4,y 4,Count 4,Bkg Count 4,Telescope 4,Dangle 4,Altitude 4,x 5,y 5,Count 5,Bkg Count 5,Telescope 5,Dangle 5,Altitude 5,True X,True Y,True Energy Per Nucleon,True Z,True Height,Detecions,Phi,Epsilon,Theta
0.0,0.0,1221.0,0.0,lst,3.463195906927449,0.8363488104972281,60.0,60.0,936.0,0.0,mst,4.9356384948767635,1.3663438001005084,60.0,-60.0,0.0,0.0,mst,3.7749760409325894,2.3411000736239327,-60.0,60.0,450.0,0.0,mst,1.2412628127277037,0.9685113293158911,-60.0,-60.0,164.0,0.0,mst,2.7262058117571066,2.165158434464827,-14.219357765954243,44.03461497110743,322.295999791803,26,24223.431883136105,4,1.2611310113853464,4.622276821939244
0.0,0.0,696.0,58315.0,lst,2.447196923311451,0.5510398705408098,60.0,60.0,490.0,10644.0,mst,5.4418082661223295,0.8697448534609467,60.0,-60.0,817.0,5520.0,mst,3.564620433579642,1.5708824384391442,-60.0,60.0,824.0,6909.0,mst,1.1515748889689856,1.4895688417967037,-60.0,-60.0,845.0,6803.0,mst,2.3655343083788565,1.987348205178115,20.477049398760386,24.89283797886341,680.2063160384279,26,25582.71110900503,5,1.4118653839063622,4.883605785229929
0.0,0.0,355.0,2581.0,lst,6.271639547922287,0.6316371636496624,60.0,60.0,273.0,207.0,mst,5.723856024724962,2.2020325316551674,60.0,-60.0,616.0,324.0,mst,4.288216130378193,1.3303231381824345,-60.0,60.0,443.0,265.0,mst,0.5806775954271042,2.127201240928902,-60.0,-60.0,1033.0,394.0,mst,1.9987672874182212,1.2209449679291045,-0.18923120709396812,-32.95905894849335,397.4342439960321,26,25979.700568146698,5,1.3236842550639336,1.7869376446838996
0.0,0.0,2273.0,9364.0,lst,3.6695182127506536,1.7864579802770515,60.0,60.0,279.0,1616.0,mst,4.683868523473751,2.34171616935187,60.0,-60.0,0.0,1251.0,mst,3.7926508676157633,3.9140168287163006,-60.0,60.0,57.0,2811.0,mst,1.5977581168108665,0.634462288946278,-60.0,-60.0,34.0,1306.0,mst,2.946459355314531,3.1969839510755595,-35.51899096773238,60.93199009120272,444.5747382900959,26,29373.913456259586,4,1.8299581802143141,5.731853930258046
