x 1,y 1,Count 1,Bkg Count 1,Telescope 1,Dangle 1,Altitude 1,x 2,y 2,Count 2,Bkg Count 2,Telescope 2,Dangle 2,Altitude 2,x 3,y 3,Count 3,Bkg Count 3,Telescope 3,Dangle 3,Altitude 3,x 4,y 4,Count 4,Bkg Count 4,Telescope 4,Dangle 4,Altitude 4,x 5,y 5,Count 5,Bkg Count 5,Telescope 5,Dangle 5,Altitude 5,True X,True Y,True Energy Per Nucleon,True Z,True Height,Detecions,Phi,Epsilon,Theta
0.0,0.0,2212.0,223106.0,lst,4.993222163929049,0.9497418666980442,60.0,60.0,235.0,16903.0,mst,5.281927884262667,2.186356434036596,60.0,-60.0,1118.0,17269.0,mst,4.365139047818081,1.9430235796161104,-60.0,60.0,1169.0,26993.0,mst,0.008379239971981228,1.1721424757103671,-60.0,-60.0,188.0,33962.0,mst,3.144309830616608,0.6547139626306506,-59.878777095857515,-17.102238409685867,1412.4417414718796,26,23990.20399850933,5,1.5921298423109793,3.8500172790979676
0.0,0.0,3902.0,108323.0,lst,5.9437642678752844,1.3532115759716068,60.0,60.0,38.0,8236.0,mst,5.724341375297586,2.8377766898244756,60.0,-60.0,2350.0,15528.0,mst,4.805332707555405,1.6005194355200378,-60.0,60.0,169.0,12713.0,mst,0.26157721714847976,2.4364425550877535,-60.0,-60.0,239.0,20943.0,mst,1.306869249599608,0.6655878780507176,-25.49138625478176,-68.62653044692739,985.2655586963082,26,28563.045749484103,5,1.4053959456360556,5.917830572697288
0.0,0.0,848.0,277660.0,lst,3.967596746907436,0.801475998719578,60.0,60.0,0.0,26501.0,mst,5.1064357409296095,1.9971801564981406,60.0,-60.0,35.0,27264.0,mst,3.9427832035844195,2.5774957413167763,-60.0,60.0,317.0,44452.0,mst,0.744690023619872,1.0037963618232466,-60.0,-60.0,1233.0,29844.0,mst,2.7751382632917134,1.89827335050904,-27.687518031425256,24.80217848728543,1744.8042800203043,26,31820.078278818713,4,1.4418830038300572,1.95347243414374
0.0,0.0,3238.0,226079.0,lst,5.042824423815486,1.3983417147644779,60.0,60.0,43.0,17075.0,mst,5.3045970014269885,2.9866931725458117,60.0,-60.0,76.0,19611.0,mst,4.43070805961736,2.7045619174730877,-60.0,60.0,0.0,30685.0,mst,6.225811571266678,1.6492336067693887,-60.0,-60.0,130.0,62564.0,mst,3.2622628143456236,0.8076127028448078,-64.37670460122195,-22.91164599182318,1946.150595221909,26,32359.349091148342,4,1.2527734545894587,6.1533352874127445
