x 1,y 1,Count 1,Bkg Count 1,Telescope 1,Dangle 1,Altitude 1,x 2,y 2,Count 2,Bkg Count 2,Telescope 2,Dangle 2,Altitude 2,x 3,y 3,Count 3,Bkg Count 3,Telescope 3,Dangle 3,Altitude 3,x 4,y 4,Count 4,Bkg Count 4,Telescope 4,Dangle 4,Altitude 4,x 5,y 5,Count 5,Bkg Count 5,Telescope 5,Dangle 5,Altitude 5,True X,True Y,True Energy Per Nucleon,True Z,True Height,Detecions,Phi,Epsilon,Theta
0.0,0.0,3988.0,163336.0,lst,1.8018117955631086,1.4231888808437063,60.0,60.0,170.0,40623.0,mst,0.09105688369918623,0.9828893817112243,60.0,-60.0,368.0,22302.0,mst,3.0838248386170592,1.6986664775056999,-60.0,60.0,58.0,17248.0,mst,1.22369309176206,2.8224442032849164,-60.0,-60.0,0.0,8856.0,mst,2.1143427226357194,3.164281450884311,64.06636230496366,15.11037313645167,1390.2262400200902,26,32859.0762371649,4,1.8363632790937747,0.8236871684037066
0.0,0.0,3339.0,0.0,lst,5.221344680724052,1.2294026763228374,60.0,60.0,0.0,0.0,mst,5.374404349135917,2.8452146962041365,60.0,-60.0,84.0,0.0,mst,4.46273150945557,2.356545133154174,-60.0,60.0,1519.0,0.0,mst,0.02470317305104172,1.731642346943258,-60.0,-60.0,108.0,0.0,mst,3.0313556482729496,0.5862808223119197,-56.37601933588192,-30.937483623775336,383.3135661678205,26,25366.568788583707,4,1.386688172885296,0.7668029007953144
0.0,0.0,5168.0,9823.0,lst,5.851168581429308,1.241562752989276,60.0,60.0,47.0,926.0,mst,5.654265893805465,2.6234958413757505,60.0,-60.0,731.0,1129.0,mst,4.775186672070521,1.5347493064118423,-60.0,60.0,51.0,1042.0,mst,0.22921955058346674,2.1782776875386616,-60.0,-60.0,160.0,2379.0,mst,1.372900624279396,0.5191895897976796,-30.620094945314563,-65.66843974211874,440.1530623689796,26,24262.853912222297,5,1.4487815656709695,5.220752449063928
