x 1,y 1,Count 1,Bkg Count 1,Telescope 1,Dangle 1,Altitude 1,x 2,y 2,Count 2,Bkg Count 2,Telescope 2,Dangle 2,Altitude 2,x 3,y 3,Count 3,Bkg Count 3,Telescope 3,Dangle 3,Altitude 3,x 4,y 4,Count 4,Bkg Count 4,Telescope 4,Dangle 4,Altitude 4,x 5,y 5,Count 5,Bkg Count 5,Telescope 5,Dangle 5,Altitude 5,True X,True Y,True Energy Per Nucleon,True Z,True Height,Detecions,Phi,Epsilon,Theta
0.0,0.0,4400.0,10017.0,lst,1.6208814187671616,1.5837201390958724,60.0,60.0,633.0,2170.0,mst,0.4200503313860967,1.1508236846751212,60.0,-60.0,838.0,1758.0,mst,2.7771008837179476,1.3073050006058096,-60.0,60.0,29.0,1004.0,mst,1.1941126553256765,2.9181759817462045,-60.0,-60.0,0.0,962.0,mst,1.9980383139446496,2.9686822117871503,84.48088224865319,4.12619937096315,440.2242084508998,26,25665.400674898225,4,1.5081586747993319,4.157026918980345
0.0,0.0,2443.0,38061.0,lst,1.4407124181152078,1.7550429714212552,60.0,60.0,1074.0,6492.0,mst,0.4998471300510592,1.4644283314916628,60.0,-60.0,936.0,10508.0,mst,2.419510421031942,1.0415221205657472,-60.0,60.0,0.0,3175.0,mst,1.1413963218004959,3.0602224265650015,-60.0,-60.0,36.0,3549.0,mst,1.8572604820032164,2.875760985560335,100.71444592650374,-14.276476891846784,631.5343419789837,26,25823.65563565162,4,1.7056617435468506,3.2631010668546274
0.0,0.0,2313.0,94217.0,lst,3.237670114393824,0.6929473866100355,60.0,60.0,485.0,15858.0,mst,4.94492705347795,0.9600005812201046,60.0,-60.0,830.0,8909.0,mst,3.7044699557547305,1.836976841403283,-60.0,60.0,751.0,16867.0,mst,1.3010123582672952,0.8636584412557504,-60.0,-60.0,1153.0,13511.0,mst,2.6519885645693404,1.7956825793659088,-4.618704174446719,44.98784812101363,929.4205503801077,26,23671.193557817835,5,1.357907306691836,5.378231221108734
0.0,0.0,8092.0,15334.0,lst,0.04986329900371926,1.6285384727591208,60.0,60.0,0.0,2049.0,mst,5.932515808775093,2.8723262341502136,60.0,-60.0,720.0,5208.0,mst,5.242745223697298,1.1145818885271603,-60.0,60.0,38.0,1857.0,mst,0.3947867682872876,2.916836129539951,-60.0,-60.0,1071.0,4609.0,mst,1.1085929667684342,1.2288836722201668,5.19093260709252,-92.21351175153457,507.5577128229648,26,25469.05135504729,4,1.9372165837282616,2.9358182799311083
