x 1,y 1,Count 1,Bkg Count 1,Telescope 1,Dangle 1,Altitude 1,x 2,y 2,Count 2,Bkg Count 2,Telescope 2,Dangle 2,Altitude 2,x 3,y 3,Count 3,Bkg Count 3,Telescope 3,Dangle 3,Altitude 3,x 4,y 4,Count 4,Bkg Count 4,Telescope 4,Dangle 4,Altitude 4,x 5,y 5,Count 5,Bkg Count 5,Telescope 5,Dangle 5,Altitude 5,True X,True Y,True Energy Per Nucleon,True Z,True Height,Detecions,Phi,Epsilon,Theta
0.0,0.0,4400.0,76202.0,lst,3.420239254105902,1.0670072633150887,60.0,60.0,894.0,14331.0,mst,4.667520566680769,1.2382440518645899,60.0,-60.0,67.0,5960.0,mst,3.7094788572078565,2.324761550016921,-60.0,60.0,163.0,14362.0,mst,1.6524190958480727,0.6772645309933654,-60.0,-60.0,239.0,7616.0,mst,2.8055542543775647,2.10312417967204,-18.104523681409205,63.503075450214965,772.4212006846561,26,24957.898320665285,5,1.3552305008009509,4.818404509149005
0.0,0.0,6601.0,67295.0,lst,2.997002058014032,1.51551903039788,60.0,60.0,437.0,13937.0,mst,4.382218760529937,1.005652801225032,60.0,-60.0,59.0,7220.0,mst,3.495675436691363,2.8352939823662657,-60.0,60.0,346.0,13619.0,mst,1.800453235658472,1.4017755310522302,-60.0,-60.0,0.0,5792.0,mst,2.6644167866095674,2.9972672106180585,11.234489479655593,77.02126367119354,808.8183356465186,26,28783.36370334638,4,1.3886176511566337,0.8591253882090523
0.0,0.0,487.0,65040.0,lst,2.247843980221674,2.2171544525445386,60.0,60.0,138.0,29871.0,mst,1.95656916434817,0.5942579589581723,60.0,-60.0,117.0,11858.0,mst,2.9260397780872522,2.6348075250062837,-60.0,60.0,26.0,9035.0,mst,1.65256686406404,2.926404392774046,-60.0,-60.0,0.0,6400.0,mst,2.3012778699501126,3.9044382665014523,87.04012439961161,71.0370568181715,999.6182325966133,26,29734.293589886376,4,1.7114459748361417,3.1563357363565525
