x 1,y 1,Count 1,Bkg Count 1,Telescope 1,Dangle 1,Altitude 1,x 2,y 2,Count 2,Bkg Count 2,Telescope 2,Dangle 2,Altitude 2,x 3,y 3,Count 3,Bkg Count 3,Telescope 3,Dangle 3,Altitude 3,x 4,y 4,Count 4,Bkg Count 4,Telescope 4,Dangle 4,Altitude 4,x 5,y 5,Count 5,Bkg Count 5,Telescope 5,Dangle 5,Altitude 5,True X,True Y,True Energy Per Nucleon,True Z,True Height,Detecions,Phi,Epsilon,Theta
0.0,0.0,534.0,0.0,lst,3.0642869659587433,0.6869054294605169,60.0,60.0,1849.0,0.0,mst,5.218703334450122,1.6054456734235842,60.0,-60.0,0.0,0.0,mst,3.7248759029557035,2.6164913060267345,-60.0,60.0,293.0,0.0,mst,1.1004677589507246,1.5452568427977724,-60.0,-60.0,88.0,0.0,mst,2.5188420349486993,2.5248677487947875,2.378540169398633,27.785238879655452,290.3860414054945,26,25362.923018642654,4,1.2160005145715451,0.9664948308924831
0.0,0.0,692.0,182179.0,lst,6.255085441019834,0.7063888835787637,60.0,60.0,44.0,16263.0,mst,5.689911031784224,2.4973104676035405,60.0,-60.0,612.0,29232.0,mst,4.254294916873549,1.4601463339970904,-60.0,60.0,86.0,21303.0,mst,0.5724490774393043,2.513549543356777,-60.0,-60.0,954.0,22450.0,mst,2.039684501786696,1.463510952262179,-0.18343675037141338,-30.20059540396514,1196.4051803006848,26,32944.496191711885,5,1.8806029598330298,3.1460931877295852
