x 1,y 1,Count 1,Bkg Count 1,Telescope 1,Dangle 1,Altitude 1,x 2,y 2,Count 2,Bkg Count 2,Telescope 2,Dangle 2,Altitude 2,x 3,y 3,Count 3,Bkg Count 3,Telescope 3,Dangle 3,Altitude 3,x 4,y 4,Count 4,Bkg Count 4,Telescope 4,Dangle 4,Altitude 4,x 5,y 5,Count 5,Bkg Count 5,Telescope 5,Dangle 5,Altitude 5,True X,True Y,True Energy Per Nucleon,True Z,True Height,Detecions,Phi,Epsilon,Theta
0.0,0.0,1460.0,3630.0,lst,0.04076833507265198,1.2004870639021652,60.0,60.0,27.0,322.0,mst,5.776522065547095,3.136451052683138,60.0,-60.0,901.0,606.0,mst,4.44084625376475,1.6229154619700918,-60.0,60.0,0.0,375.0,mst,0.5267785027671796,3.406475654005853,-60.0,-60.0,559.0,618.0,mst,1.822415326304994,1.9097716613092603,1.5990086365978868,-44.29578186688096,405.1588354373524,26,29585.778211899153,4,1.9349175964661625,5.178106554485931
0.0,0.0,2900.0,0.0,lst,2.783465720837698,1.188569667788065,60.0,60.0,240.0,0.0,mst,5.057136108335178,1.1285687257689287,60.0,-60.0,34.0,0.0,mst,3.527427827774304,2.7961464325272556,-60.0,60.0,312.0,0.0,mst,1.3574041390809362,1.9371568172479599,-60.0,-60.0,0.0,0.0,mst,2.533283746105496,3.2162685728595206,16.471300584189834,44.78892936793753,293.2676023113364,26,25423.71687516376,4,1.4212611752209916,5.417385790414754
0.0,0.0,9868.0,20509.0,lst,5.029041986673469,1.5908920381443337,60.0,60.0,0.0,2556.0,mst,5.287290562206739,3.3704165722744115,60.0,-60.0,31.0,3172.0,mst,4.3989827580034575,2.97434974157166,-60.0,60.0,186.0,3565.0,mst,6.179944374196683,1.8510662586598172,-60.0,-60.0,377.0,4809.0,mst,3.367723221938848,0.882683119216491,-68.90894528673847,-22.622573414737417,514.3717672106566,26,29120.199486897414,4,1.763175092315875,5.293267174948907
