x 1,y 1,Count 1,Bkg Count 1,Telescope 1,Dangle 1,Altitude 1,x 2,y 2,Count 2,Bkg Count 2,Telescope 2,Dangle 2,Altitude 2,x 3,y 3,Count 3,Bkg Count 3,Telescope 3,Dangle 3,Altitude 3,x 4,y 4,Count 4,Bkg Count 4,Telescope 4,Dangle 4,Altitude 4,x 5,y 5,Count 5,Bkg Count 5,Telescope 5,Dangle 5,Altitude 5,True X,True Y,True Energy Per Nucleon,True Z,True Height,Detecions,Phi,Epsilon,Theta
0.0,0.0,0.0,59504.0,lst,3.4137411749873685,0.29453950902511367,60.0,60.0,86.0,6061.0,mst,5.300921209183558,1.3559789926674721,60.0,-60.0,707.0,5857.0,mst,3.845806797916148,1.7291719085033468,-60.0,60.0,324.0,5738.0,mst,0.9034360849472701,1.2060948260900572,-60.0,-60.0,1698.0,5987.0,mst,2.5102941385853708,1.62273521771008,-4.477833057367178,16.27713802518045,580.2580943058479,26,25625.47617824414,4,1.4903462689233447,2.741999275660832
0.0,0.0,1952.0,126864.0,lst,3.5909297533387963,0.9846580080650221,60.0,60.0,347.0,18958.0,mst,4.970541309540679,1.9832004020588054,60.0,-60.0,52.0,12097.0,mst,3.8144143470917697,2.9125665525219375,-60.0,60.0,248.0,27521.0,mst,1.1050939089690839,1.1277429588922125,-60.0,-60.0,97.0,12498.0,mst,2.738398847045804,2.4266444977500568,-18.694431537472525,39.178043240536425,1013.1567697772022,26,33816.249868572275,5,1.8919006434940129,2.8463993860520165
0.0,0.0,2978.0,121004.0,lst,1.0666759179333376,1.135058496344444,60.0,60.0,608.0,15992.0,mst,6.105917563677776,1.9097677344948853,60.0,-60.0,276.0,31867.0,mst,3.545631936205878,0.8120510183877484,-60.0,60.0,35.0,12335.0,mst,0.8684686615417441,3.002347785415579,-60.0,-60.0,0.0,12195.0,mst,1.8865701699274173,2.4273471667373587,45.23971167612871,-25.14349601942122,1062.2856116838286,26,31797.286178445996,4,1.7435327963831568,3.800775673047971
0.0,0.0,2039.0,50674.0,lst,2.5334016824382006,0.8864068587065114,60.0,60.0,90.0,10442.0,mst,5.025260393485947,0.3930586771246714,60.0,-60.0,6161.0,5588.0,mst,3.360453090067978,1.6385733020524764,-60.0,60.0,1802.0,5953.0,mst,1.4993743615885509,1.3897365365845684,-60.0,-60.0,87.0,3908.0,mst,2.4192747150821066,2.0752620455674764,34.71427334406846,51.51688194771032,605.5767541571975,26,23492.279973981527,5,1.8727216637387618,2.6487737883075613
