x 1,y 1,Count 1,Bkg Count 1,Telescope 1,Dangle 1,Altitude 1,x 2,y 2,Count 2,Bkg Count 2,Telescope 2,Dangle 2,Altitude 2,x 3,y 3,Count 3,Bkg Count 3,Telescope 3,Dangle 3,Altitude 3,x 4,y 4,Count 4,Bkg Count 4,Telescope 4,Dangle 4,Altitude 4,x 5,y 5,Count 5,Bkg Count 5,Telescope 5,Dangle 5,Altitude 5,True X,True Y,True Energy Per Nucleon,True Z,True Height,Detecions,Phi,Epsilon,Theta
0.0,0.0,1373.0,66173.0,lst,0.5713851172025701,1.1134961302081938,60.0,60.0,38.0,7549.0,mst,5.901699383682371,2.9368993948466526,60.0,-60.0,238.0,12355.0,mst,4.116911153711538,1.3063338236931994,-60.0,60.0,0.0,7485.0,mst,0.7047644785406616,3.473786365601586,-60.0,-60.0,358.0,6287.0,mst,1.8713357713919638,2.294611642933981,21.739372521726807,-34.14453146489372,683.9358654334817,26,33781.54497536071,4,1.2678450671654495,2.3025648053916266
0.0,0.0,759.0,62995.0,lst,1.9838626844487508,0.5583025468707521,60.0,60.0,624.0,12905.0,mst,5.738250757910967,0.8739025324756217,60.0,-60.0,930.0,10357.0,mst,3.4722728771599454,1.1767288992185732,-60.0,60.0,214.0,6968.0,mst,1.1096013701652359,1.6654196615149492,-60.0,-60.0,402.0,7918.0,mst,2.2656843639602897,1.7735344367386496,33.96136064795752,15.088120058218777,677.3435276677313,26,25305.771407806402,5,1.207062251078544,2.8708625596902198
