x 1,y 1,Count 1,Bkg Count 1,Telescope 1,Dangle 1,Altitude 1,x 2,y 2,Count 2,Bkg Count 2,Telescope 2,Dangle 2,Altitude 2,x 3,y 3,Count 3,Bkg Count 3,Telescope 3,Dangle 3,Altitude 3,x 4,y 4,Count 4,Bkg Count 4,Telescope 4,Dangle 4,Altitude 4,x 5,y 5,Count 5,Bkg Count 5,Telescope 5,Dangle 5,Altitude 5,True X,True Y,True Energy Per Nucleon,True Z,True Height,Detecions,Phi,Epsilon,Theta
0.0,0.0,460.0,57648.0,lst,3.9122174491985,0.4522849300686536,60.0,60.0,1498.0,5571.0,mst,5.221213695545836,1.5565104126491727,60.0,-60.0,125.0,7100.0,mst,3.9281800901296204,1.9051777289199365,-60.0,60.0,467.0,6373.0,mst,0.8033494192901147,1.053863016129514,-60.0,-60.0,1739.0,6537.0,mst,2.637241481109894,1.557066142932367,-17.46303178054623,17.98119163661005,610.8723131249262,26,25819.54612669378,5,1.5967069557159745,0.3577691981550028
0.0,0.0,18072.0,117776.0,lst,0.10147491897486077,1.6286683614788384,60.0,60.0,50.0,10132.0,mst,6.0035146531702175,2.6878096055798224,60.0,-60.0,620.0,28025.0,mst,5.441429349833899,1.0452079266299368,-60.0,60.0,0.0,8558.0,mst,0.4113982725116491,2.772489944454889,-60.0,-60.0,1738.0,20006.0,mst,1.0242438208979971,1.2875639104286294,11.187497472356,-103.38291345827975,1330.3089416324776,26,24849.156205424177,4,1.3818337006126429,2.099565704221655
0.0,0.0,0.0,0.0,lst,5.400015242683451,None,60.0,60.0,1111.0,0.0,mst,5.496827520405028,1.3728699594441862,60.0,-60.0,1389.0,0.0,mst,4.0482861615460335,1.1569432162315134,-60.0,60.0,1410.0,0.0,mst,0.680770606204184,1.2736279005745215,-60.0,-60.0,1526.0,0.0,mst,2.36384670578331,1.0620762550621836,-7.579115109105942,-6.514455788379848,296.8439266420687,26,20139.484285094357,4,1.8806646087547398,3.9326843930519386
0.0,0.0,3421.0,26784.0,lst,5.779292298543663,1.1313310219836863,60.0,60.0,118.0,4463.0,mst,5.608815285719961,2.415117534647079,60.0,-60.0,1708.0,5129.0,mst,4.771395752155543,1.5458662035659358,-60.0,60.0,946.0,4042.0,mst,0.18009038411103573,1.869810618184949,-60.0,-60.0,54.0,8591.0,mst,1.3839469878855082,0.3645145920189351,-35.02128574311159,-64.65654297790212,564.6092955614328,26,24562.42656628063,5,1.9447288098075906,0.7725207256718621
