x 1,y 1,Count 1,Bkg Count 1,Telescope 1,Dangle 1,Altitude 1,x 2,y 2,Count 2,Bkg Count 2,Telescope 2,Dangle 2,Altitude 2,x 3,y 3,Count 3,Bkg Count 3,Telescope 3,Dangle 3,Altitude 3,x 4,y 4,Count 4,Bkg Count 4,Telescope 4,Dangle 4,Altitude 4,x 5,y 5,Count 5,Bkg Count 5,Telescope 5,Dangle 5,Altitude 5,True X,True Y,True Energy Per Nucleon,True Z,True Height,Detecions,Phi,Epsilon,Theta
0.0,0.0,2294.0,39877.0,lst,1.3319634824339281,1.2026845515621323,60.0,60.0,60.0,4574.0,mst,6.0057458617971164,2.1824505249637993,60.0,-60.0,405.0,7841.0,mst,3.4968022431450843,1.4956110095980832,-60.0,60.0,0.0,4831.0,mst,0.9631282081471038,3.5672252170957637,-60.0,-60.0,45.0,3745.0,mst,2.0528354072787516,3.1177893715826706,41.40193937430246,-9.267335698236536,552.2000221400411,26,32405.508130296977,4,1.9149365118124642,2.7351021601663588
0.0,0.0,2524.0,240105.0,lst,5.284484262197324,1.3557464413253957,60.0,60.0,0.0,12412.0,mst,5.391870091438702,3.145290293439526,60.0,-60.0,31.0,25421.0,mst,4.466873613199633,2.5298852595804857,-60.0,60.0,428.0,31165.0,mst,0.05517242608079666,2.006706045286406,-60.0,-60.0,89.0,68486.0,mst,2.8704476429247947,0.5926330241823831,-52.45596835427362,-33.560595489854535,1942.9563480007116,26,32603.232119332457,4,1.3983277494998003,0.1624081319134346
