x 1,y 1,Count 1,Bkg Count 1,Telescope 1,Dangle 1,Altitude 1,x 2,y 2,Count 2,Bkg Count 2,Telescope 2,Dangle 2,Altitude 2,x 3,y 3,Count 3,Bkg Count 3,Telescope 3,Dangle 3,Altitude 3,x 4,y 4,Count 4,Bkg Count 4,Telescope 4,Dangle 4,Altitude 4,x 5,y 5,Count 5,Bkg Count 5,Telescope 5,Dangle 5,Altitude 5,True X,True Y,True Energy Per Nucleon,True Z,True Height,Detecions,Phi,Epsilon,Theta
0.0,0.0,7508.0,31747.0,lst,0.08657787080866619,1.5801819237209822,60.0,60.0,25.0,2284.0,mst,5.874425536274992,3.2085706135334218,60.0,-60.0,356.0,5990.0,mst,4.863365399939061,1.2466808331115877,-60.0,60.0,0.0,2131.0,mst,0.4697152336036839,3.3792097120797515,-60.0,-60.0,1475.0,4967.0,mst,1.4653007715809958,1.5893244106412026,6.120218320811489,-67.69654351421461,534.9134327688688,26,29874.429457685095,4,1.3663390876410173,5.454059990378791
0.0,0.0,5665.0,31533.0,lst,4.224885491945896,1.508303088841983,60.0,60.0,45.0,3410.0,mst,4.892346537923313,2.6030233002652254,60.0,-60.0,0.0,2199.0,mst,4.058788539739507,3.2214109297986546,-60.0,60.0,87.0,7466.0,mst,6.077627883111603,0.5142286265593682,-60.0,-60.0,480.0,4967.0,mst,3.1913626915935542,1.977801178712078,-64.96292020000621,36.14579100551583,553.776159110374,26,28103.13970081964,4,1.6329098846575598,2.916500873984239
