x 1,y 1,Count 1,Bkg Count 1,Telescope 1,Dangle 1,Altitude 1,x 2,y 2,Count 2,Bkg Count 2,Telescope 2,Dangle 2,Altitude 2,x 3,y 3,Count 3,Bkg Count 3,Telescope 3,Dangle 3,Altitude 3,x 4,y 4,Count 4,Bkg Count 4,Telescope 4,Dangle 4,Altitude 4,x 5,y 5,Count 5,Bkg Count 5,Telescope 5,Dangle 5,Altitude 5,True X,True Y,True Energy Per Nucleon,True Z,True Height,Detecions,Phi,Epsilon,Theta
0.0,0.0,552.0,74135.0,lst,3.2438006284990544,0.8230278450357765,60.0,60.0,418.0,7385.0,mst,5.1816482083176165,2.040731761885154,60.0,-60.0,0.0,8298.0,mst,3.7657641670821147,3.1465497966535447,-60.0,60.0,166.0,6102.0,mst,1.045682421870368,1.8829217663741822,-60.0,-60.0,68.0,3991.0,mst,2.5721790859957956,3.040011495869187,-2.899464997412508,28.10112595366283,641.2595438685609,26,33244.01473995299,4,1.4897764320604103,0.5740288237802728
0.0,0.0,3257.0,139530.0,lst,1.6429119837031139,0.8312763037780048,60.0,60.0,445.0,23950.0,mst,6.237456541681358,0.8017678585613626,60.0,-60.0,609.0,23433.0,mst,3.190340764588064,0.9159315669188592,-60.0,60.0,181.0,13275.0,mst,1.119902341032095,1.915777108732605,-60.0,-60.0,0.0,11947.0,mst,2.060138806044565,1.9608178092074533,56.55543074646397,3.2142654332557186,1089.0160774419778,26,23275.167950199553,4,1.2745788433499539,4.875152913265529
0.0,0.0,3246.0,49436.0,lst,5.53987970226419,1.2768565223640578,60.0,60.0,0.0,4781.0,mst,5.506669382096367,3.324202292389034,60.0,-60.0,56.0,6104.0,mst,4.503454764928798,2.2909698084368393,-60.0,60.0,77.0,4605.0,mst,0.24115539011425297,2.4123647885398314,-60.0,-60.0,173.0,10332.0,mst,2.283183486824353,0.6693951531098855,-36.03007199523287,-39.786121866654284,608.1441654246867,26,30730.764028119975,4,1.8926701890283884,2.5149621708786825
