x 1,y 1,Count 1,Bkg Count 1,Telescope 1,Dangle 1,Altitude 1,x 2,y 2,Count 2,Bkg Count 2,Telescope 2,Dangle 2,Altitude 2,x 3,y 3,Count 3,Bkg Count 3,Telescope 3,Dangle 3,Altitude 3,x 4,y 4,Count 4,Bkg Count 4,Telescope 4,Dangle 4,Altitude 4,x 5,y 5,Count 5,Bkg Count 5,Telescope 5,Dangle 5,Altitude 5,True X,True Y,True Energy Per Nucleon,True Z,True Height,Detecions,Phi,Epsilon,Theta
0.0,0.0,641.0,50485.0,lst,1.6496656105517655,1.0536541120499767,60.0,60.0,601.0,7579.0,mst,5.954158820189166,1.4583531376726624,60.0,-60.0,60.0,5797.0,mst,3.453156146029537,1.6011057695095268,-60.0,60.0,34.0,5988.0,mst,1.056374479537229,2.990921480533837,-60.0,-60.0,0.0,2890.0,mst,2.132710677336192,3.073411756223883,40.65515339522318,2.892398041037268,608.6102294664698,26,31756.254375469376,4,1.910757598731527,4.799915066554183
0.0,0.0,3958.0,97094.0,lst,3.0473604971401587,1.2716987690867603,60.0,60.0,288.0,16955.0,mst,4.741357219118171,1.1475417046330585,60.0,-60.0,29.0,9935.0,mst,3.574466964337306,2.804219659536446,-60.0,60.0,253.0,15607.0,mst,1.5430788438111147,1.3988359039249323,-60.0,-60.0,0.0,10128.0,mst,2.627095924953474,2.9189190089593975,5.418904445387909,58.3025156465614,823.5305882752181,26,30570.005213556884,4,1.7251810970200114,4.881967317855575
0.0,0.0,2525.0,3327.0,lst,1.711307739318482,1.2545009820596624,60.0,60.0,487.0,482.0,mst,6.1416269546274975,1.3288414636086139,60.0,-60.0,899.0,362.0,mst,3.269461055612319,1.6975465373853431,-60.0,60.0,0.0,288.0,mst,1.1406854459206224,2.966241288286462,-60.0,-60.0,41.0,330.0,mst,2.100965662542176,3.1646287730229434,51.811562765145055,6.56129146115606,402.0506463536877,26,28593.31077342283,4,1.8641247496473887,1.2618688328689323
