x 1,y 1,Count 1,Bkg Count 1,Telescope 1,Dangle 1,Altitude 1,x 2,y 2,Count 2,Bkg Count 2,Telescope 2,Dangle 2,Altitude 2,x 3,y 3,Count 3,Bkg Count 3,Telescope 3,Dangle 3,Altitude 3,x 4,y 4,Count 4,Bkg Count 4,Telescope 4,Dangle 4,Altitude 4,x 5,y 5,Count 5,Bkg Count 5,Telescope 5,Dangle 5,Altitude 5,True X,True Y,True Energy Per Nucleon,True Z,True Height,Detecions,Phi,Epsilon,Theta
0.0,0.0,2318.0,0.0,lst,5.726133613982256,1.704580262855249,60.0,60.0,0.0,0.0,mst,5.598262841690833,3.6386829244747845,60.0,-60.0,29.0,0.0,mst,4.746430385646576,2.339996861219067,-60.0,60.0,44.0,0.0,mst,0.16961449008104618,2.9586965277927066,-60.0,-60.0,32.0,0.0,mst,1.4934599495748715,0.5447579196721538,-39.05686901336706,-61.869962839138665,282.41378851129633,26,25535.056609707077,4,1.1971838106982713,5.487783215268301
0.0,0.0,2037.0,180247.0,lst,3.868774984507994,1.2292411261054839,60.0,60.0,216.0,24020.0,mst,4.838141697547681,1.9702655538485356,60.0,-60.0,0.0,10736.0,mst,3.89973686455378,2.8250968935342984,-60.0,60.0,37.0,35698.0,mst,0.9628044822038929,0.39652655117508584,-60.0,-60.0,364.0,18409.0,mst,2.975635099837154,2.074509620428015,-43.24918725587024,48.040481865312785,1339.4387969003842,26,29686.068246799572,4,1.7505981796286627,3.9784843968807553
