x 1,y 1,Count 1,Bkg Count 1,Telescope 1,Dangle 1,Altitude 1,x 2,y 2,Count 2,Bkg Count 2,Telescope 2,Dangle 2,Altitude 2,x 3,y 3,Count 3,Bkg Count 3,Telescope 3,Dangle 3,Altitude 3,x 4,y 4,Count 4,Bkg Count 4,Telescope 4,Dangle 4,Altitude 4,x 5,y 5,Count 5,Bkg Count 5,Telescope 5,Dangle 5,Altitude 5,True X,True Y,True Energy Per Nucleon,True Z,True Height,Detecions,Phi,Epsilon,Theta
0.0,0.0,3850.0,62180.0,lst,4.5225402604968945,0.968113256319565,60.0,60.0,481.0,10820.0,mst,5.098232726790325,2.078081805000756,60.0,-60.0,166.0,7681.0,mst,4.19969971436538,2.3104687733154257,-60.0,60.0,263.0,18792.0,mst,0.02248103148966835,0.7500710208695448,-60.0,-60.0,994.0,12641.0,mst,3.11995143222757,1.18593852712998,-58.71331023993949,10.79744990107676,784.2294064137465,26,25626.9902315509,5,1.8911829154139868,0.4170601901441462
0.0,0.0,3440.0,119082.0,lst,2.315203059579401,1.1158496283024661,60.0,60.0,162.0,25292.0,mst,5.593519292180803,0.45439816626860907,60.0,-60.0,471.0,12896.0,mst,3.3023732540177013,1.876090031007468,-60.0,60.0,226.0,12113.0,mst,1.3560022118959554,1.9802992217604969,-60.0,-60.0,0.0,7966.0,mst,2.3250259287621584,2.7156885138909956,43.09861844729414,39.234411758981366,833.9032689739661,26,28414.81717823092,4,1.2687917783205371,5.382995355091356
