x 1,y 1,Count 1,Bkg Count 1,Telescope 1,Dangle 1,Altitude 1,x 2,y 2,Count 2,Bkg Count 2,Telescope 2,Dangle 2,Altitude 2,x 3,y 3,Count 3,Bkg Count 3,Telescope 3,Dangle 3,Altitude 3,x 4,y 4,Count 4,Bkg Count 4,Telescope 4,Dangle 4,Altitude 4,x 5,y 5,Count 5,Bkg Count 5,Telescope 5,Dangle 5,Altitude 5,True X,True Y,True Energy Per Nucleon,True Z,True Height,Detecions,Phi,Epsilon,Theta
0.0,0.0,3640.0,101188.0,lst,3.7564795141364677,1.7130031213774533,60.0,60.0,192.0,12559.0,mst,4.743505818885445,2.41376571209067,60.0,-60.0,0.0,7573.0,mst,3.8503743255655003,3.720560876456409,-60.0,60.0,31.0,28813.0,mst,1.4360297673528681,0.4673491669888628,-60.0,-60.0,72.0,14652.0,mst,2.990853785596205,2.858121512312085,-40.53805943952689,57.614702834089684,921.5227810797248,26,32607.927600840205,4,1.6231646567975933,1.8616099681620846
0.0,0.0,1615.0,71135.0,lst,3.7994180492314604,1.1431043719678324,60.0,60.0,40.0,10278.0,mst,5.001443866299155,2.305469218136226,60.0,-60.0,0.0,4617.0,mst,3.8755420986340807,3.3685165274171793,-60.0,60.0,253.0,13555.0,mst,0.929633261373714,1.0754653553107019,-60.0,-60.0,67.0,6934.0,mst,2.7761019177946014,2.606593346459321,-25.87363965805463,34.825033057710186,685.2621846428276,26,32460.030347012787,4,1.3582043191155537,0.4719868969827504
0.0,0.0,12066.0,172886.0,lst,5.10096531532667,1.654932607289656,60.0,60.0,0.0,16963.0,mst,5.301743316717918,3.367672728934483,60.0,-60.0,39.0,16345.0,mst,4.503416114221851,2.936055770364372,-60.0,60.0,908.0,26483.0,mst,6.142251879232027,1.9028774486540305,-60.0,-60.0,249.0,70554.0,mst,3.5359494241886424,0.7151094557157779,-72.5838575809831,-29.87685024928166,1803.508214739975,26,32882.25868358265,4,1.8207165711412288,5.690570385030173
0.0,0.0,2207.0,0.0,lst,0.36813296145054997,0.9603888924526821,60.0,60.0,0.0,0.0,mst,5.9346302445346595,1.9671285045916518,60.0,-60.0,131.0,0.0,mst,4.4543282153965675,0.6439812653582191,-60.0,60.0,77.0,0.0,mst,0.6388939445253469,2.415899195389115,-60.0,-60.0,1545.0,0.0,mst,1.6880784885897964,1.466212242282681,20.505032572311222,-49.639544395093324,359.31181767910186,26,23835.029507247607,4,1.8959188398965987,4.521441993956494
