x 1,y 1,Count 1,Bkg Count 1,Telescope 1,Dangle 1,Altitude 1,x 2,y 2,Count 2,Bkg Count 2,Telescope 2,Dangle 2,Altitude 2,x 3,y 3,Count 3,Bkg Count 3,Telescope 3,Dangle 3,Altitude 3,x 4,y 4,Count 4,Bkg Count 4,Telescope 4,Dangle 4,Altitude 4,x 5,y 5,Count 5,Bkg Count 5,Telescope 5,Dangle 5,Altitude 5,True X,True Y,True Energy Per Nucleon,True Z,True Height,Detecions,Phi,Epsilon,Theta
0.0,0.0,1724.0,48014.0,lst,5.641313408726521,1.2574692545837698,60.0,60.0,0.0,4806.0,mst,5.55577466250828,3.8047620142926117,60.0,-60.0,92.0,6326.0,mst,4.422148298719698,2.6803558218647563,-60.0,60.0,42.0,4921.0,mst,0.37438816667375313,3.0217843070319543,-60.0,-60.0,338.0,8259.0,mst,2.218734822040157,1.3115151367408129,-24.965475744941628,-33.92133264625558,589.798324050122,26,32849.456522513814,4,1.5864375208038388,3.659877807419927
0.0,0.0,3957.0,56391.0,lst,2.329460265666539,1.362330368626864,60.0,60.0,84.0,15258.0,mst,5.572901075375491,0.531122832132473,60.0,-60.0,104.0,7283.0,mst,3.314213286407014,2.4554750882511063,-60.0,60.0,203.0,8017.0,mst,1.3759505934104679,2.275674256925426,-60.0,-60.0,0.0,6247.0,mst,2.355110396404697,3.364850803314417,42.530739398059836,40.924361526015105,732.4191249890347,26,31763.222665271605,4,1.1869997665608305,0.05108008300505114
0.0,0.0,1714.0,261594.0,lst,2.8091426737785894,0.9576643009141563,60.0,60.0,360.0,56699.0,mst,4.931547583107193,0.7742446793003424,60.0,-60.0,236.0,23623.0,mst,3.5075125957007294,2.11358287360016,-60.0,60.0,929.0,27880.0,mst,1.4482445659398178,1.3974200063237032,-60.0,-60.0,120.0,20484.0,mst,2.5411350879571115,2.381623654577029,17.248733805302578,50.78990571639497,2085.063935133149,26,27910.23370192054,5,1.54545785851762,3.788840502432154
