x 1,y 1,Count 1,Bkg Count 1,Telescope 1,Dangle 1,Altitude 1,x 2,y 2,Count 2,Bkg Count 2,Telescope 2,Dangle 2,Altitude 2,x 3,y 3,Count 3,Bkg Count 3,Telescope 3,Dangle 3,Altitude 3,x 4,y 4,Count 4,Bkg Count 4,Telescope 4,Dangle 4,Altitude 4,x 5,y 5,Count 5,Bkg Count 5,Telescope 5,Dangle 5,Altitude 5,True X,True Y,True Energy Per Nucleon,True Z,True Height,Detecions,Phi,Epsilon,Theta
0.0,0.0,5102.0,10987.0,lst,2.0102076049630724,1.3196776879664016,60.0,60.0,72.0,3357.0,mst,0.6170889755674027,0.476202009889852,60.0,-60.0,1908.0,2011.0,mst,2.9727759500391535,1.5329564234026267,-60.0,60.0,538.0,1517.0,mst,1.422540063540065,2.1650358502828837,-60.0,-60.0,131.0,1338.0,mst,2.1599509635566188,2.586490290034137,76.91666070753362,36.450210192570154,459.0418429139739,26,24127.35180290783,5,1.268654135503593,1.972982740138375
0.0,0.0,1193.0,381470.0,lst,5.3466028260940766,1.4061919399826395,60.0,60.0,0.0,26677.0,mst,5.464939791321942,4.1981206908938695,60.0,-60.0,49.0,33945.0,mst,4.358340137452804,3.306930762330782,-60.0,60.0,77.0,37891.0,mst,0.28076831271744884,2.9172867782557907,-60.0,-60.0,257.0,72297.0,mst,2.4877200345027157,1.4646394877182274,-34.043335781128036,-24.852052602187044,2376.332793412483,26,41238.421054268125,4,1.5613538048038582,2.418758310159556
