x 1,y 1,Count 1,Bkg Count 1,Telescope 1,Dangle 1,Altitude 1,x 2,y 2,Count 2,Bkg Count 2,Telescope 2,Dangle 2,Altitude 2,x 3,y 3,Count 3,Bkg Count 3,Telescope 3,Dangle 3,Altitude 3,x 4,y 4,Count 4,Bkg Count 4,Telescope 4,Dangle 4,Altitude 4,x 5,y 5,Count 5,Bkg Count 5,Telescope 5,Dangle 5,Altitude 5,True X,True Y,True Energy Per Nucleon,True Z,True Height,Detecions,Phi,Epsilon,Theta
0.0,0.0,3493.0,118047.0,lst,3.216889315273176,1.3414238686042708,60.0,60.0,338.0,21724.0,mst,4.32484618847331,1.129120957494511,60.0,-60.0,83.0,8290.0,mst,3.562753605952383,2.509800513095166,-60.0,60.0,546.0,26952.0,mst,2.01759610057731,0.9090303851830566,-60.0,-60.0,111.0,12160.0,mst,2.7790174462686283,2.370965586579565,-5.289187097115615,86.42685317770614,1110.6447495512061,26,25343.123113511378,5,1.8603461678227868,1.815485261448137
0.0,0.0,1661.0,42796.0,lst,3.7982353106065014,1.1196241746356987,60.0,60.0,121.0,5004.0,mst,5.023472623505246,2.269243168309553,60.0,-60.0,0.0,2896.0,mst,3.892382135942639,3.3699143279486083,-60.0,60.0,205.0,8402.0,mst,0.9116171602402595,1.2556411503666471,-60.0,-60.0,76.0,4164.0,mst,2.776027953719697,2.8273843007336947,-24.489206754504906,32.19573268890866,559.079224467234,26,32126.13114418156,4,1.2193871831006038,5.290272158377208
0.0,0.0,3766.0,0.0,lst,3.5322438950889032,0.955837681174061,60.0,60.0,1152.0,0.0,mst,4.829154281798493,1.4382320733331566,60.0,-60.0,88.0,0.0,mst,3.7605081710322583,2.3833979015567905,-60.0,60.0,100.0,0.0,mst,1.3322657286705726,0.721213102523551,-60.0,-60.0,388.0,0.0,mst,2.7979214216088364,2.050003272548808,-20.34110346091626,49.94146753136738,274.5786862888281,26,22052.106899019756,5,1.4243594667449038,2.912044644932632
0.0,0.0,6016.0,87442.0,lst,2.7816878462959296,1.4329570299691814,60.0,60.0,308.0,20933.0,mst,4.095783546524873,0.5725466622872257,60.0,-60.0,0.0,7279.0,mst,3.3417484483198874,2.3459720113326665,-60.0,60.0,1174.0,9235.0,mst,1.800214324210163,1.5150322296935508,-60.0,-60.0,25.0,6422.0,mst,2.6021798418938595,2.7480859318770077,30.306463608246588,81.27940288959019,924.697448905181,26,25520.612361374253,4,1.3090590293047526,5.497851004881346
