x 1,y 1,Count 1,Bkg Count 1,Telescope 1,Dangle 1,Altitude 1,x 2,y 2,Count 2,Bkg Count 2,Telescope 2,Dangle 2,Altitude 2,x 3,y 3,Count 3,Bkg Count 3,Telescope 3,Dangle 3,Altitude 3,x 4,y 4,Count 4,Bkg Count 4,Telescope 4,Dangle 4,Altitude 4,x 5,y 5,Count 5,Bkg Count 5,Telescope 5,Dangle 5,Altitude 5,True X,True Y,True Energy Per Nucleon,True Z,True Height,Detecions,Phi,Epsilon,Theta
0.0,0.0,376.0,0.0,lst,1.2237931362732641,0.4721957685663713,60.0,60.0,721.0,0.0,mst,5.788125918540737,1.5256606033867233,60.0,-60.0,878.0,0.0,mst,3.7683174775025727,1.2258253008388968,-60.0,60.0,301.0,0.0,mst,0.8721504580501286,2.099059839724537,-60.0,-60.0,1223.0,0.0,mst,2.143087216653355,1.9064335341073937,22.9097724863706,-8.515076521880587,376.24165306641885,26,25048.33120612868,5,1.571634507702554,4.430322315297737
0.0,0.0,3384.0,93490.0,lst,4.146342925517904,1.1924284854516594,60.0,60.0,134.0,8594.0,mst,4.9830156636863,2.396884364140501,60.0,-60.0,0.0,5550.0,mst,4.0020105443772644,2.9874322403010147,-60.0,60.0,151.0,21326.0,mst,0.3810024055889499,0.6969669334968204,-60.0,-60.0,139.0,12819.0,mst,3.016630726874557,1.9623126271411735,-48.357808268893166,30.081932023380034,835.7814160809221,26,30789.698773344127,4,1.4100625580319712,4.300784567278078
0.0,0.0,6423.0,36510.0,lst,0.47916674034482876,1.5130914139799985,60.0,60.0,49.0,5206.0,mst,6.089749040717592,2.582143549192689,60.0,-60.0,148.0,11188.0,mst,5.063415020524609,0.5071067082569197,-60.0,60.0,0.0,3948.0,mst,0.6492120982398183,3.1524815670397492,-60.0,-60.0,164.0,5883.0,mst,1.4736917917291732,1.843389543896498,35.153889105902806,-68.95724945662087,615.5802915201263,26,27829.668407576115,4,1.6577626021015652,3.0022257365532035
0.0,0.0,4803.0,4627.0,lst,3.9624635219613302,1.847346183321919,60.0,60.0,263.0,701.0,mst,4.574273976404712,2.2918679292654267,60.0,-60.0,0.0,414.0,mst,3.9512319973832137,3.1718730714350967,-60.0,60.0,126.0,2001.0,mst,4.0466961626832685,0.518254712001003,-60.0,-60.0,311.0,881.0,mst,3.3296891442047882,2.2305770935346265,-86.14184498694868,80.86051813528414,427.71267326101474,26,22459.734076565484,4,1.750588759750058,0.333523457566748
