x 1,y 1,Count 1,Bkg Count 1,Telescope 1,Dangle 1,Altitude 1,x 2,y 2,Count 2,Bkg Count 2,Telescope 2,Dangle 2,Altitude 2,x 3,y 3,Count 3,Bkg Count 3,Telescope 3,Dangle 3,Altitude 3,x 4,y 4,Count 4,Bkg Count 4,Telescope 4,Dangle 4,Altitude 4,x 5,y 5,Count 5,Bkg Count 5,Telescope 5,Dangle 5,Altitude 5,True X,True Y,True Energy Per Nucleon,True Z,True Height,Detecions,Phi,Epsilon,Theta
0.0,0.0,3047.0,27254.0,lst,2.5572115561849533,1.1566495757129978,60.0,60.0,150.0,8233.0,mst,5.206110947132301,0.7901822524158448,60.0,-60.0,112.0,4350.0,mst,3.4292867960687428,2.4279458065532133,-60.0,60.0,102.0,4580.0,mst,1.3904140766101036,2.055859159979186,-60.0,-60.0,0.0,2880.0,mst,2.4246576281627474,3.0777889972690744,29.33461820783222,43.281932579269636,551.2335928465649,26,29525.624734600096,4,1.4558218784474617,3.6096736176730064
0.0,0.0,0.0,0.0,lst,3.2281742113946557,None,60.0,60.0,889.0,0.0,mst,5.340044781705289,1.3977321175568653,60.0,-60.0,1083.0,0.0,mst,3.8285847339260157,1.75571702638456,-60.0,60.0,1046.0,0.0,mst,0.9004983399260762,1.3503332328163504,-60.0,-60.0,590.0,0.0,mst,2.4730606307689174,1.7120107190338152,-1.2176054597046289,13.897625798359542,311.10211827215653,26,23214.125127628762,4,1.4153518976670332,1.1004310674663813
0.0,0.0,625.0,33523.0,lst,2.377792513342289,2.003336728477479,60.0,60.0,462.0,22661.0,mst,2.3744432507994992,0.7529546572518064,60.0,-60.0,124.0,8573.0,mst,2.934358777886416,2.3627953385113054,-60.0,60.0,33.0,7143.0,mst,1.7867615944685868,2.385781294234478,-60.0,-60.0,0.0,4854.0,mst,2.3715647459432807,3.2399277075359345,94.59556931795024,96.0307921021757,849.9078773419632,26,25481.75431632317,4,1.2278898572799188,2.812016103533507
