x 1,y 1,Count 1,Bkg Count 1,Telescope 1,Dangle 1,Altitude 1,x 2,y 2,Count 2,Bkg Count 2,Telescope 2,Dangle 2,Altitude 2,x 3,y 3,Count 3,Bkg Count 3,Telescope 3,Dangle 3,Altitude 3,x 4,y 4,Count 4,Bkg Count 4,Telescope 4,Dangle 4,Altitude 4,x 5,y 5,Count 5,Bkg Count 5,Telescope 5,Dangle 5,Altitude 5,True X,True Y,True Energy Per Nucleon,True Z,True Height,Detecions,Phi,Epsilon,Theta
0.0,0.0,2272.0,49574.0,lst,5.760294425825665,1.1280761803017458,60.0,60.0,34.0,3836.0,mst,5.606526911014456,2.8509278742879993,60.0,-60.0,111.0,4335.0,mst,4.550084806937648,1.7914354675986324,-60.0,60.0,60.0,5123.0,mst,0.2880397375044011,2.2482028629280957,-60.0,-60.0,279.0,8550.0,mst,1.9325492775159008,0.6364769361574861,-26.143311123117613,-47.04632072626703,560.9818459634581,26,28489.21017957202,5,1.2003767847212794,2.22598379222306
0.0,0.0,529.0,319121.0,lst,5.695628137933893,0.372055840199434,60.0,60.0,622.0,19206.0,mst,5.53838472871234,1.5471804478254334,60.0,-60.0,724.0,33734.0,mst,4.243494790896187,1.2718165934469559,-60.0,60.0,919.0,22717.0,mst,0.5040717203732423,1.2735098159967744,-60.0,-60.0,729.0,44113.0,mst,2.256672804928465,0.9062170188868716,-14.366813864297768,-21.7680797309265,1795.7763019022414,26,24415.238351911197,5,1.9249952420853538,0.1330159052719538
0.0,0.0,8976.0,9863.0,lst,0.8638530114837633,1.7430721913164902,60.0,60.0,442.0,1963.0,mst,0.16602785766814446,2.148121975124532,60.0,-60.0,66.0,4896.0,mst,0.9979920623160661,0.4090397977613918,-60.0,60.0,0.0,1320.0,mst,0.8001720737484118,3.0662170994411597,-60.0,-60.0,292.0,2243.0,mst,1.4576707426616746,2.195327924900483,82.51920312708464,-74.20185255499473,485.78754478183845,26,23479.230789205096,4,1.7857402778695797,1.908879341496354
0.0,0.0,4267.0,66728.0,lst,2.5117586985157607,1.5179222338370038,60.0,60.0,28.0,22876.0,mst,4.941098749170878,0.45648470774259037,60.0,-60.0,106.0,8035.0,mst,3.3035920330645614,2.5521098124067825,-60.0,60.0,163.0,11160.0,mst,1.5301588420590624,2.3503792517843434,-60.0,-60.0,0.0,6522.0,mst,2.4334234157435217,3.4218868079595404,40.52113529903096,55.20823887563222,756.7899453571689,26,32204.65161189953,4,1.2246348552052968,3.3051575322195594
