x 1,y 1,Count 1,Bkg Count 1,Telescope 1,Dangle 1,Altitude 1,x 2,y 2,Count 2,Bkg Count 2,Telescope 2,Dangle 2,Altitude 2,x 3,y 3,Count 3,Bkg Count 3,Telescope 3,Dangle 3,Altitude 3,x 4,y 4,Count 4,Bkg Count 4,Telescope 4,Dangle 4,Altitude 4,x 5,y 5,Count 5,Bkg Count 5,Telescope 5,Dangle 5,Altitude 5,True X,True Y,True Energy Per Nucleon,True Z,True Height,Detecions,Phi,Epsilon,Theta
0.0,0.0,1660.0,333453.0,lst,3.9965287063624957,0.8397704661498898,60.0,60.0,435.0,26066.0,mst,5.074720056738471,2.181631079092975,60.0,-60.0,0.0,21189.0,mst,3.950949320795014,2.6811800836380373,-60.0,60.0,292.0,55284.0,mst,0.7387795990455845,1.0037269997489866,-60.0,-60.0,21.0,28106.0,mst,2.8229069602690857,1.9014606811601267,-29.602617818046767,26.0916205085648,1787.7512926330394,26,33564.97699375109,4,1.2631043033816667,2.744035232893921
0.0,0.0,864.0,31568.0,lst,5.733288745051389,0.8423994457398528,60.0,60.0,0.0,2466.0,mst,5.573058216818614,2.748705046185233,60.0,-60.0,431.0,3081.0,mst,4.3710017201234415,1.9108734704153727,-60.0,60.0,73.0,2251.0,mst,0.40340263953111544,2.2751288659843065,-60.0,-60.0,335.0,4765.0,mst,2.196786776834347,1.1190175092574242,-19.362777314372067,-31.410063909388754,495.409018522112,26,28891.83636824332,4,1.4604018997194432,3.993149469185494
