x 1,y 1,Count 1,Bkg Count 1,Telescope 1,Dangle 1,Altitude 1,x 2,y 2,Count 2,Bkg Count 2,Telescope 2,Dangle 2,Altitude 2,x 3,y 3,Count 3,Bkg Count 3,Telescope 3,Dangle 3,Altitude 3,x 4,y 4,Count 4,Bkg Count 4,Telescope 4,Dangle 4,Altitude 4,x 5,y 5,Count 5,Bkg Count 5,Telescope 5,Dangle 5,Altitude 5,True X,True Y,True Energy Per Nucleon,True Z,True Height,Detecions,Phi,Epsilon,Theta
0.0,0.0,3901.0,249343.0,lst,2.914209148454871,1.5298583578065876,60.0,60.0,410.0,43303.0,mst,4.741227153910091,1.1278568267306657,60.0,-60.0,43.0,24206.0,mst,3.5057728772712258,3.1131070868317403,-60.0,60.0,171.0,39507.0,mst,1.5663810695028098,2.0034336583005277,-60.0,-60.0,0.0,21481.0,mst,2.5851610787232695,3.6003763327082297,13.448290395063424,58.66039175329493,1796.6620029135133,26,36954.87326534974,4,1.206555559159991,4.350510445430451
0.0,0.0,2160.0,77010.0,lst,0.43057742236988034,0.9852460812567191,60.0,60.0,409.0,5510.0,mst,5.949198768945688,2.212751258908679,60.0,-60.0,206.0,15948.0,mst,4.426280195819065,0.7319658400459822,-60.0,60.0,0.0,6239.0,mst,0.6432984934810124,2.5646030246217975,-60.0,-60.0,998.0,10253.0,mst,1.7222468109370759,1.4755787503369917,21.647196177562677,-48.147269632585264,747.4839348566683,26,28335.560512125874,4,1.231251883153054,2.8696014023290815
0.0,0.0,1131.0,0.0,lst,3.073892130443125,0.8771256500553031,60.0,60.0,414.0,0.0,mst,5.1249072529106465,1.4428145295496588,60.0,-60.0,0.0,0.0,mst,3.690614245710195,2.759977893772789,-60.0,60.0,701.0,0.0,mst,1.175322593494914,1.5048457217971416,-60.0,-60.0,60.0,0.0,mst,2.560495819203027,2.784850344671734,2.25936470338749,34.72106373480247,258.1677572825463,26,24230.447929770504,4,1.199538750516465,0.0941395647190582
0.0,0.0,2050.0,5862.0,lst,3.9185438874509506,1.0856435077953872,60.0,60.0,916.0,978.0,mst,4.908822254755703,1.944360347316314,60.0,-60.0,21.0,662.0,mst,3.9374616475824507,2.7028039149477725,-60.0,60.0,57.0,1519.0,mst,0.7920129747246676,0.5185162881332379,-60.0,-60.0,257.0,855.0,mst,2.9521736789229838,1.9461149428622262,-40.86553618860691,40.993257715841594,423.61612544117463,26,25656.462531321744,5,1.4816968162313393,3.387273931377194
