x 1,y 1,Count 1,Bkg Count 1,Telescope 1,Dangle 1,Altitude 1,x 2,y 2,Count 2,Bkg Count 2,Telescope 2,Dangle 2,Altitude 2,x 3,y 3,Count 3,Bkg Count 3,Telescope 3,Dangle 3,Altitude 3,x 4,y 4,Count 4,Bkg Count 4,Telescope 4,Dangle 4,Altitude 4,x 5,y 5,Count 5,Bkg Count 5,Telescope 5,Dangle 5,Altitude 5,True X,True Y,True Energy Per Nucleon,True Z,True Height,Detecions,Phi,Epsilon,Theta
0.0,0.0,14799.0,20341.0,lst,5.770928440656002,1.6203772419058347,60.0,60.0,0.0,1792.0,mst,5.636010195709157,3.0645836408841265,60.0,-60.0,909.0,3028.0,mst,4.9026439745064785,1.8542765316350271,-60.0,60.0,206.0,1685.0,mst,0.10276902445553342,2.4741505237912333,-60.0,-60.0,83.0,6820.0,mst,0.6535260438695506,0.4450104466372223,-44.46764914906451,-80.599551250619,519.9357851229615,26,25243.787950754024,4,1.3819870172828133,2.6474250871705753
0.0,0.0,2791.0,203966.0,lst,2.092182311764207,1.238649951131555,60.0,60.0,145.0,35459.0,mst,6.002358076504727,0.7142539488075205,60.0,-60.0,29.0,23055.0,mst,3.2696655370044962,2.0326727963563713,-60.0,60.0,241.0,19964.0,mst,1.310933821059238,2.3635926810223817,-60.0,-60.0,0.0,10801.0,mst,2.255947215894959,3.113692831111842,50.49351806472177,28.568238809010808,1345.8105217516688,26,32916.87619586043,4,1.2248966026512265,0.5631267733040124
