x 1,y 1,Count 1,Bkg Count 1,Telescope 1,Dangle 1,Altitude 1,x 2,y 2,Count 2,Bkg Count 2,Telescope 2,Dangle 2,Altitude 2,x 3,y 3,Count 3,Bkg Count 3,Telescope 3,Dangle 3,Altitude 3,x 4,y 4,Count 4,Bkg Count 4,Telescope 4,Dangle 4,Altitude 4,x 5,y 5,Count 5,Bkg Count 5,Telescope 5,Dangle 5,Altitude 5,True X,True Y,True Energy Per Nucleon,True Z,True Height,Detecions,Phi,Epsilon,Theta
0.0,0.0,2255.0,134719.0,lst,1.5249083529215657,1.7452218581067,60.0,60.0,487.0,37783.0,mst,0.38284023786056726,1.3942796440275065,60.0,-60.0,578.0,34164.0,mst,2.725282874277422,1.2520716323288135,-60.0,60.0,0.0,14147.0,mst,1.1526295320237572,3.2092739924161657,-60.0,-60.0,24.0,14956.0,mst,1.9375236820222952,3.136658534904668,85.94874858946773,-4.057404634979321,1556.6800022910713,26,30406.50122211127,4,1.5952335177040087,4.764358472767136
0.0,0.0,283.0,0.0,lst,3.5834837267549298,0.442834215413872,60.0,60.0,1157.0,0.0,mst,5.226999264984775,1.4817059989385255,60.0,-60.0,437.0,0.0,mst,3.8514293889632447,2.0347648624588435,-60.0,60.0,803.0,0.0,mst,0.8779267268320291,1.1620490343488463,-60.0,-60.0,190.0,0.0,mst,2.5649152359654575,1.7578841392378202,-9.572208805225927,20.3451941317594,379.6823364331593,26,24821.221648306957,5,1.3312032964946674,0.7781963329863039
0.0,0.0,366.0,1955.0,lst,2.4406846198695313,1.7905834565918064,60.0,60.0,56.0,798.0,mst,2.835126736696322,0.3735880218608838,60.0,-60.0,147.0,258.0,mst,3.084094298603904,2.435088927737601,-60.0,60.0,333.0,298.0,mst,1.728279862760206,2.1788227641520073,-60.0,-60.0,0.0,191.0,mst,2.4097792622206184,3.2320733766929997,66.91606609200673,81.63773127126063,402.11366205610875,26,23647.384862539653,4,1.6330852826438922,6.087363031769481
