x 1,y 1,Count 1,Bkg Count 1,Telescope 1,Dangle 1,Altitude 1,x 2,y 2,Count 2,Bkg Count 2,Telescope 2,Dangle 2,Altitude 2,x 3,y 3,Count 3,Bkg Count 3,Telescope 3,Dangle 3,Altitude 3,x 4,y 4,Count 4,Bkg Count 4,Telescope 4,Dangle 4,Altitude 4,x 5,y 5,Count 5,Bkg Count 5,Telescope 5,Dangle 5,Altitude 5,True X,True Y,True Energy Per Nucleon,True Z,True Height,Detecions,Phi,Epsilon,Theta
0.0,0.0,961.0,81475.0,lst,5.955578697396392,1.6774380321897766,60.0,60.0,0.0,7300.0,mst,5.682321795859862,3.659270829139608,60.0,-60.0,414.0,19097.0,mst,4.770296843955263,2.0128604095748623,-60.0,60.0,37.0,10867.0,mst,0.2981077749687043,3.257673437922703,-60.0,-60.0,378.0,18822.0,mst,1.4423928713860454,0.9787017337951001,-21.245185322541516,-64.69069671658366,885.3048826021588,26,33401.60406010897,4,1.4087191913997794,5.165657020938429
0.0,0.0,4142.0,41465.0,lst,4.668730220536854,1.3994490898842604,60.0,60.0,32.0,5229.0,mst,5.114484314950327,2.869923285029638,60.0,-60.0,34.0,4780.0,mst,4.2510427333422305,2.89528439331667,-60.0,60.0,616.0,8001.0,mst,6.12063693077646,1.1575035373088474,-60.0,-60.0,401.0,7903.0,mst,3.291527106502668,1.27729240744633,-69.01351613391328,2.8456050448822907,639.7344145262496,26,28718.275514137287,5,1.4635147306225427,3.812906638565602
