x 1,y 1,Count 1,Bkg Count 1,Telescope 1,Dangle 1,Altitude 1,x 2,y 2,Count 2,Bkg Count 2,Telescope 2,Dangle 2,Altitude 2,x 3,y 3,Count 3,Bkg Count 3,Telescope 3,Dangle 3,Altitude 3,x 4,y 4,Count 4,Bkg Count 4,Telescope 4,Dangle 4,Altitude 4,x 5,y 5,Count 5,Bkg Count 5,Telescope 5,Dangle 5,Altitude 5,True X,True Y,True Energy Per Nucleon,True Z,True Height,Detecions,Phi,Epsilon,Theta
0.0,0.0,2153.0,54670.0,lst,3.4737825985966815,1.1427445802776608,60.0,60.0,1030.0,12242.0,mst,4.530527774932872,1.1897006090419648,60.0,-60.0,175.0,5973.0,mst,3.712813804670356,2.2522031153557704,-60.0,60.0,167.0,14145.0,mst,2.0307403216827438,0.523051966846643,-60.0,-60.0,21.0,9032.0,mst,2.9230237614457164,2.0121606899092552,-27.634559443235958,76.55392152940061,807.3526585443399,26,22094.096564210846,5,1.2112787480820661,5.76842743215366
0.0,0.0,699.0,0.0,lst,3.3034297122399003,0.5506282670691193,60.0,60.0,888.0,0.0,mst,5.164040740423693,1.3763002564723439,60.0,-60.0,0.0,0.0,mst,3.7757018237552273,2.033994017148959,-60.0,60.0,679.0,0.0,mst,1.0550477492846135,1.254846379222001,-60.0,-60.0,174.0,0.0,mst,2.584438822216034,2.02623218235706,-4.527830438694281,29.742867990041844,364.95190369263196,26,25316.615420732953,4,1.854449534862544,3.950016073356594
0.0,0.0,0.0,565607.0,lst,4.552773325188167,None,60.0,60.0,830.0,33765.0,mst,5.377236305662485,1.3514210173711374,60.0,-60.0,813.0,31102.0,mst,4.039902261291402,1.462160400739665,-60.0,60.0,1159.0,56607.0,mst,0.6553066240820987,1.016774523062879,-60.0,-60.0,802.0,52923.0,mst,2.5117183443545574,1.18553343285714,-15.732963822203999,2.4145020307364007,2139.686914092964,26,24387.232893864762,4,1.8988333498412404,5.930213988745283
