x 1,y 1,Count 1,Bkg Count 1,Telescope 1,Dangle 1,Altitude 1,x 2,y 2,Count 2,Bkg Count 2,Telescope 2,Dangle 2,Altitude 2,x 3,y 3,Count 3,Bkg Count 3,Telescope 3,Dangle 3,Altitude 3,x 4,y 4,Count 4,Bkg Count 4,Telescope 4,Dangle 4,Altitude 4,x 5,y 5,Count 5,Bkg Count 5,Telescope 5,Dangle 5,Altitude 5,True X,True Y,True Energy Per Nucleon,True Z,True Height,Detecions,Phi,Epsilon,Theta
0.0,0.0,948.0,45416.0,lst,3.169558845878039,1.0474185566862035,60.0,60.0,254.0,8239.0,mst,5.000647567525747,1.685492024584185,60.0,-60.0,47.0,3164.0,mst,3.6897478733131504,3.055433269874203,-60.0,60.0,112.0,8038.0,mst,1.2667715798106727,1.5979202188745114,-60.0,-60.0,0.0,4338.0,mst,2.619973757444782,3.0399152790016135,-1.752232383734281,40.58355281654423,586.1434928585979,26,31543.842739896958,4,1.6556772078903095,4.649459477409211
0.0,0.0,982.0,5629.0,lst,1.2378506083928837,0.8998555214943534,60.0,60.0,260.0,853.0,mst,5.860514397523005,2.26289213862992,60.0,-60.0,635.0,940.0,mst,3.7115825415737285,1.7037466867837674,-60.0,60.0,31.0,586.0,mst,0.8911940077720764,3.3028664104651315,-60.0,-60.0,46.0,896.0,mst,2.0751796819202175,2.9669697753527964,28.753373169471104,-10.54493267601572,412.5114766617195,26,29643.98474453147,5,1.4564456136015234,2.661043817887645
