x 1,y 1,Count 1,Bkg Count 1,Telescope 1,Dangle 1,Altitude 1,x 2,y 2,Count 2,Bkg Count 2,Telescope 2,Dangle 2,Altitude 2,x 3,y 3,Count 3,Bkg Count 3,Telescope 3,Dangle 3,Altitude 3,x 4,y 4,Count 4,Bkg Count 4,Telescope 4,Dangle 4,Altitude 4,x 5,y 5,Count 5,Bkg Count 5,Telescope 5,Dangle 5,Altitude 5,True X,True Y,True Energy Per Nucleon,True Z,True Height,Detecions,Phi,Epsilon,Theta
0.0,0.0,3012.0,35512.0,lst,1.13518741278286,1.0148376061444064,60.0,60.0,1284.0,7057.0,mst,6.184892612351391,1.4487497422463331,60.0,-60.0,154.0,11579.0,mst,3.342151848792138,0.5333300944736676,-60.0,60.0,21.0,4090.0,mst,0.9358584699925131,2.4072345309930547,-60.0,-60.0,872.0,4675.0,mst,1.8833646073164236,1.9352000471058817,53.31720750523695,-25.19127385846916,582.8113287421501,26,24962.708704630782,5,1.922603267862431,3.7514712887294053
0.0,0.0,903.0,5778.0,lst,0.4995134191959137,0.5392662338627768,60.0,60.0,0.0,674.0,mst,5.8214523666805205,1.6503136956541895,60.0,-60.0,508.0,1045.0,mst,4.097080180288552,0.892215477714336,-60.0,60.0,1312.0,489.0,mst,0.7073930772039132,1.9312526811323296,-60.0,-60.0,880.0,609.0,mst,1.96247266478469,1.364819629229995,15.498868408069228,-28.60572542701128,411.85937587306535,26,23369.803486876583,4,1.5557361809749386,5.258604518219425
