x 1,y 1,Count 1,Bkg Count 1,Telescope 1,Dangle 1,Altitude 1,x 2,y 2,Count 2,Bkg Count 2,Telescope 2,Dangle 2,Altitude 2,x 3,y 3,Count 3,Bkg Count 3,Telescope 3,Dangle 3,Altitude 3,x 4,y 4,Count 4,Bkg Count 4,Telescope 4,Dangle 4,Altitude 4,x 5,y 5,Count 5,Bkg Count 5,Telescope 5,Dangle 5,Altitude 5,True X,True Y,True Energy Per Nucleon,True Z,True Height,Detecions,Phi,Epsilon,Theta
0.0,0.0,1922.0,488933.0,lst,2.2620968186291766,1.4864195988942832,60.0,60.0,174.0,114113.0,mst,5.6349245149793585,0.8289719464342812,60.0,-60.0,54.0,42808.0,mst,3.3210606662414923,2.5751198841291636,-60.0,60.0,57.0,38305.0,mst,1.3383122273112424,2.8670802354408833,-60.0,-60.0,0.0,28528.0,mst,2.3146765147722324,3.7360488288484843,41.59052457174417,35.77475696591816,3012.49957423699,26,37950.3977716532,4,1.3427007096646786,3.493072469341723
0.0,0.0,163.0,195104.0,lst,3.2612881466868564,0.5862464252205244,60.0,60.0,108.0,14363.0,mst,5.287680409555926,2.169901338241672,60.0,-60.0,0.0,12784.0,mst,3.81387105656373,2.9857818565730314,-60.0,60.0,224.0,23862.0,mst,0.953209601644351,1.9387658175330564,-60.0,-60.0,114.0,15404.0,mst,2.5222538186724814,2.8194533256234173,-2.8322448296516143,20.07963531523413,1071.5242603257907,26,36591.1221898265,4,1.3359895660747279,1.1003740515571185
0.0,0.0,5401.0,110536.0,lst,5.285037495342504,1.7248521721245618,60.0,60.0,0.0,10366.0,mst,5.4019959635378765,3.613448028054688,60.0,-60.0,27.0,9528.0,mst,4.5650228356045925,2.833453890712971,-60.0,60.0,25.0,24733.0,mst,6.2383263946902945,2.298047197661635,-60.0,-60.0,23.0,41292.0,mst,3.3489291857840358,0.42648302704785856,-63.812686168220324,-41.24889567456698,1305.996911194887,26,32495.023840531056,4,1.5598886001640062,1.2042847226615219
0.0,0.0,1986.0,85016.0,lst,4.782920253036269,0.9717819728607897,60.0,60.0,98.0,7637.0,mst,5.245394683935524,2.3684625065282328,60.0,-60.0,0.0,6716.0,mst,4.256097704002234,2.3664016372807275,-60.0,60.0,487.0,15358.0,mst,0.11695560569060977,1.1439895181148305,-60.0,-60.0,450.0,19516.0,mst,2.992664810345956,1.053403206314292,-51.43365961714336,-3.27360652541509,809.9440428025747,26,28182.224450435468,4,1.8701622405954594,0.9360917269229749
