x 1,y 1,Count 1,Bkg Count 1,Telescope 1,Dangle 1,Altitude 1,x 2,y 2,Count 2,Bkg Count 2,Telescope 2,Dangle 2,Altitude 2,x 3,y 3,Count 3,Bkg Count 3,Telescope 3,Dangle 3,Altitude 3,x 4,y 4,Count 4,Bkg Count 4,Telescope 4,Dangle 4,Altitude 4,x 5,y 5,Count 5,Bkg Count 5,Telescope 5,Dangle 5,Altitude 5,True X,True Y,True Energy Per Nucleon,True Z,True Height,Detecions,Phi,Epsilon,Theta
0.0,0.0,1624.0,162961.0,lst,6.190155280070044,1.1881874117711269,60.0,60.0,46.0,11113.0,mst,5.774082908699011,2.7552821269571846,60.0,-60.0,331.0,30818.0,mst,4.715073226200424,1.319547656569408,-60.0,60.0,38.0,18633.0,mst,0.4242533914416737,2.611695019208882,-60.0,-60.0,506.0,34545.0,mst,1.6124112018216343,1.0464461844819024,-5.817384697748452,-59.07599986170618,1586.9843140571043,26,30622.93366388857,5,1.3085197660819983,2.776471752213972
0.0,0.0,172.0,323942.0,lst,4.781381790118992,0.43408978116552127,60.0,60.0,560.0,23173.0,mst,5.343781468086314,2.0611895943805147,60.0,-60.0,0.0,26884.0,mst,4.101114658180027,2.0193585795415707,-60.0,60.0,462.0,35287.0,mst,0.5655677771315949,1.4725242458427321,-60.0,-60.0,406.0,44917.0,mst,2.575578438658552,1.4005620206394933,-21.911812575970345,-1.4606866767360032,1628.4333710030062,26,30723.940812965262,4,1.4596108833318053,4.835468305367175
0.0,0.0,1484.0,557811.0,lst,4.477860039609721,0.8424874975904492,60.0,60.0,0.0,44125.0,mst,5.214745318683704,2.586319678488841,60.0,-60.0,28.0,32978.0,mst,4.079513655532959,2.8870796950017374,-60.0,60.0,486.0,65359.0,mst,0.45654266299636914,1.4072952475698222,-60.0,-60.0,240.0,42096.0,mst,2.792558036103,1.8630394361633171,-33.762479349049045,8.584617367703743,3031.5031423068185,26,36062.9794387787,4,1.3598259508292474,5.760693757303016
