x 1,y 1,Count 1,Bkg Count 1,Telescope 1,Dangle 1,Altitude 1,x 2,y 2,Count 2,Bkg Count 2,Telescope 2,Dangle 2,Altitude 2,x 3,y 3,Count 3,Bkg Count 3,Telescope 3,Dangle 3,Altitude 3,x 4,y 4,Count 4,Bkg Count 4,Telescope 4,Dangle 4,Altitude 4,x 5,y 5,Count 5,Bkg Count 5,Telescope 5,Dangle 5,Altitude 5,True X,True Y,True Energy Per Nucleon,True Z,True Height,Detecions,Phi,Epsilon,Theta
0.0,0.0,1417.0,148649.0,lst,3.7579930468296032,0.9900427709202265,60.0,60.0,33.0,21268.0,mst,5.042036960174925,2.232180226310067,60.0,-60.0,26.0,12745.0,mst,3.8779524555672524,3.155964592802404,-60.0,60.0,200.0,32276.0,mst,0.9205307672993344,1.202656015879752,-60.0,-60.0,83.0,20111.0,mst,2.753967408170512,2.516813027044441,-22.561062543965733,31.760240884126546,1265.168562456602,26,34767.89288989752,5,1.610929196140108,1.7385651400876185
0.0,0.0,7701.0,54264.0,lst,4.548999987834319,1.5252703148193187,60.0,60.0,125.0,7929.0,mst,4.965924867699084,2.3769038807203193,60.0,-60.0,0.0,5712.0,mst,4.2686155839774855,2.670823973734347,-60.0,60.0,648.0,17446.0,mst,5.4875693795427924,0.8195542563445288,-60.0,-60.0,1822.0,14536.0,mst,3.6569267608162024,1.3551692390315861,-103.8295425773037,17.95426670893997,961.9602559214227,26,23887.262091784967,4,1.2156709425007006,6.135466651983127
0.0,0.0,1265.0,169075.0,lst,3.815944128874573,1.3236791934025345,60.0,60.0,93.0,25318.0,mst,4.914284041017752,2.278774414851912,60.0,-60.0,0.0,17962.0,mst,3.874020516045259,3.423885262945956,-60.0,60.0,191.0,48324.0,mst,0.971252056653023,0.7877210530852663,-60.0,-60.0,62.0,24296.0,mst,2.876208959107301,2.6744128600288644,-32.46471540430758,41.65951264776248,1548.3382234099022,26,35005.933406945565,4,1.8292083503646044,6.132611411768157
0.0,0.0,3096.0,23252.0,lst,4.155956159640678,0.9467935575615062,60.0,60.0,547.0,2916.0,mst,5.024007953616075,1.9627220268705412,60.0,-60.0,91.0,2495.0,mst,4.022144077493468,2.4654361810835237,-60.0,60.0,185.0,5779.0,mst,0.43155291172745336,0.6346889936366447,-60.0,-60.0,0.0,4057.0,mst,2.9688172983043883,1.5860403167716912,-44.46951580641738,26.861546045094883,505.38281520277565,26,25789.482588093466,4,1.7722741776064808,0.9725822449699724
