x 1,y 1,Count 1,Bkg Count 1,Telescope 1,Dangle 1,Altitude 1,x 2,y 2,Count 2,Bkg Count 2,Telescope 2,Dangle 2,Altitude 2,x 3,y 3,Count 3,Bkg Count 3,Telescope 3,Dangle 3,Altitude 3,x 4,y 4,Count 4,Bkg Count 4,Telescope 4,Dangle 4,Altitude 4,x 5,y 5,Count 5,Bkg Count 5,Telescope 5,Dangle 5,Altitude 5,True X,True Y,True Energy Per Nucleon,True Z,True Height,Detecions,Phi,Epsilon,Theta
0.0,0.0,171.0,57304.0,lst,2.1261099130500543,2.3302925439086355,60.0,60.0,311.0,20386.0,mst,1.4861860541971434,0.7326017658710027,60.0,-60.0,118.0,9047.0,mst,2.842372293657308,2.710056988605569,-60.0,60.0,26.0,5999.0,mst,1.5519480462855704,3.1580734783838236,-60.0,-60.0,0.0,4298.0,mst,2.225559854060814,4.133390287483929,95.37497624689163,57.148414424512964,843.7663581895677,26,31742.208901594913,4,1.9477098825334702,0.857140377283236
0.0,0.0,1683.0,78066.0,lst,1.0110663301116296,1.0685629329856268,60.0,60.0,0.0,13903.0,mst,6.152277781794877,1.637544118661476,60.0,-60.0,196.0,26145.0,mst,3.492250959791417,0.595012773186127,-60.0,60.0,85.0,10385.0,mst,0.8872057971660546,2.5835421280978683,-60.0,-60.0,429.0,8949.0,mst,1.8299394604253503,2.1091642613991164,48.98617279573253,-30.25840675331588,932.7727250156912,26,28434.212176866455,4,1.7898932508563667,5.920879190171646
0.0,0.0,138.0,74179.0,lst,4.2742860466784505,0.815657471655185,60.0,60.0,51.0,7386.0,mst,5.21483757705236,2.7247608447561817,60.0,-60.0,21.0,6843.0,mst,4.0068162445211115,3.091696664084703,-60.0,60.0,257.0,10702.0,mst,0.6056846097745135,1.5957285812665651,-60.0,-60.0,61.0,10774.0,mst,2.7161666846630586,2.1947330876752136,-26.708820045635903,11.969038874277175,675.33108205228,26,33012.978647335294,5,1.6267439267689612,6.127511380559941
