x 1,y 1,Count 1,Bkg Count 1,Telescope 1,Dangle 1,Altitude 1,x 2,y 2,Count 2,Bkg Count 2,Telescope 2,Dangle 2,Altitude 2,x 3,y 3,Count 3,Bkg Count 3,Telescope 3,Dangle 3,Altitude 3,x 4,y 4,Count 4,Bkg Count 4,Telescope 4,Dangle 4,Altitude 4,x 5,y 5,Count 5,Bkg Count 5,Telescope 5,Dangle 5,Altitude 5,True X,True Y,True Energy Per Nucleon,True Z,True Height,Detecions,Phi,Epsilon,Theta
0.0,0.0,0.0,95580.0,lst,0.37333255170414537,None,60.0,60.0,30.0,11650.0,mst,5.665758097637669,2.855213325415953,60.0,-60.0,296.0,20150.0,mst,4.0143008812560455,2.184404452824874,-60.0,60.0,31.0,13105.0,mst,0.7318942484451674,3.1298406424375207,-60.0,-60.0,41.0,15863.0,mst,2.164343627719414,2.5491149141369043,5.6676700663348925,-14.907498467946112,838.3290975241928,26,36243.78116189858,4,1.7718446917129251,5.31093717248304
0.0,0.0,4333.0,0.0,lst,1.1732528349971822,1.7365028287655728,60.0,60.0,39.0,0.0,mst,0.07012389000828112,2.273684140089273,60.0,-60.0,118.0,0.0,mst,2.949898083642182,0.8598140551729864,-60.0,60.0,0.0,0.0,mst,0.9647163151079695,3.760443421273459,-60.0,-60.0,54.0,0.0,mst,1.8266142697978287,3.1641194813493843,65.6011911584279,-27.68617431553929,363.6416537275531,26,28065.28594615364,4,1.9208789694580664,1.5961831634678516
