x 1,y 1,Count 1,Bkg Count 1,Telescope 1,Dangle 1,Altitude 1,x 2,y 2,Count 2,Bkg Count 2,Telescope 2,Dangle 2,Altitude 2,x 3,y 3,Count 3,Bkg Count 3,Telescope 3,Dangle 3,Altitude 3,x 4,y 4,Count 4,Bkg Count 4,Telescope 4,Dangle 4,Altitude 4,x 5,y 5,Count 5,Bkg Count 5,Telescope 5,Dangle 5,Altitude 5,True X,True Y,True Energy Per Nucleon,True Z,True Height,Detecions,Phi,Epsilon,Theta
0.0,0.0,3041.0,143857.0,lst,5.350027648532385,1.7290571651341564,60.0,60.0,0.0,10586.0,mst,5.428100679765072,3.209910053324028,60.0,-60.0,99.0,15521.0,mst,4.705283449363124,2.566527033277869,-60.0,60.0,612.0,19668.0,mst,6.1115234038841075,2.0714841091847904,-60.0,-60.0,32.0,58038.0,mst,4.66435974330156,0.3864750012762056,-80.79186057471615,-58.8904897238628,1532.9705132484378,26,29783.862431703354,4,1.2088391722153347,6.17587227312009
0.0,0.0,165.0,11346.0,lst,5.183509088423243,1.6107920077315234,60.0,60.0,0.0,1299.0,mst,5.3482475295776615,3.0308801056969386,60.0,-60.0,68.0,1905.0,mst,4.5767646315379364,2.4572683816471925,-60.0,60.0,358.0,2464.0,mst,6.04512495866992,1.8036889361906763,-60.0,-60.0,239.0,4166.0,mst,4.07585070461788,0.5164139654745726,-83.90415557819537,-42.283287609584946,482.8892627577171,26,24682.974936940394,4,1.7581363268080539,3.3378622572726036
0.0,0.0,4979.0,84419.0,lst,0.32337414717778884,1.5105428317147815,60.0,60.0,56.0,8376.0,mst,5.991280538167698,2.959716828440563,60.0,-60.0,219.0,27937.0,mst,4.8628188251646,0.883876941311173,-60.0,60.0,0.0,8961.0,mst,0.5839275438492115,3.2652847385043926,-60.0,-60.0,1062.0,16921.0,mst,1.4915523575238916,1.7667496029700864,22.049044442770736,-65.80755388569393,969.5758485895368,26,32104.216587362476,4,1.8258780681559015,1.6237301014023984
0.0,0.0,1063.0,34438.0,lst,0.7182030329544834,0.6094799299120683,60.0,60.0,1841.0,4678.0,mst,5.894084169234105,1.5242890187339535,60.0,-60.0,436.0,6118.0,mst,3.984213865667725,0.7613361712949879,-60.0,60.0,312.0,3381.0,mst,0.7601887399069219,1.9529804070780556,-60.0,-60.0,754.0,5607.0,mst,1.9257199998403185,1.453022986928441,24.68043903339145,-28.565384330269325,547.4408917022416,26,23740.96583811222,5,1.5222838705107418,2.2199257879828944
