x 1,y 1,Count 1,Bkg Count 1,Telescope 1,Dangle 1,Altitude 1,x 2,y 2,Count 2,Bkg Count 2,Telescope 2,Dangle 2,Altitude 2,x 3,y 3,Count 3,Bkg Count 3,Telescope 3,Dangle 3,Altitude 3,x 4,y 4,Count 4,Bkg Count 4,Telescope 4,Dangle 4,Altitude 4,x 5,y 5,Count 5,Bkg Count 5,Telescope 5,Dangle 5,Altitude 5,True X,True Y,True Energy Per Nucleon,True Z,True Height,Detecions,Phi,Epsilon,Theta
0.0,0.0,1449.0,104427.0,lst,3.809423615645457,0.8519690149726833,60.0,60.0,517.0,11177.0,mst,5.078947631144932,1.8365840538683895,60.0,-60.0,0.0,6257.0,mst,3.893361611666915,2.7427238635547413,-60.0,60.0,224.0,18036.0,mst,0.8697064139778626,1.025123876316421,-60.0,-60.0,470.0,8441.0,mst,2.7500033473900816,2.2670939858698382,-23.69089524850409,29.68719566658737,783.0999119099066,26,31620.008702339226,4,1.196233292931334,5.848650513889794
0.0,0.0,1712.0,0.0,lst,1.7472364489743961,0.7233454448292816,60.0,60.0,509.0,0.0,mst,5.962007801220075,0.9457794495915464,60.0,-60.0,869.0,0.0,mst,3.39110193210506,1.1351878592524578,-60.0,60.0,0.0,0.0,mst,1.0957949771717919,1.9570147945643643,-60.0,-60.0,561.0,0.0,mst,2.1481754565670204,2.0588909523045262,42.80765795821287,7.965097576964496,292.4601965241802,26,21939.562396873098,4,1.7636226918408289,3.191253746001096
0.0,0.0,644.0,184823.0,lst,2.6501759205114737,1.2303931322515642,60.0,60.0,296.0,38486.0,mst,5.052907564538961,0.8404308719724728,60.0,-60.0,54.0,20473.0,mst,3.4622024872177515,2.614332511600063,-60.0,60.0,148.0,25029.0,mst,1.4260783983516614,1.9592935514421699,-60.0,-60.0,0.0,13317.0,mst,2.47186784478373,3.158236656846388,25.573262991227494,47.91578131018741,1309.4728893904069,26,33111.62611232632,4,1.729280880257062,0.9649257549329792
0.0,0.0,11947.0,102836.0,lst,1.1134152003289703,1.5982940246671198,60.0,60.0,1194.0,16380.0,mst,0.28360599114955,1.7402418903819392,60.0,-60.0,195.0,44668.0,mst,2.134910642058807,0.5296103914835416,-60.0,60.0,0.0,10142.0,mst,0.9818105742680463,2.95165355440933,-60.0,-60.0,54.0,13683.0,mst,1.7056517945523084,2.443324382717393,87.74585667497001,-41.851837367462096,1398.8123062087418,26,25889.20027727776,4,1.4596718769174428,4.406926423382588
