x 1,y 1,Count 1,Bkg Count 1,Telescope 1,Dangle 1,Altitude 1,x 2,y 2,Count 2,Bkg Count 2,Telescope 2,Dangle 2,Altitude 2,x 3,y 3,Count 3,Bkg Count 3,Telescope 3,Dangle 3,Altitude 3,x 4,y 4,Count 4,Bkg Count 4,Telescope 4,Dangle 4,Altitude 4,x 5,y 5,Count 5,Bkg Count 5,Telescope 5,Dangle 5,Altitude 5,True X,True Y,True Energy Per Nucleon,True Z,True Height,Detecions,Phi,Epsilon,Theta
0.0,0.0,406.0,47449.0,lst,4.889013733280115,0.5830488034524981,60.0,60.0,108.0,4443.0,mst,5.35063380735715,2.2365471911659287,60.0,-60.0,337.0,6611.0,mst,4.169041322538118,2.22189310594433,-60.0,60.0,854.0,6356.0,mst,0.4505902314506847,1.4629065872713725,-60.0,-60.0,785.0,6663.0,mst,2.6203155964954497,1.3395430079815172,-28.5999552531771,-4.961966440616749,587.9275240769243,26,29079.076453812086,5,1.8252449773763568,0.2861951656246813
0.0,0.0,4670.0,157965.0,lst,5.163728000391229,1.43784378991117,60.0,60.0,0.0,15163.0,mst,5.34201812971627,3.0561500427093087,60.0,-60.0,64.0,22029.0,mst,4.50452142304384,2.4941811974649806,-60.0,60.0,194.0,28380.0,mst,6.199087722745836,1.7765484707679524,-60.0,-60.0,155.0,52157.0,mst,3.367894389940911,0.5320479967211983,-66.76242178277172,-32.338598877872755,1453.6608848908234,26,29652.85104676385,4,1.5286896000725152,1.0860003442223007
0.0,0.0,6855.0,32850.0,lst,5.679453131708214,1.9124022794768039,60.0,60.0,0.0,3186.0,mst,5.592588696484545,3.268536466340035,60.0,-60.0,135.0,5369.0,mst,4.980823619858076,2.1467903627391545,-60.0,60.0,103.0,4211.0,mst,6.235834305078429,2.563138763015285,-60.0,-60.0,232.0,12051.0,mst,6.079987839600946,0.5810899759116073,-67.09764481059966,-94.85781308243267,673.1573729056291,26,24659.17650691461,4,1.6580475822879097,3.182061290233822
