x 1,y 1,Count 1,Bkg Count 1,Telescope 1,Dangle 1,Altitude 1,x 2,y 2,Count 2,Bkg Count 2,Telescope 2,Dangle 2,Altitude 2,x 3,y 3,Count 3,Bkg Count 3,Telescope 3,Dangle 3,Altitude 3,x 4,y 4,Count 4,Bkg Count 4,Telescope 4,Dangle 4,Altitude 4,x 5,y 5,Count 5,Bkg Count 5,Telescope 5,Dangle 5,Altitude 5,True X,True Y,True Energy Per Nucleon,True Z,True Height,Detecions,Phi,Epsilon,Theta
0.0,0.0,359.0,121580.0,lst,5.724542715062453,0.7502132578646803,60.0,60.0,0.0,9723.0,mst,5.5498089892268245,3.087643600265682,60.0,-60.0,115.0,12690.0,mst,4.268969603502324,2.326353006031937,-60.0,60.0,46.0,10214.0,mst,0.5037229207694421,2.5797405798502093,-60.0,-60.0,173.0,17875.0,mst,2.261772913337361,1.6625296806648602,-14.41658951721817,-23.052058466992193,823.8218744406546,26,34647.73550632415,4,1.770563388128733,6.26499313505289
0.0,0.0,720.0,68214.0,lst,1.69434870526733,1.5225711857169941,60.0,60.0,355.0,13606.0,mst,0.15679780536671245,1.1609643727216685,60.0,-60.0,795.0,13763.0,mst,2.993809103143154,1.508628574753731,-60.0,60.0,26.0,5792.0,mst,1.202359201442409,3.0620972090803216,-60.0,-60.0,0.0,6987.0,mst,2.0561890883634164,3.2193116078393147,68.39231101165646,7.964065680398448,747.6430970703495,26,30634.135847509388,4,1.5030323617138996,1.2440769048236835
