x 1,y 1,Count 1,Bkg Count 1,Telescope 1,Dangle 1,Altitude 1,x 2,y 2,Count 2,Bkg Count 2,Telescope 2,Dangle 2,Altitude 2,x 3,y 3,Count 3,Bkg Count 3,Telescope 3,Dangle 3,Altitude 3,x 4,y 4,Count 4,Bkg Count 4,Telescope 4,Dangle 4,Altitude 4,x 5,y 5,Count 5,Bkg Count 5,Telescope 5,Dangle 5,Altitude 5,True X,True Y,True Energy Per Nucleon,True Z,True Height,Detecions,Phi,Epsilon,Theta
0.0,0.0,3594.0,24703.0,lst,4.801315897783305,0.9266990273389075,60.0,60.0,245.0,2504.0,mst,5.212683761624354,2.1837750661547632,60.0,-60.0,0.0,2448.0,mst,4.272953886349269,2.091791886059828,-60.0,60.0,951.0,6633.0,mst,0.05129704493976071,1.0723858647274027,-60.0,-60.0,418.0,4922.0,mst,3.0804275076612795,0.8859044502673201,-56.819937811886945,-4.797960170130523,535.9648239567645,26,24272.58910616885,4,1.4151373349839536,3.4158195646703065
0.0,0.0,839.0,145460.0,lst,2.5684494993200695,0.6905317993147965,60.0,60.0,459.0,38613.0,mst,5.323410409917488,0.9039850287401725,60.0,-60.0,1060.0,15982.0,mst,3.5165383536622516,1.7722518778125531,-60.0,60.0,727.0,15189.0,mst,1.2613659315971295,1.5769207864879102,-60.0,-60.0,0.0,14602.0,mst,2.406771911688365,2.121723286190856,21.943860348656955,33.852156861023445,1155.342656065993,26,29499.059190615695,4,1.931628088019639,2.770950050818789
0.0,0.0,3388.0,213846.0,lst,5.282198820273441,1.5353426021428744,60.0,60.0,0.0,18530.0,mst,5.386631051836115,3.5023709940929155,60.0,-60.0,70.0,22306.0,mst,4.485572759807729,2.7657213543144947,-60.0,60.0,151.0,31449.0,mst,0.06663848900511207,2.2360014370593575,-60.0,-60.0,47.0,61978.0,mst,2.95113479254616,0.5826388004553901,-55.42694874206997,-34.630192001852194,1759.506423061917,26,33936.893706267874,4,1.5201822680173276,5.367041578402705
0.0,0.0,3406.0,1564.0,lst,4.931476614607822,1.9145105051679745,60.0,60.0,0.0,213.0,mst,5.178097034172859,3.3409367383690762,60.0,-60.0,32.0,258.0,mst,4.464832334881026,3.0663089109644965,-60.0,60.0,1873.0,578.0,mst,5.831144602414085,1.684748425338448,-60.0,-60.0,393.0,634.0,mst,3.9089728824823533,1.0399599731430675,-99.01073442350886,-20.791706551732716,404.02775269841135,26,25058.520663079464,4,1.559193688838927,5.757589127483549
