x 1,y 1,Count 1,Bkg Count 1,Telescope 1,Dangle 1,Altitude 1,x 2,y 2,Count 2,Bkg Count 2,Telescope 2,Dangle 2,Altitude 2,x 3,y 3,Count 3,Bkg Count 3,Telescope 3,Dangle 3,Altitude 3,x 4,y 4,Count 4,Bkg Count 4,Telescope 4,Dangle 4,Altitude 4,x 5,y 5,Count 5,Bkg Count 5,Telescope 5,Dangle 5,Altitude 5,True X,True Y,True Energy Per Nucleon,True Z,True Height,Detecions,Phi,Epsilon,Theta
0.0,0.0,2492.0,23858.0,lst,4.011115064307141,2.2279518095789483,60.0,60.0,34.0,3842.0,mst,4.6247734073526745,2.9216376206905417,60.0,-60.0,0.0,2282.0,mst,3.9637966108913516,3.939766383700026,-60.0,60.0,58.0,8985.0,mst,4.264701363316272,0.5415678577850955,-60.0,-60.0,63.0,3664.0,mst,3.3283067337702206,2.649440121139658,-84.1747127816599,71.62790655527024,554.4467932686159,26,27989.826244397136,4,1.7610725361882718,2.2577357481229687
0.0,0.0,2483.0,0.0,lst,4.0524675754791275,0.958399519710226,60.0,60.0,0.0,0.0,mst,4.971855515236918,1.8964727324543056,60.0,-60.0,68.0,0.0,mst,3.979768247886031,2.449500681519248,-60.0,60.0,270.0,0.0,mst,0.5730073146516087,0.6053474673610011,-60.0,-60.0,796.0,0.0,mst,2.944808463953044,1.6952129427112579,-42.202335283206224,32.24757916680073,321.82245636488284,26,23543.729787686276,4,1.7648339646805822,4.251566466618161
