x 1,y 1,Count 1,Bkg Count 1,Telescope 1,Dangle 1,Altitude 1,x 2,y 2,Count 2,Bkg Count 2,Telescope 2,Dangle 2,Altitude 2,x 3,y 3,Count 3,Bkg Count 3,Telescope 3,Dangle 3,Altitude 3,x 4,y 4,Count 4,Bkg Count 4,Telescope 4,Dangle 4,Altitude 4,x 5,y 5,Count 5,Bkg Count 5,Telescope 5,Dangle 5,Altitude 5,True X,True Y,True Energy Per Nucleon,True Z,True Height,Detecions,Phi,Epsilon,Theta
0.0,0.0,301.0,70350.0,lst,5.778100285448949,0.5567170173900288,60.0,60.0,26.0,5359.0,mst,5.558977874229051,2.731615960386053,60.0,-60.0,136.0,7970.0,mst,4.19869144188027,2.1132335406312315,-60.0,60.0,60.0,6927.0,mst,0.5713344110516135,2.4209383717175914,-60.0,-60.0,199.0,10688.0,mst,2.2649425236722336,1.649780171034841,-10.46910022791431,-19.05313021060806,625.5140574634224,26,31886.066963484845,5,1.4593561734563258,2.295284228725448
0.0,0.0,7431.0,59560.0,lst,5.839436264818241,1.2066649752969745,60.0,60.0,0.0,5716.0,mst,5.671220645434753,2.3637743105962237,60.0,-60.0,1256.0,9329.0,mst,4.873212599236605,1.3182585500156627,-60.0,60.0,764.0,8570.0,mst,0.16854154000261454,2.011058033126195,-60.0,-60.0,89.0,18022.0,mst,0.9737964083324753,0.4149733633007124,-36.266632961853304,-76.16150672127925,812.4778937788857,26,22348.99908700471,4,1.904796108161808,3.5566421689134855
0.0,0.0,4883.0,196406.0,lst,6.085887584288385,1.4956130598297295,60.0,60.0,0.0,22608.0,mst,5.7689365979555935,3.150496942960491,60.0,-60.0,744.0,27060.0,mst,4.858389770245427,1.5259219256702594,-60.0,60.0,23.0,25428.0,mst,0.3332755813081384,2.9731923946349865,-60.0,-60.0,479.0,59816.0,mst,1.3556130856780448,1.0124721765089333,-13.770275120313215,-70.19371730126697,2020.6763370231358,26,32248.00639783961,4,1.8049637780427725,4.309753815693694
