x 1,y 1,Count 1,Bkg Count 1,Telescope 1,Dangle 1,Altitude 1,x 2,y 2,Count 2,Bkg Count 2,Telescope 2,Dangle 2,Altitude 2,x 3,y 3,Count 3,Bkg Count 3,Telescope 3,Dangle 3,Altitude 3,x 4,y 4,Count 4,Bkg Count 4,Telescope 4,Dangle 4,Altitude 4,x 5,y 5,Count 5,Bkg Count 5,Telescope 5,Dangle 5,Altitude 5,True X,True Y,True Energy Per Nucleon,True Z,True Height,Detecions,Phi,Epsilon,Theta
0.0,0.0,1514.0,122882.0,lst,1.675811402562197,0.893911476726789,60.0,60.0,354.0,16532.0,mst,5.921703000925096,1.3167059507973002,60.0,-60.0,918.0,21151.0,mst,3.4381696930040593,1.4748830560968276,-60.0,60.0,89.0,11851.0,mst,1.044809852426042,2.5826045062456515,-60.0,-60.0,44.0,8202.0,mst,2.1446070539375945,2.6760275966887517,39.680731145757875,3.8902614156583013,934.5297276373444,26,31938.722568591533,5,1.3320344126636012,4.943692124685492
0.0,0.0,3674.0,94617.0,lst,4.688262322844013,1.3085401998649846,60.0,60.0,0.0,10299.0,mst,5.126968266053894,2.712030154350909,60.0,-60.0,88.0,8738.0,mst,4.280411147844382,2.6741436827185674,-60.0,60.0,555.0,16362.0,mst,6.109681434124699,1.1556152465009057,-60.0,-60.0,746.0,21311.0,mst,3.294098107012583,1.197526207633837,-70.02269911614557,2.51386545551037,944.5472125407324,26,30063.046140026498,4,1.8874013357067854,4.244355505378764
0.0,0.0,2833.0,23862.0,lst,1.1605622126538708,1.4822324209156148,60.0,60.0,759.0,4779.0,mst,6.264347048191442,2.012826303744169,60.0,-60.0,43.0,6159.0,mst,3.1991892355385776,0.8299352952183943,-60.0,60.0,0.0,2954.0,mst,0.9358420638465386,3.419363323021317,-60.0,-60.0,37.0,3054.0,mst,1.8499818826829801,2.86775784617496,57.41258264003241,-24.627556051950478,523.6440551932867,26,29734.329012668622,4,1.411951208411216,1.8782054546277893
