x 1,y 1,Count 1,Bkg Count 1,Telescope 1,Dangle 1,Altitude 1,x 2,y 2,Count 2,Bkg Count 2,Telescope 2,Dangle 2,Altitude 2,x 3,y 3,Count 3,Bkg Count 3,Telescope 3,Dangle 3,Altitude 3,x 4,y 4,Count 4,Bkg Count 4,Telescope 4,Dangle 4,Altitude 4,x 5,y 5,Count 5,Bkg Count 5,Telescope 5,Dangle 5,Altitude 5,True X,True Y,True Energy Per Nucleon,True Z,True Height,Detecions,Phi,Epsilon,Theta
0.0,0.0,134.0,18229.0,lst,5.476852321574231,0.3802354759402423,60.0,60.0,0.0,2629.0,mst,5.49320286805436,2.191995221747126,60.0,-60.0,489.0,3270.0,mst,4.130284246929784,1.7737634810313507,-60.0,60.0,152.0,2902.0,mst,0.5517446099114887,1.8599382030359162,-60.0,-60.0,767.0,4226.0,mst,2.3559329328678222,1.37784684614645,-13.41884034498122,-13.142190628457456,485.80270562769715,26,28008.296412800355,4,1.812785084161159,3.785930806715102
0.0,0.0,3994.0,17648.0,lst,1.5747983465219482,1.0026827968487915,60.0,60.0,600.0,2620.0,mst,0.1689830721650084,0.857602128898822,60.0,-60.0,538.0,2662.0,mst,2.9769980474394333,0.8837017810418206,-60.0,60.0,0.0,1339.0,mst,1.1362694016073105,2.040356801286226,-60.0,-60.0,362.0,1436.0,mst,1.9998119826354948,2.0650693107686178,70.66615375197054,-0.09462754078094804,465.01194797228555,26,21209.977660781613,4,1.3672792904631936,5.529655074462484
0.0,0.0,4341.0,0.0,lst,5.986870870820605,1.513465145234774,60.0,60.0,0.0,0.0,mst,5.74042470727073,3.0062385872737396,60.0,-60.0,1750.0,0.0,mst,4.930429893406896,1.5751788390050965,-60.0,60.0,69.0,0.0,mst,0.25441779245689705,2.6436890262422197,-60.0,-60.0,416.0,0.0,mst,1.0746895614961174,0.7497174006106349,-23.457154896528337,-79.10454473842634,312.5376817934049,26,23352.57351954732,4,1.8076580753729476,2.8748271954288005
0.0,0.0,1202.0,36385.0,lst,5.809127646666415,2.0537909698285346,60.0,60.0,0.0,3794.0,mst,5.668680372910468,3.701862590863301,60.0,-60.0,307.0,5946.0,mst,5.022832579562446,2.2934148664957776,-60.0,60.0,25.0,5593.0,mst,0.09932203013975932,2.950013887089449,-60.0,-60.0,214.0,12927.0,mst,0.342364910658351,0.6778240150421198,-48.012999168236334,-93.54457700363946,700.8217604546613,26,29031.926636031185,4,1.849221470001172,1.1203902924601057
