x 1,y 1,Count 1,Bkg Count 1,Telescope 1,Dangle 1,Altitude 1,x 2,y 2,Count 2,Bkg Count 2,Telescope 2,Dangle 2,Altitude 2,x 3,y 3,Count 3,Bkg Count 3,Telescope 3,Dangle 3,Altitude 3,x 4,y 4,Count 4,Bkg Count 4,Telescope 4,Dangle 4,Altitude 4,x 5,y 5,Count 5,Bkg Count 5,Telescope 5,Dangle 5,Altitude 5,True X,True Y,True Energy Per Nucleon,True Z,True Height,Detecions,Phi,Epsilon,Theta
0.0,0.0,1775.0,101601.0,lst,6.2778146147395155,0.8567243738331044,60.0,60.0,212.0,9080.0,mst,5.78937303127654,1.9922157116524877,60.0,-60.0,515.0,24596.0,mst,4.600647314254452,0.8660769335864384,-60.0,60.0,0.0,10459.0,mst,0.4863930567529735,2.080732517507798,-60.0,-60.0,446.0,19123.0,mst,1.6967141809496313,0.9626578701682176,-0.39681346859202904,-53.59237992778094,973.1018496648197,26,25503.126121433226,4,1.9218637574415092,4.145643007345877
0.0,0.0,6952.0,4540.0,lst,2.5841815992782142,1.307024602781863,60.0,60.0,37.0,1646.0,mst,4.127798576309979,0.31216542271119935,60.0,-60.0,350.0,745.0,mst,3.2606982553640416,2.091870939912354,-60.0,60.0,2618.0,881.0,mst,1.6745876598108365,1.6461750522586154,-60.0,-60.0,48.0,678.0,mst,2.4519142689961066,2.625506296907915,43.632955260766636,70.39112560266818,422.29834649879655,26,23477.47479543765,5,1.340397433782318,2.295427001098859
