x 1,y 1,Count 1,Bkg Count 1,Telescope 1,Dangle 1,Altitude 1,x 2,y 2,Count 2,Bkg Count 2,Telescope 2,Dangle 2,Altitude 2,x 3,y 3,Count 3,Bkg Count 3,Telescope 3,Dangle 3,Altitude 3,x 4,y 4,Count 4,Bkg Count 4,Telescope 4,Dangle 4,Altitude 4,x 5,y 5,Count 5,Bkg Count 5,Telescope 5,Dangle 5,Altitude 5,True X,True Y,True Energy Per Nucleon,True Z,True Height,Detecions,Phi,Epsilon,Theta
0.0,0.0,1432.0,68111.0,lst,0.49296865318697164,1.4575029276671174,60.0,60.0,21.0,5273.0,mst,5.949165374884245,3.2361510004996363,60.0,-60.0,198.0,14457.0,mst,4.310327908307297,1.2000718444259229,-60.0,60.0,0.0,6561.0,mst,0.6792706807692493,3.86750449270205,-60.0,-60.0,42.0,10514.0,mst,1.7514302383469282,2.4493203037201274,22.843223524288703,-44.33236983542062,733.1142273647105,26,34401.371396495764,4,1.6983921449031085,0.8719104966718058
0.0,0.0,3013.0,61089.0,lst,0.8969257596096195,1.9438552954576696,60.0,60.0,243.0,11339.0,mst,0.21655448856491427,2.2714947660430562,60.0,-60.0,239.0,17711.0,mst,1.1559962391738112,0.5613204779200089,-60.0,60.0,0.0,5139.0,mst,0.8228978225758369,3.3165375930676055,-60.0,-60.0,30.0,6612.0,mst,1.4934391344871376,2.510840038321826,90.85383133347582,-73.40415585059384,879.9369554540658,26,25514.950103638002,4,1.5790817312806553,5.19114962708704
