x 1,y 1,Count 1,Bkg Count 1,Telescope 1,Dangle 1,Altitude 1,x 2,y 2,Count 2,Bkg Count 2,Telescope 2,Dangle 2,Altitude 2,x 3,y 3,Count 3,Bkg Count 3,Telescope 3,Dangle 3,Altitude 3,x 4,y 4,Count 4,Bkg Count 4,Telescope 4,Dangle 4,Altitude 4,x 5,y 5,Count 5,Bkg Count 5,Telescope 5,Dangle 5,Altitude 5,True X,True Y,True Energy Per Nucleon,True Z,True Height,Detecions,Phi,Epsilon,Theta
0.0,0.0,643.0,58920.0,lst,3.509900413665683,0.7704223212036109,60.0,60.0,1915.0,5997.0,mst,5.016498531345409,1.5960557326538702,60.0,-60.0,89.0,3792.0,mst,3.799392608471701,2.5017382461023394,-60.0,60.0,497.0,8391.0,mst,1.061041626956312,1.0774607209759035,-60.0,-60.0,268.0,5194.0,mst,2.6922169784790633,2.1815756452290858,-13.992896028255359,34.989685126894926,591.3931133937019,26,28520.256433212617,5,1.5559992341022981,0.9801097410296195
0.0,0.0,3447.0,20024.0,lst,4.526892996053671,1.4044921232315184,60.0,60.0,0.0,1777.0,mst,5.0928040861853425,2.924481416401512,60.0,-60.0,25.0,1623.0,mst,4.198409737657665,3.1317803769440857,-60.0,60.0,597.0,3088.0,mst,0.021732951428447986,1.109316730854569,-60.0,-60.0,1778.0,2187.0,mst,3.138928118176104,1.5886043659347722,-59.51423647107849,10.067541822964529,471.577872788987,26,28456.990772760408,4,1.569414204142419,5.493053085508041
0.0,0.0,2244.0,81025.0,lst,4.69626808004974,1.3610825232745392,60.0,60.0,31.0,10948.0,mst,5.221850490175846,3.4461843596104966,60.0,-60.0,0.0,9005.0,mst,4.220507884865297,3.328601128599789,-60.0,60.0,834.0,14460.0,mst,0.1490790483438776,1.6087956990786094,-60.0,-60.0,797.0,14790.0,mst,3.0151725543665076,1.5237601644273127,-51.68032611744641,0.6791306855176913,806.2871032390335,26,34033.414196318205,4,1.8863487954212916,2.512945153335008
0.0,0.0,3876.0,182819.0,lst,0.5381599840940877,1.723058868950171,60.0,60.0,32.0,21931.0,mst,6.1718647034769285,2.689918739864813,60.0,-60.0,87.0,63478.0,mst,5.38849792789541,0.45172733356179623,-60.0,60.0,0.0,13783.0,mst,0.6550385478554536,3.431717090639493,-60.0,-60.0,183.0,24597.0,mst,1.426822864224506,2.2286006491395605,42.43388941290962,-74.13472566000743,1790.959938367962,26,33297.93627934795,4,1.9332390190610746,6.135455265813517
