x 1,y 1,Count 1,Bkg Count 1,Telescope 1,Dangle 1,Altitude 1,x 2,y 2,Count 2,Bkg Count 2,Telescope 2,Dangle 2,Altitude 2,x 3,y 3,Count 3,Bkg Count 3,Telescope 3,Dangle 3,Altitude 3,x 4,y 4,Count 4,Bkg Count 4,Telescope 4,Dangle 4,Altitude 4,x 5,y 5,Count 5,Bkg Count 5,Telescope 5,Dangle 5,Altitude 5,True X,True Y,True Energy Per Nucleon,True Z,True Height,Detecions,Phi,Epsilon,Theta
0.0,0.0,1702.0,8622.0,lst,5.802942539870033,1.396750948965402,60.0,60.0,0.0,788.0,mst,5.609667906666085,3.4328850582553128,60.0,-60.0,383.0,1256.0,mst,4.5947187553204705,2.1303161720178716,-60.0,60.0,84.0,731.0,mst,0.2664162588661247,2.8151811076946176,-60.0,-60.0,253.0,1550.0,mst,1.8457569146451207,0.8286249110909579,-27.11769519200506,-50.601923565329116,424.84547577404703,26,28494.193635662694,4,1.661999740646849,1.4838685922231951
0.0,0.0,344.0,46401.0,lst,3.9111585443570025,0.5046482438108545,60.0,60.0,294.0,4408.0,mst,5.243847985585847,1.9410134408095252,60.0,-60.0,195.0,4432.0,mst,3.904650378919039,2.3795921128976647,-60.0,60.0,719.0,5523.0,mst,0.7878333551234621,1.3506642436511809,-60.0,-60.0,0.0,5145.0,mst,2.6354568887159284,1.9615572604732878,-16.23789479017148,16.89455053054394,540.940806343017,26,29044.476368671963,4,1.6195709099810942,1.6883752097396034
