x 1,y 1,Count 1,Bkg Count 1,Telescope 1,Dangle 1,Altitude 1,x 2,y 2,Count 2,Bkg Count 2,Telescope 2,Dangle 2,Altitude 2,x 3,y 3,Count 3,Bkg Count 3,Telescope 3,Dangle 3,Altitude 3,x 4,y 4,Count 4,Bkg Count 4,Telescope 4,Dangle 4,Altitude 4,x 5,y 5,Count 5,Bkg Count 5,Telescope 5,Dangle 5,Altitude 5,True X,True Y,True Energy Per Nucleon,True Z,True Height,Detecions,Phi,Epsilon,Theta
0.0,0.0,2903.0,32106.0,lst,5.765847510468592,1.1246944914748749,60.0,60.0,24.0,3044.0,mst,5.613007519307578,2.955311289456716,60.0,-60.0,347.0,4284.0,mst,4.524008425514972,1.887112537025164,-60.0,60.0,39.0,2616.0,mst,0.33940973365741195,2.4687756626785498,-60.0,-60.0,256.0,6204.0,mst,2.0012465073450354,0.8826090569351503,-24.39196033860655,-43.67307494511256,527.5927275173314,26,29152.173245970658,5,1.7649097395734283,4.039363217401656
0.0,0.0,7198.0,2069.0,lst,4.804164391131031,1.5153910774235053,60.0,60.0,28.0,214.0,mst,5.147906620211959,2.810771977123693,60.0,-60.0,68.0,199.0,mst,4.369735661605018,2.666893417676838,-60.0,60.0,442.0,611.0,mst,5.881643634059862,1.286181021961634,-60.0,-60.0,356.0,613.0,mst,3.6930957428428983,0.9892442621408254,-90.67338188956609,-9.814047063603965,402.5494916004302,26,23502.961878535007,5,1.6462474540425995,2.703525649813988
0.0,0.0,1448.0,405473.0,lst,4.183305549655644,1.118427824455947,60.0,60.0,172.0,34324.0,mst,5.0536970372475105,2.558719899260642,60.0,-60.0,0.0,31663.0,mst,4.014112741767221,3.065819360513371,-60.0,60.0,94.0,74108.0,mst,0.4820788262035311,0.904236138464828,-60.0,-60.0,669.0,46734.0,mst,2.914233513961555,1.9433222910827639,-40.80144838078654,24.22813787765284,2480.876431383815,26,34527.2254273624,4,1.278946364842664,1.7405502096142533
0.0,0.0,323.0,14845.0,lst,5.657293419408676,1.6845091172475275,60.0,60.0,0.0,1254.0,mst,5.5652416992728435,4.479823925571973,60.0,-60.0,56.0,2360.0,mst,4.511394611803401,3.0340188780606603,-60.0,60.0,28.0,2353.0,mst,0.30291128993242544,3.388543114866752,-60.0,-60.0,216.0,3736.0,mst,2.1378562593513917,1.0923796638685783,-30.30794633905242,-41.62844946089291,466.4156134965148,26,31598.148259318346,4,1.8298677103355099,1.9282075524367512
