x 1,y 1,Count 1,Bkg Count 1,Telescope 1,Dangle 1,Altitude 1,x 2,y 2,Count 2,Bkg Count 2,Telescope 2,Dangle 2,Altitude 2,x 3,y 3,Count 3,Bkg Count 3,Telescope 3,Dangle 3,Altitude 3,x 4,y 4,Count 4,Bkg Count 4,Telescope 4,Dangle 4,Altitude 4,x 5,y 5,Count 5,Bkg Count 5,Telescope 5,Dangle 5,Altitude 5,True X,True Y,True Energy Per Nucleon,True Z,True Height,Detecions,Phi,Epsilon,Theta
0.0,0.0,1320.0,263479.0,lst,4.175256691416639,0.77245161917299,60.0,60.0,204.0,22131.0,mst,5.130164211841067,2.111524426856346,60.0,-60.0,119.0,22637.0,mst,3.998107395985668,2.538192463131609,-60.0,60.0,499.0,41270.0,mst,0.6091832493429763,1.0524063801311128,-60.0,-60.0,1648.0,21245.0,mst,2.7863292372992543,1.7594909166838824,-31.12786606744551,18.63409544384237,1400.8297766061048,26,31378.643698341075,5,1.5316172921827045,6.112166330026002
0.0,0.0,2316.0,107157.0,lst,2.9640023582594424,0.7519749938960579,60.0,60.0,284.0,20089.0,mst,4.935946312042459,0.7971544341242085,60.0,-60.0,327.0,11768.0,mst,3.5877815796864363,1.8500011265765341,-60.0,60.0,854.0,20660.0,mst,1.413684967373713,1.0554224813473452,-60.0,-60.0,424.0,8839.0,mst,2.5832859068070255,1.9884439030896581,9.129935453513099,48.4720040331143,982.5140487467143,26,23813.65469565559,5,1.5236081370841863,5.985653586747394
