x 1,y 1,Count 1,Bkg Count 1,Telescope 1,Dangle 1,Altitude 1,x 2,y 2,Count 2,Bkg Count 2,Telescope 2,Dangle 2,Altitude 2,x 3,y 3,Count 3,Bkg Count 3,Telescope 3,Dangle 3,Altitude 3,x 4,y 4,Count 4,Bkg Count 4,Telescope 4,Dangle 4,Altitude 4,x 5,y 5,Count 5,Bkg Count 5,Telescope 5,Dangle 5,Altitude 5,True X,True Y,True Energy Per Nucleon,True Z,True Height,Detecions,Phi,Epsilon,Theta
0.0,0.0,3995.0,170532.0,lst,5.757592288873591,1.4689952887023339,60.0,60.0,0.0,10804.0,mst,5.589398220217686,3.420828093888481,60.0,-60.0,300.0,20467.0,mst,4.666704329536803,2.2649223749525866,-60.0,60.0,130.0,14520.0,mst,0.22971312407425407,2.57798060907146,-60.0,-60.0,173.0,37020.0,mst,1.7531287007949998,0.6110336077019457,-32.354891310128195,-55.055751124196604,1175.65415539882,26,34080.28276907592,4,1.937248799435804,0.9741807033795605
0.0,0.0,2319.0,166582.0,lst,1.779954006050525,1.1201102002092302,60.0,60.0,392.0,24682.0,mst,0.04177305049813063,0.8487717023849886,60.0,-60.0,495.0,31626.0,mst,3.103325101503967,1.2752446915211249,-60.0,60.0,0.0,14455.0,mst,1.2077362190193135,2.3531030958671835,-60.0,-60.0,142.0,10962.0,mst,2.096351716833165,2.533235363764683,62.17731870053629,12.209783842875481,1277.6421653561401,26,27573.479176891997,4,1.6154479853899333,0.0027276488331850948
