x 1,y 1,Count 1,Bkg Count 1,Telescope 1,Dangle 1,Altitude 1,x 2,y 2,Count 2,Bkg Count 2,Telescope 2,Dangle 2,Altitude 2,x 3,y 3,Count 3,Bkg Count 3,Telescope 3,Dangle 3,Altitude 3,x 4,y 4,Count 4,Bkg Count 4,Telescope 4,Dangle 4,Altitude 4,x 5,y 5,Count 5,Bkg Count 5,Telescope 5,Dangle 5,Altitude 5,True X,True Y,True Energy Per Nucleon,True Z,True Height,Detecions,Phi,Epsilon,Theta
0.0,0.0,142.0,74584.0,lst,1.1765838858134754,0.48620693491030204,60.0,60.0,300.0,7431.0,mst,5.73555353764051,1.8928351624824198,60.0,-60.0,1163.0,6282.0,mst,3.8068302086103625,1.5861799874727036,-60.0,60.0,71.0,6505.0,mst,0.8588230802789707,2.4983931201708813,-60.0,-60.0,385.0,6880.0,mst,2.1411848836742116,2.267470335844034,19.08387577596764,-7.738641059578384,710.6589746923813,26,31658.93783005976,5,1.6467186889493772,1.629086253716752
0.0,0.0,4555.0,113542.0,lst,5.427605449318091,1.3427111799708444,60.0,60.0,21.0,8557.0,mst,5.47300966702329,2.515423178533336,60.0,-60.0,318.0,14550.0,mst,4.739900405936582,1.8222811418555207,-60.0,60.0,2169.0,10393.0,mst,6.158190155881062,1.7177805915387396,-60.0,-60.0,0.0,50310.0,mst,5.084548269536349,None,-73.79761783543516,-65.40595168609649,1125.2903884032635,26,21085.828920563516,4,1.5411198344834915,2.767179011227198
