x 1,y 1,Count 1,Bkg Count 1,Telescope 1,Dangle 1,Altitude 1,x 2,y 2,Count 2,Bkg Count 2,Telescope 2,Dangle 2,Altitude 2,x 3,y 3,Count 3,Bkg Count 3,Telescope 3,Dangle 3,Altitude 3,x 4,y 4,Count 4,Bkg Count 4,Telescope 4,Dangle 4,Altitude 4,x 5,y 5,Count 5,Bkg Count 5,Telescope 5,Dangle 5,Altitude 5,True X,True Y,True Energy Per Nucleon,True Z,True Height,Detecions,Phi,Epsilon,Theta
0.0,0.0,1948.0,31223.0,lst,2.4369218184975607,1.4632673871818889,60.0,60.0,187.0,7175.0,mst,5.352240902823161,0.9248412876524826,60.0,-60.0,61.0,4730.0,mst,3.3936602655204786,2.9756901276841528,-60.0,60.0,138.0,4706.0,mst,1.3745257720078028,2.620595684548396,-60.0,-60.0,0.0,3816.0,mst,2.399381707455839,3.832569029499041,33.39364714397857,40.90335919701164,550.5181594383298,26,31860.973881439208,4,1.3843790810278496,0.514895142324357
0.0,0.0,3946.0,275224.0,lst,4.568867431093028,1.1496953729935386,60.0,60.0,0.0,30459.0,mst,5.181179046990584,2.8409623631060184,60.0,-60.0,54.0,24792.0,mst,4.167071801772594,3.0029794253095736,-60.0,60.0,427.0,36985.0,mst,0.20049482474170113,1.2768046663720123,-60.0,-60.0,985.0,45429.0,mst,2.9835924956623066,1.5811055502496094,-49.77877024694962,6.965047254104093,1839.3258319576285,26,33898.86056250377,4,1.5263229879447844,2.171447098719017
0.0,0.0,2893.0,63628.0,lst,3.9423230839950802,1.7634331375426484,60.0,60.0,341.0,8474.0,mst,4.574516684990212,2.2088626410451258,60.0,-60.0,0.0,4302.0,mst,3.917568138042859,3.085194297867893,-60.0,60.0,221.0,20335.0,mst,3.978538655295162,0.4623338697625908,-60.0,-60.0,53.0,10419.0,mst,3.29386725369956,2.1966812176460007,-82.39350050678269,80.49386008152669,805.2149964803799,26,23808.241597926404,4,1.538727712739949,1.6127287432719075
