x 1,y 1,Count 1,Bkg Count 1,Telescope 1,Dangle 1,Altitude 1,x 2,y 2,Count 2,Bkg Count 2,Telescope 2,Dangle 2,Altitude 2,x 3,y 3,Count 3,Bkg Count 3,Telescope 3,Dangle 3,Altitude 3,x 4,y 4,Count 4,Bkg Count 4,Telescope 4,Dangle 4,Altitude 4,x 5,y 5,Count 5,Bkg Count 5,Telescope 5,Dangle 5,Altitude 5,True X,True Y,True Energy Per Nucleon,True Z,True Height,Detecions,Phi,Epsilon,Theta
0.0,0.0,395.0,484201.0,lst,3.9394869632191303,0.52148440947832,60.0,60.0,251.0,41876.0,mst,5.203799527533775,1.8389587248403432,60.0,-60.0,177.0,38628.0,mst,3.931825555807555,2.27788670391244,-60.0,60.0,538.0,69743.0,mst,0.7764737093855574,1.2391580273295746,-60.0,-60.0,780.0,43279.0,mst,2.65831342966849,1.8424244255542876,-17.938581511920916,17.82649838601762,2513.186028595259,26,31609.217226721947,5,1.5571921834291627,1.7359006930023657
0.0,0.0,1323.0,0.0,lst,0.1873200544463747,0.9001378273451079,60.0,60.0,22.0,0.0,mst,5.7788209422530805,2.788827709145774,60.0,-60.0,721.0,0.0,mst,4.245523427030686,1.513117309068459,-60.0,60.0,30.0,0.0,mst,0.6124251450311453,2.977770613967015,-60.0,-60.0,0.0,0.0,mst,1.9533261897320293,1.8335798671571937,6.825314757847821,-33.934979345818434,232.3223938278221,26,23408.933389059363,4,1.6540681211294457,2.610071572839368
