x 1,y 1,Count 1,Bkg Count 1,Telescope 1,Dangle 1,Altitude 1,x 2,y 2,Count 2,Bkg Count 2,Telescope 2,Dangle 2,Altitude 2,x 3,y 3,Count 3,Bkg Count 3,Telescope 3,Dangle 3,Altitude 3,x 4,y 4,Count 4,Bkg Count 4,Telescope 4,Dangle 4,Altitude 4,x 5,y 5,Count 5,Bkg Count 5,Telescope 5,Dangle 5,Altitude 5,True X,True Y,True Energy Per Nucleon,True Z,True Height,Detecions,Phi,Epsilon,Theta
0.0,0.0,611.0,30248.0,lst,5.469851078753791,0.5332740345487663,60.0,60.0,23.0,3214.0,mst,5.485685186521961,1.8173502354839433,60.0,-60.0,1318.0,3963.0,mst,4.296851916207481,1.4398045054821897,-60.0,60.0,1160.0,3146.0,mst,0.3987576064184439,1.4267670318761363,-60.0,-60.0,527.0,4578.0,mst,2.375431123202098,0.8003736530787814,-24.661450081084027,-23.581413396043445,519.642852512567,26,23289.555851811125,5,1.7374852710171123,5.950511123638719
0.0,0.0,442.0,96114.0,lst,5.502975095285948,2.457381437494336,60.0,60.0,0.0,6873.0,mst,5.480225303223087,4.166064831557987,60.0,-60.0,27.0,11405.0,mst,4.883017640747618,3.0063743335337714,-60.0,60.0,29.0,11076.0,mst,6.100718104423753,2.9639170603307368,-60.0,-60.0,190.0,39356.0,mst,5.479204750352879,0.7380427991875471,-86.51487956826928,-85.39193707423716,1176.0421521669891,26,30303.282581811087,4,1.6821677498081453,0.4122462790569133
