x 1,y 1,Count 1,Bkg Count 1,Telescope 1,Dangle 1,Altitude 1,x 2,y 2,Count 2,Bkg Count 2,Telescope 2,Dangle 2,Altitude 2,x 3,y 3,Count 3,Bkg Count 3,Telescope 3,Dangle 3,Altitude 3,x 4,y 4,Count 4,Bkg Count 4,Telescope 4,Dangle 4,Altitude 4,x 5,y 5,Count 5,Bkg Count 5,Telescope 5,Dangle 5,Altitude 5,True X,True Y,True Energy Per Nucleon,True Z,True Height,Detecions,Phi,Epsilon,Theta
0.0,0.0,2418.0,50055.0,lst,1.2990775086830721,0.8702755548971793,60.0,60.0,1288.0,8210.0,mst,6.067403043866402,1.3877116738702617,60.0,-60.0,558.0,8923.0,mst,3.4601016138323684,0.9058630307337578,-60.0,60.0,112.0,4491.0,mst,0.9673605091320606,2.442283969959748,-60.0,-60.0,431.0,4518.0,mst,1.9927064996747672,2.1586653417800576,43.52105991378252,-11.980598527169235,645.0981983962037,26,27730.31067120215,5,1.9047096128789853,4.202089081057594
0.0,0.0,199.0,226287.0,lst,1.1901165199346644,0.40214128648546743,60.0,60.0,967.0,19160.0,mst,5.744643657747259,1.5051428370973772,60.0,-60.0,760.0,34055.0,mst,3.8010526825716036,1.3834405590541734,-60.0,60.0,399.0,18671.0,mst,0.8827359188155605,2.062770250833189,-60.0,-60.0,0.0,20158.0,mst,2.14999865606516,1.9717156322310225,18.971084501763073,-7.640141680653102,1310.2738084363364,26,31276.390890447135,4,1.8829680033631795,5.8975702952105085
0.0,0.0,4244.0,122489.0,lst,0.5251530209682057,0.9230125172567254,60.0,60.0,0.0,14333.0,mst,6.0098188874696,1.8152361783886146,60.0,-60.0,113.0,31524.0,mst,4.386392386238909,0.5388728265007297,-60.0,60.0,74.0,15018.0,mst,0.6715298924146936,2.23918510691816,-60.0,-60.0,866.0,13800.0,mst,1.6904227316605882,1.4094672753821127,27.91134658181531,-49.57010340202885,1144.8326760263476,26,24916.321301491967,4,1.5270260636675828,4.51326428029691
