x 1,y 1,Count 1,Bkg Count 1,Telescope 1,Dangle 1,Altitude 1,x 2,y 2,Count 2,Bkg Count 2,Telescope 2,Dangle 2,Altitude 2,x 3,y 3,Count 3,Bkg Count 3,Telescope 3,Dangle 3,Altitude 3,x 4,y 4,Count 4,Bkg Count 4,Telescope 4,Dangle 4,Altitude 4,x 5,y 5,Count 5,Bkg Count 5,Telescope 5,Dangle 5,Altitude 5,True X,True Y,True Energy Per Nucleon,True Z,True Height,Detecions,Phi,Epsilon,Theta
0.0,0.0,2314.0,2098.0,lst,1.1469490570545424,1.253381928556892,60.0,60.0,589.0,318.0,mst,6.167172676861906,1.9304783816224307,60.0,-60.0,142.0,402.0,mst,3.3861141899149145,0.9060625294542031,-60.0,60.0,30.0,229.0,mst,0.9304937264843479,3.10919164711416,-60.0,-60.0,80.0,204.0,mst,1.8976076230248302,2.62577955164049,50.363973906908996,-22.77880080269344,397.0409748090718,26,27652.4383951886,5,1.3295789257601311,1.2841798824375972
0.0,0.0,3147.0,92021.0,lst,5.64722278589753,1.0317966615220413,60.0,60.0,38.0,9457.0,mst,5.5538387861852385,2.3724043844303746,60.0,-60.0,3794.0,16392.0,mst,4.615606525894749,1.564988910879465,-60.0,60.0,1501.0,11156.0,mst,0.19725215989076852,1.8408010934237369,-60.0,-60.0,67.0,27953.0,mst,1.9367551317098142,0.3909203229560509,-37.763742982860066,-51.220222863002874,1000.9997566456766,26,24888.178994366266,5,1.5911590529229498,3.004519587008882
0.0,0.0,2641.0,269865.0,lst,3.195264624823688,0.8632034318293385,60.0,60.0,609.0,48894.0,mst,4.749791106239177,1.0168053519211724,60.0,-60.0,442.0,20502.0,mst,3.6421743873520436,2.101859851833004,-60.0,60.0,717.0,58589.0,mst,1.5023682228321973,0.8273597573816062,-60.0,-60.0,929.0,21249.0,mst,2.700285033003245,1.9590097405945508,-3.3065516970401916,57.052545702841826,2280.2900916873123,26,25632.679029744886,5,1.8729188292446715,1.758582426145007
