x 1,y 1,Count 1,Bkg Count 1,Telescope 1,Dangle 1,Altitude 1,x 2,y 2,Count 2,Bkg Count 2,Telescope 2,Dangle 2,Altitude 2,x 3,y 3,Count 3,Bkg Count 3,Telescope 3,Dangle 3,Altitude 3,x 4,y 4,Count 4,Bkg Count 4,Telescope 4,Dangle 4,Altitude 4,x 5,y 5,Count 5,Bkg Count 5,Telescope 5,Dangle 5,Altitude 5,True X,True Y,True Energy Per Nucleon,True Z,True Height,Detecions,Phi,Epsilon,Theta
0.0,0.0,1311.0,28603.0,lst,5.669788173020726,0.7814066427895922,60.0,60.0,0.0,2384.0,mst,5.56127355232655,2.17901695335913,60.0,-60.0,943.0,3949.0,mst,4.486950846588784,1.4624307330193371,-60.0,60.0,1943.0,3200.0,mst,0.30954356784279613,1.7119906737980952,-60.0,-60.0,245.0,6213.0,mst,2.115269054999785,0.6250154725569077,-27.36087296297049,-39.81701817214635,509.7116866004194,26,24070.237049675634,4,1.6846827084340281,0.7562317149160999
0.0,0.0,533.0,68667.0,lst,5.829199288670622,0.8979669715275086,60.0,60.0,0.0,7219.0,mst,5.592438183906094,3.60292779344748,60.0,-60.0,109.0,6930.0,mst,4.256785692289243,2.583622868474981,-60.0,60.0,23.0,7957.0,mst,0.4930113273941369,3.2227529493642515,-60.0,-60.0,229.0,12972.0,mst,2.1953027756476775,1.9766368440225799,-11.916131715103631,-25.249131693546246,694.9960901715809,26,35122.65049235103,4,1.7625412652619623,5.218041874511848
0.0,0.0,3505.0,0.0,lst,5.821887462671887,1.2307800208757846,60.0,60.0,57.0,0.0,mst,5.634640841415177,2.9372203461285316,60.0,-60.0,640.0,0.0,mst,4.616539486554589,1.7237244390190756,-60.0,60.0,0.0,0.0,mst,0.2804601644898978,2.4535787908048725,-60.0,-60.0,199.0,0.0,mst,1.7876300582645588,0.6914000036783841,-26.084942820818767,-52.714490496394646,266.34614752161445,26,23319.784367802655,4,1.2888519978974529,3.3136821233454277
0.0,0.0,4666.0,102884.0,lst,6.129937585482927,1.0445784522935715,60.0,60.0,131.0,7664.0,mst,5.777466871043712,2.146769957329642,60.0,-60.0,676.0,21110.0,mst,4.887006283829342,1.0560807185444117,-60.0,60.0,324.0,8714.0,mst,0.36139266988410634,2.025551774743547,-60.0,-60.0,496.0,16360.0,mst,1.3168185334835274,0.7409244122458473,-10.945602026544833,-72.16860973637603,974.2509194730678,26,23855.486179277406,5,1.2951176410247542,6.077552741693254
