x 1,y 1,Count 1,Bkg Count 1,Telescope 1,Dangle 1,Altitude 1,x 2,y 2,Count 2,Bkg Count 2,Telescope 2,Dangle 2,Altitude 2,x 3,y 3,Count 3,Bkg Count 3,Telescope 3,Dangle 3,Altitude 3,x 4,y 4,Count 4,Bkg Count 4,Telescope 4,Dangle 4,Altitude 4,x 5,y 5,Count 5,Bkg Count 5,Telescope 5,Dangle 5,Altitude 5,True X,True Y,True Energy Per Nucleon,True Z,True Height,Detecions,Phi,Epsilon,Theta
0.0,0.0,1086.0,73669.0,lst,2.2471985281403812,0.7328732455807371,60.0,60.0,341.0,9031.0,mst,5.576861173034332,1.1435705947367845,60.0,-60.0,179.0,8255.0,mst,3.5743256477983416,1.9574483470308586,-60.0,60.0,46.0,6381.0,mst,1.1246231937500688,2.1380597332622533,-60.0,-60.0,0.0,7361.0,mst,2.3284548171819135,2.730722332478903,24.76191559648447,19.37131226810118,680.5119687123333,26,31126.168530775394,4,1.2462197772008459,5.417113110582676
0.0,0.0,2025.0,78301.0,lst,5.269491190058094,2.0516354592345145,60.0,60.0,0.0,6461.0,mst,5.378481082518133,4.275316974013341,60.0,-60.0,30.0,8825.0,mst,4.571937950468733,3.408703148800695,-60.0,60.0,53.0,10571.0,mst,6.233159579311318,2.6642030074318166,-60.0,-60.0,35.0,23937.0,mst,3.445505593236517,0.5438668369604835,-66.4396903228885,-40.34550767633266,812.1640188903664,26,33740.16664877134,4,1.65280876530148,0.7884474837782198
