x 1,y 1,Count 1,Bkg Count 1,Telescope 1,Dangle 1,Altitude 1,x 2,y 2,Count 2,Bkg Count 2,Telescope 2,Dangle 2,Altitude 2,x 3,y 3,Count 3,Bkg Count 3,Telescope 3,Dangle 3,Altitude 3,x 4,y 4,Count 4,Bkg Count 4,Telescope 4,Dangle 4,Altitude 4,x 5,y 5,Count 5,Bkg Count 5,Telescope 5,Dangle 5,Altitude 5,True X,True Y,True Energy Per Nucleon,True Z,True Height,Detecions,Phi,Epsilon,Theta
0.0,0.0,1390.0,93353.0,lst,0.5726924285047997,1.7283031335501047,60.0,60.0,82.0,11987.0,mst,6.291990076279977,2.3816946689525293,60.0,-60.0,234.0,40624.0,mst,6.287803248464613,0.5458015692780056,-60.0,60.0,0.0,9317.0,mst,0.651664227828756,2.983555567627282,-60.0,-60.0,332.0,17341.0,mst,1.2741254986736128,1.8826656401057786,59.388552921731474,-95.62544243082448,1295.8925757688903,26,23975.78640173879,4,1.4203087416886704,2.4583727355541147
0.0,0.0,7651.0,0.0,lst,5.752762062079232,1.3189256968114687,60.0,60.0,44.0,0.0,mst,5.60734245113759,2.7359194098389468,60.0,-60.0,1726.0,0.0,mst,4.749031764475838,1.6263038318770575,-60.0,60.0,0.0,0.0,mst,0.16351727112847575,2.305864305109712,-60.0,-60.0,55.0,0.0,mst,1.271326264406071,0.3972788137551605,-39.61152388066385,-66.03884707568717,374.87075120804525,26,24357.289567692733,4,1.2166686284974348,4.21111667890936
0.0,0.0,7918.0,0.0,lst,1.4335990986198155,1.5703885839234581,60.0,60.0,1160.0,0.0,mst,0.32167578101212,1.38401483333809,60.0,-60.0,415.0,0.0,mst,2.717910838598013,0.9982625431412744,-60.0,60.0,0.0,0.0,mst,1.0978532872209796,2.9470181641990085,-60.0,-60.0,29.0,0.0,mst,1.9180072188819541,2.7917012127871916,82.0779834734353,-11.611686475090323,376.8406251377592,26,24575.9141297273,4,1.5409356996747001,2.1421873589113685
0.0,0.0,2614.0,166408.0,lst,4.652719554431421,1.1168168459362386,60.0,60.0,0.0,12891.0,mst,5.175441509369445,2.5067139105397667,60.0,-60.0,64.0,11037.0,mst,4.229832630863941,2.524559361467268,-60.0,60.0,776.0,27273.0,mst,0.04086875052179248,1.1103403215768977,-60.0,-60.0,213.0,26949.0,mst,3.118119710868862,1.2003372610534546,-57.9577824546994,2.3861092258765666,1165.402256607327,26,29122.4055202605,4,1.6687168839826143,3.274388232844242
