x 1,y 1,Count 1,Bkg Count 1,Telescope 1,Dangle 1,Altitude 1,x 2,y 2,Count 2,Bkg Count 2,Telescope 2,Dangle 2,Altitude 2,x 3,y 3,Count 3,Bkg Count 3,Telescope 3,Dangle 3,Altitude 3,x 4,y 4,Count 4,Bkg Count 4,Telescope 4,Dangle 4,Altitude 4,x 5,y 5,Count 5,Bkg Count 5,Telescope 5,Dangle 5,Altitude 5,True X,True Y,True Energy Per Nucleon,True Z,True Height,Detecions,Phi,Epsilon,Theta
0.0,0.0,347.0,7259.0,lst,5.784358853475292,1.639224704959279,60.0,60.0,0.0,535.0,mst,5.663075585054471,3.0506707162127076,60.0,-60.0,428.0,1171.0,mst,4.940312867626016,1.8523247234313984,-60.0,60.0,47.0,592.0,mst,0.09931460161593783,2.4679260708293915,-60.0,-60.0,85.0,1849.0,mst,0.4771096092055153,0.46797659599989344,-47.059643975592394,-85.09862297549773,424.99398861098535,26,23780.38069285857,4,1.6403948965071782,4.105714352916384
0.0,0.0,3871.0,0.0,lst,0.02191666861295775,1.1547109020012107,60.0,60.0,0.0,0.0,mst,5.841750606177994,2.4849646266072347,60.0,-60.0,586.0,0.0,mst,4.759523862679262,1.058412691392493,-60.0,60.0,120.0,0.0,mst,0.4558205896784749,2.5369078320407015,-60.0,-60.0,583.0,0.0,mst,1.535571618825627,1.1254079920473787,1.7010608446216793,-62.794767630769016,355.5693939693969,26,24065.249084166135,4,1.7887585119218612,3.5549319849202043
