x 1,y 1,Count 1,Bkg Count 1,Telescope 1,Dangle 1,Altitude 1,x 2,y 2,Count 2,Bkg Count 2,Telescope 2,Dangle 2,Altitude 2,x 3,y 3,Count 3,Bkg Count 3,Telescope 3,Dangle 3,Altitude 3,x 4,y 4,Count 4,Bkg Count 4,Telescope 4,Dangle 4,Altitude 4,x 5,y 5,Count 5,Bkg Count 5,Telescope 5,Dangle 5,Altitude 5,True X,True Y,True Energy Per Nucleon,True Z,True Height,Detecions,Phi,Epsilon,Theta
0.0,0.0,479.0,49727.0,lst,2.5126985578289145,0.7211413952358022,60.0,60.0,126.0,5856.0,mst,5.445370212653306,2.1714252935433,60.0,-60.0,23.0,6179.0,mst,3.676367543100346,2.971342477039724,-60.0,60.0,0.0,7318.0,mst,1.0324539182688766,2.85705083490262,-60.0,-60.0,39.0,6563.0,mst,2.3635526210094713,3.486286077076415,12.868239102369785,17.695477353353397,603.7772368848842,26,34190.991257947084,4,1.7861964605575478,3.236659754624501
0.0,0.0,3546.0,132731.0,lst,0.01738967623275509,1.3832041368321697,60.0,60.0,33.0,11071.0,mst,5.826212089159311,2.9628344165011904,60.0,-60.0,636.0,26180.0,mst,4.812073391906072,1.2873048031841858,-60.0,60.0,0.0,11573.0,mst,0.4657985180573452,2.861071111441548,-60.0,-60.0,1049.0,24104.0,mst,1.4638622404206034,1.2263287768289888,1.27790744249819,-65.36622619010414,1168.140486601089,26,31537.07215846374,4,1.2731766198662071,2.003613343349878
0.0,0.0,0.0,0.0,lst,0.3837435419298791,None,60.0,60.0,356.0,0.0,mst,5.556660566932157,1.826145876997092,60.0,-60.0,1314.0,0.0,mst,3.9431587118917015,1.6536742620211298,-60.0,60.0,617.0,0.0,mst,0.7755562275224813,1.9015294216585041,-60.0,-60.0,616.0,0.0,mst,2.3181813902129327,1.6944146322777667,1.486869058842359,-3.771661730523988,294.5242359789064,26,24356.37960127675,4,1.8243052267739928,3.180550027386235
