x 1,y 1,Count 1,Bkg Count 1,Telescope 1,Dangle 1,Altitude 1,x 2,y 2,Count 2,Bkg Count 2,Telescope 2,Dangle 2,Altitude 2,x 3,y 3,Count 3,Bkg Count 3,Telescope 3,Dangle 3,Altitude 3,x 4,y 4,Count 4,Bkg Count 4,Telescope 4,Dangle 4,Altitude 4,x 5,y 5,Count 5,Bkg Count 5,Telescope 5,Dangle 5,Altitude 5,True X,True Y,True Energy Per Nucleon,True Z,True Height,Detecions,Phi,Epsilon,Theta
0.0,0.0,894.0,38.0,lst,2.1557453723198905,0.5802127986864987,60.0,60.0,375.0,0.0,mst,5.6160718277886765,0.9566923162747757,60.0,-60.0,1302.0,0.0,mst,3.529866407415274,1.5343166008098665,-60.0,60.0,971.0,0.0,mst,1.1311677177884485,1.7567812512145409,-60.0,-60.0,105.0,0.0,mst,2.3187884099967357,2.10990676921642,27.903142526875655,18.69735808461141,387.897619751378,26,24568.029498732256,5,1.7449516868133947,2.939780298213185
0.0,0.0,3929.0,19212.0,lst,1.872639797450546,1.2423613622743177,60.0,60.0,345.0,3710.0,mst,0.10877750488656782,0.7247539404418182,60.0,-60.0,992.0,2831.0,mst,3.0859873214280262,1.450856567478539,-60.0,60.0,171.0,1572.0,mst,1.2433168910944141,2.364953663616515,-60.0,-60.0,0.0,1774.0,mst,2.127503826746376,2.6766885091119557,64.98176722959926,20.64942307854193,475.68119289883657,26,25446.956037220592,4,1.497937085792377,2.638276794057536
0.0,0.0,883.0,0.0,lst,0.23139748116976078,2.007636232229295,60.0,60.0,32.0,0.0,mst,6.04246246408449,3.2843941843907833,60.0,-60.0,453.0,0.0,mst,5.40175745658115,1.0007103185741946,-60.0,60.0,0.0,0.0,mst,0.5122375245481178,3.7044690485752976,-60.0,-60.0,358.0,0.0,mst,1.2052230743989556,1.9166387916184062,22.62268623556656,-90.1933442348959,244.41295617314984,26,22930.03779892634,4,1.8390203626732935,4.478379442383539
0.0,0.0,2910.0,109764.0,lst,1.4656037649873446,0.8671067833371054,60.0,60.0,734.0,16862.0,mst,6.186971763327412,1.0342515757481678,60.0,-60.0,587.0,20119.0,mst,3.275589180929438,0.8860148378539893,-60.0,60.0,471.0,7882.0,mst,1.0421195072853302,2.0584945338466363,-60.0,-60.0,78.0,8731.0,mst,2.0352483526777845,2.0033266360820727,52.64789252556426,-5.8845322762633145,902.4992395041526,26,24806.064667159877,5,1.3737445645960915,5.630979879180535
