x 1,y 1,Count 1,Bkg Count 1,Telescope 1,Dangle 1,Altitude 1,x 2,y 2,Count 2,Bkg Count 2,Telescope 2,Dangle 2,Altitude 2,x 3,y 3,Count 3,Bkg Count 3,Telescope 3,Dangle 3,Altitude 3,x 4,y 4,Count 4,Bkg Count 4,Telescope 4,Dangle 4,Altitude 4,x 5,y 5,Count 5,Bkg Count 5,Telescope 5,Dangle 5,Altitude 5,True X,True Y,True Energy Per Nucleon,True Z,True Height,Detecions,Phi,Epsilon,Theta
0.0,0.0,1178.0,78274.0,lst,5.775926867059531,0.9921450071963701,60.0,60.0,37.0,6757.0,mst,5.598687320797341,2.7359090975085443,60.0,-60.0,0.0,12601.0,mst,4.488328457903016,1.7688947286387957,-60.0,60.0,88.0,9837.0,mst,0.3697541843674213,2.361562502298596,-60.0,-60.0,202.0,17865.0,mst,2.060640857096468,0.9322922640805614,-22.686755147713,-40.66526128834059,808.7372290386141,26,31287.254065930247,4,1.281087542505341,4.660320813153501
0.0,0.0,2778.0,0.0,lst,1.617436518284379,0.852780938031345,60.0,60.0,900.0,0.0,mst,6.02760116771895,1.143513853499353,60.0,-60.0,351.0,0.0,mst,3.373295944113422,1.2149201065127158,-60.0,60.0,147.0,0.0,mst,1.0524784754693217,2.2869797420666877,-60.0,-60.0,83.0,0.0,mst,2.1035420376017946,2.3186050101303253,45.0682813912166,1.8006805683525045,342.19015776908066,26,24415.695064487096,5,1.4120907061572399,0.5762759934344501
