x 1,y 1,Count 1,Bkg Count 1,Telescope 1,Dangle 1,Altitude 1,x 2,y 2,Count 2,Bkg Count 2,Telescope 2,Dangle 2,Altitude 2,x 3,y 3,Count 3,Bkg Count 3,Telescope 3,Dangle 3,Altitude 3,x 4,y 4,Count 4,Bkg Count 4,Telescope 4,Dangle 4,Altitude 4,x 5,y 5,Count 5,Bkg Count 5,Telescope 5,Dangle 5,Altitude 5,True X,True Y,True Energy Per Nucleon,True Z,True Height,Detecions,Phi,Epsilon,Theta
0.0,0.0,6343.0,48106.0,lst,2.7805759993148347,1.4092359437364916,60.0,60.0,230.0,13556.0,mst,4.354742765174967,0.5932356008914671,60.0,-60.0,0.0,7209.0,mst,3.380044623463775,2.3852897140208347,-60.0,60.0,1525.0,8189.0,mst,1.7125973323027202,1.7016197772457,-60.0,-60.0,32.0,5074.0,mst,2.5480843090698295,2.9283353654293607,28.053061504096007,72.27575931637423,735.2917816318893,26,28220.600413178177,4,1.2364353802554273,4.373796292125033
0.0,0.0,7821.0,0.0,lst,4.628813800057777,1.1094719429242017,60.0,60.0,467.0,0.0,mst,5.078209411969088,2.0856798671765135,60.0,-60.0,198.0,0.0,mst,4.2796559107908365,2.1442763146111985,-60.0,60.0,549.0,0.0,mst,5.910750520467173,0.8183104086570954,-60.0,-60.0,923.0,0.0,mst,3.465390247697699,0.9701962969043946,-82.25117619010908,6.210471023030436,359.00468186988576,26,20913.0580995513,5,1.2784146104418035,4.757288755846231
0.0,0.0,2813.0,101078.0,lst,2.8570540458841314,0.9578678758820073,60.0,60.0,347.0,15641.0,mst,4.976229027998807,1.0431894647321387,60.0,-60.0,56.0,13914.0,mst,3.5491706635893814,2.3558736273020195,-60.0,60.0,849.0,16880.0,mst,1.3968798717049933,1.4524166650832864,-60.0,-60.0,53.0,10659.0,mst,2.5487828733771245,2.503875644247029,13.578464831647267,47.27001758849306,932.8374371991712,26,31218.777044204264,5,1.93333366016607,2.1482568469589656
