x 1,y 1,Count 1,Bkg Count 1,Telescope 1,Dangle 1,Altitude 1,x 2,y 2,Count 2,Bkg Count 2,Telescope 2,Dangle 2,Altitude 2,x 3,y 3,Count 3,Bkg Count 3,Telescope 3,Dangle 3,Altitude 3,x 4,y 4,Count 4,Bkg Count 4,Telescope 4,Dangle 4,Altitude 4,x 5,y 5,Count 5,Bkg Count 5,Telescope 5,Dangle 5,Altitude 5,True X,True Y,True Energy Per Nucleon,True Z,True Height,Detecions,Phi,Epsilon,Theta
0.0,0.0,7193.0,0.0,lst,1.4477597274903642,1.3695196806454137,60.0,60.0,1345.0,0.0,mst,0.4957028881596476,1.1855137760899797,60.0,-60.0,554.0,0.0,mst,2.4562297252766743,0.829068170397791,-60.0,60.0,0.0,0.0,mst,1.1355498215568343,2.449176608526489,-60.0,-60.0,123.0,0.0,mst,1.8558737254100852,2.2854321583949817,99.01148337314214,-12.832996383809245,363.42055665690157,26,21272.407172868174,4,1.2741276979060847,1.9773896255596184
0.0,0.0,12616.0,152255.0,lst,4.896480592274972,1.6270685371836104,60.0,60.0,0.0,14814.0,mst,5.162338607903176,2.7488486380107084,60.0,-60.0,26.0,14390.0,mst,4.481382347725488,2.5225426742795776,-60.0,60.0,904.0,28121.0,mst,5.739567805899597,1.41691724737136,-60.0,-60.0,680.0,55470.0,mst,4.074719713926409,0.9335451096640508,-110.55800563307544,-22.197545566937492,3404.9949218367533,26,24517.6599006889,4,1.8323258659474593,4.9993924285652325
0.0,0.0,8154.0,12419.0,lst,5.88478019145275,1.8136621176357073,60.0,60.0,0.0,1285.0,mst,5.6936903031088315,3.175199359307154,60.0,-60.0,325.0,1886.0,mst,5.0472613415898975,1.8408209515769085,-60.0,60.0,36.0,1353.0,mst,0.09616639852391412,2.7091225130595906,-60.0,-60.0,266.0,4221.0,mst,0.4566272233923893,0.7020806772180945,-41.68668984314529,-97.1007941823213,470.49769163758117,26,24307.78670099965,4,1.6228245917025226,3.77456093509493
0.0,0.0,4785.0,0.0,lst,2.930125967175801,1.4537578057082534,60.0,60.0,307.0,0.0,mst,4.365803698242475,0.8308786690219709,60.0,-60.0,60.0,0.0,mst,3.4360746406995295,2.623863341652576,-60.0,60.0,1286.0,0.0,mst,1.793585288791222,1.4882070401306027,-60.0,-60.0,35.0,0.0,mst,2.6108797870747233,2.9608013686437076,16.30407075136202,76.16107013084465,268.37917940802157,26,22626.014165383305,5,1.3235396510823976,4.795785654054989
