x 1,y 1,Count 1,Telescope 1,Dangle 1,Altitude 1,x 2,y 2,Count 2,Telescope 2,Dangle 2,Altitude 2,x 3,y 3,Count 3,Telescope 3,Dangle 3,Altitude 3,x 4,y 4,Count 4,Telescope 4,Dangle 4,Altitude 4,x 5,y 5,Count 5,Telescope 5,Dangle 5,Altitude 5,True X,True Y,True Energy Per Nucleon,True Z,True Height,Detecions,Phi,Epsilon,Theta
0.0,0.0,3080.798043304369,lst,4.582314711425626,0.5247572931295019,60.0,60.0,1017.027736877784,mst,5.231408517569907,1.5482086351419744,60.0,-60.0,383.9616224709956,mst,4.116311798793147,1.6264446647823367,-60.0,60.0,741.402074116472,mst,0.41125130236659857,0.8525661218687384,-60.0,-60.0,780.832420025318,mst,2.7873503103449093,0.9594335340557635,-36.583120644819516,4.6014762001646545,1133.6176821984336,26,21825.890878201048,4,1.5175191180018321,2.697076332217284
0.0,0.0,933.154311283672,lst,0.7310950511774307,0.2728320152402817,60.0,60.0,964.4283117895524,mst,5.697450147415273,1.2820737487047629,60.0,-60.0,584.0210063690802,mst,3.9458601180571784,1.0116479291400962,-60.0,60.0,836.5695139902115,mst,0.794141247360368,1.5600599225563547,-60.0,-60.0,944.5344043995153,mst,2.1336720835726877,1.3688405587130121,11.437205907147899,-12.99396006739093,283.47272388012135,26,20757.42868345091,4,1.863866133134515,5.2209455169467995
