x 1,y 1,Count 1,Bkg Count 1,Telescope 1,Dangle 1,Altitude 1,x 2,y 2,Count 2,Bkg Count 2,Telescope 2,Dangle 2,Altitude 2,x 3,y 3,Count 3,Bkg Count 3,Telescope 3,Dangle 3,Altitude 3,x 4,y 4,Count 4,Bkg Count 4,Telescope 4,Dangle 4,Altitude 4,x 5,y 5,Count 5,Bkg Count 5,Telescope 5,Dangle 5,Altitude 5,True X,True Y,True Energy Per Nucleon,True Z,True Height,Detecions,Phi,Epsilon,Theta
0.0,0.0,3369.0,89967.0,lst,3.249003508566426,0.6802428537892872,60.0,60.0,458.0,10591.0,mst,4.873219056547382,0.9203955361308365,60.0,-60.0,336.0,7197.0,mst,3.6836852322923304,1.7683747623786048,-60.0,60.0,715.0,12448.0,mst,1.3783899712881906,0.7198257031333336,-60.0,-60.0,2560.0,7527.0,mst,2.686856151089361,1.652266302398815,-5.409342168558226,49.86537477266933,699.612282784279,26,20958.712364471052,5,1.8157882758930635,0.9655894491856698
0.0,0.0,4668.0,10449.0,lst,2.6697588586257566,0.977316741839408,60.0,60.0,99.0,2770.0,mst,4.731181039556488,0.44024618737455834,60.0,-60.0,139.0,1053.0,mst,3.371228264721283,1.806191305236846,-60.0,60.0,1535.0,1682.0,mst,1.5901643988221257,1.3181401448553984,-60.0,-60.0,373.0,1267.0,mst,2.4804342605849663,2.1828405890817413,30.882655134183068,59.71739781700265,450.6936725014771,26,21378.024568049655,5,1.5051314078635532,2.9601254973864894
0.0,0.0,2590.0,3113.0,lst,0.46563502155892633,0.7868429120949733,60.0,60.0,2465.0,591.0,mst,5.964231599548687,1.6320328854121924,60.0,-60.0,209.0,737.0,mst,4.359046520729604,0.5859224783941215,-60.0,60.0,0.0,385.0,mst,0.6693870446946124,1.9831137825824035,-60.0,-60.0,697.0,545.0,mst,1.7369939770377822,1.2765211792997955,23.67717764534231,-45.94941370410271,407.2645040163632,26,21648.795670196338,4,1.4056148435708793,5.481224957815346
0.0,0.0,719.0,94933.0,lst,4.346005675024339,0.5900236692306173,60.0,60.0,246.0,9576.0,mst,5.2338288042676195,2.118580416233548,60.0,-60.0,28.0,8459.0,mst,4.036595467664961,2.276197172306228,-60.0,60.0,547.0,10551.0,mst,0.6037711876977112,1.2482577660552423,-60.0,-60.0,963.0,7767.0,mst,2.7051000839716512,1.4959390309279141,-27.619094365960265,10.444731933517858,705.6522130051761,26,29787.348593195074,5,1.2540856613163496,2.799474911129516
