x 1,y 1,Count 1,Bkg Count 1,Telescope 1,Dangle 1,Altitude 1,x 2,y 2,Count 2,Bkg Count 2,Telescope 2,Dangle 2,Altitude 2,x 3,y 3,Count 3,Bkg Count 3,Telescope 3,Dangle 3,Altitude 3,x 4,y 4,Count 4,Bkg Count 4,Telescope 4,Dangle 4,Altitude 4,x 5,y 5,Count 5,Bkg Count 5,Telescope 5,Dangle 5,Altitude 5,True X,True Y,True Energy Per Nucleon,True Z,True Height,Detecions,Phi,Epsilon,Theta
0.0,0.0,116.0,0.0,lst,4.493419211671877,0.5323687871673192,60.0,60.0,128.0,0.0,mst,5.329027663707243,2.6186788128594087,60.0,-60.0,0.0,0.0,mst,4.005065258178215,2.7600693509294545,-60.0,60.0,323.0,0.0,mst,0.6383975268962803,1.9541633652502686,-60.0,-60.0,35.0,0.0,mst,2.5772817302774964,2.1038618873908197,-18.936149898474383,4.108067166977378,277.14055431132317,26,25625.077546840464,4,1.7866126237914859,4.566189275207476
0.0,0.0,1048.0,86773.0,lst,4.136175232222259,1.0192942250515842,60.0,60.0,58.0,12698.0,mst,5.1162832865381835,2.5865384193683396,60.0,-60.0,0.0,8893.0,mst,3.989216387113401,3.1692303402399498,-60.0,60.0,241.0,18562.0,mst,0.5988633831445518,1.2377137987027576,-60.0,-60.0,39.0,11423.0,mst,2.8337761481163453,2.1860805968871073,-32.755334633603084,21.37939176985722,810.5272985080115,26,33317.507311229056,4,1.6873753884586138,2.786792336041644
0.0,0.0,3152.0,117589.0,lst,1.377616393307315,1.279745380822144,60.0,60.0,1125.0,24571.0,mst,0.2801330759282922,1.2233048239705062,60.0,-60.0,531.0,24276.0,mst,2.6765172157735426,0.7665716754720399,-60.0,60.0,143.0,10597.0,mst,1.0811092781077785,2.477377203206274,-60.0,-60.0,134.0,9410.0,mst,1.8710223571039128,2.2954020745506494,81.7651159476587,-16.8559431478933,1149.6891016308623,26,24802.10149884474,5,1.379710378086504,0.6542895628050561
0.0,0.0,3526.0,136365.0,lst,2.5340201799705526,1.1385482415865955,60.0,60.0,0.0,37172.0,mst,4.449189471775619,None,60.0,-60.0,553.0,14192.0,mst,3.279643242193115,1.8405951291834108,-60.0,60.0,1686.0,16499.0,mst,1.6040047529383594,1.5576565802033344,-60.0,-60.0,82.0,7383.0,mst,2.436554037818278,2.405242183971384,44.45846023416664,64.07546695281624,1079.4800659108544,26,23425.854755226774,4,1.7217303877362153,2.916838558322586
