x 1,y 1,Count 1,Bkg Count 1,Telescope 1,Dangle 1,Altitude 1,x 2,y 2,Count 2,Bkg Count 2,Telescope 2,Dangle 2,Altitude 2,x 3,y 3,Count 3,Bkg Count 3,Telescope 3,Dangle 3,Altitude 3,x 4,y 4,Count 4,Bkg Count 4,Telescope 4,Dangle 4,Altitude 4,x 5,y 5,Count 5,Bkg Count 5,Telescope 5,Dangle 5,Altitude 5,True X,True Y,True Energy Per Nucleon,True Z,True Height,Detecions,Phi,Epsilon,Theta
0.0,0.0,5895.0,6688.0,lst,2.2671408579694616,1.3730107423766542,60.0,60.0,0.0,3017.0,mst,0.9403279952684235,None,60.0,-60.0,511.0,1297.0,mst,3.080873064915168,1.9276346557407165,-60.0,60.0,534.0,1133.0,mst,1.5515929673703495,2.000951639322419,-60.0,-60.0,47.0,753.0,mst,2.3109439517801524,2.7247515409026977,64.67758656507033,56.63876265157634,438.3784514612144,26,25301.14570182583,4,1.9546119802516817,2.0491471657980806
0.0,0.0,977.0,108982.0,lst,4.612595826560291,0.8197373237186738,60.0,60.0,36.0,11694.0,mst,5.275068787323963,2.8058813077689733,60.0,-60.0,37.0,9625.0,mst,4.1126660310543235,2.908703743110635,-60.0,60.0,0.0,19928.0,mst,0.484741419029537,1.6827092487645738,-60.0,-60.0,69.0,18035.0,mst,2.6979263639544433,1.851321695206848,-31.24801736283358,2.974211942050829,899.3741472377261,26,34240.1225523275,4,1.7269795706918099,5.718097863806302
