x 1,y 1,Count 1,Bkg Count 1,Telescope 1,Dangle 1,Altitude 1,x 2,y 2,Count 2,Bkg Count 2,Telescope 2,Dangle 2,Altitude 2,x 3,y 3,Count 3,Bkg Count 3,Telescope 3,Dangle 3,Altitude 3,x 4,y 4,Count 4,Bkg Count 4,Telescope 4,Dangle 4,Altitude 4,x 5,y 5,Count 5,Bkg Count 5,Telescope 5,Dangle 5,Altitude 5,True X,True Y,True Energy Per Nucleon,True Z,True Height,Detecions,Phi,Epsilon,Theta
0.0,0.0,371.0,589630.0,lst,5.459636669899751,0.6038598693846227,60.0,60.0,36.0,39676.0,mst,5.497426414597187,3.063067894825655,60.0,-60.0,0.0,46141.0,mst,4.163207633822195,2.547446914716742,-60.0,60.0,69.0,46977.0,mst,0.5507855270374108,2.486264022906957,-60.0,-60.0,567.0,90443.0,mst,2.3840645506969516,1.8425518243412824,-15.390248734013255,-13.951549362060433,3464.679684772376,26,39018.1567467098,4,1.5092461370134844,5.320817783161108
0.0,0.0,1702.0,224549.0,lst,3.619557215884404,0.957761187367103,60.0,60.0,3213.0,30541.0,mst,4.899788329583825,1.5839186284827422,60.0,-60.0,81.0,18520.0,mst,3.8102726582753417,2.506204547434317,-60.0,60.0,187.0,49845.0,mst,1.1564661616466119,0.7280010540344186,-60.0,-60.0,104.0,31359.0,mst,2.804396189248732,2.0905574916183354,-23.167636904115213,44.80105948555695,1781.129130731866,26,29290.139512284124,5,1.6939639633009786,5.889546176716029
0.0,0.0,1886.0,127631.0,lst,3.1081926578044055,0.9113806178116737,60.0,60.0,769.0,26889.0,mst,5.010138959165159,1.1808243738121833,60.0,-60.0,160.0,11762.0,mst,3.6696343309214767,2.448108109784406,-60.0,60.0,713.0,20481.0,mst,1.302025945522034,1.349468728495503,-60.0,-60.0,0.0,16595.0,mst,2.598469768218402,2.5872278383089893,1.4680957619062838,42.891653865534494,1211.3609691964184,26,31704.6806005461,4,1.9154974662630804,5.445742288058979
