x 1,y 1,Count 1,Bkg Count 1,Telescope 1,Dangle 1,Altitude 1,x 2,y 2,Count 2,Bkg Count 2,Telescope 2,Dangle 2,Altitude 2,x 3,y 3,Count 3,Bkg Count 3,Telescope 3,Dangle 3,Altitude 3,x 4,y 4,Count 4,Bkg Count 4,Telescope 4,Dangle 4,Altitude 4,x 5,y 5,Count 5,Bkg Count 5,Telescope 5,Dangle 5,Altitude 5,True X,True Y,True Energy Per Nucleon,True Z,True Height,Detecions,Phi,Epsilon,Theta
0.0,0.0,216.0,83278.0,lst,0.7139468265782971,2.127264545779206,60.0,60.0,26.0,8586.0,mst,0.08748337105545193,2.9408317557816903,60.0,-60.0,52.0,40590.0,mst,0.5385664953014894,0.4375449951588734,-60.0,60.0,0.0,8532.0,mst,0.7387066919708565,3.805283353692675,-60.0,-60.0,108.0,15321.0,mst,1.4390129438514303,2.5550930404227365,71.44634520894803,-79.03994685076374,1284.0392816119383,26,32287.402146010383,4,1.952717685961423,1.7353223843370487
0.0,0.0,5373.0,0.0,lst,3.4992988405104253,1.3310446376147387,60.0,60.0,1070.0,0.0,mst,4.646785505023064,1.5232044818413946,60.0,-60.0,0.0,0.0,mst,3.7090223378382814,2.7997006395942807,-60.0,60.0,135.0,0.0,mst,1.8143365736003794,0.6871703101933256,-60.0,-60.0,105.0,0.0,mst,2.889822639898561,2.5054507811155506,-25.313144565962602,67.65656660234706,318.75062018029894,26,24187.876258015454,4,1.262848595610344,4.538350861750188
0.0,0.0,1951.0,88612.0,lst,1.1795013144842132,0.8064272599109584,60.0,60.0,812.0,10010.0,mst,6.003781874882439,1.4990953613996645,60.0,-60.0,112.0,16559.0,mst,3.6049099259455852,0.9779517930091208,-60.0,60.0,0.0,6499.0,mst,0.902563540069956,2.3818595440118973,-60.0,-60.0,653.0,9474.0,mst,1.985348475735826,2.1232738839295813,38.16677995507689,-15.248667979427665,769.0448692132225,26,28877.243681613396,4,1.7792047529869432,5.910115463502042
0.0,0.0,1451.0,0.0,lst,4.233617879856366,1.1681375778846361,60.0,60.0,29.0,0.0,mst,5.098559854879535,2.8201837102679232,60.0,-60.0,0.0,0.0,mst,4.029736308095549,3.3559560161225184,-60.0,60.0,323.0,0.0,mst,0.4795832590595132,1.224631108919154,-60.0,-60.0,355.0,0.0,mst,2.8828459400401254,2.189984667172824,-38.66739832003874,19.75503547494887,239.31988731960274,26,23817.99718265695,4,1.6208926299361768,5.868804933963946
