x 1,y 1,Count 1,Bkg Count 1,Telescope 1,Dangle 1,Altitude 1,x 2,y 2,Count 2,Bkg Count 2,Telescope 2,Dangle 2,Altitude 2,x 3,y 3,Count 3,Bkg Count 3,Telescope 3,Dangle 3,Altitude 3,x 4,y 4,Count 4,Bkg Count 4,Telescope 4,Dangle 4,Altitude 4,x 5,y 5,Count 5,Bkg Count 5,Telescope 5,Dangle 5,Altitude 5,True X,True Y,True Energy Per Nucleon,True Z,True Height,Detecions,Phi,Epsilon,Theta
0.0,0.0,4069.0,0.0,lst,4.397881313807797,1.3214595006624215,60.0,60.0,54.0,0.0,mst,5.067008248467541,2.7454879764169076,60.0,-60.0,0.0,0.0,mst,4.0988599736497555,3.174085039024499,-60.0,60.0,228.0,0.0,mst,0.06923435434562997,0.9456741889423005,-60.0,-60.0,477.0,0.0,mst,3.101086899372892,1.8342292793261488,-56.44239533857653,17.863365160967703,261.75404669677937,26,23986.082661124627,4,1.3049497423588174,5.785378709619159
0.0,0.0,1329.0,342371.0,lst,5.769352752591165,0.672667215979758,60.0,60.0,22.0,30546.0,mst,5.549064525296758,2.2840371324056754,60.0,-60.0,1694.0,37477.0,mst,4.358943771860171,1.6200329346169027,-60.0,60.0,463.0,40055.0,mst,0.44278746112719125,1.8825222411351374,-60.0,-60.0,414.0,58867.0,mst,2.172830161916471,0.9751252468586173,-18.01955893854037,-31.12706535660618,2099.824069560076,26,30090.564001101313,5,1.3589632098479516,0.23466670661935532
