x 1,y 1,Count 1,Bkg Count 1,Telescope 1,Dangle 1,Altitude 1,x 2,y 2,Count 2,Bkg Count 2,Telescope 2,Dangle 2,Altitude 2,x 3,y 3,Count 3,Bkg Count 3,Telescope 3,Dangle 3,Altitude 3,x 4,y 4,Count 4,Bkg Count 4,Telescope 4,Dangle 4,Altitude 4,x 5,y 5,Count 5,Bkg Count 5,Telescope 5,Dangle 5,Altitude 5,True X,True Y,True Energy Per Nucleon,True Z,True Height,Detecions,Phi,Epsilon,Theta
0.0,0.0,247.0,15365.0,lst,5.755091154947316,0.6598733686497084,60.0,60.0,0.0,1515.0,mst,5.549708268896029,3.0982119241848856,60.0,-60.0,188.0,2018.0,mst,4.196923356806101,2.2739324881965266,-60.0,60.0,93.0,1447.0,mst,0.5470968337166747,2.7472945607639905,-60.0,-60.0,467.0,1952.0,mst,2.277391152889699,1.804198526678574,-11.788269549620964,-19.868539909734523,447.1281895756917,26,30386.608512286824,4,1.3287839230118417,3.950776432489337
0.0,0.0,2148.0,0.0,lst,2.639321652089931,1.4069208143564882,60.0,60.0,161.0,0.0,mst,4.954253560831147,0.7823076182176086,60.0,-60.0,60.0,0.0,mst,3.415653113491118,2.805792831855452,-60.0,60.0,302.0,0.0,mst,1.481354378765392,2.0834675838728653,-60.0,-60.0,0.0,0.0,mst,2.47597181496374,3.3532407436189264,28.525349111746294,51.912435267603314,286.1655203600461,26,24971.9823091094,4,1.774685867759894,1.4904749646351918
0.0,0.0,2432.0,208218.0,lst,5.004775744215953,1.2390003211162923,60.0,60.0,0.0,16322.0,mst,5.31148067955807,3.1379943422617926,60.0,-60.0,94.0,16308.0,mst,4.321141760891369,2.699777115856559,-60.0,60.0,278.0,32741.0,mst,0.12037152002090201,1.7265634617431482,-60.0,-60.0,302.0,37179.0,mst,2.95373047045686,0.9274984355005772,-51.47068392693845,-15.500025153523097,1415.5415940970622,26,33392.410877812144,4,1.1874422240771074,2.2641199708547153
