x 1,y 1,Count 1,Bkg Count 1,Telescope 1,Dangle 1,Altitude 1,x 2,y 2,Count 2,Bkg Count 2,Telescope 2,Dangle 2,Altitude 2,x 3,y 3,Count 3,Bkg Count 3,Telescope 3,Dangle 3,Altitude 3,x 4,y 4,Count 4,Bkg Count 4,Telescope 4,Dangle 4,Altitude 4,x 5,y 5,Count 5,Bkg Count 5,Telescope 5,Dangle 5,Altitude 5,True X,True Y,True Energy Per Nucleon,True Z,True Height,Detecions,Phi,Epsilon,Theta
0.0,0.0,11552.0,105400.0,lst,3.60596911547986,1.580595614047325,60.0,60.0,2807.0,21327.0,mst,4.316537357772399,1.7077373199741277,60.0,-60.0,0.0,7589.0,mst,3.717471708121734,2.683988738786352,-60.0,60.0,241.0,49883.0,mst,3.001885021025681,0.6217659260276469,-60.0,-60.0,214.0,12580.0,mst,3.1021176857889974,2.1717793488611474,-53.5591562739513,106.83819498495518,1772.8802565861436,26,23457.651709733174,4,1.2093730468401587,2.8326308890392453
0.0,0.0,675.0,33757.0,lst,4.406129556341483,0.8084015276951079,60.0,60.0,76.0,2962.0,mst,5.152393414744221,2.2791913347678743,60.0,-60.0,39.0,2262.0,mst,4.059041507511202,2.5374935715697573,-60.0,60.0,514.0,4314.0,mst,0.4696436942446524,1.054903700746111,-60.0,-60.0,782.0,4015.0,mst,2.8109000086058313,1.4928530545560572,-35.78067159107094,11.514757259297454,515.175464853752,26,28225.706875137374,5,1.932862953124373,1.4788723448644312
