x 1,y 1,Count 1,Bkg Count 1,Telescope 1,Dangle 1,Altitude 1,x 2,y 2,Count 2,Bkg Count 2,Telescope 2,Dangle 2,Altitude 2,x 3,y 3,Count 3,Bkg Count 3,Telescope 3,Dangle 3,Altitude 3,x 4,y 4,Count 4,Bkg Count 4,Telescope 4,Dangle 4,Altitude 4,x 5,y 5,Count 5,Bkg Count 5,Telescope 5,Dangle 5,Altitude 5,True X,True Y,True Energy Per Nucleon,True Z,True Height,Detecions,Phi,Epsilon,Theta
0.0,0.0,1961.0,34714.0,lst,2.5946785486350743,1.1136294857624969,60.0,60.0,161.0,8299.0,mst,5.208299429057286,0.8472535539569439,60.0,-60.0,98.0,4157.0,mst,3.4668221946966318,2.3521429212021734,-60.0,60.0,225.0,5352.0,mst,1.3503215026464246,2.057854295597135,-60.0,-60.0,0.0,3340.0,mst,2.4376184680842776,3.0778065206990908,25.345003165467688,41.412793104778245,571.3994507901235,26,30050.160213356456,4,1.2488644550900603,4.772120437436619
0.0,0.0,4431.0,21238.0,lst,5.682013969310175,1.180089194201239,60.0,60.0,47.0,2206.0,mst,5.584256769143932,2.5764688044002693,60.0,-60.0,1391.0,3754.0,mst,4.693713127012316,1.653759270244871,-60.0,60.0,747.0,2503.0,mst,0.15961608077620834,1.9750182035467831,-60.0,-60.0,0.0,6972.0,mst,1.6065675609255081,0.31679729557505526,-41.02492550411648,-59.222800346629356,513.7124427544628,26,24049.01951133611,4,1.4080904471344668,2.9428237203319587
0.0,0.0,2737.0,104619.0,lst,6.0645796507764835,1.197390970086422,60.0,60.0,39.0,6501.0,mst,5.729692004568383,2.6525784235706675,60.0,-60.0,792.0,11985.0,mst,4.7620050604927675,1.3802356412153263,-60.0,60.0,0.0,7985.0,mst,0.3721350426347244,2.4445641298832372,-60.0,-60.0,314.0,17667.0,mst,1.4851200345297675,0.8597424952542377,-14.513170488828479,-63.91685086438048,840.8074379317633,26,27960.21508553793,4,1.7014016734135236,5.4756069329795976
0.0,0.0,1770.0,31119.0,lst,3.2490248104940322,1.0922412662039915,60.0,60.0,840.0,8234.0,mst,4.984934899806765,1.6029629733025879,60.0,-60.0,0.0,3358.0,mst,3.6820267866056127,2.9863331398924737,-60.0,60.0,683.0,6143.0,mst,1.2603401709437785,1.5627299853265226,-60.0,-60.0,39.0,3399.0,mst,2.6375441111073674,3.0477455191211034,-4.372692351617047,42.32581400017281,575.0699019072293,26,31605.44448266472,4,1.2577743270019863,4.697588512259529
