x 1,y 1,Count 1,Bkg Count 1,Telescope 1,Dangle 1,Altitude 1,x 2,y 2,Count 2,Bkg Count 2,Telescope 2,Dangle 2,Altitude 2,x 3,y 3,Count 3,Bkg Count 3,Telescope 3,Dangle 3,Altitude 3,x 4,y 4,Count 4,Bkg Count 4,Telescope 4,Dangle 4,Altitude 4,x 5,y 5,Count 5,Bkg Count 5,Telescope 5,Dangle 5,Altitude 5,True X,True Y,True Energy Per Nucleon,True Z,True Height,Detecions,Phi,Epsilon,Theta
0.0,0.0,1378.0,25571.0,lst,5.2483841288803585,1.0391620906522907,60.0,60.0,0.0,2587.0,mst,5.400313663277672,3.037568020702009,60.0,-60.0,41.0,2712.0,mst,4.3316538040787504,2.4525072078036505,-60.0,60.0,109.0,4060.0,mst,0.27081189610259987,2.0336601514046153,-60.0,-60.0,339.0,5396.0,mst,2.570409557109202,1.0345024212314122,-36.48782665069649,-22.748034587454043,509.80856150406305,26,29556.495447234105,4,1.4455050526934001,2.0621231684358423
0.0,0.0,2138.0,166266.0,lst,4.425856509487677,1.1650605023441674,60.0,60.0,73.0,18619.0,mst,5.079308653800636,2.567674150550422,60.0,-60.0,48.0,13000.0,mst,4.125141434496862,2.9022727128941748,-60.0,60.0,316.0,40894.0,mst,0.14841450908501308,0.8995134219779762,-60.0,-60.0,207.0,21309.0,mst,3.041856869824436,1.5854148957595806,-52.995676728465384,16.336938746640584,1418.153020063385,26,31601.619026269997,5,1.7559995568777411,1.51566454432797
