x 1,y 1,Count 1,Bkg Count 1,Telescope 1,Dangle 1,Altitude 1,x 2,y 2,Count 2,Bkg Count 2,Telescope 2,Dangle 2,Altitude 2,x 3,y 3,Count 3,Bkg Count 3,Telescope 3,Dangle 3,Altitude 3,x 4,y 4,Count 4,Bkg Count 4,Telescope 4,Dangle 4,Altitude 4,x 5,y 5,Count 5,Bkg Count 5,Telescope 5,Dangle 5,Altitude 5,True X,True Y,True Energy Per Nucleon,True Z,True Height,Detecions,Phi,Epsilon,Theta
0.0,0.0,2453.0,0.0,lst,4.403585207623974,0.8732256184840748,60.0,60.0,393.0,0.0,mst,5.094527316628175,2.0249554932587057,60.0,-60.0,0.0,0.0,mst,4.097597901925745,2.2672454656141108,-60.0,60.0,108.0,0.0,mst,0.23664269283968337,0.7940134531553831,-60.0,-60.0,876.0,0.0,mst,2.982220068219179,1.2981944590501562,-48.96456511946438,15.163201998342657,249.38214191092726,26,20952.818332398907,4,1.5484389656790076,1.433458294504045
0.0,0.0,1143.0,55961.0,lst,1.0022266215794469,1.0103786630700864,60.0,60.0,223.0,7972.0,mst,5.893608898429098,2.562294691624162,60.0,-60.0,822.0,15010.0,mst,3.7789500447330817,1.5809676967183754,-60.0,60.0,0.0,7566.0,mst,0.8268574082170129,3.5512404713189363,-60.0,-60.0,32.0,10545.0,mst,2.0091205897548727,2.919169111409696,28.306554151484193,-18.32817294473591,809.4039656853724,26,35267.35570493699,4,1.6820700438401919,2.309875137275035
