x 1,y 1,Count 1,Bkg Count 1,Telescope 1,Dangle 1,Altitude 1,x 2,y 2,Count 2,Bkg Count 2,Telescope 2,Dangle 2,Altitude 2,x 3,y 3,Count 3,Bkg Count 3,Telescope 3,Dangle 3,Altitude 3,x 4,y 4,Count 4,Bkg Count 4,Telescope 4,Dangle 4,Altitude 4,x 5,y 5,Count 5,Bkg Count 5,Telescope 5,Dangle 5,Altitude 5,True X,True Y,True Energy Per Nucleon,True Z,True Height,Detecions,Phi,Epsilon,Theta
0.0,0.0,5684.0,0.0,lst,4.424610932534838,1.6354388140809089,60.0,60.0,32.0,0.0,mst,4.989010181672,2.9728436437910184,60.0,-60.0,0.0,0.0,mst,4.169347761640577,3.318340268327395,-60.0,60.0,449.0,0.0,mst,5.929052788207889,0.9090351551681077,-60.0,-60.0,320.0,0.0,mst,3.303442837291969,1.7725978493535521,-74.89990287635189,21.29064377603217,258.16318609246946,26,23711.937270060866,4,1.8626695939979063,4.411191837948934
0.0,0.0,52.0,0.0,lst,0.646978609838841,0.5518157833720292,60.0,60.0,25.0,0.0,mst,5.706088709805649,2.9074670983497484,60.0,-60.0,439.0,0.0,mst,3.9525495783994393,2.19714195799673,-60.0,60.0,22.0,0.0,mst,0.7644638832994671,3.336671825190634,-60.0,-60.0,63.0,0.0,mst,2.147951638476899,2.754904429462445,10.609317546677318,-14.140944572728984,334.48864999305886,26,28176.879807281843,5,1.585941459629625,0.0821328525370993
0.0,0.0,1809.0,111303.0,lst,4.486915657509526,0.8952329967670914,60.0,60.0,92.0,10126.0,mst,5.191958727288842,2.4095731053553098,60.0,-60.0,38.0,6763.0,mst,4.082771526008335,2.5794585515239445,-60.0,60.0,709.0,17438.0,mst,0.349878153001527,1.1810664503320112,-60.0,-60.0,659.0,16423.0,mst,2.8884991689536275,1.5429868553675932,-41.16080292502873,9.561727174483877,792.0298458448875,26,30465.911345125398,5,1.7229043092705,4.1756519557306095
0.0,0.0,2604.0,72388.0,lst,3.6710143936484507,1.2543712024363367,60.0,60.0,1103.0,6933.0,mst,4.777496844204443,1.8663003425483622,60.0,-60.0,0.0,5293.0,mst,3.81123381412343,2.952357670098848,-60.0,60.0,126.0,8607.0,mst,1.3581826173529106,0.6129181848964244,-60.0,-60.0,126.0,7791.0,mst,2.8747179161115333,2.3860138972117566,-30.97745982610779,53.51049749540638,699.4770711634422,26,29216.390818390344,4,1.4360846030801262,2.893268266231107
