x 1,y 1,Count 1,Bkg Count 1,Telescope 1,Dangle 1,Altitude 1,x 2,y 2,Count 2,Bkg Count 2,Telescope 2,Dangle 2,Altitude 2,x 3,y 3,Count 3,Bkg Count 3,Telescope 3,Dangle 3,Altitude 3,x 4,y 4,Count 4,Bkg Count 4,Telescope 4,Dangle 4,Altitude 4,x 5,y 5,Count 5,Bkg Count 5,Telescope 5,Dangle 5,Altitude 5,True X,True Y,True Energy Per Nucleon,True Z,True Height,Detecions,Phi,Epsilon,Theta
0.0,0.0,2195.0,0.0,lst,6.035911163442826,1.2217629162886658,60.0,60.0,25.0,0.0,mst,5.691611377963295,3.2363949955689453,60.0,-60.0,0.0,0.0,mst,4.535317421917116,1.8433169826210936,-60.0,60.0,65.0,0.0,mst,0.4002744520937963,2.7778331475066715,-60.0,-60.0,385.0,0.0,mst,1.798012364395472,1.0989895062599466,-11.856265402861794,-49.50501972223003,269.8042960435793,26,24761.552168775972,4,1.9338670213474092,1.5210938775270024
0.0,0.0,818.0,293716.0,lst,3.254121154365228,0.6486406852055554,60.0,60.0,563.0,42003.0,mst,5.167906731221194,1.5571686530391193,60.0,-60.0,0.0,28990.0,mst,3.75328705150689,2.4026871812359665,-60.0,60.0,967.0,39245.0,mst,1.0565867585128392,1.4555128637206816,-60.0,-60.0,241.0,23419.0,mst,2.5823609181439426,2.349020210146813,-3.135902117739505,29.401070305427112,1852.8722354714905,26,33283.15186601846,4,1.7528797868697958,3.8477820401272873
0.0,0.0,236.0,46713.0,lst,3.664133610113747,0.46189901701299396,60.0,60.0,698.0,5695.0,mst,5.221222476304031,1.374967989375407,60.0,-60.0,1026.0,2803.0,mst,3.8680701463370974,1.9359854675508934,-60.0,60.0,699.0,6586.0,mst,0.886459012216276,0.9777745228941869,-60.0,-60.0,381.0,4681.0,mst,2.6053977592322672,1.6409350854170042,-12.44239518476516,21.53013572712223,539.025932157928,26,25838.39787411478,5,1.22695064489482,0.40076504294427817
