x 1,y 1,Count 1,Bkg Count 1,Telescope 1,Dangle 1,Altitude 1,x 2,y 2,Count 2,Bkg Count 2,Telescope 2,Dangle 2,Altitude 2,x 3,y 3,Count 3,Bkg Count 3,Telescope 3,Dangle 3,Altitude 3,x 4,y 4,Count 4,Bkg Count 4,Telescope 4,Dangle 4,Altitude 4,x 5,y 5,Count 5,Bkg Count 5,Telescope 5,Dangle 5,Altitude 5,True X,True Y,True Energy Per Nucleon,True Z,True Height,Detecions,Phi,Epsilon,Theta
0.0,0.0,3001.0,0.0,lst,1.8554942000709909,1.9392247555089548,60.0,60.0,848.0,0.0,mst,1.2652241752846696,1.0502058579163174,60.0,-60.0,270.0,0.0,mst,2.53623774941685,1.7445478983018154,-60.0,60.0,23.0,0.0,mst,1.4702605085254763,2.741382336966474,-60.0,-60.0,0.0,0.0,mst,2.037770216973043,3.0998516350442054,128.18396404873664,37.478711293601805,240.80861325067937,26,19286.889860022555,4,1.7756247374932035,1.4084191008065166
0.0,0.0,1719.0,224672.0,lst,3.2907584269765198,0.8734488937940978,60.0,60.0,802.0,28115.0,mst,4.990310518926965,1.3272373886961137,60.0,-60.0,135.0,17866.0,mst,3.7015959050450107,2.4676594951555937,-60.0,60.0,576.0,32881.0,mst,1.2253883521992774,1.1536674766342416,-60.0,-60.0,0.0,12893.0,mst,2.6469267520538717,2.418424211161373,-5.889130961943636,40.86940539748841,1296.9349611976402,26,31376.17658654812,4,1.8893902780004852,5.667306254088162
0.0,0.0,0.0,55202.0,lst,6.105038218324046,None,60.0,60.0,484.0,6754.0,mst,5.5664718056718465,2.054404088503583,60.0,-60.0,969.0,5513.0,mst,4.034690179641845,1.7074198749396852,-60.0,60.0,148.0,6270.0,mst,0.6945952682661596,2.0548789725444445,-60.0,-60.0,568.0,6388.0,mst,2.295883979259215,1.722676727178167,-2.2192454664346144,-10.472646451075292,586.5213111637158,26,29715.403620612222,4,1.3334988324831223,4.613186644904456
