x 1,y 1,Count 1,Telescope 1,Dangle 1,Altitude 1,x 2,y 2,Count 2,Telescope 2,Dangle 2,Altitude 2,x 3,y 3,Count 3,Telescope 3,Dangle 3,Altitude 3,x 4,y 4,Count 4,Telescope 4,Dangle 4,Altitude 4,x 5,y 5,Count 5,Telescope 5,Dangle 5,Altitude 5,True X,True Y,True Energy Per Nucleon,True Z,True Height,Detecions,Phi,Epsilon,Theta
0.0,0.0,1302.3894569169613,lst,6.032411499420627,0.2990411087462665,60.0,60.0,1333.5247177019617,mst,5.597618655779162,1.4474979036511135,60.0,-60.0,799.8091593416887,mst,4.1769889040324735,1.1270169156219012,-60.0,60.0,1222.5626080267696,mst,0.591310569777576,1.2932460235569514,-60.0,-60.0,686.2603101358088,mst,2.18330448506511,0.9484894504346958,-6.002119189670708,-21.53025940159452,374.07389397560195,26,21141.17002090517,4,1.2372480511222037,0.5542996243620534
0.0,0.0,1105.9037744218886,lst,0.18794419909050158,0.19450723190451724,60.0,60.0,714.9365943547153,mst,5.614193161861673,1.5700331567955546,60.0,-60.0,726.7096509312661,mst,4.016237937207925,1.349216684909944,-60.0,60.0,291.8729170576531,mst,0.7139943681959583,1.6333467213280883,-60.0,-60.0,824.9334412927026,mst,2.208166140233238,1.3916429565814719,2.2744257096473177,-11.691155717324364,451.4497353678399,26,24962.783631532202,4,1.3270844439817686,0.08035271549746184
