x 1,y 1,Count 1,Bkg Count 1,Telescope 1,Dangle 1,Altitude 1,x 2,y 2,Count 2,Bkg Count 2,Telescope 2,Dangle 2,Altitude 2,x 3,y 3,Count 3,Bkg Count 3,Telescope 3,Dangle 3,Altitude 3,x 4,y 4,Count 4,Bkg Count 4,Telescope 4,Dangle 4,Altitude 4,x 5,y 5,Count 5,Bkg Count 5,Telescope 5,Dangle 5,Altitude 5,True X,True Y,True Energy Per Nucleon,True Z,True Height,Detecions,Phi,Epsilon,Theta
0.0,0.0,3682.0,0.0,lst,4.356600498492509,1.014216005781204,60.0,60.0,496.0,0.0,mst,4.98997903247771,1.9273731772711684,60.0,-60.0,0.0,0.0,mst,4.112804622323872,2.2491458715513275,-60.0,60.0,178.0,0.0,mst,6.220667250064769,0.545131679371622,-60.0,-60.0,751.0,0.0,mst,3.1707773943949285,1.2539597857243534,-62.453354189132426,22.964872894431863,386.2001855057422,26,21650.462117541956,4,1.272416900444551,1.2719399362331354
0.0,0.0,3075.0,22797.0,lst,0.83914820137265,1.6478981951364626,60.0,60.0,79.0,3491.0,mst,6.17613404590752,2.642998407495149,60.0,-60.0,25.0,6154.0,mst,3.726981906944253,0.4893645709844065,-60.0,60.0,0.0,2130.0,mst,0.8150503666812613,3.7848939525975127,-60.0,-60.0,21.0,2913.0,mst,1.7564228703217077,2.7727682877012056,48.86902257308097,-43.97828307882659,512.5959037051894,26,30056.158249872937,4,1.6171096278908212,4.9248590385908395
