x 1,y 1,Count 1,Bkg Count 1,Telescope 1,Dangle 1,Altitude 1,x 2,y 2,Count 2,Bkg Count 2,Telescope 2,Dangle 2,Altitude 2,x 3,y 3,Count 3,Bkg Count 3,Telescope 3,Dangle 3,Altitude 3,x 4,y 4,Count 4,Bkg Count 4,Telescope 4,Dangle 4,Altitude 4,x 5,y 5,Count 5,Bkg Count 5,Telescope 5,Dangle 5,Altitude 5,True X,True Y,True Energy Per Nucleon,True Z,True Height,Detecions,Phi,Epsilon,Theta
0.0,0.0,6414.0,163802.0,lst,1.7529343490870217,1.5383402237821822,60.0,60.0,762.0,62505.0,mst,0.7901484733211609,0.8674434649482399,60.0,-60.0,944.0,44645.0,mst,2.64272652575243,1.3268557923766013,-60.0,60.0,74.0,14481.0,mst,1.3397223429613374,2.489630540904426,-60.0,-60.0,38.0,12783.0,mst,2.021169433501033,2.6842715186821953,101.66486143323118,18.467377323146593,2294.1625347505164,26,23592.994838535655,5,1.7458734998570855,4.872288642789559
0.0,0.0,1427.0,92165.0,lst,5.846787418368993,0.9024866723070918,60.0,60.0,246.0,8918.0,mst,5.6216922046149405,2.2161103272744374,60.0,-60.0,937.0,12838.0,mst,4.599028467837578,1.3721355740054058,-60.0,60.0,0.0,10434.0,mst,0.3101531013073645,1.8645077256260651,-60.0,-60.0,304.0,15282.0,mst,1.847615570317882,0.5955463555439895,-23.597928035805054,-49.796221508718716,788.1764660199473,26,24733.07711962795,4,1.6265900473262114,4.65363240911569
0.0,0.0,777.0,253115.0,lst,2.0945314659086183,0.7885225423751494,60.0,60.0,437.0,36426.0,mst,5.67530318996544,1.1338015398131132,60.0,-60.0,287.0,24951.0,mst,3.5086315467827056,1.8583262043669952,-60.0,60.0,190.0,12698.0,mst,1.1294305043412738,2.1936594729233967,-60.0,-60.0,0.0,27622.0,mst,2.2689753700120696,2.66274005706153,30.62191174894633,17.405418124486516,1531.297679556615,26,32702.092933617427,4,1.7469223292427147,0.12202704738036306
0.0,0.0,2015.0,0.0,lst,0.7249523191701146,1.3267228821811357,60.0,60.0,116.0,0.0,mst,6.128764680058986,2.242693293094132,60.0,-60.0,36.0,0.0,mst,4.146870008531761,0.4101458344233146,-60.0,60.0,0.0,0.0,mst,0.7503700331329709,3.0321174235317705,-60.0,-60.0,178.0,0.0,mst,1.6788258103772151,2.12965990839998,43.00711322269814,-49.14315696223717,279.48886400659546,26,23596.78519419808,4,1.7085121056620487,0.216557431954038
