x 1,y 1,Count 1,Bkg Count 1,Telescope 1,Dangle 1,Altitude 1,x 2,y 2,Count 2,Bkg Count 2,Telescope 2,Dangle 2,Altitude 2,x 3,y 3,Count 3,Bkg Count 3,Telescope 3,Dangle 3,Altitude 3,x 4,y 4,Count 4,Bkg Count 4,Telescope 4,Dangle 4,Altitude 4,x 5,y 5,Count 5,Bkg Count 5,Telescope 5,Dangle 5,Altitude 5,True X,True Y,True Energy Per Nucleon,True Z,True Height,Detecions,Phi,Epsilon,Theta
0.0,0.0,7858.0,32390.0,lst,2.093838533072478,1.2458338885411055,60.0,60.0,55.0,6800.0,mst,0.5645028270402213,0.3235470203982003,60.0,-60.0,2332.0,2978.0,mst,3.0220064840782386,1.5153822085869217,-60.0,60.0,526.0,3316.0,mst,1.423123033890104,2.0193792306543417,-60.0,-60.0,43.0,2334.0,mst,2.225678997691271,2.5143958880570985,71.53378861625899,41.605206110321035,543.2710546613563,26,22607.68821587199,5,1.635286758308628,3.1232485811746025
0.0,0.0,3151.0,21782.0,lst,3.0515272603633425,1.1621870143146127,60.0,60.0,683.0,4793.0,mst,4.47037644750783,0.8717298483791581,60.0,-60.0,162.0,1845.0,mst,3.5247002096901525,2.2582039794692985,-60.0,60.0,714.0,3251.0,mst,1.7474299417662593,1.0539510777241743,-60.0,-60.0,0.0,2051.0,mst,2.6815833784863665,2.34761229590244,6.432491915719652,73.18639576601541,491.81141899698736,26,23103.8788790734,4,1.6339314756754342,1.6285431128432755
0.0,0.0,2502.0,100954.0,lst,2.856594294264417,1.5370613741539287,60.0,60.0,185.0,24998.0,mst,4.550582864461387,0.9552493921669989,60.0,-60.0,49.0,9875.0,mst,3.451833492274151,2.960948290507368,-60.0,60.0,188.0,21810.0,mst,1.6568516318395081,1.7598333675270945,-60.0,-60.0,0.0,10947.0,mst,2.5749571158664843,3.298740470303345,18.654710620995672,66.65396522863432,1017.3768828989032,26,31802.191568592203,4,1.6102997097024594,4.203762090451357
0.0,0.0,1492.0,0.0,lst,0.9704382207524663,0.9067699065952926,60.0,60.0,959.0,0.0,mst,6.145761535993253,1.4902768238060198,60.0,-60.0,169.0,0.0,mst,3.5720535213592153,0.4768007901777048,-60.0,60.0,178.0,0.0,mst,0.863435142151148,2.2561418396946946,-60.0,-60.0,2096.0,0.0,mst,1.8411269919270068,1.6952400539614565,47.6803025664216,-31.85080439786337,367.282760060884,26,22224.771475391608,5,1.8282891924926017,3.245621094310165
