x 1,y 1,Count 1,Bkg Count 1,Telescope 1,Dangle 1,Altitude 1,x 2,y 2,Count 2,Bkg Count 2,Telescope 2,Dangle 2,Altitude 2,x 3,y 3,Count 3,Bkg Count 3,Telescope 3,Dangle 3,Altitude 3,x 4,y 4,Count 4,Bkg Count 4,Telescope 4,Dangle 4,Altitude 4,x 5,y 5,Count 5,Bkg Count 5,Telescope 5,Dangle 5,Altitude 5,True X,True Y,True Energy Per Nucleon,True Z,True Height,Detecions,Phi,Epsilon,Theta
0.0,0.0,330.0,77351.0,lst,1.0692601072937589,1.6166223889378055,60.0,60.0,83.0,13251.0,mst,6.163884759832016,2.5334715582324425,60.0,-60.0,202.0,11190.0,mst,3.4286378962638167,0.9745405782897754,-60.0,60.0,0.0,7541.0,mst,0.9264592691682769,4.0007329851897095,-60.0,-60.0,42.0,7167.0,mst,1.8534064400453525,3.250843568146235,50.06556082037744,-27.22047952760056,747.5372811866284,26,34231.641779402395,4,1.7106876712743382,2.2562313950317727
0.0,0.0,4953.0,265795.0,lst,1.8997829312841226,1.1061791996733032,60.0,60.0,341.0,68673.0,mst,0.4161676143439842,0.5652588277221949,60.0,-60.0,1280.0,37321.0,mst,2.982447055501479,1.2132845484188204,-60.0,60.0,766.0,22547.0,mst,1.3254184513733496,2.01805358194074,-60.0,-60.0,308.0,13213.0,mst,2.1514470631434803,2.220607321318923,74.49213053250969,26.081612886657894,2127.0569041923072,26,24773.817381989556,5,1.9300032794674944,2.6927010047330415
0.0,0.0,2204.0,0.0,lst,0.37554657741559044,0.7977870749426351,60.0,60.0,957.0,0.0,mst,5.884231047385149,1.87264727157534,60.0,-60.0,206.0,0.0,mst,4.34836411164796,0.7752452406974883,-60.0,60.0,0.0,0.0,mst,0.6554225250701075,2.186321897342706,-60.0,-60.0,910.0,0.0,mst,1.7898480124595526,1.3420317861626287,16.977607478293237,-43.07889939348016,369.75615132383865,26,23351.342587345694,4,1.4122850525234862,5.459015595623656
