x 1,y 1,Count 1,Bkg Count 1,Telescope 1,Dangle 1,Altitude 1,x 2,y 2,Count 2,Bkg Count 2,Telescope 2,Dangle 2,Altitude 2,x 3,y 3,Count 3,Bkg Count 3,Telescope 3,Dangle 3,Altitude 3,x 4,y 4,Count 4,Bkg Count 4,Telescope 4,Dangle 4,Altitude 4,x 5,y 5,Count 5,Bkg Count 5,Telescope 5,Dangle 5,Altitude 5,True X,True Y,True Energy Per Nucleon,True Z,True Height,Detecions,Phi,Epsilon,Theta
0.0,0.0,319.0,316721.0,lst,5.123659599772056,0.6742689644543359,60.0,60.0,23.0,30345.0,mst,5.421278386575736,3.232806368074355,60.0,-60.0,0.0,22345.0,mst,4.134910900459125,2.952736545883786,-60.0,60.0,174.0,45926.0,mst,0.5310227371592299,2.5399486232637627,-60.0,-60.0,503.0,41334.0,mst,2.4832174808383707,2.1111443449279435,-20.61817819041903,-8.857842474756296,1931.9131194057047,26,40659.35225084449,4,1.2898504962159103,4.947922483541685
0.0,0.0,3293.0,125716.0,lst,5.78823506171216,1.5025684840268059,60.0,60.0,0.0,12180.0,mst,5.602607893078459,3.3804583615333543,60.0,-60.0,218.0,21698.0,mst,4.689586959117594,2.0604454005470836,-60.0,60.0,35.0,13462.0,mst,0.23667289553305088,2.7258966985352218,-60.0,-60.0,100.0,33695.0,mst,1.6330932900165214,0.5986745727934191,-32.82742148328957,-58.36110057679906,1269.7953253142882,26,32429.430783441436,4,1.430459808757876,3.6492062979476985
