x 1,y 1,Count 1,Bkg Count 1,Telescope 1,Dangle 1,Altitude 1,x 2,y 2,Count 2,Bkg Count 2,Telescope 2,Dangle 2,Altitude 2,x 3,y 3,Count 3,Bkg Count 3,Telescope 3,Dangle 3,Altitude 3,x 4,y 4,Count 4,Bkg Count 4,Telescope 4,Dangle 4,Altitude 4,x 5,y 5,Count 5,Bkg Count 5,Telescope 5,Dangle 5,Altitude 5,True X,True Y,True Energy Per Nucleon,True Z,True Height,Detecions,Phi,Epsilon,Theta
0.0,0.0,1315.0,73838.0,lst,4.877645477928046,0.619301300516227,60.0,60.0,619.0,3781.0,mst,5.316030633885962,1.89182879073865,60.0,-60.0,1135.0,5061.0,mst,4.215426695471579,1.8153234614845801,-60.0,60.0,795.0,9500.0,mst,0.3218136902375598,1.1255921061463279,-60.0,-60.0,597.0,10167.0,mst,2.7440716871848263,0.9665912602407216,-36.96849661384955,-5.976411001879939,650.2095344122296,26,24471.28002883135,5,1.5715526225163086,0.48526161639571114
0.0,0.0,5243.0,66431.0,lst,4.933257969362584,1.0282428807182584,60.0,60.0,49.0,4522.0,mst,5.228642276249112,2.1517129101591714,60.0,-60.0,0.0,4878.0,mst,4.36835752014896,2.0522760258584265,-60.0,60.0,528.0,10323.0,mst,6.167705898327053,1.0185446485508987,-60.0,-60.0,285.0,14661.0,mst,3.3382009646747184,0.6938505610309544,-68.6300925222926,-14.526682677688086,691.6273926151831,26,22932.420642562764,4,1.9374209869197947,0.8711164490853904
0.0,0.0,924.0,58123.0,lst,5.242553740419905,1.6248913756609313,60.0,60.0,0.0,5820.0,mst,5.357908377232694,2.9653081742945178,60.0,-60.0,37.0,7792.0,mst,4.653731773076592,2.3937100323352007,-60.0,60.0,1093.0,12720.0,mst,6.034475431295827,1.8147197475684218,-60.0,-60.0,110.0,23125.0,mst,4.428019311105128,0.4794508537623548,-87.42245105875126,-51.48219697918823,850.2120745634794,26,25289.358614834393,4,1.81317000842969,0.7392069959956263
0.0,0.0,4724.0,17219.0,lst,3.0019232092443913,1.4161142631000616,60.0,60.0,628.0,3922.0,mst,4.258987205257974,0.8913630373213353,60.0,-60.0,32.0,2244.0,mst,3.473185082441912,2.5420493629189607,-60.0,60.0,598.0,3770.0,mst,1.8800186567630806,1.257134354784856,-60.0,-60.0,41.0,1737.0,mst,2.6822500434538807,2.6994345500750994,12.345701445183153,83.53956968663525,487.4704199427747,26,24268.50404308289,5,1.763725407140757,0.1343836194871374
