x 1,y 1,Count 1,Bkg Count 1,Telescope 1,Dangle 1,Altitude 1,x 2,y 2,Count 2,Bkg Count 2,Telescope 2,Dangle 2,Altitude 2,x 3,y 3,Count 3,Bkg Count 3,Telescope 3,Dangle 3,Altitude 3,x 4,y 4,Count 4,Bkg Count 4,Telescope 4,Dangle 4,Altitude 4,x 5,y 5,Count 5,Bkg Count 5,Telescope 5,Dangle 5,Altitude 5,True X,True Y,True Energy Per Nucleon,True Z,True Height,Detecions,Phi,Epsilon,Theta
0.0,0.0,1553.0,69785.0,lst,3.0730877444484097,0.7240084177678261,60.0,60.0,360.0,11804.0,mst,5.067514004594155,1.072151651511127,60.0,-60.0,260.0,6987.0,mst,3.6795218926629696,2.069952460493469,-60.0,60.0,482.0,11938.0,mst,1.2547763086291899,1.3009238334117748,-60.0,-60.0,339.0,7634.0,mst,2.5588417648206274,2.2411474323511404,2.910020903975493,38.48432363866448,688.6142862660032,26,28182.919438569174,5,1.8716793022007827,4.851751100704267
0.0,0.0,3368.0,212411.0,lst,2.498738736038999,1.3124852794341542,60.0,60.0,127.0,34686.0,mst,5.2574245499682775,0.7537466855704643,60.0,-60.0,57.0,19500.0,mst,3.417260200369244,2.5969608602994017,-60.0,60.0,278.0,15987.0,mst,1.3939770549289554,2.2415806014938067,-60.0,-60.0,0.0,11937.0,mst,2.4085414972303294,3.3436233530319694,32.59080175627244,43.917054402745435,1230.8204242405875,26,33776.039629969375,4,1.7201984839408722,5.718021094009751
0.0,0.0,4987.0,8335.0,lst,0.048808666430289714,1.564792012844972,60.0,60.0,45.0,1447.0,mst,5.900715006509389,2.9503721461898493,60.0,-60.0,208.0,3067.0,mst,5.032163663744752,1.1745069724312749,-60.0,60.0,0.0,1527.0,mst,0.431535053776422,3.0823601544854924,-60.0,-60.0,600.0,2391.0,mst,1.297947009250773,1.407603077580504,4.625074326124206,-77.60224165243456,467.0963675387013,26,27776.636488550863,4,1.2857928738444433,5.646874578449913
