x 1,y 1,Count 1,Bkg Count 1,Telescope 1,Dangle 1,Altitude 1,x 2,y 2,Count 2,Bkg Count 2,Telescope 2,Dangle 2,Altitude 2,x 3,y 3,Count 3,Bkg Count 3,Telescope 3,Dangle 3,Altitude 3,x 4,y 4,Count 4,Bkg Count 4,Telescope 4,Dangle 4,Altitude 4,x 5,y 5,Count 5,Bkg Count 5,Telescope 5,Dangle 5,Altitude 5,True X,True Y,True Energy Per Nucleon,True Z,True Height,Detecions,Phi,Epsilon,Theta
0.0,0.0,5344.0,0.0,lst,1.0029814442978682,1.5082751090997712,60.0,60.0,586.0,0.0,mst,0.02299589391352857,1.973802294126192,60.0,-60.0,28.0,0.0,mst,2.9388991626305643,0.4220738977152254,-60.0,60.0,24.0,0.0,mst,0.8999216793990963,3.175885465204186,-60.0,-60.0,85.0,0.0,mst,1.7120429932455443,2.547929797084155,63.82456156418897,-40.446812589501135,356.74764565642937,26,25525.618622119862,5,1.3536571110639175,6.12477734735938
0.0,0.0,2336.0,106188.0,lst,5.344467076961304,0.9686995849835476,60.0,60.0,37.0,8594.0,mst,5.424682675522661,2.5404955002327605,60.0,-60.0,148.0,11183.0,mst,4.44138463685863,1.991075596116544,-60.0,60.0,985.0,7534.0,mst,0.17697924141271149,1.6780719856540407,-60.0,-60.0,217.0,21193.0,mst,2.594644302552491,0.6071633262275593,-42.34802833497102,-30.832867423187366,883.4924616508641,26,28242.034857373892,5,1.837325239869686,1.625537326935725
0.0,0.0,147.0,74.0,lst,0.7359577812622271,0.9572837519624563,60.0,60.0,0.0,0.0,mst,5.897099467456028,2.5511147922530153,60.0,-60.0,407.0,0.0,mst,3.9537967880415166,1.3695320264287967,-60.0,60.0,23.0,0.0,mst,0.7650102934992384,3.273385980892357,-60.0,-60.0,71.0,0.0,mst,1.9448991164820166,2.471289922271283,23.111248838424245,-25.832222099100576,388.070383287606,26,28687.468362932133,4,1.5825285640066165,3.7637246115610594
0.0,0.0,2005.0,3506.0,lst,1.883119672270076,1.1228144371114261,60.0,60.0,417.0,671.0,mst,6.2091377163046895,0.790999635055826,60.0,-60.0,428.0,509.0,mst,3.183334588972257,1.4459934589085817,-60.0,60.0,180.0,405.0,mst,1.223388776797682,2.323117012080447,-60.0,-60.0,71.0,398.0,mst,2.166252168296261,2.596685425435519,57.45255373248145,18.33728258707984,407.9179732926544,26,25420.65274634414,5,1.7664664790064295,2.4685106930813747
