x 1,y 1,Count 1,Bkg Count 1,Telescope 1,Dangle 1,Altitude 1,x 2,y 2,Count 2,Bkg Count 2,Telescope 2,Dangle 2,Altitude 2,x 3,y 3,Count 3,Bkg Count 3,Telescope 3,Dangle 3,Altitude 3,x 4,y 4,Count 4,Bkg Count 4,Telescope 4,Dangle 4,Altitude 4,x 5,y 5,Count 5,Bkg Count 5,Telescope 5,Dangle 5,Altitude 5,True X,True Y,True Energy Per Nucleon,True Z,True Height,Detecions,Phi,Epsilon,Theta
0.0,0.0,501.0,36802.0,lst,4.5037144085189835,0.637034865468455,60.0,60.0,128.0,3240.0,mst,5.254152203117977,2.2286497839709267,60.0,-60.0,0.0,3503.0,mst,4.067472345261347,2.4311413067688776,-60.0,60.0,726.0,5628.0,mst,0.5231004707651183,1.3373714044844514,-60.0,-60.0,510.0,4767.0,mst,2.6766903799201556,1.654452605223787,-28.27676227595488,6.011801603208426,529.9656243375001,26,29207.008029318276,4,1.3279020670507622,5.910582364235991
0.0,0.0,1725.0,43536.0,lst,1.062166933286849,0.8290362313153057,60.0,60.0,606.0,6051.0,mst,6.099884142497977,1.3879527544541828,60.0,-60.0,188.0,9188.0,mst,3.5526607385925053,0.5880721833019389,-60.0,60.0,204.0,4969.0,mst,0.9089873230613712,2.2160392100869832,-60.0,-60.0,1812.0,5881.0,mst,1.8911476907844542,1.787276169410321,44.70054369488446,-24.180330336819665,604.7021937441081,26,24475.849230518663,5,1.3063179314491515,3.7391637933578368
0.0,0.0,1538.0,28520.0,lst,0.16300101233346057,0.8109923016569023,60.0,60.0,506.0,2911.0,mst,5.848161657382213,1.9736631749597173,60.0,-60.0,498.0,4618.0,mst,4.4832424691116675,0.8500377331580914,-60.0,60.0,0.0,3144.0,mst,0.5773153881417997,2.0673355948718295,-60.0,-60.0,588.0,6453.0,mst,1.752268250227354,1.0842617778005033,8.870673333211215,-48.43822816568013,549.998280909549,26,24232.108435348993,4,1.853099437862125,2.766403428079124
