x 1,y 1,Count 1,Bkg Count 1,Telescope 1,Dangle 1,Altitude 1,x 2,y 2,Count 2,Bkg Count 2,Telescope 2,Dangle 2,Altitude 2,x 3,y 3,Count 3,Bkg Count 3,Telescope 3,Dangle 3,Altitude 3,x 4,y 4,Count 4,Bkg Count 4,Telescope 4,Dangle 4,Altitude 4,x 5,y 5,Count 5,Bkg Count 5,Telescope 5,Dangle 5,Altitude 5,True X,True Y,True Energy Per Nucleon,True Z,True Height,Detecions,Phi,Epsilon,Theta
0.0,0.0,110.0,873652.0,lst,5.13243109308184,0.4702915975083356,60.0,60.0,127.0,48140.0,mst,5.45419283982921,2.6177196579681112,60.0,-60.0,51.0,41939.0,mst,4.126559945520543,2.4630352473620625,-60.0,60.0,253.0,54341.0,mst,0.5466497284962114,2.0414857804155226,-60.0,-60.0,0.0,75677.0,mst,2.4523404248016547,1.8019271552705585,-17.4608340942508,-7.823294042764218,3410.217962818658,26,37096.879728272026,4,1.7743280901117822,5.969892087306463
0.0,0.0,1286.0,25106.0,lst,0.1474684007146883,0.9139425466555676,60.0,60.0,84.0,3418.0,mst,5.776110783086653,2.65465584329863,60.0,-60.0,287.0,4326.0,mst,4.325105341569511,1.4422915399734968,-60.0,60.0,42.0,2114.0,mst,0.5839373816210675,2.8046542747911496,-60.0,-60.0,183.0,4373.0,mst,1.8997085437261727,1.7095732646938704,5.328504000501255,-38.15708243852042,524.1429852742385,26,30348.12509148575,5,1.3036714540754823,6.107727386085008
0.0,0.0,1189.0,204263.0,lst,2.8606651641332244,0.8540462947664,60.0,60.0,462.0,29975.0,mst,5.119328452355463,1.0717585462391788,60.0,-60.0,273.0,13628.0,mst,3.6043557439570004,2.2812581734305675,-60.0,60.0,983.0,24017.0,mst,1.2815330692978142,1.546451207192031,-60.0,-60.0,103.0,15103.0,mst,2.485743512299453,2.527461666869618,11.81781109089465,39.60356064691655,1259.270216885229,26,30756.295684823788,5,1.607776702197588,3.8958992999063256
0.0,0.0,3965.0,143086.0,lst,1.295675188568245,1.597803636388243,60.0,60.0,193.0,26687.0,mst,6.148013423205051,2.3383688749716383,60.0,-60.0,229.0,26855.0,mst,3.385602834605467,1.4421285474345638,-60.0,60.0,0.0,13021.0,mst,0.9745663048855434,4.095055299493684,-60.0,-60.0,25.0,12845.0,mst,1.9571368247155683,3.6815085118416926,49.111814561359864,-14.498844957343408,1081.9506692818973,26,37310.48772498839,4,1.529265760932232,4.159396886235077
