x 1,y 1,Count 1,Bkg Count 1,Telescope 1,Dangle 1,Altitude 1,x 2,y 2,Count 2,Bkg Count 2,Telescope 2,Dangle 2,Altitude 2,x 3,y 3,Count 3,Bkg Count 3,Telescope 3,Dangle 3,Altitude 3,x 4,y 4,Count 4,Bkg Count 4,Telescope 4,Dangle 4,Altitude 4,x 5,y 5,Count 5,Bkg Count 5,Telescope 5,Dangle 5,Altitude 5,True X,True Y,True Energy Per Nucleon,True Z,True Height,Detecions,Phi,Epsilon,Theta
0.0,0.0,113.0,55906.0,lst,0.7812958634345271,0.49970723615586987,60.0,60.0,0.0,5827.0,mst,5.718159449273985,2.249763578175117,60.0,-60.0,742.0,5753.0,mst,3.9215929246722316,1.7168462817166348,-60.0,60.0,93.0,4315.0,mst,0.7908656109512238,2.6756926539460917,-60.0,-60.0,60.0,5424.0,mst,2.1243052949004584,2.2173386920937683,13.477437726123611,-13.498153406996437,567.1080438238722,26,31216.77276500376,4,1.643960412739192,1.2464804079845961
0.0,0.0,4674.0,1652.0,lst,1.8426424947141355,1.4202709862137939,60.0,60.0,413.0,457.0,mst,6.208893267613876,1.0925263532541913,60.0,-60.0,495.0,247.0,mst,3.180756212931388,1.8924144777408125,-60.0,60.0,58.0,214.0,mst,1.2175030949043346,2.9477300772411064,-60.0,-60.0,0.0,204.0,mst,2.142259626183755,3.334134071090524,57.50218821880728,15.61389168335623,397.61289471991256,26,28524.159496178778,4,1.8997565238554142,1.3151907100480207
0.0,0.0,2629.0,147082.0,lst,0.7279054854542953,0.7603625721187588,60.0,60.0,1792.0,18539.0,mst,6.028843827885053,1.435635729165696,60.0,-60.0,155.0,38622.0,mst,4.026705765065826,0.5064955537400558,-60.0,60.0,595.0,12527.0,mst,0.7515908226816831,2.047048196609904,-60.0,-60.0,1183.0,18249.0,mst,1.8012724060291518,1.5059298595910058,33.6829957665895,-37.96132941115887,1203.0523116634583,26,24535.38076260311,5,1.2324350215422906,5.096104993100477
