x 1,y 1,Count 1,Bkg Count 1,Telescope 1,Dangle 1,Altitude 1,x 2,y 2,Count 2,Bkg Count 2,Telescope 2,Dangle 2,Altitude 2,x 3,y 3,Count 3,Bkg Count 3,Telescope 3,Dangle 3,Altitude 3,x 4,y 4,Count 4,Bkg Count 4,Telescope 4,Dangle 4,Altitude 4,x 5,y 5,Count 5,Bkg Count 5,Telescope 5,Dangle 5,Altitude 5,True X,True Y,True Energy Per Nucleon,True Z,True Height,Detecions,Phi,Epsilon,Theta
0.0,0.0,469.0,550595.0,lst,4.744496853690267,0.5492423872599488,60.0,60.0,232.0,29020.0,mst,5.32413866366083,2.3909976724753164,60.0,-60.0,41.0,36968.0,mst,4.096983060285387,2.388173236738019,-60.0,60.0,376.0,43640.0,mst,0.5270670886238683,1.6350997264295095,-60.0,-60.0,143.0,58798.0,mst,2.59253919033132,1.6060703622429913,-23.927379254196126,-0.5723805881815736,2261.21162038583,26,33930.40555429412,5,1.5475794210138036,0.35473467439891476
0.0,0.0,2759.0,2815.0,lst,4.770215737820168,1.0725761292042437,60.0,60.0,0.0,256.0,mst,5.206605223691649,2.6034434789838654,60.0,-60.0,148.0,274.0,mst,4.264071055640263,2.4134903765078835,-60.0,60.0,666.0,369.0,mst,0.05674692293871195,1.2893813647971877,-60.0,-60.0,263.0,393.0,mst,3.101811011118951,0.9862890048579832,-56.69778791359923,-3.661583682839023,400.221177447633,26,25917.48707119888,4,1.9027505206881554,2.8981185502503117
0.0,0.0,3745.0,0.0,lst,4.637724444234931,1.2701126589901417,60.0,60.0,0.0,0.0,mst,5.110211470131652,2.633399815211844,60.0,-60.0,78.0,0.0,mst,4.251434255207741,2.6467611084807148,-60.0,60.0,599.0,0.0,mst,6.10076776211024,1.1241469944400995,-60.0,-60.0,437.0,0.0,mst,3.3119250048006923,1.237065978898439,-70.42065394100389,3.8880611523175617,365.16857043058656,26,25899.054557004627,4,1.1950429745075886,4.482813568802257
0.0,0.0,6995.0,175675.0,lst,1.7784019511970752,1.3573584238956777,60.0,60.0,201.0,63893.0,mst,0.5774928356479793,0.7701156274095543,60.0,-60.0,923.0,35648.0,mst,2.8126781428977154,1.2380500249383006,-60.0,60.0,25.0,16008.0,mst,1.2956239469027522,2.365262595819312,-60.0,-60.0,31.0,18678.0,mst,2.0813799910955435,2.5379805692650206,86.81346871301469,17.86808310369591,2035.9089786718139,26,24479.5249486593,5,1.8511911139506316,4.266643252269633
