x 1,y 1,Count 1,Bkg Count 1,Telescope 1,Dangle 1,Altitude 1,x 2,y 2,Count 2,Bkg Count 2,Telescope 2,Dangle 2,Altitude 2,x 3,y 3,Count 3,Bkg Count 3,Telescope 3,Dangle 3,Altitude 3,x 4,y 4,Count 4,Bkg Count 4,Telescope 4,Dangle 4,Altitude 4,x 5,y 5,Count 5,Bkg Count 5,Telescope 5,Dangle 5,Altitude 5,True X,True Y,True Energy Per Nucleon,True Z,True Height,Detecions,Phi,Epsilon,Theta
0.0,0.0,3113.0,0.0,lst,1.5933201153186465,1.1447176658786604,60.0,60.0,728.0,0.0,mst,6.233997325158006,1.1817942225848812,60.0,-60.0,382.0,0.0,mst,3.175750478712023,1.2808368534747128,-60.0,60.0,0.0,0.0,mst,1.108104787566153,2.5900052939816036,-60.0,-60.0,78.0,0.0,mst,2.0546154301157373,2.673055896097048,57.917606158092326,1.6009421775493706,279.8149126550106,26,23781.261320972346,4,1.3036360035408543,1.0788539107660036
0.0,0.0,2465.0,100324.0,lst,0.5664933844968442,1.2733472190645938,60.0,60.0,80.0,8658.0,mst,5.977846858462488,2.6331116206666283,60.0,-60.0,202.0,19790.0,mst,4.256581526564907,0.9052629392113989,-60.0,60.0,0.0,8570.0,mst,0.6938572124336787,3.321659843196623,-60.0,-60.0,122.0,12864.0,mst,1.739994486851957,2.2434206640839425,27.434475600550797,-44.28540680672313,830.8059701565767,26,33391.267765069526,4,1.8262652229956768,6.111177987464341
0.0,0.0,1794.0,50644.0,lst,4.734045584890994,1.266069501637563,60.0,60.0,50.0,4039.0,mst,5.206215727335219,2.959500370624732,60.0,-60.0,0.0,3275.0,mst,4.24580946513099,2.9211987412836202,-60.0,60.0,365.0,6707.0,mst,0.06365920054679233,1.3710738397745563,-60.0,-60.0,507.0,7352.0,mst,3.076085485025605,1.3064619696698339,-56.66514494209022,-1.765144458046052,583.1243740473705,26,29557.138812213747,4,1.5632685696709068,2.7626753519647473
0.0,0.0,1144.0,209267.0,lst,0.39626717536838874,0.7327422669936617,60.0,60.0,115.0,15839.0,mst,5.825332747058621,2.169465719359985,60.0,-60.0,268.0,21064.0,mst,4.1730077877366405,1.1227077337710758,-60.0,60.0,293.0,12941.0,mst,0.6644602607548992,2.4672375321136255,-60.0,-60.0,228.0,17124.0,mst,1.8999524562443204,1.6283645181489181,13.595130003708476,-33.018301115106965,1069.113227724822,26,30478.111824009742,5,1.6373032398078824,4.12728118642541
