x 1,y 1,Count 1,Bkg Count 1,Telescope 1,Dangle 1,Altitude 1,x 2,y 2,Count 2,Bkg Count 2,Telescope 2,Dangle 2,Altitude 2,x 3,y 3,Count 3,Bkg Count 3,Telescope 3,Dangle 3,Altitude 3,x 4,y 4,Count 4,Bkg Count 4,Telescope 4,Dangle 4,Altitude 4,x 5,y 5,Count 5,Bkg Count 5,Telescope 5,Dangle 5,Altitude 5,True X,True Y,True Energy Per Nucleon,True Z,True Height,Detecions,Phi,Epsilon,Theta
0.0,0.0,1164.0,166970.0,lst,3.126128636227012,0.7146239412537194,60.0,60.0,570.0,26174.0,mst,5.110041825973005,1.309613011878376,60.0,-60.0,114.0,19083.0,mst,3.684042493691671,2.321759261528463,-60.0,60.0,383.0,29910.0,mst,1.1805524740954656,1.3900744833840715,-60.0,-60.0,75.0,16554.0,mst,2.5561330992622375,2.3653858182660668,1.000907234303213,35.24960882651277,1241.3522204086369,26,31320.120048017336,5,1.3980976049230551,4.76490554533388
0.0,0.0,504.0,302195.0,lst,5.671487173661231,0.9351416641731392,60.0,60.0,0.0,18946.0,mst,5.541072165455846,3.2674314699003477,60.0,-60.0,222.0,38251.0,mst,4.34640391266039,2.4011543097233035,-60.0,60.0,53.0,29130.0,mst,0.4369192577409042,2.6709027233090397,-60.0,-60.0,652.0,36933.0,mst,2.2420958041512455,1.4409151359904904,-18.7722395093528,-27.402044013385193,1730.5418390865127,26,37241.42194953827,4,1.71921086175819,1.5664772323696727
0.0,0.0,3564.0,113086.0,lst,4.717939641231807,1.0088006103553477,60.0,60.0,134.0,15951.0,mst,5.158271334900552,2.1925768108682355,60.0,-60.0,246.0,16163.0,mst,4.264000973855107,2.217123961029815,-60.0,60.0,618.0,29347.0,mst,6.254660788568699,0.97752821910809,-60.0,-60.0,430.0,26161.0,mst,3.180251375667269,0.9636189936995516,-61.85868261882726,-0.030802308724020122,1233.675100968656,26,25367.00091530541,5,1.548970823548585,1.5112387319797909
