x 1,y 1,Count 1,Bkg Count 1,Telescope 1,Dangle 1,Altitude 1,x 2,y 2,Count 2,Bkg Count 2,Telescope 2,Dangle 2,Altitude 2,x 3,y 3,Count 3,Bkg Count 3,Telescope 3,Dangle 3,Altitude 3,x 4,y 4,Count 4,Bkg Count 4,Telescope 4,Dangle 4,Altitude 4,x 5,y 5,Count 5,Bkg Count 5,Telescope 5,Dangle 5,Altitude 5,True X,True Y,True Energy Per Nucleon,True Z,True Height,Detecions,Phi,Epsilon,Theta
0.0,0.0,3531.0,0.0,lst,2.1639307165855906,1.4201384611656216,60.0,60.0,21.0,0.0,mst,0.11473397079733148,0.3587730040826858,60.0,-60.0,479.0,0.0,mst,3.1094016541590137,1.941336386544529,-60.0,60.0,41.0,0.0,mst,1.4176209677163478,2.3307121789486556,-60.0,-60.0,0.0,0.0,mst,2.255755586314672,3.006974438586549,62.208915041800935,41.43625661086401,321.3903440238396,26,23904.743521643806,4,1.7136996132615474,0.9788262880209038
0.0,0.0,3538.0,220320.0,lst,0.6879680938103734,1.4193050297911323,60.0,60.0,72.0,21579.0,mst,6.09035376531595,2.6499694129999574,60.0,-60.0,60.0,42625.0,mst,4.188090472983861,0.6363271455311269,-60.0,60.0,0.0,19967.0,mst,0.7439774293855473,3.3752288418278,-60.0,-60.0,198.0,23106.0,mst,1.7034923017349428,2.2555353151334527,38.739105083605665,-47.476706892815855,1882.4435017715016,26,35512.88865936037,4,1.9021199316465545,1.5276331210119436
