x 1,y 1,Count 1,Bkg Count 1,Telescope 1,Dangle 1,Altitude 1,x 2,y 2,Count 2,Bkg Count 2,Telescope 2,Dangle 2,Altitude 2,x 3,y 3,Count 3,Bkg Count 3,Telescope 3,Dangle 3,Altitude 3,x 4,y 4,Count 4,Bkg Count 4,Telescope 4,Dangle 4,Altitude 4,x 5,y 5,Count 5,Bkg Count 5,Telescope 5,Dangle 5,Altitude 5,True X,True Y,True Energy Per Nucleon,True Z,True Height,Detecions,Phi,Epsilon,Theta
0.0,0.0,784.0,85433.0,lst,5.77870688984639,0.9548912008377389,60.0,60.0,36.0,7007.0,mst,5.586328820900112,3.0339922460056226,60.0,-60.0,222.0,9459.0,mst,4.384528018229941,2.089513286785415,-60.0,60.0,106.0,7778.0,mst,0.4083445428105488,2.5243603774785948,-60.0,-60.0,551.0,11938.0,mst,2.159351815772892,1.2198710248705713,-18.064329079171756,-32.87406187786114,689.3362126267801,26,32078.7720176216,5,1.753845514450635,1.5707685724917873
0.0,0.0,3217.0,33354.0,lst,2.4354348812351216,1.320485290647376,60.0,60.0,0.0,9466.0,mst,4.396592291098131,None,60.0,-60.0,520.0,4683.0,mst,3.2023501929637614,2.0154277934233598,-60.0,60.0,2398.0,4234.0,mst,1.5987593483235734,1.7738823546282891,-60.0,-60.0,52.0,4041.0,mst,2.399193109783133,2.6875762767049842,52.88278549442239,62.23627773366235,627.6054700922434,26,24833.706534579618,4,1.2812147333678567,0.4545713181958777
