x 1,y 1,Count 1,Bkg Count 1,Telescope 1,Dangle 1,Altitude 1,x 2,y 2,Count 2,Bkg Count 2,Telescope 2,Dangle 2,Altitude 2,x 3,y 3,Count 3,Bkg Count 3,Telescope 3,Dangle 3,Altitude 3,x 4,y 4,Count 4,Bkg Count 4,Telescope 4,Dangle 4,Altitude 4,x 5,y 5,Count 5,Bkg Count 5,Telescope 5,Dangle 5,Altitude 5,True X,True Y,True Energy Per Nucleon,True Z,True Height,Detecions,Phi,Epsilon,Theta
0.0,0.0,480.0,95339.0,lst,5.305219136899791,0.4241996035479097,60.0,60.0,66.0,8353.0,mst,5.475307401699588,1.6707095281228617,60.0,-60.0,1373.0,7814.0,mst,4.197772827645207,1.4218988801196257,-60.0,60.0,1405.0,7844.0,mst,0.47231627122408665,1.2372728737678962,-60.0,-60.0,557.0,13423.0,mst,2.4557137676885574,0.8925556749628557,-22.013417007764644,-14.95599453303467,704.3559665062916,26,23209.09697028562,5,1.695433869239011,0.7053246880998216
0.0,0.0,1649.0,162535.0,lst,4.358293352558644,0.8463219738594113,60.0,60.0,0.0,14246.0,mst,5.142477381242145,2.4341104222098258,60.0,-60.0,28.0,11298.0,mst,4.050181291878982,2.6989585248238592,-60.0,60.0,627.0,27499.0,mst,0.4636025477132347,1.2008538822128658,-60.0,-60.0,644.0,20162.0,mst,2.8188074520105526,1.7189212044076332,-35.75430695212697,13.150390751855156,1101.2813895032896,26,32384.64831793978,4,1.730674480791994,2.94952034322027
0.0,0.0,4605.0,195099.0,lst,1.8747987108652984,1.2885827036335433,60.0,60.0,352.0,36484.0,mst,0.31240807061677384,0.6990938108302713,60.0,-60.0,611.0,32185.0,mst,2.989612438959908,1.4165001582950247,-60.0,60.0,159.0,21701.0,mst,1.2880956957896303,2.3483623728722813,-60.0,-60.0,0.0,14685.0,mst,2.133828802291236,2.6435923790167553,72.57033490270896,21.126851431047754,1850.6227631048214,26,27840.34514123598,4,1.3535821218993278,1.708391382542401
