x 1,y 1,Count 1,Bkg Count 1,Telescope 1,Dangle 1,Altitude 1,x 2,y 2,Count 2,Bkg Count 2,Telescope 2,Dangle 2,Altitude 2,x 3,y 3,Count 3,Bkg Count 3,Telescope 3,Dangle 3,Altitude 3,x 4,y 4,Count 4,Bkg Count 4,Telescope 4,Dangle 4,Altitude 4,x 5,y 5,Count 5,Bkg Count 5,Telescope 5,Dangle 5,Altitude 5,True X,True Y,True Energy Per Nucleon,True Z,True Height,Detecions,Phi,Epsilon,Theta
0.0,0.0,3727.0,86558.0,lst,2.8932674637646043,1.3938040655877721,60.0,60.0,201.0,25196.0,mst,4.567040955449461,0.8836209659094632,60.0,-60.0,84.0,9137.0,mst,3.4706217137658935,2.760300088900482,-60.0,60.0,1025.0,18578.0,mst,1.6645089479132116,1.4385883422009318,-60.0,-60.0,0.0,10415.0,mst,2.6031510231502297,2.934712681191192,17.45191416077273,66.48401195529058,1047.5987888025793,26,30561.672290012724,4,1.2058373580264696,0.8092527425026234
0.0,0.0,208.0,74280.0,lst,4.133436578966837,0.4074986956890386,60.0,60.0,391.0,7928.0,mst,5.274682878004593,1.7433124991703337,60.0,-60.0,244.0,5569.0,mst,3.9607956699905897,2.006663417178594,-60.0,60.0,863.0,9563.0,mst,0.7182535287937815,1.0987251666179587,-60.0,-60.0,1540.0,7657.0,mst,2.613519167861554,1.4679503050776352,-17.71093367235278,11.660817799994419,664.4342022770413,26,27877.9268391262,5,1.1912982925845326,1.377973452602839
0.0,0.0,908.0,221865.0,lst,2.2680115793657483,0.9355271010973457,60.0,60.0,326.0,28562.0,mst,5.572706364674742,1.1301035548877656,60.0,-60.0,349.0,21450.0,mst,3.479718659561128,2.2256141168132673,-60.0,60.0,0.0,21464.0,mst,1.2046321222398144,2.2645531191878634,-60.0,-60.0,50.0,15790.0,mst,2.3398494836890853,2.9901878308937904,30.197915599181925,24.776090071805868,1265.189128163612,26,34480.016811300266,4,1.8377404634630836,0.8182713394862084
0.0,0.0,4347.0,82506.0,lst,0.44664500986210187,1.8889204910734438,60.0,60.0,70.0,11801.0,mst,6.259686236745395,2.578730776153132,60.0,-60.0,654.0,27532.0,mst,6.205138594851967,0.8254535687747877,-60.0,60.0,0.0,6965.0,mst,0.5812509410084296,3.099969392434976,-60.0,-60.0,233.0,12351.0,mst,1.1175345021029013,1.9155481797289375,55.73561413004546,-114.85361371006692,1270.7260168736414,26,25064.88602282554,4,1.8575283256845065,0.3478417788338742
