x 1,y 1,Count 1,Bkg Count 1,Telescope 1,Dangle 1,Altitude 1,x 2,y 2,Count 2,Bkg Count 2,Telescope 2,Dangle 2,Altitude 2,x 3,y 3,Count 3,Bkg Count 3,Telescope 3,Dangle 3,Altitude 3,x 4,y 4,Count 4,Bkg Count 4,Telescope 4,Dangle 4,Altitude 4,x 5,y 5,Count 5,Bkg Count 5,Telescope 5,Dangle 5,Altitude 5,True X,True Y,True Energy Per Nucleon,True Z,True Height,Detecions,Phi,Epsilon,Theta
0.0,0.0,3608.0,7769.0,lst,2.147917955615975,2.0253974334385907,60.0,60.0,450.0,2368.0,mst,1.8521332420644463,0.8658261559502899,60.0,-60.0,53.0,1195.0,mst,2.752544780941343,2.1580081973603127,-60.0,60.0,65.0,1084.0,mst,1.6661248233258847,2.607116887467231,-60.0,-60.0,0.0,704.0,mst,2.2254790640135362,3.2628694180869893,116.99643551792946,76.9061849373561,456.29237502445363,26,21352.974995142245,4,1.5479403423348972,2.3888088678851287
0.0,0.0,349.0,225095.0,lst,5.839731331586883,0.4792900198252242,60.0,60.0,753.0,18823.0,mst,5.579260960929452,1.7696547014765738,60.0,-60.0,1066.0,27785.0,mst,4.289891884895076,1.2243845727915328,-60.0,60.0,1372.0,28212.0,mst,0.5105068651332537,1.5490693880765085,-60.0,-60.0,543.0,35270.0,mst,2.1854561486152595,0.8757725954541259,-12.135944527666538,-26.743854475174416,1313.1892384279206,26,24722.720522436928,5,1.3428572231142628,2.9815279900436624
