x 1,y 1,Count 1,Bkg Count 1,Telescope 1,Dangle 1,Altitude 1,x 2,y 2,Count 2,Bkg Count 2,Telescope 2,Dangle 2,Altitude 2,x 3,y 3,Count 3,Bkg Count 3,Telescope 3,Dangle 3,Altitude 3,x 4,y 4,Count 4,Bkg Count 4,Telescope 4,Dangle 4,Altitude 4,x 5,y 5,Count 5,Bkg Count 5,Telescope 5,Dangle 5,Altitude 5,True X,True Y,True Energy Per Nucleon,True Z,True Height,Detecions,Phi,Epsilon,Theta
0.0,0.0,3834.0,0.0,lst,1.9244088427779693,0.873315236707506,60.0,60.0,140.0,0.0,mst,6.261308716053938,0.5435871042150291,60.0,-60.0,1305.0,0.0,mst,3.1316043047916295,1.1264328645782546,-60.0,60.0,627.0,0.0,mst,1.2613867344987317,1.7420130482650855,-60.0,-60.0,890.0,0.0,mst,2.166047686847828,1.9897229538649455,58.90769399269675,21.349347696158418,365.11803036469564,26,19957.78812308451,5,1.7192578413007062,3.4138253584213847
0.0,0.0,3451.0,0.0,lst,4.9833076356914345,1.2435305606294464,60.0,60.0,0.0,0.0,mst,5.295218911189433,2.9298028407504337,60.0,-60.0,36.0,0.0,mst,4.365679489825597,2.6160565603222894,-60.0,60.0,957.0,0.0,mst,0.019032925215113104,1.5945088317232434,-60.0,-60.0,253.0,0.0,mst,3.1128486157319446,0.9059810620704051,-57.93772349042027,-16.65907116748582,258.1560366124936,26,23027.40082050751,4,1.574313262189614,1.3265525320704386
0.0,0.0,1908.0,0.0,lst,0.05863589482146203,1.0023871493906176,60.0,60.0,0.0,0.0,mst,5.7632494262901615,2.770790524539041,60.0,-60.0,669.0,0.0,mst,4.433013907834242,1.3796810059291873,-60.0,60.0,68.0,0.0,mst,0.5341515035578357,2.78938873317251,-60.0,-60.0,405.0,0.0,mst,1.814604905124053,1.4845877312120337,2.199617350676391,-43.847467747757776,273.5407320925194,26,24289.261985765177,4,1.6958451055124812,2.907264547714105
0.0,0.0,7420.0,29060.0,lst,4.979369599026651,1.434628963034173,60.0,60.0,0.0,3400.0,mst,5.219592723716582,2.5233831033620198,60.0,-60.0,98.0,3872.0,mst,4.497794311103198,2.2731150491168157,-60.0,60.0,673.0,6904.0,mst,5.858403410621053,1.307753427301651,-60.0,-60.0,479.0,12862.0,mst,4.000593488569852,0.6976165262661613,-98.4140407754318,-26.247219226255737,648.3888742337236,26,21274.00304364408,4,1.6371978663609659,1.0464088797293989
