x 1,y 1,Count 1,Bkg Count 1,Telescope 1,Dangle 1,Altitude 1,x 2,y 2,Count 2,Bkg Count 2,Telescope 2,Dangle 2,Altitude 2,x 3,y 3,Count 3,Bkg Count 3,Telescope 3,Dangle 3,Altitude 3,x 4,y 4,Count 4,Bkg Count 4,Telescope 4,Dangle 4,Altitude 4,x 5,y 5,Count 5,Bkg Count 5,Telescope 5,Dangle 5,Altitude 5,True X,True Y,True Energy Per Nucleon,True Z,True Height,Detecions,Phi,Epsilon,Theta
0.0,0.0,1190.0,0.0,lst,3.7978361176850988,1.4012774460237474,60.0,60.0,209.0,0.0,mst,4.933946885297717,2.575303956298292,60.0,-60.0,0.0,0.0,mst,3.888480927223229,3.665924286413605,-60.0,60.0,280.0,0.0,mst,0.9852072858304611,0.8930192768931534,-60.0,-60.0,80.0,0.0,mst,2.8651061979104666,2.739651918574796,-31.72186797242381,40.92651007812847,350.93388235432695,26,27647.624787000965,4,1.803494925830166,2.025809368751922
0.0,0.0,643.0,10736.0,lst,0.763682694826817,0.8015919636975243,60.0,60.0,0.0,1169.0,mst,5.860982004681819,2.3083346009389256,60.0,-60.0,438.0,2077.0,mst,3.9416331625985372,1.3395019482728456,-60.0,60.0,71.0,1102.0,mst,0.773266171833591,2.9665500776364775,-60.0,-60.0,167.0,1149.0,mst,1.9919479335531214,2.2547953398322362,22.36024674309499,-23.392260794633827,432.73315236518613,26,28944.810756316212,4,1.4912454165314142,2.3819978330631457
0.0,0.0,3220.0,126442.0,lst,6.117570942595235,1.1861599137679373,60.0,60.0,0.0,12333.0,mst,5.738742109437086,2.77563876447542,60.0,-60.0,976.0,21489.0,mst,4.669285208122416,1.41533789347334,-60.0,60.0,26.0,12362.0,mst,0.4112275914876841,2.6070917499580113,-60.0,-60.0,537.0,19469.0,mst,1.6199915937511613,1.0209372565437291,-9.178432303615153,-57.468966918250885,1017.4289734842766,26,30042.787987202268,4,1.5721642688653668,4.1552135236852
