x 1,y 1,Count 1,Bkg Count 1,Telescope 1,Dangle 1,Altitude 1,x 2,y 2,Count 2,Bkg Count 2,Telescope 2,Dangle 2,Altitude 2,x 3,y 3,Count 3,Bkg Count 3,Telescope 3,Dangle 3,Altitude 3,x 4,y 4,Count 4,Bkg Count 4,Telescope 4,Dangle 4,Altitude 4,x 5,y 5,Count 5,Bkg Count 5,Telescope 5,Dangle 5,Altitude 5,True X,True Y,True Energy Per Nucleon,True Z,True Height,Detecions,Phi,Epsilon,Theta
0.0,0.0,0.0,35697.0,lst,3.766083704935865,None,60.0,60.0,39.0,3655.0,mst,5.390249896712745,2.3588465453801577,60.0,-60.0,110.0,3174.0,mst,3.9054112803290146,2.5119743607735687,-60.0,60.0,259.0,3017.0,mst,0.8151145489032067,2.1196683139858834,-60.0,-60.0,203.0,3320.0,mst,2.462775630479111,2.315584785557035,-5.613944367992417,7.893884597080358,495.39426487816337,26,31091.58167234888,4,1.850283561576094,3.0807850852358456
0.0,0.0,1122.0,34468.0,lst,4.06233236266596,0.7466999085944982,60.0,60.0,466.0,4545.0,mst,5.116564175862071,2.011390716373908,60.0,-60.0,159.0,2709.0,mst,3.9619891331533323,2.5125949193767383,-60.0,60.0,469.0,4678.0,mst,0.685860727594998,1.0395529569173514,-60.0,-60.0,1672.0,3253.0,mst,2.7727385721088007,1.8027655125732882,-29.03293720164274,21.629611579341883,529.1063650304769,26,28186.271243239047,5,1.4474643624670058,4.592007839627878
0.0,0.0,3247.0,132702.0,lst,2.37793013731819,1.126333600531152,60.0,60.0,155.0,34644.0,mst,5.458954392317175,0.6673144501706116,60.0,-60.0,0.0,19327.0,mst,3.349458032068596,2.175689484923097,-60.0,60.0,753.0,18810.0,mst,1.3628037018691044,2.0515117954134583,-60.0,-60.0,28.0,14300.0,mst,2.3674596773023238,2.893061449105118,37.96209574283003,38.96050609583244,1159.5921871098992,26,31943.083015509575,4,1.8507136155054988,1.3876224856372263
