x 1,y 1,Count 1,Bkg Count 1,Telescope 1,Dangle 1,Altitude 1,x 2,y 2,Count 2,Bkg Count 2,Telescope 2,Dangle 2,Altitude 2,x 3,y 3,Count 3,Bkg Count 3,Telescope 3,Dangle 3,Altitude 3,x 4,y 4,Count 4,Bkg Count 4,Telescope 4,Dangle 4,Altitude 4,x 5,y 5,Count 5,Bkg Count 5,Telescope 5,Dangle 5,Altitude 5,True X,True Y,True Energy Per Nucleon,True Z,True Height,Detecions,Phi,Epsilon,Theta
0.0,0.0,1589.0,395452.0,lst,5.760840643468263,1.4177634834814972,60.0,60.0,0.0,21643.0,mst,5.580771632876033,3.258670996440994,60.0,-60.0,419.0,33407.0,mst,4.6518520094813,2.038144996722003,-60.0,60.0,71.0,32652.0,mst,0.23687820364015144,2.568998143829223,-60.0,-60.0,77.0,90854.0,mst,1.7521981667842434,0.6016142362067183,-33.18858811162646,-55.0319868456134,2913.067402695333,26,32726.66978910017,4,1.6067326016165357,5.323358751049642
0.0,0.0,2344.0,292673.0,lst,5.40471035102829,1.1742203515314804,60.0,60.0,0.0,18337.0,mst,5.462413849712967,3.1181492892817593,60.0,-60.0,134.0,19465.0,mst,4.453448101034655,2.4041352673690675,-60.0,60.0,350.0,32465.0,mst,0.21696279475115857,2.1624449635936216,-60.0,-60.0,185.0,52555.0,mst,2.4926016082034503,0.8007520173608182,-39.328286181773535,-32.85812212757749,1697.174446847598,26,34058.33141943076,4,1.3604120848700125,0.2653343635376838
0.0,0.0,6155.0,59851.0,lst,5.1558431756514675,1.4851680999420211,60.0,60.0,0.0,4859.0,mst,5.329089792786312,3.036451590599219,60.0,-60.0,100.0,4694.0,mst,4.523327559528651,2.5207307889600594,-60.0,60.0,1292.0,7492.0,mst,6.173065309428604,1.807710338062046,-60.0,-60.0,139.0,13572.0,mst,3.4872728857507838,0.5283265669955389,-69.83635633034162,-33.80180702910663,666.0477524284173,26,27646.02353694256,4,1.6967636335780714,3.2511875034006357
