x 1,y 1,Count 1,Bkg Count 1,Telescope 1,Dangle 1,Altitude 1,x 2,y 2,Count 2,Bkg Count 2,Telescope 2,Dangle 2,Altitude 2,x 3,y 3,Count 3,Bkg Count 3,Telescope 3,Dangle 3,Altitude 3,x 4,y 4,Count 4,Bkg Count 4,Telescope 4,Dangle 4,Altitude 4,x 5,y 5,Count 5,Bkg Count 5,Telescope 5,Dangle 5,Altitude 5,True X,True Y,True Energy Per Nucleon,True Z,True Height,Detecions,Phi,Epsilon,Theta
0.0,0.0,5489.0,56292.0,lst,5.990923027555996,1.3836883640621918,60.0,60.0,22.0,6445.0,mst,5.733938917413167,2.88687639463707,60.0,-60.0,1364.0,11546.0,mst,4.848445376394732,1.5307333814496016,-60.0,60.0,0.0,5248.0,mst,0.27566732167054864,2.6619704145311824,-60.0,-60.0,214.0,15771.0,mst,1.298797314842527,0.8209868163584486,-21.906980408230595,-70.7005111592643,790.2154373696783,26,29949.063536748607,4,1.9384704473615517,5.170564057386085
0.0,0.0,1272.0,0.0,lst,0.29562238643391797,0.9092394471389723,60.0,60.0,77.0,0.0,mst,5.848566775759939,2.3248627368323507,60.0,-60.0,555.0,0.0,mst,4.350889088874478,1.0181296578329733,-60.0,60.0,0.0,0.0,mst,0.6062247618701794,2.589898795853761,-60.0,-60.0,756.0,0.0,mst,1.807248376192716,1.555458527312941,13.106677259173466,-42.357738327679144,293.9468470384203,26,23995.85371498688,4,1.6311887191691894,5.416714990541867
