x 1,y 1,Count 1,Bkg Count 1,Telescope 1,Dangle 1,Altitude 1,x 2,y 2,Count 2,Bkg Count 2,Telescope 2,Dangle 2,Altitude 2,x 3,y 3,Count 3,Bkg Count 3,Telescope 3,Dangle 3,Altitude 3,x 4,y 4,Count 4,Bkg Count 4,Telescope 4,Dangle 4,Altitude 4,x 5,y 5,Count 5,Bkg Count 5,Telescope 5,Dangle 5,Altitude 5,True X,True Y,True Energy Per Nucleon,True Z,True Height,Detecions,Phi,Epsilon,Theta
0.0,0.0,741.0,78545.0,lst,5.348806430682026,0.7097794629619038,60.0,60.0,104.0,6109.0,mst,5.452152649871581,2.815580263805088,60.0,-60.0,432.0,6430.0,mst,4.224520248217393,2.3025288191829696,-60.0,60.0,0.0,7737.0,mst,0.45688989251844336,2.05311393096162,-60.0,-60.0,122.0,9415.0,mst,2.42424693935589,1.2818491261149945,-23.054032930918737,-17.357970484625156,649.8035466286083,26,31607.41213630945,4,1.8599039868084428,2.002149401931733
0.0,0.0,5681.0,0.0,lst,3.9657576525801,1.259514557754203,60.0,60.0,62.0,0.0,mst,4.865984166260038,2.2873828663721634,60.0,-60.0,0.0,0.0,mst,3.954372921354711,2.9554624463905146,-60.0,60.0,43.0,0.0,mst,0.6754709324963036,0.527853676956657,-60.0,-60.0,390.0,0.0,mst,2.992475447003943,2.032519137210811,-45.51882269087089,41.702262765007106,284.50838604328277,26,24549.484654344484,4,1.940229861381153,3.2788682153625412
0.0,0.0,510.0,45347.0,lst,2.258530082650404,2.250312244082887,60.0,60.0,45.0,17727.0,mst,1.9310619493706374,0.588016582738312,60.0,-60.0,60.0,6964.0,mst,2.930089042268575,2.687293501337462,-60.0,60.0,23.0,6069.0,mst,1.6323191692241108,2.9700094408388105,-60.0,-60.0,0.0,4118.0,mst,2.319462222117993,3.967425448042364,86.95119177887744,70.09984326989252,747.571451434423,26,29127.530840287905,4,1.5537919030073155,0.6460193520833413
0.0,0.0,3337.0,60257.0,lst,2.971929688425454,1.2178846106370984,60.0,60.0,364.0,7553.0,mst,4.892891427929391,1.227847670106374,60.0,-60.0,32.0,5758.0,mst,3.5807075416749816,2.8513680296086332,-60.0,60.0,625.0,7861.0,mst,1.432125863211903,1.7257339922625758,-60.0,-60.0,0.0,5089.0,mst,2.5997924247010324,3.1170321312850193,8.570864724823707,50.89165829548682,638.5323892282913,26,31571.829515962934,4,1.3073356924801012,3.992159918801261
