x 1,y 1,Count 1,Bkg Count 1,Telescope 1,Dangle 1,Altitude 1,x 2,y 2,Count 2,Bkg Count 2,Telescope 2,Dangle 2,Altitude 2,x 3,y 3,Count 3,Bkg Count 3,Telescope 3,Dangle 3,Altitude 3,x 4,y 4,Count 4,Bkg Count 4,Telescope 4,Dangle 4,Altitude 4,x 5,y 5,Count 5,Bkg Count 5,Telescope 5,Dangle 5,Altitude 5,True X,True Y,True Energy Per Nucleon,True Z,True Height,Detecions,Phi,Epsilon,Theta
0.0,0.0,6849.0,33486.0,lst,4.71548911570072,1.5161518878359757,60.0,60.0,55.0,5126.0,mst,5.059213159148997,2.486084140718937,60.0,-60.0,0.0,4748.0,mst,4.371638514148644,2.4479914581788575,-60.0,60.0,714.0,14334.0,mst,5.5623885323977245,1.0687538257022642,-60.0,-60.0,899.0,10895.0,mst,3.8451216025774784,1.0648773506569325,-111.38907748930032,0.025905397742178593,771.8537326848746,26,20776.45435461904,4,1.372972729603897,2.05029225994368
0.0,0.0,3768.0,45804.0,lst,1.8869919183451567,1.5153234947208125,60.0,60.0,290.0,11186.0,mst,6.24496382248416,0.9301724598822697,60.0,-60.0,1153.0,6887.0,mst,3.1562484941557076,1.9189497653003582,-60.0,60.0,22.0,5052.0,mst,1.215612228698104,3.0147495175942596,-60.0,-60.0,0.0,4021.0,mst,2.1779378532941345,3.5292424194869727,58.62889898140165,18.737726670190796,626.675016743827,26,31389.013582257074,4,1.9387263404424824,5.4787926132425575
0.0,0.0,835.0,0.0,lst,5.664297523884696,2.37564213384478,60.0,60.0,0.0,0.0,mst,5.612976065950431,3.912695333767481,60.0,-60.0,30.0,0.0,mst,5.05106286055993,2.615951644805313,-60.0,60.0,24.0,0.0,mst,6.185025366901881,3.022860636058114,-60.0,-60.0,518.0,0.0,mst,5.965677062889361,0.8918403876852178,-75.61452974232084,-107.22166290989654,381.16588420202635,26,24661.655441944236,4,1.3765334965309641,0.1339408620792805
