x 1,y 1,Count 1,Bkg Count 1,Telescope 1,Dangle 1,Altitude 1,x 2,y 2,Count 2,Bkg Count 2,Telescope 2,Dangle 2,Altitude 2,x 3,y 3,Count 3,Bkg Count 3,Telescope 3,Dangle 3,Altitude 3,x 4,y 4,Count 4,Bkg Count 4,Telescope 4,Dangle 4,Altitude 4,x 5,y 5,Count 5,Bkg Count 5,Telescope 5,Dangle 5,Altitude 5,True X,True Y,True Energy Per Nucleon,True Z,True Height,Detecions,Phi,Epsilon,Theta
0.0,0.0,3550.0,241547.0,lst,2.1760957905195935,1.190127060078874,60.0,60.0,282.0,37397.0,mst,5.744708144876888,0.8023926967355742,60.0,-60.0,210.0,32223.0,mst,3.351968170189796,1.9925497503319054,-60.0,60.0,143.0,26786.0,mst,1.268215099183214,2.4904991675771813,-60.0,-60.0,0.0,19566.0,mst,2.2860731745892715,3.1070097707302926,41.807191058910206,29.178315775918605,1596.9595514698324,26,33713.98031035524,4,1.2686505144357108,4.468212608144178
0.0,0.0,1822.0,38512.0,lst,1.8349638173026055,1.2501230789142224,60.0,60.0,324.0,7376.0,mst,0.05656122778443617,0.8125919071480393,60.0,-60.0,565.0,7260.0,mst,3.1079442193590063,1.5334943370200593,-60.0,60.0,79.0,4156.0,mst,1.2462445642621196,2.4848144557478262,-60.0,-60.0,22.0,2470.0,mst,2.1408018757810887,2.855831524892338,63.09281927775535,17.448220020963817,586.1305422182356,26,28021.90755412812,5,1.8257738183264802,0.46775914924639117
0.0,0.0,1187.0,113501.0,lst,5.306242141538886,0.7286688796382197,60.0,60.0,47.0,11505.0,mst,5.436555407471609,2.2066826303467475,60.0,-60.0,749.0,11832.0,mst,4.353332994983432,1.8286601564366711,-60.0,60.0,1709.0,10323.0,mst,0.2850901257707215,1.5527405796412086,-60.0,-60.0,202.0,22950.0,mst,2.53794666521238,0.8600877648079459,-34.52937217074977,-23.807378954594867,861.6996352851819,26,28864.214644538013,5,1.9064297971921593,5.531632753458327
