x 1,y 1,Count 1,Bkg Count 1,Telescope 1,Dangle 1,Altitude 1,x 2,y 2,Count 2,Bkg Count 2,Telescope 2,Dangle 2,Altitude 2,x 3,y 3,Count 3,Bkg Count 3,Telescope 3,Dangle 3,Altitude 3,x 4,y 4,Count 4,Bkg Count 4,Telescope 4,Dangle 4,Altitude 4,x 5,y 5,Count 5,Bkg Count 5,Telescope 5,Dangle 5,Altitude 5,True X,True Y,True Energy Per Nucleon,True Z,True Height,Detecions,Phi,Epsilon,Theta
0.0,0.0,1197.0,79157.0,lst,4.019277872429573,1.0164254496019747,60.0,60.0,0.0,8711.0,mst,5.1218339069715695,2.857687717127517,60.0,-60.0,29.0,7603.0,mst,3.957799657556832,3.5215169399149744,-60.0,60.0,471.0,12638.0,mst,0.757067289994395,1.6434494549011016,-60.0,-60.0,64.0,8478.0,mst,2.738091147645878,2.737558213976051,-26.216763211127684,22.10107267632293,716.3536792039647,26,35142.27341753564,4,1.2627500306769033,4.126328844565426
0.0,0.0,1989.0,44257.0,lst,3.0307938446813587,1.0228195316591107,60.0,60.0,504.0,5746.0,mst,5.007283088742904,1.446097498214478,60.0,-60.0,46.0,3558.0,mst,3.6516170759847317,2.8534387833890764,-60.0,60.0,522.0,6213.0,mst,1.3241139137213174,1.5463242148867673,-60.0,-60.0,0.0,3843.0,mst,2.572211488777382,2.8516912937651857,4.8109507705021315,42.78010806412399,561.1865800812146,26,30769.398559879737,4,1.280003697251531,1.61186861350761
0.0,0.0,1508.0,384748.0,lst,0.012716393434091838,0.8353123113460706,60.0,60.0,58.0,31122.0,mst,5.742033637667243,2.542413510380124,60.0,-60.0,544.0,58819.0,mst,4.353847605543195,1.3652510644404179,-60.0,60.0,0.0,24425.0,mst,0.5683132031666701,2.6099850213706937,-60.0,-60.0,624.0,65471.0,mst,1.9536516304330716,1.42065617412932,1.2823806590267282,-37.303347588388775,2667.75377722231,26,33511.72285470846,4,1.8020903152034915,3.353372760946265
0.0,0.0,614.0,264992.0,lst,6.165637260782945,0.8823468489551165,60.0,60.0,24.0,23333.0,mst,5.64939876147001,3.519450913279484,60.0,-60.0,365.0,32127.0,mst,4.24781268830768,2.3007910033415846,-60.0,60.0,0.0,25693.0,mst,0.5726758614739633,3.2090795127810137,-60.0,-60.0,686.0,35322.0,mst,2.1029786353672,1.9408971250884972,-3.507068990688481,-27.30332741433655,1545.5999532947385,26,39772.94849093452,4,1.2439168538299181,1.9668888755977423
