x 1,y 1,Count 1,Bkg Count 1,Telescope 1,Dangle 1,Altitude 1,x 2,y 2,Count 2,Bkg Count 2,Telescope 2,Dangle 2,Altitude 2,x 3,y 3,Count 3,Bkg Count 3,Telescope 3,Dangle 3,Altitude 3,x 4,y 4,Count 4,Bkg Count 4,Telescope 4,Dangle 4,Altitude 4,x 5,y 5,Count 5,Bkg Count 5,Telescope 5,Dangle 5,Altitude 5,True X,True Y,True Energy Per Nucleon,True Z,True Height,Detecions,Phi,Epsilon,Theta
0.0,0.0,868.0,295222.0,lst,3.5888739443262723,0.8390401791888674,60.0,60.0,224.0,26216.0,mst,5.151311150838005,2.3593848715582504,60.0,-60.0,0.0,20797.0,mst,3.8496721844243487,3.2984533188970766,-60.0,60.0,92.0,42812.0,mst,0.9522555265608255,1.6515606932004074,-60.0,-60.0,49.0,26314.0,mst,2.624402798887266,2.80443542677786,-12.551140172739935,26.334081753427313,1563.0678975735884,26,37992.44365657734,4,1.783366372460982,1.764385384241629
0.0,0.0,1076.0,298475.0,lst,5.650292725034361,1.1542832422789076,60.0,60.0,0.0,15084.0,mst,5.551680344174983,3.694911435429321,60.0,-60.0,67.0,32537.0,mst,4.389056909482289,2.4561465441360446,-60.0,60.0,29.0,27842.0,mst,0.39319890743623537,3.048849836352107,-60.0,-60.0,287.0,56580.0,mst,2.2426123914609457,1.3720554364934252,-22.333969681295315,-30.8652160096417,1836.2881319791181,26,39331.43888046769,4,1.2335082694426474,3.5083737805958672
0.0,0.0,1926.0,50767.0,lst,2.538009098058535,0.7208811446786207,60.0,60.0,105.0,8889.0,mst,5.282040199603388,0.7134702788121092,60.0,-60.0,1421.0,7119.0,mst,3.486628922433976,1.696996119083451,-60.0,60.0,1837.0,6639.0,mst,1.3128067880596102,1.443046938893435,-60.0,-60.0,463.0,3836.0,mst,2.420260203844323,2.061994065686381,25.517304695947615,37.64112587177166,606.8627147485867,26,25811.206262181182,5,1.8694260574700416,2.4269027498592948
