x 1,y 1,Count 1,Bkg Count 1,Telescope 1,Dangle 1,Altitude 1,x 2,y 2,Count 2,Bkg Count 2,Telescope 2,Dangle 2,Altitude 2,x 3,y 3,Count 3,Bkg Count 3,Telescope 3,Dangle 3,Altitude 3,x 4,y 4,Count 4,Bkg Count 4,Telescope 4,Dangle 4,Altitude 4,x 5,y 5,Count 5,Bkg Count 5,Telescope 5,Dangle 5,Altitude 5,True X,True Y,True Energy Per Nucleon,True Z,True Height,Detecions,Phi,Epsilon,Theta
0.0,0.0,3426.0,0.0,lst,3.6225191720048127,1.9020497090958954,60.0,60.0,133.0,0.0,mst,4.448852612231112,2.1477031757934677,60.0,-60.0,0.0,0.0,mst,3.7727284846286597,3.505620874456492,-60.0,60.0,92.0,0.0,mst,2.731493741893466,0.5660683560519633,-60.0,-60.0,39.0,0.0,mst,3.0772807882092033,2.7539308446910282,-48.130485095670124,87.88564428987564,331.1593170527094,26,24064.164526597564,4,1.876147678368362,1.232154172677383
0.0,0.0,604.0,0.0,lst,5.13963537434525,0.48245951525475095,60.0,60.0,117.0,0.0,mst,5.414501676432387,2.1953152070121,60.0,-60.0,122.0,0.0,mst,4.165642081531151,1.898774585182588,-60.0,60.0,0.0,0.0,mst,0.4854991942334119,1.6550007557874378,-60.0,-60.0,665.0,0.0,mst,2.4606606649143683,1.2470621068683418,-21.661125508242662,-10.068855223586382,351.4393092539167,26,25391.55961129605,4,1.3826244223248565,3.7085505892764283
0.0,0.0,2374.0,31941.0,lst,4.727630268885182,0.9182293204208389,60.0,60.0,157.0,3797.0,mst,5.212159295997967,2.1819030799540733,60.0,-60.0,0.0,3256.0,mst,4.218487333869859,2.1574348333384363,-60.0,60.0,595.0,6762.0,mst,0.09269976462102301,1.034022188224727,-60.0,-60.0,670.0,5091.0,mst,3.043048369971821,0.9830058110674286,-54.63939313483415,-0.7687807904623298,544.8768711228449,26,24639.673534594036,4,1.449350832910106,3.172622154817781
0.0,0.0,2110.0,34409.0,lst,1.050526837469901,1.8526336174730758,60.0,60.0,194.0,7009.0,mst,0.10537209292746202,2.3027600579911063,60.0,-60.0,22.0,11667.0,mst,2.576219310028974,0.48460644111018447,-60.0,60.0,0.0,4264.0,mst,0.9231729115658013,3.708248316770033,-60.0,-60.0,30.0,5206.0,mst,1.707062341646175,2.9527914522923058,70.89695523483675,-42.254910598026456,693.007159612918,26,30446.4831549131,4,1.635880731666998,1.9535366048017402
