x 1,y 1,Count 1,Bkg Count 1,Telescope 1,Dangle 1,Altitude 1,x 2,y 2,Count 2,Bkg Count 2,Telescope 2,Dangle 2,Altitude 2,x 3,y 3,Count 3,Bkg Count 3,Telescope 3,Dangle 3,Altitude 3,x 4,y 4,Count 4,Bkg Count 4,Telescope 4,Dangle 4,Altitude 4,x 5,y 5,Count 5,Bkg Count 5,Telescope 5,Dangle 5,Altitude 5,True X,True Y,True Energy Per Nucleon,True Z,True Height,Detecions,Phi,Epsilon,Theta
0.0,0.0,2286.0,0.0,lst,4.255939570671476,2.00700878998957,60.0,60.0,21.0,0.0,mst,4.796637080779641,2.9452360020050388,60.0,-60.0,0.0,0.0,mst,4.0983827095372325,3.5597127837278393,-60.0,60.0,241.0,0.0,mst,5.078007001893742,0.6615995146947304,-60.0,-60.0,205.0,0.0,mst,3.4657311627251106,2.119560021658282,-93.93766356314869,46.863211629028825,264.5215555469342,26,22470.102251906035,4,1.607474209070306,5.146675234874428
0.0,0.0,629.0,164425.0,lst,0.08855828069371122,0.8673719227130748,60.0,60.0,85.0,15469.0,mst,5.746366176216017,2.5988969804048474,60.0,-60.0,686.0,36798.0,mst,4.302677541879756,1.435232247336212,-60.0,60.0,59.0,18415.0,mst,0.5863443661146523,2.671105479101121,-60.0,-60.0,528.0,31255.0,mst,1.9120124973893646,1.577836765368747,3.5914899508848634,-36.621804043325426,1284.4101838852548,26,33374.995928044664,5,1.6863384199059648,0.4490324140008956
0.0,0.0,2724.0,374558.0,lst,4.6823962514591075,1.3935280894667517,60.0,60.0,50.0,17880.0,mst,5.12558297714382,2.8450469950038246,60.0,-60.0,22.0,19623.0,mst,4.2742695781163516,2.879906259628494,-60.0,60.0,503.0,88658.0,mst,6.121627026576671,1.1780280774388343,-60.0,-60.0,423.0,74433.0,mst,3.2894056313325675,1.262145265904821,-69.49479008818045,2.2173067400612183,3145.556034241266,26,30922.436524985984,5,1.5517045662328588,3.548183251053381
0.0,0.0,1203.0,176533.0,lst,5.267329058177829,1.3907301875816485,60.0,60.0,0.0,12209.0,mst,5.406432192750816,3.2870259250370713,60.0,-60.0,30.0,17889.0,mst,4.469272970887938,2.623028381455034,-60.0,60.0,180.0,17245.0,mst,0.10035205895733844,2.121305923325294,-60.0,-60.0,151.0,35381.0,mst,2.827066043877291,0.6746488662368412,-50.947381352108394,-32.10810753880095,1231.9544968464054,26,32630.219577446496,4,1.5366937979985809,3.555967688105757
