x 1,y 1,Count 1,Bkg Count 1,Telescope 1,Dangle 1,Altitude 1,x 2,y 2,Count 2,Bkg Count 2,Telescope 2,Dangle 2,Altitude 2,x 3,y 3,Count 3,Bkg Count 3,Telescope 3,Dangle 3,Altitude 3,x 4,y 4,Count 4,Bkg Count 4,Telescope 4,Dangle 4,Altitude 4,x 5,y 5,Count 5,Bkg Count 5,Telescope 5,Dangle 5,Altitude 5,True X,True Y,True Energy Per Nucleon,True Z,True Height,Detecions,Phi,Epsilon,Theta
0.0,0.0,579.0,36503.0,lst,5.640184639834089,0.7737646606441377,60.0,60.0,0.0,2695.0,mst,5.55064096947917,3.132746487010299,60.0,-60.0,103.0,3540.0,mst,4.274999812961919,2.4011893578212247,-60.0,60.0,49.0,3140.0,mst,0.47636899707977215,2.6435748591703714,-60.0,-60.0,847.0,4280.0,mst,2.2866671883737633,1.676530640369799,-16.76632060020816,-22.841381896756445,513.6212044793285,26,31604.75512273668,4,1.8136407804099437,5.254130368598968
0.0,0.0,336.0,82720.0,lst,0.20294825278995335,0.6914694218071589,60.0,60.0,267.0,14308.0,mst,5.738639385024592,2.4888737268769225,60.0,-60.0,729.0,13802.0,mst,4.196691304626797,1.4885369051844715,-60.0,60.0,46.0,12825.0,mst,0.6496411578487822,2.6422891446296397,-60.0,-60.0,77.0,15515.0,mst,1.9979132322952209,1.7397892935431907,5.902111070494698,-29.109662927848532,879.1653546140299,26,32352.03035764918,5,1.5468360088283726,5.098120942070467
0.0,0.0,766.0,69218.0,lst,2.3447792390794135,1.2070567415100517,60.0,60.0,318.0,10464.0,mst,5.506571322054899,1.3699041406557912,60.0,-60.0,37.0,10296.0,mst,3.489395956808872,2.7979259891005905,-60.0,60.0,66.0,7055.0,mst,1.2139004320294795,2.845791154016624,-60.0,-60.0,0.0,6548.0,mst,2.3614037712215503,3.7522712029189695,28.290128332115074,27.393897104241603,692.6287151144095,26,34228.2624019652,4,1.5446128891157076,4.787856461805715
