x 1,y 1,Count 1,Bkg Count 1,Telescope 1,Dangle 1,Altitude 1,x 2,y 2,Count 2,Bkg Count 2,Telescope 2,Dangle 2,Altitude 2,x 3,y 3,Count 3,Bkg Count 3,Telescope 3,Dangle 3,Altitude 3,x 4,y 4,Count 4,Bkg Count 4,Telescope 4,Dangle 4,Altitude 4,x 5,y 5,Count 5,Bkg Count 5,Telescope 5,Dangle 5,Altitude 5,True X,True Y,True Energy Per Nucleon,True Z,True Height,Detecions,Phi,Epsilon,Theta
0.0,0.0,6141.0,141029.0,lst,6.193187611023657,1.4885583845192394,60.0,60.0,0.0,17131.0,mst,5.824658869829469,2.954285712890667,60.0,-60.0,933.0,22442.0,mst,4.914112281021469,1.354259623797733,-60.0,60.0,33.0,16017.0,mst,0.3807828925846908,2.850464626995769,-60.0,-60.0,621.0,33586.0,mst,1.29321397412717,1.071930014506179,-6.99336530267135,-74.40212734178692,1409.3388083520738,26,29994.453429555135,4,1.484558537319502,0.12020844715387384
0.0,0.0,4685.0,33350.0,lst,3.507950858075779,1.6716098750531125,60.0,60.0,543.0,4949.0,mst,4.403961201153101,1.7293273585603433,60.0,-60.0,0.0,2564.0,mst,3.7005409164178507,3.0738010408674135,-60.0,60.0,195.0,9197.0,mst,2.4195523468280333,0.6873845423987823,-60.0,-60.0,41.0,2748.0,mst,2.9758068355620577,2.652225181471564,-33.90995224812784,89.80828461656733,577.3561188399174,26,25625.63882741192,4,1.5170744144450763,3.08075478979262
0.0,0.0,4872.0,113612.0,lst,3.2036672947088185,1.2328061959482217,60.0,60.0,776.0,22700.0,mst,4.4679819969807015,1.04179914619389,60.0,-60.0,55.0,13708.0,mst,3.5814809974517106,2.4047204738657575,-60.0,60.0,659.0,30583.0,mst,1.85522588766866,0.923016161227994,-60.0,-60.0,0.0,10551.0,mst,2.745941326244252,2.352111869379974,-4.172625489861588,75.5170123405257,1233.3328624211954,26,25064.356877605096,4,1.5227978635769635,2.349956317277658
