x 1,y 1,Count 1,Bkg Count 1,Telescope 1,Dangle 1,Altitude 1,x 2,y 2,Count 2,Bkg Count 2,Telescope 2,Dangle 2,Altitude 2,x 3,y 3,Count 3,Bkg Count 3,Telescope 3,Dangle 3,Altitude 3,x 4,y 4,Count 4,Bkg Count 4,Telescope 4,Dangle 4,Altitude 4,x 5,y 5,Count 5,Bkg Count 5,Telescope 5,Dangle 5,Altitude 5,True X,True Y,True Energy Per Nucleon,True Z,True Height,Detecions,Phi,Epsilon,Theta
0.0,0.0,5900.0,31.0,lst,5.926647525245538,1.8294499529634893,60.0,60.0,0.0,0.0,mst,5.723231968104864,3.1959518113567302,60.0,-60.0,1456.0,0.0,mst,5.1266922708813665,1.8073226218361933,-60.0,60.0,56.0,0.0,mst,0.11692017891458102,2.7534169672215105,-60.0,-60.0,423.0,0.0,mst,0.44286745386872445,0.8102678286212214,-39.54413392936007,-103.8629610617457,387.93670774821624,26,23363.791785480615,4,1.4427134869675766,5.938375377230745
0.0,0.0,1031.0,0.0,lst,5.763719996673298,2.2192660115742116,60.0,60.0,0.0,0.0,mst,5.656088739555415,3.8380937039399954,60.0,-60.0,74.0,0.0,mst,5.074208794943952,2.2957091762416906,-60.0,60.0,23.0,0.0,mst,0.04128082420454568,3.114122285022279,-60.0,-60.0,392.0,0.0,mst,0.1555312971268323,0.7969714789345456,-53.23480573028016,-100.90715698213592,372.8920531873976,26,25041.992960854015,4,1.8367217392359312,3.0643877997921387
0.0,0.0,1446.0,86279.0,lst,3.291390472217641,1.173252158047034,60.0,60.0,1586.0,16881.0,mst,4.896696316550794,1.5869635377742635,60.0,-60.0,0.0,7172.0,mst,3.6764866126231293,2.9893704938338947,-60.0,60.0,503.0,14766.0,mst,1.3625493932801338,1.354432437249562,-60.0,-60.0,49.0,10916.0,mst,2.690189123127635,2.928113364912189,-7.450188608918296,49.13129849672933,805.1214196601871,26,32848.9723296121,4,1.8836829174409377,4.365207512754038
