x 1,y 1,Count 1,Bkg Count 1,Telescope 1,Dangle 1,Altitude 1,x 2,y 2,Count 2,Bkg Count 2,Telescope 2,Dangle 2,Altitude 2,x 3,y 3,Count 3,Bkg Count 3,Telescope 3,Dangle 3,Altitude 3,x 4,y 4,Count 4,Bkg Count 4,Telescope 4,Dangle 4,Altitude 4,x 5,y 5,Count 5,Bkg Count 5,Telescope 5,Dangle 5,Altitude 5,True X,True Y,True Energy Per Nucleon,True Z,True Height,Detecions,Phi,Epsilon,Theta
0.0,0.0,2058.0,169989.0,lst,5.700882117231693,0.6834816564910975,60.0,60.0,491.0,15354.0,mst,5.563622837405991,1.9448230222579226,60.0,-60.0,1063.0,23216.0,mst,4.449401178417738,1.3162538207576797,-60.0,60.0,1719.0,14975.0,mst,0.34408058704088323,1.5292489128796793,-60.0,-60.0,320.0,32753.0,mst,2.144299995845748,0.6233334041264501,-24.976953483126906,-37.21627259861742,1257.5161953064123,26,23483.027860100185,5,1.7016790413050107,2.833036641367662
0.0,0.0,940.0,57976.0,lst,5.7155211393230845,0.7339366599903334,60.0,60.0,0.0,7663.0,mst,5.55121950361182,2.495629862959482,60.0,-60.0,350.0,6015.0,mst,4.366358881476299,1.761434731229473,-60.0,60.0,311.0,5721.0,mst,0.3998625892097157,2.036831694688176,-60.0,-60.0,270.0,11165.0,mst,2.1984362057531484,1.0302740728689461,-19.809111925395968,-30.28679303675237,677.1040999405399,26,29253.51868633932,4,1.4573566089588743,1.2563050703323928
0.0,0.0,3828.0,43329.0,lst,1.5954993641749566,1.3752368825503256,60.0,60.0,545.0,6731.0,mst,6.223235944966567,1.4609686473916663,60.0,-60.0,794.0,5696.0,mst,3.210280753535262,1.5455130111606914,-60.0,60.0,0.0,3288.0,mst,1.1146521610037325,3.1691049988180215,-60.0,-60.0,30.0,3143.0,mst,2.048516401255131,3.226565788325569,56.1724214848081,0.8118167866871602,552.9720299304922,26,30867.47917761337,4,1.3528560480727243,1.0284669816072567
0.0,0.0,1106.0,143926.0,lst,2.9948803930994594,0.763676448465727,60.0,60.0,522.0,17986.0,mst,5.208970065187616,1.4901335591017395,60.0,-60.0,47.0,12297.0,mst,3.692763282705816,2.529917365727775,-60.0,60.0,560.0,14272.0,mst,1.1304239411686732,1.7760339566124776,-60.0,-60.0,0.0,13276.0,mst,2.5312239658747564,2.750623599332021,4.318128391479263,30.837060386425748,930.0354527997769,26,33462.35800513919,4,1.3130175600965366,4.676015708377891
