x 1,y 1,Count 1,Bkg Count 1,Telescope 1,Dangle 1,Altitude 1,x 2,y 2,Count 2,Bkg Count 2,Telescope 2,Dangle 2,Altitude 2,x 3,y 3,Count 3,Bkg Count 3,Telescope 3,Dangle 3,Altitude 3,x 4,y 4,Count 4,Bkg Count 4,Telescope 4,Dangle 4,Altitude 4,x 5,y 5,Count 5,Bkg Count 5,Telescope 5,Dangle 5,Altitude 5,True X,True Y,True Energy Per Nucleon,True Z,True Height,Detecions,Phi,Epsilon,Theta
0.0,0.0,0.0,21416.0,lst,2.833740817960807,None,60.0,60.0,1780.0,1937.0,mst,5.4567709319916045,1.706645748919488,60.0,-60.0,800.0,1370.0,mst,3.8174598835821247,1.9031909481953788,-60.0,60.0,183.0,1516.0,mst,0.8626454518380393,1.7805093902599516,-60.0,-60.0,585.0,1408.0,mst,2.3900371873614015,2.005033271899217,2.2646106045946226,7.715973454034753,440.4599638331731,26,27597.550508475764,4,1.7414118823934712,3.450042030824186
0.0,0.0,6053.0,168635.0,lst,4.957266253623094,1.3635497637394884,60.0,60.0,0.0,13916.0,mst,5.27799028158803,2.8304032866456885,60.0,-60.0,75.0,15155.0,mst,4.406257618349676,2.554542426585438,-60.0,60.0,920.0,24905.0,mst,6.13601754052097,1.3868750841768271,-60.0,-60.0,353.0,34272.0,mst,3.397389749637597,0.7873164947918828,-70.7334544555302,-17.618715518948534,1344.0732118929798,26,28844.30610879145,4,1.947686380438252,1.6581346767423115
