x 1,y 1,Count 1,Bkg Count 1,Telescope 1,Dangle 1,Altitude 1,x 2,y 2,Count 2,Bkg Count 2,Telescope 2,Dangle 2,Altitude 2,x 3,y 3,Count 3,Bkg Count 3,Telescope 3,Dangle 3,Altitude 3,x 4,y 4,Count 4,Bkg Count 4,Telescope 4,Dangle 4,Altitude 4,x 5,y 5,Count 5,Bkg Count 5,Telescope 5,Dangle 5,Altitude 5,True X,True Y,True Energy Per Nucleon,True Z,True Height,Detecions,Phi,Epsilon,Theta
0.0,0.0,4912.0,0.0,lst,3.257493723408803,1.5704617305512099,60.0,60.0,730.0,0.0,mst,4.445082943217652,1.3669595302349664,60.0,-60.0,29.0,0.0,mst,3.599042011212949,3.040910022010393,-60.0,60.0,670.0,0.0,mst,1.933474765594912,1.0133283929657666,-60.0,-60.0,38.0,0.0,mst,2.8048772627932337,2.8764177607963406,-8.682015628796847,79.3174338741122,371.87482775302084,26,25115.280952215373,5,1.2073424567471451,0.2162514310829223
0.0,0.0,163.0,62537.0,lst,6.051460935003083,0.4101017103147327,60.0,60.0,272.0,5742.0,mst,5.600905882151268,2.1980213062029157,60.0,-60.0,55.0,5647.0,mst,4.16007583352172,1.7510931573158746,-60.0,60.0,91.0,7039.0,mst,0.6184714034701585,2.154647431214074,-60.0,-60.0,403.0,7728.0,mst,2.2185548138193467,1.662786195740714,-4.419836592361548,-18.88398859737316,614.3916484021559,26,30757.97933637136,5,1.8877964496405049,5.67544109285493
