x 1,y 1,Count 1,Bkg Count 1,Telescope 1,Dangle 1,Altitude 1,x 2,y 2,Count 2,Bkg Count 2,Telescope 2,Dangle 2,Altitude 2,x 3,y 3,Count 3,Bkg Count 3,Telescope 3,Dangle 3,Altitude 3,x 4,y 4,Count 4,Bkg Count 4,Telescope 4,Dangle 4,Altitude 4,x 5,y 5,Count 5,Bkg Count 5,Telescope 5,Dangle 5,Altitude 5,True X,True Y,True Energy Per Nucleon,True Z,True Height,Detecions,Phi,Epsilon,Theta
0.0,0.0,657.0,1079.0,lst,2.4489992872992183,1.8875294755924126,60.0,60.0,288.0,431.0,mst,2.6095465681054697,0.6004062963549607,60.0,-60.0,26.0,231.0,mst,3.024458512348856,2.3571300569692184,-60.0,60.0,357.0,256.0,mst,1.8034561810546557,2.2148903416506673,-60.0,-60.0,0.0,128.0,mst,2.388739706972763,3.1777366110253142,80.0894491209443,93.83767651620866,399.1126812405909,26,21846.613679678736,4,1.7358100850147562,5.499768671835096
0.0,0.0,785.0,327793.0,lst,-0.026357047835793086,0.551941908099129,60.0,60.0,67.0,20225.0,mst,5.703825315087591,1.7800598611551919,60.0,-60.0,411.0,42066.0,mst,4.328463386013851,1.054372715103502,-60.0,60.0,1305.0,21355.0,mst,0.547546559900756,1.778258992689116,-60.0,-60.0,570.0,33807.0,mst,1.9751254813482781,1.0180218171376916,0.029357453543155998,-35.59993212415597,1655.158099131244,26,25639.76680689941,5,1.7480265223450635,0.14449677911057368
0.0,0.0,163.0,97226.0,lst,4.393907997092821,1.2399971507711127,60.0,60.0,24.0,10727.0,mst,5.101330086265762,2.7858687896463046,60.0,-60.0,0.0,6970.0,mst,4.070841158300415,3.266720976942574,-60.0,60.0,335.0,22089.0,mst,0.28324887968180923,1.161282304680154,-60.0,-60.0,101.0,16074.0,mst,2.9584952638124933,2.0682475980051294,-47.31638235212105,15.949203757590197,889.3420554089181,26,34608.31538540574,4,1.2126284804455076,5.176022336448416
0.0,0.0,1191.0,373387.0,lst,3.7317914414546824,0.5738815214271838,60.0,60.0,919.0,39154.0,mst,5.119476846224646,1.4861249393772866,60.0,-60.0,333.0,28078.0,mst,3.8997920615723665,2.1403805551849464,-60.0,60.0,613.0,38988.0,mst,0.8939415375894197,0.9849686102930714,-60.0,-60.0,1127.0,28898.0,mst,2.6775913893675236,1.7848101506267562,-17.403312726196873,26.14428737465815,2501.0425956257286,26,29232.789111282604,5,1.3324267730704409,5.758753069600151
