x 1,y 1,Count 1,Bkg Count 1,Telescope 1,Dangle 1,Altitude 1,x 2,y 2,Count 2,Bkg Count 2,Telescope 2,Dangle 2,Altitude 2,x 3,y 3,Count 3,Bkg Count 3,Telescope 3,Dangle 3,Altitude 3,x 4,y 4,Count 4,Bkg Count 4,Telescope 4,Dangle 4,Altitude 4,x 5,y 5,Count 5,Bkg Count 5,Telescope 5,Dangle 5,Altitude 5,True X,True Y,True Energy Per Nucleon,True Z,True Height,Detecions,Phi,Epsilon,Theta
0.0,0.0,17050.0,127495.0,lst,1.7313453269748256,1.7524436078891545,60.0,60.0,746.0,31479.0,mst,0.923778666485668,1.0439658626365147,60.0,-60.0,1561.0,25110.0,mst,2.5393941611774604,1.4854559391101099,-60.0,60.0,35.0,10559.0,mst,1.3307674288515403,2.7295571420740985,-60.0,-60.0,0.0,12320.0,mst,2.0003918166428325,2.926869231593805,115.91848384669692,19.194954028646606,1729.9990917297782,26,25823.897947682657,4,1.2964095636945518,1.5643409584558494
0.0,0.0,1921.0,0.0,lst,2.21400065661952,2.192368288931939,60.0,60.0,442.0,0.0,mst,1.9720299385474658,0.7724535542481498,60.0,-60.0,61.0,0.0,mst,2.842313933107349,2.519725591990634,-60.0,60.0,22.0,0.0,mst,1.661549112497123,2.7653864081878003,-60.0,-60.0,0.0,0.0,mst,2.26307058635314,3.656702935544903,102.01478674361522,77.63536339560002,259.5343173793669,26,22143.925966077753,4,1.2572204290149342,1.5081191179237154
0.0,0.0,2018.0,143075.0,lst,0.5787087136729115,0.6292234335835185,60.0,60.0,2048.0,17259.0,mst,5.902271222706564,1.5993661191358781,60.0,-60.0,304.0,28596.0,mst,4.093692784619164,0.7113164655715419,-60.0,60.0,129.0,11728.0,mst,0.7102730995667387,1.9492898335710014,-60.0,-60.0,1076.0,17088.0,mst,1.8668256774410468,1.3483829382346062,22.800749395670493,-34.879078114986896,1080.0134187014335,26,24306.41049265882,5,1.4695314739654926,0.9917505768580972
0.0,0.0,2977.0,284835.0,lst,5.608153192421957,1.0300563833921934,60.0,60.0,76.0,17336.0,mst,5.550139265031805,2.3842853599328966,60.0,-60.0,5011.0,35140.0,mst,4.601656793576376,1.6409577688020258,-60.0,60.0,0.0,29324.0,mst,0.18228249000901586,1.8259317612727295,-60.0,-60.0,24.0,88679.0,mst,2.045992332606926,0.3981032065102735,-40.31139809610488,-49.86669025091301,2263.189337304883,26,28056.745576624886,4,1.908382574986302,5.384602044565956
