x 1,y 1,Count 1,Bkg Count 1,Telescope 1,Dangle 1,Altitude 1,x 2,y 2,Count 2,Bkg Count 2,Telescope 2,Dangle 2,Altitude 2,x 3,y 3,Count 3,Bkg Count 3,Telescope 3,Dangle 3,Altitude 3,x 4,y 4,Count 4,Bkg Count 4,Telescope 4,Dangle 4,Altitude 4,x 5,y 5,Count 5,Bkg Count 5,Telescope 5,Dangle 5,Altitude 5,True X,True Y,True Energy Per Nucleon,True Z,True Height,Detecions,Phi,Epsilon,Theta
0.0,0.0,9671.0,35299.0,lst,0.18455440298972722,1.3913679348744004,60.0,60.0,76.0,2690.0,mst,6.015312370984768,2.364126745515891,60.0,-60.0,231.0,9262.0,mst,5.318745731921388,0.7976957599124601,-60.0,60.0,49.0,3707.0,mst,0.48179972553156125,2.5844298534177668,-60.0,-60.0,1338.0,8122.0,mst,1.1882474062569004,1.2561864186135197,16.793003018094055,-89.74614065541746,610.4268744174869,26,23039.754699634916,5,1.7159482924579077,4.381002659337225
0.0,0.0,81.0,63951.0,lst,0.10737224963225263,0.3607413728863957,60.0,60.0,750.0,7353.0,mst,5.631172804651114,1.7913985546919822,60.0,-60.0,498.0,8120.0,mst,4.086080782522986,1.3201113321008453,-60.0,60.0,33.0,5707.0,mst,0.6752509908384853,1.92249517057241,-60.0,-60.0,811.0,7141.0,mst,2.174166929999388,1.4628770299649505,1.731598958343966,-18.970980099515515,601.9255543549347,26,27822.304642062096,5,1.851006554355407,5.039039433667294
