x 1,y 1,Count 1,Bkg Count 1,Telescope 1,Dangle 1,Altitude 1,x 2,y 2,Count 2,Bkg Count 2,Telescope 2,Dangle 2,Altitude 2,x 3,y 3,Count 3,Bkg Count 3,Telescope 3,Dangle 3,Altitude 3,x 4,y 4,Count 4,Bkg Count 4,Telescope 4,Dangle 4,Altitude 4,x 5,y 5,Count 5,Bkg Count 5,Telescope 5,Dangle 5,Altitude 5,True X,True Y,True Energy Per Nucleon,True Z,True Height,Detecions,Phi,Epsilon,Theta
0.0,0.0,1213.0,5300.0,lst,2.8941565098934774,1.846625700546201,60.0,60.0,574.0,1924.0,mst,3.6638913826536497,1.001902239263929,60.0,-60.0,21.0,597.0,mst,3.291474652448017,2.8086702285616867,-60.0,60.0,363.0,1340.0,mst,2.093210833996124,1.6117942069157105,-60.0,-60.0,0.0,569.0,mst,2.6691877586776336,3.01284483317433,29.87719605496278,112.31304178250701,433.7161917901966,26,24435.30924058326,4,1.916916276190881,2.2117370721377108
0.0,0.0,2426.0,49211.0,lst,2.579061776694688,1.3318620848697746,60.0,60.0,255.0,8521.0,mst,5.218057641199809,1.0362477231763787,60.0,-60.0,39.0,4367.0,mst,3.4456550973386983,2.8590431579452904,-60.0,60.0,87.0,5986.0,mst,1.3477010384231662,2.3599813932999285,-60.0,-60.0,0.0,4470.0,mst,2.4344842279485794,3.5570007763600717,26.082299373436655,41.9380116649387,615.6741395150237,26,32093.56300283045,4,1.6801197278782858,3.4188011608906965
0.0,0.0,3057.0,33414.0,lst,2.576368899167473,1.7055785546507167,60.0,60.0,203.0,9847.0,mst,3.125537677953771,0.5679183108354506,60.0,-60.0,36.0,4944.0,mst,3.1515360698478787,2.358897112469748,-60.0,60.0,1444.0,5206.0,mst,1.86647475766627,1.9365696725901178,-60.0,-60.0,0.0,3580.0,mst,2.47699748869603,2.9593892373129718,60.99987741461476,96.88539128290094,693.188599384718,26,23910.64406507398,4,1.3568214382707093,2.9147702081984295
