x 1,y 1,Count 1,Bkg Count 1,Telescope 1,Dangle 1,Altitude 1,x 2,y 2,Count 2,Bkg Count 2,Telescope 2,Dangle 2,Altitude 2,x 3,y 3,Count 3,Bkg Count 3,Telescope 3,Dangle 3,Altitude 3,x 4,y 4,Count 4,Bkg Count 4,Telescope 4,Dangle 4,Altitude 4,x 5,y 5,Count 5,Bkg Count 5,Telescope 5,Dangle 5,Altitude 5,True X,True Y,True Energy Per Nucleon,True Z,True Height,Detecions,Phi,Epsilon,Theta
0.0,0.0,0.0,769709.0,lst,0.4711975471912288,None,60.0,60.0,155.0,52132.0,mst,5.5826992432071085,2.46338424099515,60.0,-60.0,36.0,40312.0,mst,3.9546985825349803,2.156032556438905,-60.0,60.0,50.0,54038.0,mst,0.7542355160400461,2.55391910061712,-60.0,-60.0,183.0,44588.0,mst,2.276482752928358,2.289844425226379,3.493980811347001,-6.9222020372097575,2570.518246544146,26,37899.99277655322,4,1.4490457058431088,2.0712997387075394
0.0,0.0,2919.0,187067.0,lst,3.8648176606494724,1.3806789492711022,60.0,60.0,113.0,23873.0,mst,4.955811455248499,2.6818720425087226,60.0,-60.0,0.0,13088.0,mst,3.894873706567397,3.7036087368612116,-60.0,60.0,290.0,43498.0,mst,0.8980303088570368,1.0680227852876478,-60.0,-60.0,48.0,16290.0,mst,2.857224699549398,2.854599508292424,-32.33109727143055,37.58590507334142,1327.276409627709,26,37525.68157759754,4,1.2974139181465105,3.9055778496628397
0.0,0.0,1064.0,6142.0,lst,0.45262148019871634,2.313139686357496,60.0,60.0,23.0,761.0,mst,0.017596335640955765,3.0294029872689903,60.0,-60.0,1370.0,2304.0,mst,0.06403997025825786,1.1706661565137177,-60.0,60.0,0.0,740.0,mst,0.5734644626187487,3.5860765533004493,-60.0,-60.0,208.0,1070.0,mst,1.030913044798314,2.2668467211710013,65.56787042176566,-133.48173992229454,455.93282421765895,26,22641.85636819039,4,1.6185197094430945,1.9085024783190465
0.0,0.0,0.0,349541.0,lst,3.622308404447819,None,60.0,60.0,1051.0,26308.0,mst,5.332070656233672,1.284109843420826,60.0,-60.0,1949.0,26194.0,mst,3.881962550199069,1.5202643417322024,-60.0,60.0,918.0,27347.0,mst,0.829262998487221,1.1085420655910503,-60.0,-60.0,1406.0,24671.0,mst,2.508786136951918,1.3987284249995162,-6.781033101916847,12.437865477500623,1519.343820734646,26,24500.594139040088,4,1.6330080227790011,2.938820940207907
