x 1,y 1,Count 1,Bkg Count 1,Telescope 1,Dangle 1,Altitude 1,x 2,y 2,Count 2,Bkg Count 2,Telescope 2,Dangle 2,Altitude 2,x 3,y 3,Count 3,Bkg Count 3,Telescope 3,Dangle 3,Altitude 3,x 4,y 4,Count 4,Bkg Count 4,Telescope 4,Dangle 4,Altitude 4,x 5,y 5,Count 5,Bkg Count 5,Telescope 5,Dangle 5,Altitude 5,True X,True Y,True Energy Per Nucleon,True Z,True Height,Detecions,Phi,Epsilon,Theta
0.0,0.0,446.0,59157.0,lst,5.395331882799188,0.8576317320527871,60.0,60.0,0.0,4672.0,mst,5.468910111052905,3.905422667314518,60.0,-60.0,33.0,5907.0,mst,4.190152071748446,3.2389525174217124,-60.0,60.0,44.0,7526.0,mst,0.4945942002341037,3.03673028857147,-60.0,-60.0,142.0,6506.0,mst,2.403515014857927,2.1490472768409186,-18.84999700642578,-15.289329120080623,599.9692221991355,26,34475.065956673134,4,1.442747649058626,1.536325826962886
0.0,0.0,1377.0,84312.0,lst,1.5536503343946597,0.8068934775486162,60.0,60.0,524.0,8783.0,mst,5.916498684681561,1.4674905153141538,60.0,-60.0,628.0,6528.0,mst,3.4972707723772447,1.2731401553715238,-60.0,60.0,123.0,5766.0,mst,1.0027334811866657,2.5580589588711713,-60.0,-60.0,269.0,6513.0,mst,2.1189627317755164,2.401976088825067,36.55171988768126,-0.938137664712059,654.9650420330039,26,30368.737719144512,5,1.2272580117443121,3.4216606673860914
0.0,0.0,4344.0,122903.0,lst,3.2202797498392033,1.3461877069861585,60.0,60.0,838.0,16656.0,mst,4.521199245870904,1.303900425106098,60.0,-60.0,46.0,12510.0,mst,3.590224877227434,2.7374304261887987,-60.0,60.0,505.0,26581.0,mst,1.7773311192221508,1.0019281295581093,-60.0,-60.0,63.0,14671.0,mst,2.754501819980218,2.6133564187524265,-5.643242762509573,72.51018967432685,1313.3126776685801,26,29835.223416732653,5,1.2723077242451473,2.2258573744310373
0.0,0.0,1282.0,0.0,lst,1.786191602430964,1.147877552602745,60.0,60.0,502.0,0.0,mst,5.966605344102809,1.3690166711000387,60.0,-60.0,0.0,0.0,mst,3.3752760736384655,1.872571716239917,-60.0,60.0,35.0,0.0,mst,1.1123032101366521,2.9943885815158873,-60.0,-60.0,47.0,0.0,mst,2.1595912822194485,3.2493453626111637,43.359772676076744,9.91794509132123,270.5917470202489,26,24885.936248254333,4,1.6413186222699034,5.730201041672369
