x 1,y 1,Count 1,Bkg Count 1,Telescope 1,Dangle 1,Altitude 1,x 2,y 2,Count 2,Bkg Count 2,Telescope 2,Dangle 2,Altitude 2,x 3,y 3,Count 3,Bkg Count 3,Telescope 3,Dangle 3,Altitude 3,x 4,y 4,Count 4,Bkg Count 4,Telescope 4,Dangle 4,Altitude 4,x 5,y 5,Count 5,Bkg Count 5,Telescope 5,Dangle 5,Altitude 5,True X,True Y,True Energy Per Nucleon,True Z,True Height,Detecions,Phi,Epsilon,Theta
0.0,0.0,13253.0,48113.0,lst,3.05195250068832,1.6303451703181304,60.0,60.0,648.0,13739.0,mst,4.067763142475735,1.025930578626491,60.0,-60.0,38.0,4357.0,mst,3.4519662989265747,2.7241152900430707,-60.0,60.0,870.0,9070.0,mst,2.056651058982572,1.3074196475324387,-60.0,-60.0,0.0,3412.0,mst,2.723465865485336,2.8667284999807525,9.931536245879215,98.63217131429712,770.025600107646,26,25179.506128385805,4,1.690203305002228,4.637634172795623
0.0,0.0,5231.0,63184.0,lst,3.2597121203785893,1.420117902295567,60.0,60.0,806.0,8566.0,mst,4.482944905614218,1.319113419796943,60.0,-60.0,23.0,5920.0,mst,3.6341973301059323,2.832700974957763,-60.0,60.0,499.0,14853.0,mst,1.8820727988149482,1.0165051335268747,-60.0,-60.0,0.0,4445.0,mst,2.7829813666906094,2.7621694770277125,-8.941068167070284,76.38497982628903,692.0505195130767,26,27861.04743344908,4,1.7843528857010569,4.654301128375388
0.0,0.0,6424.0,85518.0,lst,4.941248779035176,1.4555930995155253,60.0,60.0,23.0,7973.0,mst,5.243560723206752,2.981902894496916,60.0,-60.0,94.0,6695.0,mst,4.399442630783909,2.691467163718462,-60.0,60.0,624.0,15691.0,mst,6.127265859743119,1.5355074882660964,-60.0,-60.0,432.0,20683.0,mst,3.4207178543429553,0.8343298093269624,-72.19176766237918,-17.953227209176077,789.4163344117383,26,28705.773487656214,5,1.4642561340953815,2.816837642471439
