x 1,y 1,Count 1,Bkg Count 1,Telescope 1,Dangle 1,Altitude 1,x 2,y 2,Count 2,Bkg Count 2,Telescope 2,Dangle 2,Altitude 2,x 3,y 3,Count 3,Bkg Count 3,Telescope 3,Dangle 3,Altitude 3,x 4,y 4,Count 4,Bkg Count 4,Telescope 4,Dangle 4,Altitude 4,x 5,y 5,Count 5,Bkg Count 5,Telescope 5,Dangle 5,Altitude 5,True X,True Y,True Energy Per Nucleon,True Z,True Height,Detecions,Phi,Epsilon,Theta
0.0,0.0,2322.0,309731.0,lst,3.543037165973916,0.8105901948636199,60.0,60.0,374.0,32855.0,mst,4.945199923739072,1.5135030975213246,60.0,-60.0,239.0,19982.0,mst,3.8047009341552442,2.356657322262825,-60.0,60.0,335.0,73461.0,mst,1.1469693367560383,0.8400662632534295,-60.0,-60.0,0.0,25773.0,mst,2.7430249291808906,1.9700329034931165,-17.55906563797882,41.179346400261466,1987.5256628749876,26,29443.69844817494,4,1.8329695367520777,2.201687658974147
0.0,0.0,3076.0,35477.0,lst,4.252148618796577,1.0893406025546795,60.0,60.0,107.0,4110.0,mst,5.018262291834008,2.2562293587732585,60.0,-60.0,0.0,3008.0,mst,4.051944599485463,2.7441079140404088,-60.0,60.0,148.0,8803.0,mst,0.30246240456819995,0.7308021630241596,-60.0,-60.0,1599.0,6338.0,mst,3.0289206093202683,1.7149891539552662,-48.5751288263549,24.760728416499603,569.0573751438324,26,27631.27952533121,4,1.6000866693566658,4.516432070754905
0.0,0.0,3358.0,112617.0,lst,3.69460739695621,1.1238261031191896,60.0,60.0,895.0,16719.0,mst,4.887687813314281,1.8662058991124117,60.0,-60.0,23.0,14592.0,mst,3.829062109908935,2.910831458534969,-60.0,60.0,186.0,27102.0,mst,1.1638764373992931,0.802691686825434,-60.0,-60.0,187.0,11074.0,mst,2.8257765515253728,2.42266191693943,-27.575327824790435,45.516553367147424,1021.0857255012243,26,31887.24828746618,5,1.816649103535616,4.757700948668254
