x 1,y 1,Count 1,Bkg Count 1,Telescope 1,Dangle 1,Altitude 1,x 2,y 2,Count 2,Bkg Count 2,Telescope 2,Dangle 2,Altitude 2,x 3,y 3,Count 3,Bkg Count 3,Telescope 3,Dangle 3,Altitude 3,x 4,y 4,Count 4,Bkg Count 4,Telescope 4,Dangle 4,Altitude 4,x 5,y 5,Count 5,Bkg Count 5,Telescope 5,Dangle 5,Altitude 5,True X,True Y,True Energy Per Nucleon,True Z,True Height,Detecions,Phi,Epsilon,Theta
0.0,0.0,2417.0,93467.0,lst,2.956959058292738,0.8288799418861801,60.0,60.0,377.0,11967.0,mst,4.837853280522299,0.7713263931396377,60.0,-60.0,335.0,9571.0,mst,3.5562551736053325,1.8964372879872824,-60.0,60.0,854.0,13999.0,mst,1.509536647436931,1.0501720082826915,-60.0,-60.0,0.0,5622.0,mst,2.607058424514034,2.0048383541067913,10.122011555117126,54.22578898368468,845.1498671090573,26,23694.949417023592,4,1.3841303824964768,1.4530595509128044
0.0,0.0,1895.0,236906.0,lst,5.307161766739171,0.9757997618671428,60.0,60.0,22.0,21411.0,mst,5.441585482991652,2.9777312212142513,60.0,-60.0,0.0,26035.0,mst,4.327621554399638,2.2839119853334413,-60.0,60.0,199.0,31783.0,mst,0.30789399463551137,2.1909487525867197,-60.0,-60.0,322.0,34236.0,mst,2.515440031715073,1.0117304935053406,-34.31884955593027,-24.07518253047425,1575.5258211799837,26,34894.18441242389,4,1.2261988792989897,3.8480396034803053
0.0,0.0,793.0,57635.0,lst,0.39895301112941617,1.6819443356153911,60.0,60.0,21.0,9523.0,mst,6.068801288389623,2.9314374647557058,60.0,-60.0,177.0,28461.0,mst,5.156811552486261,0.6778859412265725,-60.0,60.0,0.0,7835.0,mst,0.6043549008879,3.467514372374504,-60.0,-60.0,165.0,12496.0,mst,1.4361000461554048,1.9852411835038162,31.605865942014788,-73.19864550573762,952.4108691618608,26,30952.77748405922,4,1.615914813410539,4.597278054126789
0.0,0.0,5438.0,113477.0,lst,1.3683574304679644,1.4013242810027717,60.0,60.0,718.0,19334.0,mst,0.38800733914356145,1.2310168041177174,60.0,-60.0,537.0,24756.0,mst,2.4652237095094534,0.7868516478565037,-60.0,60.0,33.0,7792.0,mst,1.1191680785023579,2.5129422746673997,-60.0,-60.0,172.0,13076.0,mst,1.8464508670858581,2.383375719745646,93.2360024906375,-18.59811480354969,1158.5292356757545,26,24090.42169332503,5,1.3169527467166242,0.17045687741967977
