x 1,y 1,Count 1,Bkg Count 1,Telescope 1,Dangle 1,Altitude 1,x 2,y 2,Count 2,Bkg Count 2,Telescope 2,Dangle 2,Altitude 2,x 3,y 3,Count 3,Bkg Count 3,Telescope 3,Dangle 3,Altitude 3,x 4,y 4,Count 4,Bkg Count 4,Telescope 4,Dangle 4,Altitude 4,x 5,y 5,Count 5,Bkg Count 5,Telescope 5,Dangle 5,Altitude 5,True X,True Y,True Energy Per Nucleon,True Z,True Height,Detecions,Phi,Epsilon,Theta
0.0,0.0,1384.0,51175.0,lst,4.231131650326097,1.7286935262201741,60.0,60.0,176.0,5319.0,mst,4.781324884194477,2.4767324890012183,60.0,-60.0,0.0,3814.0,mst,4.106815535677965,3.007107763217535,-60.0,60.0,206.0,14933.0,mst,4.964103216503162,0.5985023633611263,-60.0,-60.0,583.0,8103.0,mst,3.4631807041814504,1.82973219292434,-97.77433516910828,50.6026197283924,778.7664113917319,26,23860.827984795345,4,1.5659409822261214,2.001863611859333
0.0,0.0,6791.0,171720.0,lst,0.6284176617186091,1.4893808538656874,60.0,60.0,341.0,18981.0,mst,6.268810696153368,2.1501971431219125,60.0,-60.0,47.0,61764.0,mst,6.175116337532501,0.354567234129592,-60.0,60.0,32.0,11877.0,mst,0.6711073497183101,2.757005248667929,-60.0,-60.0,1162.0,17788.0,mst,1.371000643861356,1.798142022798757,57.27449319161573,-82.89061196770405,1677.2363796685104,26,24000.446194712415,5,1.4270044458395457,0.26122394039737085
0.0,0.0,7250.0,0.0,lst,2.6571471174355263,1.6297692944386448,60.0,60.0,241.0,0.0,mst,3.5746842017678957,0.5043058813845611,60.0,-60.0,125.0,0.0,mst,3.2515567174730435,2.3380444684842456,-60.0,60.0,30.0,0.0,mst,1.8580418604770585,1.8433652794086774,-60.0,-60.0,0.0,0.0,mst,2.5219518017444287,2.9735978319618397,46.217948318602424,89.94195725314191,287.42343183096705,26,21828.624828916087,4,1.911746813446994,4.141126162733134
0.0,0.0,5851.0,27747.0,lst,1.0250544540905773,1.452632382045809,60.0,60.0,2656.0,5282.0,mst,0.13848134774491194,1.6586018685924844,60.0,-60.0,24.0,8461.0,mst,2.2789752284562357,0.35886153615349253,-60.0,60.0,0.0,2506.0,mst,0.8994129453976969,2.7943973057648424,-60.0,-60.0,31.0,3381.0,mst,1.6617449344427893,2.2650817138654564,76.00488442301847,-46.855787281475116,591.8875861736589,26,24776.731774988773,4,1.1935602815472817,5.088726045822515
