x 1,y 1,Count 1,Bkg Count 1,Telescope 1,Dangle 1,Altitude 1,x 2,y 2,Count 2,Bkg Count 2,Telescope 2,Dangle 2,Altitude 2,x 3,y 3,Count 3,Bkg Count 3,Telescope 3,Dangle 3,Altitude 3,x 4,y 4,Count 4,Bkg Count 4,Telescope 4,Dangle 4,Altitude 4,x 5,y 5,Count 5,Bkg Count 5,Telescope 5,Dangle 5,Altitude 5,True X,True Y,True Energy Per Nucleon,True Z,True Height,Detecions,Phi,Epsilon,Theta
0.0,0.0,3681.0,113785.0,lst,1.4256754298888261,0.8519716733961872,60.0,60.0,1083.0,21832.0,mst,0.07867216030051571,0.9322172701047154,60.0,-60.0,273.0,27501.0,mst,3.024718764020574,0.643789426808762,-60.0,60.0,159.0,10987.0,mst,1.0390468224566747,1.8786411490146444,-60.0,-60.0,1675.0,10215.0,mst,1.962810254206226,1.7253144991795388,66.07396371078522,-9.540975211534544,1045.8556726150684,26,21279.433318212472,5,1.2821753263370241,2.3541538614929767
0.0,0.0,1412.0,3585.0,lst,4.777639297309082,1.1360328974912812,60.0,60.0,0.0,337.0,mst,5.224282055286624,2.5970385011401347,60.0,-60.0,97.0,271.0,mst,4.289073469706371,2.444325227858025,-60.0,60.0,464.0,322.0,mst,-0.004532831606504559,1.196267222252456,-60.0,-60.0,456.0,596.0,mst,3.1392625307165867,0.9560353571845275,-59.73401382507133,-5.015720032715393,400.7882853773957,26,25174.96972092574,4,1.9285340253927008,2.0592253865123458
