x 1,y 1,Count 1,Bkg Count 1,Telescope 1,Dangle 1,Altitude 1,x 2,y 2,Count 2,Bkg Count 2,Telescope 2,Dangle 2,Altitude 2,x 3,y 3,Count 3,Bkg Count 3,Telescope 3,Dangle 3,Altitude 3,x 4,y 4,Count 4,Bkg Count 4,Telescope 4,Dangle 4,Altitude 4,x 5,y 5,Count 5,Bkg Count 5,Telescope 5,Dangle 5,Altitude 5,True X,True Y,True Energy Per Nucleon,True Z,True Height,Detecions,Phi,Epsilon,Theta
0.0,0.0,1051.0,91906.0,lst,5.748388104397275,0.7034184685488785,60.0,60.0,56.0,6858.0,mst,5.570293120429149,2.448009460840454,60.0,-60.0,947.0,9358.0,mst,4.355485596043482,1.678429016943747,-60.0,60.0,332.0,7511.0,mst,0.44170345519897886,2.040372872570337,-60.0,-60.0,394.0,13021.0,mst,2.183835998450516,1.0285841467217074,-18.132790877167537,-30.40126828810969,711.0605196175017,26,29064.661693965998,5,1.6481751594806222,3.2331277119646016
0.0,0.0,989.0,29816.0,lst,5.233400682259881,1.897031287724856,60.0,60.0,0.0,2793.0,mst,5.339604582073971,3.168876251693831,60.0,-60.0,25.0,3977.0,mst,4.733786990784668,2.498579055672303,-60.0,60.0,541.0,5883.0,mst,5.912948065421122,2.0329910316081294,-60.0,-60.0,378.0,11532.0,mst,4.77335837967157,0.7368620937809641,-109.60719532345144,-62.84415077465866,676.4399142960789,26,23892.28015278642,4,1.8728593669867581,3.711019822265032
