x 1,y 1,Count 1,Bkg Count 1,Telescope 1,Dangle 1,Altitude 1,x 2,y 2,Count 2,Bkg Count 2,Telescope 2,Dangle 2,Altitude 2,x 3,y 3,Count 3,Bkg Count 3,Telescope 3,Dangle 3,Altitude 3,x 4,y 4,Count 4,Bkg Count 4,Telescope 4,Dangle 4,Altitude 4,x 5,y 5,Count 5,Bkg Count 5,Telescope 5,Dangle 5,Altitude 5,True X,True Y,True Energy Per Nucleon,True Z,True Height,Detecions,Phi,Epsilon,Theta
0.0,0.0,311.0,0.0,lst,3.738073368724163,0.5691484735632505,60.0,60.0,156.0,0.0,mst,5.215037290354483,1.9712288067980244,60.0,-60.0,203.0,0.0,mst,3.8705926841089755,2.5782017329006073,-60.0,60.0,471.0,0.0,mst,0.865534122900351,1.521410458509534,-60.0,-60.0,340.0,0.0,mst,2.613700873724724,2.2658557372977035,-13.94303727612629,20.47492835089986,277.32087436421835,26,24880.809494128196,5,1.833083662216773,4.371011054993949
0.0,0.0,1542.0,7357.0,lst,1.3399455009029295,1.1184220750512357,60.0,60.0,518.0,697.0,mst,6.0503026803089694,1.9713217092492672,60.0,-60.0,644.0,1108.0,mst,3.458376808242452,1.374289849422333,-60.0,60.0,46.0,580.0,mst,0.9741727593072603,3.185565475045771,-60.0,-60.0,33.0,642.0,mst,2.035095084336816,2.8474667264958553,43.93645131125919,-10.082387052820366,415.16368197327944,26,29459.042768489,5,1.2025874420893548,1.9352830477525456
0.0,0.0,3327.0,145862.0,lst,5.639008284223907,1.1255466770682234,60.0,60.0,0.0,11432.0,mst,5.544724972004011,3.130956378940538,60.0,-60.0,265.0,18214.0,mst,4.465390830354665,2.178943572619389,-60.0,60.0,64.0,21838.0,mst,0.31727153004124575,2.351042720211868,-60.0,-60.0,158.0,29965.0,mst,2.1798750011225727,0.8389864555169205,-29.70330990213337,-38.19593402472108,1200.3835652303324,26,33304.9807411253,4,1.3488417466930196,1.6624642850539018
