x 1,y 1,Count 1,Bkg Count 1,Telescope 1,Dangle 1,Altitude 1,x 2,y 2,Count 2,Bkg Count 2,Telescope 2,Dangle 2,Altitude 2,x 3,y 3,Count 3,Bkg Count 3,Telescope 3,Dangle 3,Altitude 3,x 4,y 4,Count 4,Bkg Count 4,Telescope 4,Dangle 4,Altitude 4,x 5,y 5,Count 5,Bkg Count 5,Telescope 5,Dangle 5,Altitude 5,True X,True Y,True Energy Per Nucleon,True Z,True Height,Detecions,Phi,Epsilon,Theta
0.0,0.0,3856.0,197174.0,lst,4.064226975480234,1.4281486293053014,60.0,60.0,162.0,17638.0,mst,4.903852012365438,2.4799641672034234,60.0,-60.0,0.0,11820.0,mst,4.00403551561374,3.2780592800655945,-60.0,60.0,63.0,62177.0,mst,0.3964114244484536,0.5094068703307986,-60.0,-60.0,199.0,29488.0,mst,3.046299511608337,2.1605103992035444,-51.10664215581497,39.111991027480485,1782.3180552462309,26,32350.85400846669,4,1.4455604847400723,1.1086551099279214
0.0,0.0,0.0,11879.0,lst,2.3003457522350135,None,60.0,60.0,215.0,1263.0,mst,5.50276040014857,2.004017047126931,60.0,-60.0,97.0,832.0,mst,3.775547856296893,2.5023988468522234,-60.0,60.0,148.0,1109.0,mst,0.9313337495124847,2.3820947036022626,-60.0,-60.0,35.0,1024.0,mst,2.348698444260489,2.8504698651013465,10.045928631319043,9.155462966367566,426.15109772739953,26,29882.011320163958,4,1.3229675817818642,0.4164938485546895
