x 1,y 1,Count 1,Bkg Count 1,Telescope 1,Dangle 1,Altitude 1,x 2,y 2,Count 2,Bkg Count 2,Telescope 2,Dangle 2,Altitude 2,x 3,y 3,Count 3,Bkg Count 3,Telescope 3,Dangle 3,Altitude 3,x 4,y 4,Count 4,Bkg Count 4,Telescope 4,Dangle 4,Altitude 4,x 5,y 5,Count 5,Bkg Count 5,Telescope 5,Dangle 5,Altitude 5,True X,True Y,True Energy Per Nucleon,True Z,True Height,Detecions,Phi,Epsilon,Theta
0.0,0.0,1585.0,94196.0,lst,2.517384324549413,2.101934190497866,60.0,60.0,164.0,53566.0,mst,3.056777204919127,0.568661739380908,60.0,-60.0,34.0,9723.0,mst,3.1144224244458423,2.884864147513813,-60.0,60.0,134.0,20184.0,mst,1.805514791337463,2.4149187544657744,-60.0,-60.0,0.0,9229.0,mst,2.4613081019198737,3.7087571638406587,62.7949520794167,89.74545975717797,1468.8580903305583,26,29460.144609671708,4,1.4534951354057024,0.12499618335732238
0.0,0.0,1021.0,0.0,lst,4.6533013874597895,1.000572189864168,60.0,60.0,59.0,0.0,mst,5.203795105598508,2.8035795740437526,60.0,-60.0,41.0,0.0,mst,4.17090389979566,2.87688906430198,-60.0,60.0,417.0,0.0,mst,0.3174682074004319,1.4517646865665743,-60.0,-60.0,1648.0,0.0,mst,2.8488062984619837,1.5830221412096663,-41.36304353370254,2.157067593568712,249.25735374384936,26,23724.511376262944,5,1.5581501428333806,5.514986299713769
0.0,0.0,2400.0,0.0,lst,2.0042648235604696,1.0668897663908412,60.0,60.0,226.0,0.0,mst,6.047306064546773,0.7237484571750575,60.0,-60.0,1091.0,0.0,mst,3.256847144223541,1.600419816475146,-60.0,60.0,174.0,0.0,mst,1.2520299531650771,2.217045494650629,-60.0,-60.0,34.0,0.0,mst,2.213175552878684,2.6574868959952767,50.965709080946255,23.070945553241643,369.3404467656013,26,24833.727670398654,5,1.4317036468151372,0.03168507937103179
0.0,0.0,4009.0,124449.0,lst,0.22079676337837612,1.283761789701061,60.0,60.0,98.0,13126.0,mst,5.9154397571080315,2.7263926559037146,60.0,-60.0,307.0,34637.0,mst,4.692059749003879,0.9810122849442059,-60.0,60.0,28.0,13988.0,mst,0.5487139371543234,2.997513877558028,-60.0,-60.0,546.0,21681.0,mst,1.5776378971004836,1.5532360413184965,13.433382602532419,-59.566362512986174,1196.0284406688634,26,31297.354594050455,5,1.578995267999259,2.263175739572621
