x 1,y 1,Count 1,Bkg Count 1,Telescope 1,Dangle 1,Altitude 1,x 2,y 2,Count 2,Bkg Count 2,Telescope 2,Dangle 2,Altitude 2,x 3,y 3,Count 3,Bkg Count 3,Telescope 3,Dangle 3,Altitude 3,x 4,y 4,Count 4,Bkg Count 4,Telescope 4,Dangle 4,Altitude 4,x 5,y 5,Count 5,Bkg Count 5,Telescope 5,Dangle 5,Altitude 5,True X,True Y,True Energy Per Nucleon,True Z,True Height,Detecions,Phi,Epsilon,Theta
0.0,0.0,2699.0,48826.0,lst,5.033964123244285,1.1523607204375552,60.0,60.0,34.0,4453.0,mst,5.327332775363821,3.0756246462474555,60.0,-60.0,125.0,5748.0,mst,4.303557258643927,2.729940585531768,-60.0,60.0,938.0,6369.0,mst,0.18130520095417765,1.7876567260770768,-60.0,-60.0,273.0,6898.0,mst,2.840594846568518,1.1277146351862317,-46.23359270568315,-15.075195345349101,612.2398319891896,26,30564.154825767033,5,1.669219477182732,1.0016897483476823
0.0,0.0,3002.0,90862.0,lst,3.0854167477267773,1.1311892140069677,60.0,60.0,508.0,19934.0,mst,4.847540797515291,1.281528917959373,60.0,-60.0,30.0,9896.0,mst,3.6249813333878107,2.7558236353319616,-60.0,60.0,662.0,20537.0,mst,1.4407666152416638,1.3781277870873536,-60.0,-60.0,0.0,6827.0,mst,2.6114151278042015,2.792637817095909,3.7686375106593744,52.12559006180447,890.5347209750928,26,31530.692825654925,4,1.3633131768056361,1.9722531506962235
0.0,0.0,633.0,96182.0,lst,4.049099505591856,0.8042667671037391,60.0,60.0,143.0,8632.0,mst,5.19065214827411,2.604237406115185,60.0,-60.0,26.0,8313.0,mst,3.9737097631306586,3.1916898805112237,-60.0,60.0,0.0,11747.0,mst,0.7342389863147429,1.6232419464106276,-60.0,-60.0,60.0,8958.0,mst,2.669765752635419,2.4756494844268864,-22.11131025442309,16.531453707773295,756.4823833744914,26,34257.93341458459,4,1.739740405283147,5.968583284647025
0.0,0.0,181.0,56852.0,lst,0.8041179242234705,2.5352563522115528,60.0,60.0,23.0,8958.0,mst,0.35828834093746936,2.768726243331018,60.0,-60.0,774.0,26911.0,mst,0.8455804154309514,1.2964898944369443,-60.0,60.0,0.0,4536.0,mst,0.8023689337682257,3.785511294323952,-60.0,-60.0,28.0,7696.0,mst,1.2551496067606234,2.8681995557004534,126.51843938649029,-118.42079119596562,1414.7231575653148,26,24652.11050326906,4,1.8466056833027322,0.34477611284188164
