x 1,y 1,Count 1,Bkg Count 1,Telescope 1,Dangle 1,Altitude 1,x 2,y 2,Count 2,Bkg Count 2,Telescope 2,Dangle 2,Altitude 2,x 3,y 3,Count 3,Bkg Count 3,Telescope 3,Dangle 3,Altitude 3,x 4,y 4,Count 4,Bkg Count 4,Telescope 4,Dangle 4,Altitude 4,x 5,y 5,Count 5,Bkg Count 5,Telescope 5,Dangle 5,Altitude 5,True X,True Y,True Energy Per Nucleon,True Z,True Height,Detecions,Phi,Epsilon,Theta
0.0,0.0,2707.0,190564.0,lst,0.2366920442317776,1.032051981702551,60.0,60.0,199.0,10987.0,mst,5.8585022771593485,2.365773151761336,60.0,-60.0,279.0,28887.0,mst,4.479060316423432,0.8948156513328948,-60.0,60.0,40.0,11191.0,mst,0.577598182085967,2.678799165965128,-60.0,-60.0,832.0,24228.0,mst,1.7375661369490716,1.4660590721159594,12.152472564722359,-49.301168376991996,1184.3878606991755,26,30489.108766744812,5,1.9089266708137445,3.908293242166628
0.0,0.0,10358.0,9587.0,lst,5.152927680879183,1.4912454800034955,60.0,60.0,43.0,868.0,mst,5.299074758863899,2.5911268104208394,60.0,-60.0,223.0,938.0,mst,4.638927944088682,2.0890779273177817,-60.0,60.0,3117.0,1543.0,mst,5.9087880565419315,1.6073664166939863,-60.0,-60.0,367.0,2991.0,mst,4.4358681391568515,0.5490212912413975,-102.14604054012753,-48.862768604705536,457.9633930211054,26,20572.29406543826,5,1.8913510926274888,3.731574424397381
0.0,0.0,2698.0,1300.0,lst,4.330416009733499,1.7889139939685275,60.0,60.0,46.0,190.0,mst,4.86523326831345,2.726192735091825,60.0,-60.0,0.0,178.0,mst,4.130282344756549,3.2111797595712255,-60.0,60.0,64.0,534.0,mst,5.264855559838744,0.7269230126855165,-60.0,-60.0,214.0,349.0,mst,3.4803103286841415,1.8037331722651622,-95.00678501849214,38.00320368010054,399.22272291277085,26,23996.74745254071,4,1.6492853905024345,0.4341622489801771
0.0,0.0,1960.0,75141.0,lst,4.407419828674701,0.7083571618949901,60.0,60.0,0.0,7002.0,mst,5.175180155249217,2.0372332174280485,60.0,-60.0,221.0,7575.0,mst,4.066907380024793,2.246811050424421,-60.0,60.0,555.0,14166.0,mst,0.483146333434541,1.0454293108830524,-60.0,-60.0,602.0,12403.0,mst,2.817577552216624,1.4448808529006931,-35.64264735369237,11.586775372528905,709.0302265963224,26,28068.77836293838,4,1.7290130937835917,4.107429872068877
