x 1,y 1,Count 1,Bkg Count 1,Telescope 1,Dangle 1,Altitude 1,x 2,y 2,Count 2,Bkg Count 2,Telescope 2,Dangle 2,Altitude 2,x 3,y 3,Count 3,Bkg Count 3,Telescope 3,Dangle 3,Altitude 3,x 4,y 4,Count 4,Bkg Count 4,Telescope 4,Dangle 4,Altitude 4,x 5,y 5,Count 5,Bkg Count 5,Telescope 5,Dangle 5,Altitude 5,True X,True Y,True Energy Per Nucleon,True Z,True Height,Detecions,Phi,Epsilon,Theta
0.0,0.0,1156.0,68878.0,lst,4.5970599977745445,1.112976181034361,60.0,60.0,0.0,5544.0,mst,5.214412550551954,3.311731206487402,60.0,-60.0,26.0,7865.0,mst,4.1289020093797415,3.2243491484434275,-60.0,60.0,730.0,10636.0,mst,0.3324404417567276,1.7938429204982236,-60.0,-60.0,219.0,10062.0,mst,2.833226676704367,1.7965995900072587,-39.50512418747945,4.358461409107406,688.8586689719705,26,34263.1060279535,4,1.2063444513434185,3.2794428531366906
0.0,0.0,3678.0,18025.0,lst,4.643211476558349,1.0750316132409956,60.0,60.0,62.0,1626.0,mst,5.138718679610896,2.2731379553496263,60.0,-60.0,30.0,1865.0,mst,4.238098404912074,2.314928088114998,-60.0,60.0,238.0,4016.0,mst,6.184988192638972,0.9175133991619574,-60.0,-60.0,743.0,3331.0,mst,3.2134607057599,1.0519999624057543,-65.7303741279202,4.8550717883627215,483.01330400898587,26,24031.26808651808,5,1.3755153730484286,2.715419666742127
0.0,0.0,5738.0,118572.0,lst,0.38750701584878755,1.317097777280464,60.0,60.0,63.0,13232.0,mst,6.074035215043272,2.2465386368075997,60.0,-60.0,144.0,26440.0,mst,5.160699610806695,0.5298854937629062,-60.0,60.0,0.0,7244.0,mst,0.5880305273712901,2.648917930271914,-60.0,-60.0,1393.0,19018.0,mst,1.4184436164907865,1.4828565410764292,30.70137925438516,-74.23297747739066,1016.8219923207469,26,25411.917565234806,4,1.450069771587345,3.85765264740595
