x 1,y 1,Count 1,Bkg Count 1,Telescope 1,Dangle 1,Altitude 1,x 2,y 2,Count 2,Bkg Count 2,Telescope 2,Dangle 2,Altitude 2,x 3,y 3,Count 3,Bkg Count 3,Telescope 3,Dangle 3,Altitude 3,x 4,y 4,Count 4,Bkg Count 4,Telescope 4,Dangle 4,Altitude 4,x 5,y 5,Count 5,Bkg Count 5,Telescope 5,Dangle 5,Altitude 5,True X,True Y,True Energy Per Nucleon,True Z,True Height,Detecions,Phi,Epsilon,Theta
0.0,0.0,799.0,15431.0,lst,1.8754248881296616,0.4989785181495953,60.0,60.0,656.0,2631.0,mst,5.714909547285575,1.1155130215022795,60.0,-60.0,972.0,1986.0,mst,3.5985696584514177,1.3127672734221236,-60.0,60.0,310.0,1863.0,mst,1.0314146241314601,1.8472661067435567,-60.0,-60.0,266.0,1329.0,mst,2.2311184098223165,1.9681855756954747,27.6665940150487,8.549532776968618,453.60133236550877,26,25162.80272471567,5,1.7523378435533383,3.3027789556858664
0.0,0.0,2065.0,145987.0,lst,0.6203866863609412,0.6496728299748564,60.0,60.0,1371.0,18288.0,mst,5.95846217576203,1.420811709518565,60.0,-60.0,256.0,29025.0,mst,4.106243009642266,0.5903629491597238,-60.0,60.0,1444.0,10295.0,mst,0.7282875328038871,1.8698630030446,-60.0,-60.0,1118.0,24591.0,mst,1.8174237762890435,1.359465398131579,26.30189388917941,-37.10599862820321,1090.0904702550642,26,24109.44058028499,5,1.220529641085949,5.57334512092207
0.0,0.0,2099.0,71462.0,lst,1.1471773419926847,1.4523150224268206,60.0,60.0,435.0,15027.0,mst,6.247891449703566,1.941390137282261,60.0,-60.0,91.0,33747.0,mst,3.2180134235073163,0.7624183169257176,-60.0,60.0,0.0,8387.0,mst,0.9502498765882289,3.34641567620796,-60.0,-60.0,30.0,12943.0,mst,1.8550334147054595,2.7656377515298924,57.36500547346466,-25.72958857444391,970.8147002271298,26,32130.49542209362,4,1.8019912040860386,3.988110866359495
