x 1,y 1,Count 1,Bkg Count 1,Telescope 1,Dangle 1,Altitude 1,x 2,y 2,Count 2,Bkg Count 2,Telescope 2,Dangle 2,Altitude 2,x 3,y 3,Count 3,Bkg Count 3,Telescope 3,Dangle 3,Altitude 3,x 4,y 4,Count 4,Bkg Count 4,Telescope 4,Dangle 4,Altitude 4,x 5,y 5,Count 5,Bkg Count 5,Telescope 5,Dangle 5,Altitude 5,True X,True Y,True Energy Per Nucleon,True Z,True Height,Detecions,Phi,Epsilon,Theta
0.0,0.0,557.0,37481.0,lst,5.162464538194807,0.49001502252267237,60.0,60.0,323.0,3734.0,mst,5.420968255254631,1.9417685387033523,60.0,-60.0,1958.0,4076.0,mst,4.2109480722036965,1.7011193087695824,-60.0,60.0,1347.0,4496.0,mst,0.43639576284286163,1.360810715461588,-60.0,-60.0,754.0,4152.0,mst,2.526664548105097,1.0157079207012194,-25.53256441705966,-12.43967814448834,525.9543105527936,26,24986.467057105947,5,1.621455030264584,2.79408524366919
0.0,0.0,1622.0,38660.0,lst,5.8030308594120035,0.718549451145496,60.0,60.0,23.0,3167.0,mst,5.579924773668684,2.2295580677201494,60.0,-60.0,1564.0,3414.0,mst,4.410480365847406,1.5198363030259343,-60.0,60.0,294.0,4426.0,mst,0.39825756204649615,1.9400269054956598,-60.0,-60.0,290.0,7295.0,mst,2.0990925156957907,0.9381561347497701,-18.630815451782553,-35.28759532905518,567.688483837509,26,27630.748766261695,5,1.8912583332539123,5.435927638325354
