x 1,y 1,Count 1,Bkg Count 1,Telescope 1,Dangle 1,Altitude 1,x 2,y 2,Count 2,Bkg Count 2,Telescope 2,Dangle 2,Altitude 2,x 3,y 3,Count 3,Bkg Count 3,Telescope 3,Dangle 3,Altitude 3,x 4,y 4,Count 4,Bkg Count 4,Telescope 4,Dangle 4,Altitude 4,x 5,y 5,Count 5,Bkg Count 5,Telescope 5,Dangle 5,Altitude 5,True X,True Y,True Energy Per Nucleon,True Z,True Height,Detecions,Phi,Epsilon,Theta
0.0,0.0,533.0,78409.0,lst,5.1832738773596505,0.5135965117262019,60.0,60.0,132.0,9291.0,mst,5.430731473850534,2.351433494156073,60.0,-60.0,185.0,9249.0,mst,4.164946383291988,2.1580466513594736,-60.0,60.0,260.0,14201.0,mst,0.5092254301200968,1.77237719792767,-60.0,-60.0,731.0,15235.0,mst,2.4633783037627706,1.4420319963914459,-20.559164511095474,-10.917646755254282,763.6531251306402,26,31430.356655025294,5,1.8305330009929688,0.0898191009545637
0.0,0.0,7151.0,52867.0,lst,0.3974579108234312,1.5719868060784685,60.0,60.0,43.0,8808.0,mst,6.04623342473904,2.6800746209022503,60.0,-60.0,190.0,28677.0,mst,5.1795010340519365,0.6376486710760717,-60.0,60.0,0.0,6203.0,mst,0.5962512398547758,3.1864293035612365,-60.0,-60.0,799.0,11981.0,mst,1.4060236381718034,1.8213624060741038,30.659085080286786,-74.6681379027733,927.4367157457972,26,29967.46481460462,4,1.811478832338342,6.1804534498980095
0.0,0.0,2461.0,42496.0,lst,1.820183201872532,1.2003983172518349,60.0,60.0,305.0,8529.0,mst,0.04057457487544805,0.8662177759059912,60.0,-60.0,1185.0,7258.0,mst,3.109744693551642,1.4036486107038988,-60.0,60.0,25.0,3796.0,mst,1.233628516514435,2.487264558888411,-60.0,-60.0,0.0,3757.0,mst,2.1294636234812647,2.6768913535425636,61.95821355971208,15.880677039365253,629.743798664683,26,28249.005863890725,4,1.3003513090133545,2.7609217877493863
0.0,0.0,9336.0,40506.0,lst,6.0526581671936155,1.465124109135827,60.0,60.0,45.0,3130.0,mst,5.823869393091942,2.4685219364474063,60.0,-60.0,1324.0,9649.0,mst,5.2546547561286445,1.3060320206612248,-60.0,60.0,126.0,3982.0,mst,0.16702193328779083,2.232809648192922,-60.0,-60.0,138.0,8516.0,mst,0.5444099140101449,0.7795067784181834,-27.966398590042033,-112.05764812593392,662.5246340033946,26,18879.786540782876,5,1.565128519338912,4.622909675515235
