x 1,y 1,Count 1,Bkg Count 1,Telescope 1,Dangle 1,Altitude 1,x 2,y 2,Count 2,Bkg Count 2,Telescope 2,Dangle 2,Altitude 2,x 3,y 3,Count 3,Bkg Count 3,Telescope 3,Dangle 3,Altitude 3,x 4,y 4,Count 4,Bkg Count 4,Telescope 4,Dangle 4,Altitude 4,x 5,y 5,Count 5,Bkg Count 5,Telescope 5,Dangle 5,Altitude 5,True X,True Y,True Energy Per Nucleon,True Z,True Height,Detecions,Phi,Epsilon,Theta
0.0,0.0,12530.0,50810.0,lst,6.269776497775614,1.6297194427019346,60.0,60.0,0.0,4099.0,mst,5.875572569928065,3.0992417914335633,60.0,-60.0,701.0,10013.0,mst,5.0568291477246605,1.3473758876610082,-60.0,60.0,29.0,4646.0,mst,0.38529396712519404,3.098711018163512,-60.0,-60.0,802.0,9816.0,mst,1.216365500004483,1.2943139519991045,-1.460933766389644,-80.81667379842116,665.7469015784641,26,29754.51685097035,4,1.8412125338087604,6.103707847777899
0.0,0.0,1818.0,240408.0,lst,4.270445554203927,0.9368159583141304,60.0,60.0,130.0,34657.0,mst,5.074270223397725,2.2643114127166863,60.0,-60.0,0.0,19199.0,mst,4.0402600827781665,2.5989322049788623,-60.0,60.0,450.0,56166.0,mst,0.4388438081610921,0.9730744787557271,-60.0,-60.0,185.0,39743.0,mst,2.9171126551247095,1.6539139485096437,-41.29069190591994,19.717799700430618,1810.395030095783,26,32367.375979352524,4,1.872882653521527,3.5881863916316243
0.0,0.0,2328.0,48114.0,lst,3.040108280781508,0.6025264488007451,60.0,60.0,626.0,6895.0,mst,4.98430425190861,0.8192903356327406,60.0,-60.0,3496.0,3828.0,mst,3.6193990794073043,1.624533141951838,-60.0,60.0,570.0,7944.0,mst,1.324189565454313,0.9260225042890144,-60.0,-60.0,2859.0,4175.0,mst,2.5717336043607877,1.6396457181185016,4.141356894944295,44.306112048477246,565.3477234368969,26,22377.845517376732,5,1.2491172285764796,2.7674810790803916
0.0,0.0,3810.0,65807.0,lst,3.2791665780842156,1.424356915316212,60.0,60.0,1028.0,13409.0,mst,4.735958451145051,1.6718979880506721,60.0,-60.0,37.0,5185.0,mst,3.683922421573446,3.3331285855257384,-60.0,60.0,452.0,14059.0,mst,1.5399642876176123,1.3031198314990078,-60.0,-60.0,0.0,6898.0,mst,2.7263997210615356,3.209959611149208,-8.15146577828341,57.951750367022726,739.406162824802,26,32326.164418848093,4,1.3946460240968863,4.546101695959663
