x 1,y 1,Count 1,Bkg Count 1,Telescope 1,Dangle 1,Altitude 1,x 2,y 2,Count 2,Bkg Count 2,Telescope 2,Dangle 2,Altitude 2,x 3,y 3,Count 3,Bkg Count 3,Telescope 3,Dangle 3,Altitude 3,x 4,y 4,Count 4,Bkg Count 4,Telescope 4,Dangle 4,Altitude 4,x 5,y 5,Count 5,Bkg Count 5,Telescope 5,Dangle 5,Altitude 5,True X,True Y,True Energy Per Nucleon,True Z,True Height,Detecions,Phi,Epsilon,Theta
0.0,0.0,1925.0,31759.0,lst,4.709978087622087,1.0207375677249209,60.0,60.0,801.0,2755.0,mst,5.154773567417319,2.038680995770381,60.0,-60.0,49.0,1319.0,mst,4.266570526949977,2.1488162898593925,-60.0,60.0,434.0,4815.0,mst,6.123674338091998,0.8110933759394706,-60.0,-60.0,459.0,3855.0,mst,3.3048802128015113,0.930080768798724,-69.37016235950377,0.6975085904786908,525.6801020937463,26,22479.80388398526,5,1.913631826098438,0.5455825963482623
0.0,0.0,2776.0,56857.0,lst,0.38495080863615816,1.2408357406250503,60.0,60.0,123.0,5599.0,mst,5.953139770935087,2.5328938497633935,60.0,-60.0,266.0,9685.0,mst,4.608230168408887,0.8063520985249963,-60.0,60.0,48.0,3173.0,mst,0.619987242600441,2.946092988410304,-60.0,-60.0,640.0,7756.0,mst,1.6352336205439226,1.710021222116513,22.1944103858589,-55.7799284304388,618.3480391383966,26,28861.212332023086,5,1.561487198346329,0.6629200985067495
