x 1,y 1,Count 1,Bkg Count 1,Telescope 1,Dangle 1,Altitude 1,x 2,y 2,Count 2,Bkg Count 2,Telescope 2,Dangle 2,Altitude 2,x 3,y 3,Count 3,Bkg Count 3,Telescope 3,Dangle 3,Altitude 3,x 4,y 4,Count 4,Bkg Count 4,Telescope 4,Dangle 4,Altitude 4,x 5,y 5,Count 5,Bkg Count 5,Telescope 5,Dangle 5,Altitude 5,True X,True Y,True Energy Per Nucleon,True Z,True Height,Detecions,Phi,Epsilon,Theta
0.0,0.0,2439.0,111016.0,lst,1.7823050417571527,1.2600082278822906,60.0,60.0,337.0,21361.0,mst,6.15460213860997,1.0882272412726683,60.0,-60.0,998.0,16731.0,mst,3.2208260556311092,1.6973430662277773,-60.0,60.0,28.0,12866.0,mst,1.1738658554950647,2.7664915043925653,-60.0,-60.0,0.0,13336.0,mst,2.147336649434837,3.1019175408997572,54.049646203013396,11.889072257727719,1016.2982305673409,26,32769.80379883779,4,1.3270098684079592,0.6592071651477065
0.0,0.0,1706.0,125010.0,lst,3.2642455183275665,1.0319500905432573,60.0,60.0,1698.0,17052.0,mst,4.956217052214997,1.5966718484998865,60.0,-60.0,0.0,9855.0,mst,3.7039707741553447,2.9007446907527186,-60.0,60.0,827.0,23527.0,mst,1.2804970171012662,1.3468744445959648,-60.0,-60.0,27.0,12542.0,mst,2.6353798690602908,2.762101083627833,-5.543939725778273,42.766429160159305,965.8911000016703,26,32648.409999550273,4,1.477203798568583,1.131029426997887
0.0,0.0,837.0,34231.0,lst,0.8533755491118532,1.216894930767473,60.0,60.0,41.0,4780.0,mst,5.875707127953023,3.293316575646992,60.0,-60.0,114.0,6743.0,mst,3.892533551147444,1.9231433230888877,-60.0,60.0,0.0,3902.0,mst,0.7831505608884912,4.358008712620136,-60.0,-60.0,49.0,6154.0,mst,1.9990723279320182,3.432414266961617,24.471374000123035,-22.004143788281652,568.6401206530494,26,34196.218970106675,4,1.6352946679399252,4.389575019554679
