x 1,y 1,Count 1,Bkg Count 1,Telescope 1,Dangle 1,Altitude 1,x 2,y 2,Count 2,Bkg Count 2,Telescope 2,Dangle 2,Altitude 2,x 3,y 3,Count 3,Bkg Count 3,Telescope 3,Dangle 3,Altitude 3,x 4,y 4,Count 4,Bkg Count 4,Telescope 4,Dangle 4,Altitude 4,x 5,y 5,Count 5,Bkg Count 5,Telescope 5,Dangle 5,Altitude 5,True X,True Y,True Energy Per Nucleon,True Z,True Height,Detecions,Phi,Epsilon,Theta
0.0,0.0,573.0,69424.0,lst,5.894807164010672,0.6345947222581239,60.0,60.0,108.0,5778.0,mst,5.589916330606957,2.5346617793017536,60.0,-60.0,323.0,8798.0,mst,4.281660152504278,1.95882134790528,-60.0,60.0,0.0,5132.0,mst,0.5110327085813,2.1901354380048703,-60.0,-60.0,799.0,7605.0,mst,2.171771974024473,1.4399406586732793,-11.172740729749279,-26.405490893947118,634.5740197926752,26,31746.557860102985,4,1.193302684009248,0.3314380470118139
0.0,0.0,1929.0,0.0,lst,2.5382755390502214,0.9537111159019934,60.0,60.0,181.0,0.0,mst,5.295774982028741,0.8780931268626986,60.0,-60.0,122.0,0.0,mst,3.469151298122037,2.21341353738884,-60.0,60.0,762.0,0.0,mst,1.3217291908010427,1.8946097282562426,-60.0,-60.0,37.0,0.0,mst,2.4116598544635295,2.7747319848525422,26.100162351365128,37.45474752991706,263.27924742407055,26,23540.072393648596,5,1.4285524000995586,2.1508840602578982
0.0,0.0,2277.0,206176.0,lst,1.2996124963851026,1.5525801698024326,60.0,60.0,2652.0,30589.0,mst,0.14404088944666654,1.6072919456775905,60.0,-60.0,372.0,48237.0,mst,2.9069492028876187,0.9879343198078369,-60.0,60.0,0.0,14227.0,mst,1.0113145176600327,3.193534097071241,-60.0,-60.0,59.0,16635.0,mst,1.8709290684043618,3.044939221286266,70.17884093827848,-18.668348487005403,1611.9884070347373,26,33405.13611573402,4,1.9432770147231437,6.10978581414674
