x 1,y 1,Count 1,Bkg Count 1,Telescope 1,Dangle 1,Altitude 1,x 2,y 2,Count 2,Bkg Count 2,Telescope 2,Dangle 2,Altitude 2,x 3,y 3,Count 3,Bkg Count 3,Telescope 3,Dangle 3,Altitude 3,x 4,y 4,Count 4,Bkg Count 4,Telescope 4,Dangle 4,Altitude 4,x 5,y 5,Count 5,Bkg Count 5,Telescope 5,Dangle 5,Altitude 5,True X,True Y,True Energy Per Nucleon,True Z,True Height,Detecions,Phi,Epsilon,Theta
0.0,0.0,61.0,107658.0,lst,4.787104465973325,0.3644566071048212,60.0,60.0,0.0,8486.0,mst,5.368718949274424,1.943397131006321,60.0,-60.0,1341.0,8393.0,mst,4.0680946321898395,1.882612916786568,-60.0,60.0,633.0,12265.0,mst,0.5899139909236945,1.4253071978977596,-60.0,-60.0,816.0,11818.0,mst,2.5287563800760444,1.3419731232384169,-18.184320087704634,-1.278233201831199,782.9919833111372,26,28821.328372479547,4,1.3375905906547074,2.079851453667763
0.0,0.0,1731.0,83866.0,lst,3.8026462242538193,0.8283118950526639,60.0,60.0,229.0,14558.0,mst,4.964537485749316,1.7491987854257645,60.0,-60.0,0.0,11134.0,mst,3.892631761680503,2.399118557339417,-60.0,60.0,294.0,21040.0,mst,0.9158782441983053,0.7609703554403584,-60.0,-60.0,70.0,13988.0,mst,2.8317768086595763,1.8213540472486638,-28.10110960904119,35.768334999834536,907.7859876627798,26,29248.01965126103,4,1.8623933368115244,3.072499934279624
0.0,0.0,5744.0,64971.0,lst,5.248694763576269,1.6176106823112097,60.0,60.0,0.0,5960.0,mst,5.391033166060064,3.528875681493523,60.0,-60.0,74.0,8043.0,mst,4.496153106761269,2.800213200386612,-60.0,60.0,305.0,11640.0,mst,6.28696212835163,2.161872659339514,-60.0,-60.0,72.0,18964.0,mst,3.160919182176222,0.5488417947932648,-60.173442239925464,-34.787295894060165,843.744796277307,26,31828.895361261,4,1.8330291472957587,2.2120035463848957
0.0,0.0,8473.0,0.0,lst,2.016189453166334,1.5115470006101974,60.0,60.0,120.0,0.0,mst,0.296538495513844,0.6206270345263092,60.0,-60.0,616.0,0.0,mst,3.046266689499874,1.7525185819695674,-60.0,60.0,120.0,0.0,mst,1.3298670910052646,2.7280708042913235,-60.0,-60.0,0.0,0.0,mst,2.208603687625721,3.127545559473315,68.2582588137488,31.9180068583008,308.0013268896623,26,24672.28119235757,4,1.2203106646662591,3.504456831991977
