x 1,y 1,Count 1,Bkg Count 1,Telescope 1,Dangle 1,Altitude 1,x 2,y 2,Count 2,Bkg Count 2,Telescope 2,Dangle 2,Altitude 2,x 3,y 3,Count 3,Bkg Count 3,Telescope 3,Dangle 3,Altitude 3,x 4,y 4,Count 4,Bkg Count 4,Telescope 4,Dangle 4,Altitude 4,x 5,y 5,Count 5,Bkg Count 5,Telescope 5,Dangle 5,Altitude 5,True X,True Y,True Energy Per Nucleon,True Z,True Height,Detecions,Phi,Epsilon,Theta
0.0,0.0,9575.0,16441.0,lst,3.40594350277694,1.5967914438300022,60.0,60.0,930.0,4673.0,mst,4.3839490671466175,1.5572521537866404,60.0,-60.0,0.0,2023.0,mst,3.6702746142106206,2.9822639032074196,-60.0,60.0,392.0,6443.0,mst,2.2241041452493326,0.8046144428954314,-60.0,-60.0,29.0,2574.0,mst,2.905216043592138,2.662994300003768,-24.448073273080823,87.43143949779116,539.622140495127,26,25764.895591686647,4,1.7126289102076229,4.496969739654945
0.0,0.0,161.0,0.0,lst,2.1227850296038153,0.5402629022096619,60.0,60.0,188.0,0.0,mst,5.561641481857879,1.814638964816638,60.0,-60.0,126.0,0.0,mst,3.677525917186184,2.132813227287937,-60.0,60.0,0.0,0.0,mst,1.0231406862735046,2.5230124351560352,-60.0,-60.0,75.0,0.0,mst,2.320640264419782,2.6771733483669764,17.93552445695596,11.26874035513643,384.63643142217813,26,28885.111755370777,4,1.220848138511244,2.868133358692296
0.0,0.0,4274.0,31366.0,lst,0.428795098853259,1.1305006880138768,60.0,60.0,401.0,4221.0,mst,6.031364185617398,2.06441721670629,60.0,-60.0,154.0,8412.0,mst,4.838191863333339,0.5130552345579128,-60.0,60.0,0.0,4286.0,mst,0.639062713993288,2.4555282308517943,-60.0,-60.0,1894.0,7262.0,mst,1.5479622603848424,1.4484804458376919,29.810682028189404,-64.05438847612403,596.8610884287068,26,24139.142145148737,4,1.6572519782335737,2.8341358850500993
