x 1,y 1,Count 1,Bkg Count 1,Telescope 1,Dangle 1,Altitude 1,x 2,y 2,Count 2,Bkg Count 2,Telescope 2,Dangle 2,Altitude 2,x 3,y 3,Count 3,Bkg Count 3,Telescope 3,Dangle 3,Altitude 3,x 4,y 4,Count 4,Bkg Count 4,Telescope 4,Dangle 4,Altitude 4,x 5,y 5,Count 5,Bkg Count 5,Telescope 5,Dangle 5,Altitude 5,True X,True Y,True Energy Per Nucleon,True Z,True Height,Detecions,Phi,Epsilon,Theta
0.0,0.0,0.0,49219.0,lst,3.0737856278737548,None,60.0,60.0,64.0,5507.0,mst,5.395167284366024,2.596728394388499,60.0,-60.0,53.0,6369.0,mst,3.8025325469329587,3.158177469579936,-60.0,60.0,84.0,7676.0,mst,0.9252312245136985,2.644709389839818,-60.0,-60.0,36.0,4686.0,mst,2.456036562731804,3.196369727990674,1.0490388635020338,13.683352496335942,611.222492507951,26,34454.998444465076,4,1.3394893711315172,3.0249554029307406
0.0,0.0,4221.0,35042.0,lst,3.3435352959549083,1.1839642935395263,60.0,60.0,1119.0,4870.0,mst,4.4766864253528045,1.2098152453536237,60.0,-60.0,168.0,2385.0,mst,3.6550798861908094,2.3677625276468475,-60.0,60.0,323.0,7269.0,mst,1.984506610075341,0.6569952062559423,-60.0,-60.0,0.0,3703.0,mst,2.8412456840340425,2.100263421631033,-16.66638700377763,78.45555406817269,619.5958339424017,26,22856.457455963297,4,1.8673276890895694,1.339452767114359
