x 1,y 1,Count 1,Bkg Count 1,Telescope 1,Dangle 1,Altitude 1,x 2,y 2,Count 2,Bkg Count 2,Telescope 2,Dangle 2,Altitude 2,x 3,y 3,Count 3,Bkg Count 3,Telescope 3,Dangle 3,Altitude 3,x 4,y 4,Count 4,Bkg Count 4,Telescope 4,Dangle 4,Altitude 4,x 5,y 5,Count 5,Bkg Count 5,Telescope 5,Dangle 5,Altitude 5,True X,True Y,True Energy Per Nucleon,True Z,True Height,Detecions,Phi,Epsilon,Theta
0.0,0.0,1466.0,132235.0,lst,3.8312411347664983,1.5695213060399533,60.0,60.0,46.0,17333.0,mst,4.933537080387389,2.840374411474741,60.0,-60.0,0.0,10562.0,mst,3.8827557640538872,4.146125341955397,-60.0,60.0,99.0,26871.0,mst,0.9269326676235201,1.1199188198645351,-60.0,-60.0,42.0,17606.0,mst,2.8649259359533295,3.2386750068073606,-31.83153679955427,39.04987693400429,1083.0400946618984,26,37580.9126156301,4,1.3407922894284938,5.212670945477811
0.0,0.0,0.0,294307.0,lst,4.393521297872069,None,60.0,60.0,545.0,24432.0,mst,5.340287924740802,1.8778135955730428,60.0,-60.0,271.0,28123.0,mst,3.9954281004797307,2.02484359126308,-60.0,60.0,713.0,26644.0,mst,0.681872813373572,1.4909065846325582,-60.0,-60.0,1098.0,33493.0,mst,2.5290248866140987,1.6746047858215336,-13.407386600896302,4.486580942783746,1575.2276917005331,26,31476.849169855523,4,1.741933497606311,6.010162172995867
