x 1,y 1,Count 1,Bkg Count 1,Telescope 1,Dangle 1,Altitude 1,x 2,y 2,Count 2,Bkg Count 2,Telescope 2,Dangle 2,Altitude 2,x 3,y 3,Count 3,Bkg Count 3,Telescope 3,Dangle 3,Altitude 3,x 4,y 4,Count 4,Bkg Count 4,Telescope 4,Dangle 4,Altitude 4,x 5,y 5,Count 5,Bkg Count 5,Telescope 5,Dangle 5,Altitude 5,True X,True Y,True Energy Per Nucleon,True Z,True Height,Detecions,Phi,Epsilon,Theta
0.0,0.0,1324.0,18424.0,lst,5.8847861508327854,0.8288017556359202,60.0,60.0,111.0,1245.0,mst,5.613649127912949,2.6613874684351413,60.0,-60.0,810.0,2173.0,mst,4.383235186703229,1.7463999319836596,-60.0,60.0,103.0,1833.0,mst,0.44816962754450956,2.3605863999704924,-60.0,-60.0,408.0,3376.0,mst,2.091420016623168,1.1527136898857768,-14.367501115700293,-34.949054314965835,461.07657427624935,26,28147.701191712677,5,1.4552343980155757,4.421173587271114
0.0,0.0,714.0,12406.0,lst,0.2021514554911036,0.4757043552949497,60.0,60.0,1013.0,1068.0,mst,5.731608117868859,1.6737018314556178,60.0,-60.0,302.0,1681.0,mst,4.193992810698477,0.9698490734314913,-60.0,60.0,0.0,1211.0,mst,0.6367779538751551,1.7400112822217473,-60.0,-60.0,743.0,1815.0,mst,2.026641208415659,1.125193022218154,5.874201597942033,-29.14232966851172,434.09771356476176,26,22908.796434891254,4,1.7584289626535317,2.455553716924931
0.0,0.0,1644.0,57200.0,lst,2.1696633108490424,1.711062265486712,60.0,60.0,92.0,23478.0,mst,1.6200907242724483,0.46662814083843346,60.0,-60.0,431.0,10918.0,mst,2.9195722266013258,1.9854469664121792,-60.0,60.0,106.0,7773.0,mst,1.567000337303386,2.3880696017416447,-60.0,-60.0,0.0,5506.0,mst,2.2426859355725166,3.0646871507306344,87.97275686060658,60.97676088409398,903.3784495044367,26,25245.42767645261,4,1.4274676805758733,2.6585533284029297
