x 1,y 1,Count 1,Bkg Count 1,Telescope 1,Dangle 1,Altitude 1,x 2,y 2,Count 2,Bkg Count 2,Telescope 2,Dangle 2,Altitude 2,x 3,y 3,Count 3,Bkg Count 3,Telescope 3,Dangle 3,Altitude 3,x 4,y 4,Count 4,Bkg Count 4,Telescope 4,Dangle 4,Altitude 4,x 5,y 5,Count 5,Bkg Count 5,Telescope 5,Dangle 5,Altitude 5,True X,True Y,True Energy Per Nucleon,True Z,True Height,Detecions,Phi,Epsilon,Theta
0.0,0.0,658.0,19866.0,lst,0.05196548489328829,0.8052413261000938,60.0,60.0,34.0,1862.0,mst,5.699237232359619,3.076867913423651,60.0,-60.0,0.0,2399.0,mst,4.210340866940505,1.9009180876232326,-60.0,60.0,24.0,2472.0,mst,0.6027430049259823,2.966124088132487,-60.0,-60.0,511.0,1970.0,mst,2.058826910354535,1.8484624529954203,1.7658816990851278,-27.794769868669846,479.7895365355182,26,31009.272500133844,4,1.8842944835940876,2.171137293290474
0.0,0.0,8620.0,0.0,lst,6.197313595273603,1.6685631763732676,60.0,60.0,0.0,0.0,mst,5.871144833521854,2.9948414032810597,60.0,-60.0,535.0,0.0,mst,5.142907649833732,1.3247679735071798,-60.0,60.0,28.0,0.0,mst,0.3293816764969519,2.96094422019963,-60.0,-60.0,695.0,0.0,mst,1.0178585120616004,1.1416299794814415,-7.86420222117539,-92.04833834373264,308.6286596821079,26,23365.290025829476,4,1.31331382156683,4.5773808173844985
0.0,0.0,21.0,5236.0,lst,0.9772040992104564,0.4406663857242861,60.0,60.0,200.0,395.0,mst,5.708856799691091,2.168829798007658,60.0,-60.0,544.0,356.0,mst,3.899887882483995,1.6162300329944488,-60.0,60.0,39.0,455.0,mst,0.8194836585889508,2.5689579185334,-60.0,-60.0,0.0,357.0,mst,2.167906608983487,2.094018624024903,14.386107818696416,-9.73883500725529,402.38200500039875,26,28662.04035023289,4,1.2144868492999288,2.7878865389921232
