x 1,y 1,Count 1,Bkg Count 1,Telescope 1,Dangle 1,Altitude 1,x 2,y 2,Count 2,Bkg Count 2,Telescope 2,Dangle 2,Altitude 2,x 3,y 3,Count 3,Bkg Count 3,Telescope 3,Dangle 3,Altitude 3,x 4,y 4,Count 4,Bkg Count 4,Telescope 4,Dangle 4,Altitude 4,x 5,y 5,Count 5,Bkg Count 5,Telescope 5,Dangle 5,Altitude 5,True X,True Y,True Energy Per Nucleon,True Z,True Height,Detecions,Phi,Epsilon,Theta
0.0,0.0,6541.0,266134.0,lst,0.3737289050325755,1.368860835314348,60.0,60.0,22.0,16112.0,mst,6.052195519495413,2.4265843482676797,60.0,-60.0,177.0,73117.0,mst,5.061836600243674,0.6112486434153022,-60.0,60.0,0.0,16702.0,mst,0.5820836691803355,2.844348107144888,-60.0,-60.0,1268.0,36269.0,mst,1.4304220196909914,1.5929357814551603,28.645191459776953,-71.6508399459015,2068.6123939046274,26,27974.39244467022,4,1.6096846594242527,4.000855543883293
0.0,0.0,1622.0,15468.0,lst,0.026886677499874827,0.8807799002502826,60.0,60.0,65.0,1491.0,mst,5.751669699309037,2.5106499833205578,60.0,-60.0,540.0,1976.0,mst,4.393943912072685,1.4052209847043513,-60.0,60.0,128.0,1144.0,mst,0.5470822307253579,2.583031702390826,-60.0,-60.0,279.0,2274.0,mst,1.8897082950065598,1.490159181891766,1.3373880226886001,-40.2495928263929,447.15601707728837,26,28467.880458928743,5,1.2870551812362496,6.1637558686800515
0.0,0.0,2973.0,64336.0,lst,0.16338609926136305,1.3061926789411027,60.0,60.0,24.0,6601.0,mst,5.853608377893373,3.1096682544615337,60.0,-60.0,378.0,13075.0,mst,4.520570404394941,1.3626160041335422,-60.0,60.0,0.0,7191.0,mst,0.5553436808684027,3.3524746650340007,-60.0,-60.0,550.0,10217.0,mst,1.7106332620314166,1.7981874184745854,8.908052449073978,-50.1089333534769,702.0726417414967,26,32403.612843609517,4,1.4838502962217328,1.253785424973969
0.0,0.0,6546.0,30921.0,lst,1.5001390980488105,1.551219553781511,60.0,60.0,517.0,5675.0,mst,0.16023964395196955,1.5092246528612139,60.0,-60.0,505.0,4723.0,mst,2.9328747269987905,1.2745555243029658,-60.0,60.0,0.0,3187.0,mst,1.1193939396190449,3.255518981955701,-60.0,-60.0,29.0,2452.0,mst,1.9729656741999302,3.147481565877986,70.98701548839347,-4.290785756840734,537.1183197567716,26,30010.59580412569,4,1.8859243383398243,1.8248339217145562
