x 1,y 1,Count 1,Bkg Count 1,Telescope 1,Dangle 1,Altitude 1,x 2,y 2,Count 2,Bkg Count 2,Telescope 2,Dangle 2,Altitude 2,x 3,y 3,Count 3,Bkg Count 3,Telescope 3,Dangle 3,Altitude 3,x 4,y 4,Count 4,Bkg Count 4,Telescope 4,Dangle 4,Altitude 4,x 5,y 5,Count 5,Bkg Count 5,Telescope 5,Dangle 5,Altitude 5,True X,True Y,True Energy Per Nucleon,True Z,True Height,Detecions,Phi,Epsilon,Theta
0.0,0.0,2971.0,0.0,lst,0.5560764550358418,2.069001785708237,60.0,60.0,27.0,0.0,mst,6.288781705711504,2.9012845765698874,60.0,-60.0,262.0,0.0,mst,6.241974241753657,0.6514934150075876,-60.0,60.0,0.0,0.0,mst,0.6701133636367035,3.658202252232183,-60.0,-60.0,24.0,0.0,mst,1.2778069966414731,2.3741592348398037,58.380770000797725,-93.35227595913024,372.10490746083286,26,25759.026301253896,4,1.2755291430555171,0.12483206376408129
0.0,0.0,1644.0,17040.0,lst,2.5910182627379386,2.091148504725812,60.0,60.0,496.0,4157.0,mst,3.0072895339030774,0.7667968135900742,60.0,-60.0,26.0,2035.0,mst,3.116388640124059,2.773592621440929,-60.0,60.0,109.0,2576.0,mst,1.9212685141315924,2.2163317242602836,-60.0,-60.0,0.0,1277.0,mst,2.495005808338571,3.495080040972725,65.98355176372868,105.82903072496319,516.6128624536356,26,24444.80477315687,4,1.8153318111100094,6.0568791601299665
