x 1,y 1,Count 1,Bkg Count 1,Telescope 1,Dangle 1,Altitude 1,x 2,y 2,Count 2,Bkg Count 2,Telescope 2,Dangle 2,Altitude 2,x 3,y 3,Count 3,Bkg Count 3,Telescope 3,Dangle 3,Altitude 3,x 4,y 4,Count 4,Bkg Count 4,Telescope 4,Dangle 4,Altitude 4,x 5,y 5,Count 5,Bkg Count 5,Telescope 5,Dangle 5,Altitude 5,True X,True Y,True Energy Per Nucleon,True Z,True Height,Detecions,Phi,Epsilon,Theta
0.0,0.0,1263.0,56872.0,lst,4.476238054648708,0.6760454209922215,60.0,60.0,55.0,6103.0,mst,5.223512046832098,2.2848249004853964,60.0,-60.0,0.0,3951.0,mst,4.056585803461344,2.335098267259714,-60.0,60.0,150.0,9098.0,mst,0.489953381447329,1.3493253940949899,-60.0,-60.0,486.0,7969.0,mst,2.7558153184536085,1.5600897279478672,-33.10399305054756,7.794838337837916,616.861082437869,26,30171.220105403994,4,1.9136184490752508,3.975941669024902
0.0,0.0,818.0,5404.0,lst,5.308678333944186,1.3757407403246873,60.0,60.0,0.0,536.0,mst,5.424528022613638,3.6611648038892857,60.0,-60.0,77.0,573.0,mst,4.404324961405475,2.8452899015377198,-60.0,60.0,49.0,799.0,mst,0.17318166022891748,2.49489207306039,-60.0,-60.0,193.0,1544.0,mst,2.658279862755897,0.9943224148383694,-43.455385535725256,-29.01574580748627,413.23407201914057,26,29476.953055231887,4,1.8420353144674653,4.736545314987153
