x 1,y 1,Count 1,Bkg Count 1,Telescope 1,Dangle 1,Altitude 1,x 2,y 2,Count 2,Bkg Count 2,Telescope 2,Dangle 2,Altitude 2,x 3,y 3,Count 3,Bkg Count 3,Telescope 3,Dangle 3,Altitude 3,x 4,y 4,Count 4,Bkg Count 4,Telescope 4,Dangle 4,Altitude 4,x 5,y 5,Count 5,Bkg Count 5,Telescope 5,Dangle 5,Altitude 5,True X,True Y,True Energy Per Nucleon,True Z,True Height,Detecions,Phi,Epsilon,Theta
0.0,0.0,624.0,39779.0,lst,5.155532133730205,0.6606169197367585,60.0,60.0,46.0,3016.0,mst,5.387184642983404,1.9933968190520035,60.0,-60.0,1403.0,3856.0,mst,4.30146725519158,1.6979804211191425,-60.0,60.0,1093.0,4236.0,mst,0.28164753870097486,1.226860502821061,-60.0,-60.0,308.0,6471.0,mst,2.656640576575993,0.7015646548200424,-37.25287163840633,-16.97654687137276,542.9770502414021,26,23935.41100133115,5,1.2262531259586318,1.8102194812478656
0.0,0.0,985.0,0.0,lst,2.4861488101273035,0.8513249625109364,60.0,60.0,356.0,0.0,mst,5.347842573512398,0.8699242401033507,60.0,-60.0,444.0,0.0,mst,3.4692213784638475,1.993136628946941,-60.0,60.0,193.0,0.0,mst,1.3091421049088243,1.7652235315346572,-60.0,-60.0,30.0,0.0,mst,2.4282139443008814,2.45399369899128,27.127911012399778,36.472597589307696,313.2217398713006,26,24871.558945838802,5,1.9462547840472966,2.3536254955459097
