x 1,y 1,Count 1,Bkg Count 1,Telescope 1,Dangle 1,Altitude 1,x 2,y 2,Count 2,Bkg Count 2,Telescope 2,Dangle 2,Altitude 2,x 3,y 3,Count 3,Bkg Count 3,Telescope 3,Dangle 3,Altitude 3,x 4,y 4,Count 4,Bkg Count 4,Telescope 4,Dangle 4,Altitude 4,x 5,y 5,Count 5,Bkg Count 5,Telescope 5,Dangle 5,Altitude 5,True X,True Y,True Energy Per Nucleon,True Z,True Height,Detecions,Phi,Epsilon,Theta
0.0,0.0,1005.0,93960.0,lst,0.03335073861154853,0.5766798439763399,60.0,60.0,2107.0,11815.0,mst,5.738887748045853,1.7480188172070568,60.0,-60.0,342.0,13885.0,mst,4.350028512133194,0.9407298708685988,-60.0,60.0,502.0,13096.0,mst,0.5539852062847345,1.746042330384935,-60.0,-60.0,1117.0,20653.0,mst,1.9219530874569986,0.9536055689080495,1.1164379574231873,-37.74405470942163,949.3387855309029,26,23744.733138884447,5,1.7721222039902425,2.4013325732212456
0.0,0.0,383.0,73291.0,lst,6.104987193432768,0.4273462755718478,60.0,60.0,744.0,6239.0,mst,5.6423775904607965,1.8333873452577043,60.0,-60.0,427.0,9551.0,mst,4.226259647000986,1.25985990261338,-60.0,60.0,1666.0,8612.0,mst,0.5738483049312529,1.7300837565114573,-60.0,-60.0,884.0,7987.0,mst,2.1211130775668767,1.1014086502410527,-4.746722813947571,-25.509052959968088,688.4134507412751,26,25902.117700830462,5,1.7009167774274305,0.5845968931288993
