x 1,y 1,Count 1,Bkg Count 1,Telescope 1,Dangle 1,Altitude 1,x 2,y 2,Count 2,Bkg Count 2,Telescope 2,Dangle 2,Altitude 2,x 3,y 3,Count 3,Bkg Count 3,Telescope 3,Dangle 3,Altitude 3,x 4,y 4,Count 4,Bkg Count 4,Telescope 4,Dangle 4,Altitude 4,x 5,y 5,Count 5,Bkg Count 5,Telescope 5,Dangle 5,Altitude 5,True X,True Y,True Energy Per Nucleon,True Z,True Height,Detecions,Phi,Epsilon,Theta
0.0,0.0,3042.0,563917.0,lst,5.170235867309016,1.1143537098198686,60.0,60.0,37.0,29684.0,mst,5.393838492693767,2.9740175126891923,60.0,-60.0,133.0,34749.0,mst,4.376205920820378,2.3055309406149775,-60.0,60.0,646.0,55588.0,mst,0.18662761310166284,1.915315186578751,-60.0,-60.0,119.0,96773.0,mst,2.7406368013854947,0.8067017448736997,-44.90410670654025,-23.4097960913343,3501.525749070337,26,33536.99497659462,5,1.9086432739401569,3.0461539382553746
0.0,0.0,658.0,9228.0,lst,3.2887295855292225,0.5623821136500976,60.0,60.0,0.0,1158.0,mst,5.2072060518489245,1.641037487787617,60.0,-60.0,62.0,922.0,mst,3.7700986013484674,2.39785341620391,-60.0,60.0,867.0,1009.0,mst,1.0295467322867182,1.3290997461419023,-60.0,-60.0,244.0,918.0,mst,2.5637579649470488,2.1496765931312813,-3.677053379346063,25.377312775012285,422.58803766518866,26,27752.195233254497,4,1.2287128046390987,1.4479606022208786
0.0,0.0,5624.0,229251.0,lst,4.333939021492661,1.2234734393901912,60.0,60.0,0.0,24719.0,mst,4.897520738815362,1.9233411895256811,60.0,-60.0,108.0,15162.0,mst,4.142398069896795,2.315304373082585,-60.0,60.0,265.0,100166.0,mst,5.522958566902495,0.4514508474622603,-60.0,-60.0,1015.0,36083.0,mst,3.3726707840387373,1.374816786981462,-84.07616601686317,34.91468927096716,2541.5294096379735,26,22643.19648492009,4,1.884384227192488,5.252027291816592
0.0,0.0,3012.0,61077.0,lst,1.2197880648878845,1.30406200203244,60.0,60.0,273.0,12051.0,mst,6.226389889855192,1.7369278579470386,60.0,-60.0,177.0,13903.0,mst,3.2579053629810604,0.8835149322215863,-60.0,60.0,0.0,7254.0,mst,0.9625432384399347,3.0780702868644174,-60.0,-60.0,34.0,8357.0,mst,1.928339492504228,2.697359650985447,55.02502840945485,-20.195739756471426,756.7447473071148,26,30742.493079513486,4,1.7978108610287624,5.076414279781593
