x 1,y 1,Count 1,Bkg Count 1,Telescope 1,Dangle 1,Altitude 1,x 2,y 2,Count 2,Bkg Count 2,Telescope 2,Dangle 2,Altitude 2,x 3,y 3,Count 3,Bkg Count 3,Telescope 3,Dangle 3,Altitude 3,x 4,y 4,Count 4,Bkg Count 4,Telescope 4,Dangle 4,Altitude 4,x 5,y 5,Count 5,Bkg Count 5,Telescope 5,Dangle 5,Altitude 5,True X,True Y,True Energy Per Nucleon,True Z,True Height,Detecions,Phi,Epsilon,Theta
0.0,0.0,1572.0,246238.0,lst,0.17354126326529584,1.0840371357925376,60.0,60.0,28.0,19681.0,mst,5.885628444291336,2.2737954283818222,60.0,-60.0,327.0,58132.0,mst,4.727890311189812,0.8323108920711497,-60.0,60.0,0.0,16942.0,mst,0.5322133037883877,2.492004731608779,-60.0,-60.0,980.0,53464.0,mst,1.579409246594352,1.2542869466574436,11.049352331062039,-60.14274060391455,1959.4765728479554,26,27970.70318651225,4,1.835016436294599,3.5271605791828198
0.0,0.0,2479.0,198801.0,lst,1.5383321920093065,1.1436376183333514,60.0,60.0,584.0,24687.0,mst,6.104098833144719,1.449269981474752,60.0,-60.0,267.0,27899.0,mst,3.299589654461355,1.3532839680527267,-60.0,60.0,39.0,15435.0,mst,1.050816452132038,2.954369301162175,-60.0,-60.0,0.0,14371.0,mst,2.0669444701134565,2.91190225685921,49.4865264297178,-2.0016319710865105,1229.1940364731663,26,33244.543568573186,4,1.707240184816535,4.473039623252263
