x 1,y 1,Count 1,Bkg Count 1,Telescope 1,Dangle 1,Altitude 1,x 2,y 2,Count 2,Bkg Count 2,Telescope 2,Dangle 2,Altitude 2,x 3,y 3,Count 3,Bkg Count 3,Telescope 3,Dangle 3,Altitude 3,x 4,y 4,Count 4,Bkg Count 4,Telescope 4,Dangle 4,Altitude 4,x 5,y 5,Count 5,Bkg Count 5,Telescope 5,Dangle 5,Altitude 5,True X,True Y,True Energy Per Nucleon,True Z,True Height,Detecions,Phi,Epsilon,Theta
0.0,0.0,1490.0,32804.0,lst,2.8901632232803784,0.7231478996626055,60.0,60.0,393.0,8380.0,mst,4.959289262384661,0.741542566661198,60.0,-60.0,1613.0,3930.0,mst,3.5514275889212605,1.7556512356140426,-60.0,60.0,1057.0,7599.0,mst,1.397506401105265,1.0900882842703414,-60.0,-60.0,711.0,4396.0,mst,2.549975828306041,1.9130767043049681,12.030562812719069,47.27453726441087,547.4250788900546,26,22186.997453663265,5,1.5029793907205353,5.750070437060885
0.0,0.0,3870.0,39151.0,lst,0.19078683515608477,1.5230399850619238,60.0,60.0,0.0,4880.0,mst,5.992760137993579,2.637919404580279,60.0,-60.0,274.0,11503.0,mst,5.234546079769483,0.8656707566876112,-60.0,60.0,33.0,3801.0,mst,0.47701866182810276,2.9782491295668247,-60.0,-60.0,915.0,10282.0,mst,1.252872079964306,1.5306661789282099,16.347813690427472,-85.21719046088302,662.2440891900914,26,27730.863947264825,4,1.2250864700992408,5.180112596800888
