x 1,y 1,Count 1,Telescope 1,Dangle 1,Altitude 1,x 2,y 2,Count 2,Telescope 2,Dangle 2,Altitude 2,x 3,y 3,Count 3,Telescope 3,Dangle 3,Altitude 3,x 4,y 4,Count 4,Telescope 4,Dangle 4,Altitude 4,x 5,y 5,Count 5,Telescope 5,Dangle 5,Altitude 5,True X,True Y,True Energy Per Nucleon,True Z,True Height,Detecions,Phi,Epsilon,Theta
0.0,0.0,2083.8018546434973,lst,6.21549429376782,0.3752703288808965,60.0,60.0,320.981136231217,mst,5.647254207537221,1.5898901548796565,60.0,-60.0,788.2184863510394,mst,4.194501327750815,1.0965481954406613,-60.0,60.0,863.984514256865,mst,0.6059533537503595,1.545032154107316,-60.0,-60.0,740.6315572817384,mst,2.1368646620623672,1.0175939633827347,-1.9665030211960186,-24.422454526295923,797.9851979838757,26,23687.5080422338,4,1.7313925554123162,2.258983630818275
