x 1,y 1,Count 1,Bkg Count 1,Telescope 1,Dangle 1,Altitude 1,x 2,y 2,Count 2,Bkg Count 2,Telescope 2,Dangle 2,Altitude 2,x 3,y 3,Count 3,Bkg Count 3,Telescope 3,Dangle 3,Altitude 3,x 4,y 4,Count 4,Bkg Count 4,Telescope 4,Dangle 4,Altitude 4,x 5,y 5,Count 5,Bkg Count 5,Telescope 5,Dangle 5,Altitude 5,True X,True Y,True Energy Per Nucleon,True Z,True Height,Detecions,Phi,Epsilon,Theta
0.0,0.0,1343.0,27104.0,lst,0.6348171823931948,0.709315431430359,60.0,60.0,1457.0,2207.0,mst,5.89677406330398,1.7617346193698113,60.0,-60.0,450.0,3563.0,mst,4.0600125705275865,0.8581065136019337,-60.0,60.0,230.0,2287.0,mst,0.7437485361436371,2.192084646966583,-60.0,-60.0,1109.0,3220.0,mst,1.9095659367515168,1.5541073314672322,22.656062417862557,-31.226493241216005,493.43046022024646,26,25448.39475832035,5,1.4904055045259181,6.081668922382352
0.0,0.0,861.0,9624.0,lst,0.04270580715864818,0.7902047589387662,60.0,60.0,112.0,1064.0,mst,5.710147750757746,2.6506185507616733,60.0,-60.0,1385.0,1315.0,mst,4.257929187158771,1.5784922353783364,-60.0,60.0,133.0,1596.0,mst,0.586132078422221,2.6892355825625067,-60.0,-60.0,0.0,1859.0,mst,1.9956262932806725,1.6221233249617182,1.454137065907247,-32.07124199934957,440.2579989643192,26,28785.59864094176,4,1.4603942970079988,1.741925540770518
0.0,0.0,9436.0,299.0,lst,5.907494760511524,1.4664762522747823,60.0,60.0,33.0,29.0,mst,5.697988601157231,2.8450344118367568,60.0,-60.0,1314.0,78.0,mst,4.925411051468909,1.5660564533724723,-60.0,60.0,151.0,47.0,mst,0.2215193809579862,2.4504481852811666,-60.0,-60.0,227.0,104.0,mst,1.0001011709813417,0.6021252022005067,-31.476983586083122,-78.37044433797244,389.97484190413866,26,23874.12346632772,5,1.7680280063712055,4.326646342804789
