x 1,y 1,Count 1,Bkg Count 1,Telescope 1,Dangle 1,Altitude 1,x 2,y 2,Count 2,Bkg Count 2,Telescope 2,Dangle 2,Altitude 2,x 3,y 3,Count 3,Bkg Count 3,Telescope 3,Dangle 3,Altitude 3,x 4,y 4,Count 4,Bkg Count 4,Telescope 4,Dangle 4,Altitude 4,x 5,y 5,Count 5,Bkg Count 5,Telescope 5,Dangle 5,Altitude 5,True X,True Y,True Energy Per Nucleon,True Z,True Height,Detecions,Phi,Epsilon,Theta
0.0,0.0,4192.0,268428.0,lst,2.0949565304477344,1.3080658916784078,60.0,60.0,149.0,70159.0,mst,5.9931805543626355,0.7693822086160215,60.0,-60.0,314.0,34789.0,mst,3.256041104721683,1.9619314060501387,-60.0,60.0,95.0,23214.0,mst,1.2841743503968068,2.5991751472435625,-60.0,-60.0,0.0,14814.0,mst,2.2466727057444196,3.1070770882441847,50.849888852750865,29.5801212274159,1730.199248986944,26,33836.87576290205,4,1.8343932828395049,2.803228128439744
0.0,0.0,7320.0,87498.0,lst,5.052249049517179,1.3360276813550453,60.0,60.0,56.0,10400.0,mst,5.285317103850852,2.5855649305627444,60.0,-60.0,0.0,11211.0,mst,4.51375510063546,2.245785931682323,-60.0,60.0,1042.0,18725.0,mst,6.057047608321891,1.4232512666041497,-60.0,-60.0,300.0,28089.0,mst,3.768241121907408,0.5841209380747588,-81.36656527789809,-29.147319598894853,1048.528098850888,26,24160.39262118447,4,1.5659766083005668,4.627742373004894
0.0,0.0,78.0,264013.0,lst,5.5304916514749625,0.45560952726102855,60.0,60.0,194.0,18374.0,mst,5.507478978929332,2.3817594976573395,60.0,-60.0,0.0,22835.0,mst,4.150767600391568,1.98695510517247,-60.0,60.0,771.0,17542.0,mst,0.5653048189154534,2.0147619651408366,-60.0,-60.0,1055.0,28943.0,mst,2.346152346885166,1.4932682378526803,-13.09325181389275,-14.063119569664678,1221.7405386987602,26,32543.53309686716,4,1.5777728996608058,1.567042893011713
