x 1,y 1,Count 1,Bkg Count 1,Telescope 1,Dangle 1,Altitude 1,x 2,y 2,Count 2,Bkg Count 2,Telescope 2,Dangle 2,Altitude 2,x 3,y 3,Count 3,Bkg Count 3,Telescope 3,Dangle 3,Altitude 3,x 4,y 4,Count 4,Bkg Count 4,Telescope 4,Dangle 4,Altitude 4,x 5,y 5,Count 5,Bkg Count 5,Telescope 5,Dangle 5,Altitude 5,True X,True Y,True Energy Per Nucleon,True Z,True Height,Detecions,Phi,Epsilon,Theta
0.0,0.0,1891.0,0.0,lst,1.3645743093525762,1.2323731234696902,60.0,60.0,107.0,0.0,mst,6.000356954557521,2.3118537968656545,60.0,-60.0,621.0,0.0,mst,3.524915267866558,1.5622047233202037,-60.0,60.0,0.0,0.0,mst,0.9824015157357076,3.7765234419952907,-60.0,-60.0,23.0,0.0,mst,2.0515685817774267,3.2731871162767026,39.994288845823945,-8.616304690522327,352.89139697698266,26,28738.757586127354,4,1.2003632811525706,3.018744111050927
0.0,0.0,2670.0,0.0,lst,1.499023426870028,0.9850912513244451,60.0,60.0,1091.0,0.0,mst,6.250938334968348,1.0613186631752076,60.0,-60.0,457.0,0.0,mst,3.1462803278555116,0.9268430955442298,-60.0,60.0,199.0,0.0,mst,1.074958917002961,2.2215302241777093,-60.0,-60.0,161.0,0.0,mst,2.0150367155057736,2.166854818222709,59.10508960918895,-4.801793040259383,281.9128617005015,26,21419.550124343496,5,1.6710178878647015,0.5420055940972596
