x 1,y 1,Count 1,Bkg Count 1,Telescope 1,Dangle 1,Altitude 1,x 2,y 2,Count 2,Bkg Count 2,Telescope 2,Dangle 2,Altitude 2,x 3,y 3,Count 3,Bkg Count 3,Telescope 3,Dangle 3,Altitude 3,x 4,y 4,Count 4,Bkg Count 4,Telescope 4,Dangle 4,Altitude 4,x 5,y 5,Count 5,Bkg Count 5,Telescope 5,Dangle 5,Altitude 5,True X,True Y,True Energy Per Nucleon,True Z,True Height,Detecions,Phi,Epsilon,Theta
0.0,0.0,8767.0,107429.0,lst,3.6375124212746663,1.3865664485214875,60.0,60.0,2975.0,13396.0,mst,4.428861173623222,1.4701957588157155,60.0,-60.0,110.0,6607.0,mst,3.7702087112557554,2.4733566162551197,-60.0,60.0,234.0,38073.0,mst,2.833684603762716,0.46785798297396286,-60.0,-60.0,70.0,7253.0,mst,3.0624544183803297,2.0920154011904706,-49.46314987718287,91.55383621261814,1239.3828067941797,26,23204.4795598349,5,1.208746471040912,4.5791387090106
0.0,0.0,2975.0,82698.0,lst,1.3586785727390935,0.9572123402837889,60.0,60.0,773.0,16175.0,mst,0.10798514834008567,0.9789626834466456,60.0,-60.0,318.0,17776.0,mst,2.968923165196174,0.655737744400126,-60.0,60.0,171.0,9821.0,mst,1.0559159798474655,2.0200925882079055,-60.0,-60.0,707.0,9076.0,mst,1.9150606359273794,1.896021803905342,67.74456612785826,-13.492804677546815,957.0543596433154,26,21635.70149709187,5,1.307170572032085,5.42217172097079
