x 1,y 1,Count 1,Bkg Count 1,Telescope 1,Dangle 1,Altitude 1,x 2,y 2,Count 2,Bkg Count 2,Telescope 2,Dangle 2,Altitude 2,x 3,y 3,Count 3,Bkg Count 3,Telescope 3,Dangle 3,Altitude 3,x 4,y 4,Count 4,Bkg Count 4,Telescope 4,Dangle 4,Altitude 4,x 5,y 5,Count 5,Bkg Count 5,Telescope 5,Dangle 5,Altitude 5,True X,True Y,True Energy Per Nucleon,True Z,True Height,Detecions,Phi,Epsilon,Theta
0.0,0.0,5054.0,11084.0,lst,3.6316517319049524,1.1977060847356644,60.0,60.0,743.0,2290.0,mst,4.706067319869235,1.597730218227153,60.0,-60.0,66.0,1328.0,mst,3.806811392450154,2.650653268557772,-60.0,60.0,51.0,3606.0,mst,1.5722571251760211,0.47333542022254355,-60.0,-60.0,0.0,1552.0,mst,2.9088903486339364,2.1873755640593093,-32.742621617187496,60.42406591770467,466.28684391880523,26,24987.815383855028,4,1.3569354668068385,5.537493719601288
0.0,0.0,10348.0,183974.0,lst,0.3856404021440657,1.478875284621944,60.0,60.0,110.0,17085.0,mst,6.138376348594043,2.15217775468874,60.0,-60.0,326.0,84383.0,mst,5.799067605083815,0.5920796137644418,-60.0,60.0,35.0,11140.0,mst,0.5575556809165477,2.6240613692668733,-60.0,-60.0,1586.0,34841.0,mst,1.189908623059683,1.5381589082245204,39.12338089001648,-99.8635798203947,2507.635729042499,26,22942.79273745551,5,1.2069909978279103,4.899975288443901
0.0,0.0,281.0,145101.0,lst,4.72545077628293,0.6014709761581745,60.0,60.0,271.0,19394.0,mst,5.318763212074519,2.372763829059191,60.0,-60.0,102.0,19996.0,mst,4.119664367859539,2.3508083399298254,-60.0,60.0,708.0,29625.0,mst,0.5067610731013382,1.5224525795098105,-60.0,-60.0,794.0,26799.0,mst,2.6107575529905747,1.51931286418934,-26.300058186897076,-0.0636276979285526,1214.3058047586023,26,32274.955055749902,5,1.4583970483336215,1.4830457415600917
0.0,0.0,4865.0,33078.0,lst,5.756452519779236,1.7407392485431357,60.0,60.0,0.0,3067.0,mst,5.631292547943984,3.111700671468132,60.0,-60.0,595.0,6638.0,mst,4.968436776981734,1.9758918383651518,-60.0,60.0,92.0,3129.0,mst,0.0341082176592625,2.4391700455745973,-60.0,-60.0,119.0,11692.0,mst,0.21868894522118973,0.49332638447822064,-53.98471309511014,-89.74703452163827,638.6009839487928,26,25131.205571789327,4,1.8316180781240352,1.5185200707107411
