x 1,y 1,Count 1,Bkg Count 1,Telescope 1,Dangle 1,Altitude 1,x 2,y 2,Count 2,Bkg Count 2,Telescope 2,Dangle 2,Altitude 2,x 3,y 3,Count 3,Bkg Count 3,Telescope 3,Dangle 3,Altitude 3,x 4,y 4,Count 4,Bkg Count 4,Telescope 4,Dangle 4,Altitude 4,x 5,y 5,Count 5,Bkg Count 5,Telescope 5,Dangle 5,Altitude 5,True X,True Y,True Energy Per Nucleon,True Z,True Height,Detecions,Phi,Epsilon,Theta
0.0,0.0,0.0,0.0,lst,3.0435646683579547,None,60.0,60.0,789.0,0.0,mst,5.349965109075453,1.1570913112278076,60.0,-60.0,961.0,0.0,mst,3.801565638343829,1.604124978282159,-60.0,60.0,800.0,0.0,mst,0.9550949508860627,1.3266322573936131,-60.0,-60.0,403.0,0.0,mst,2.4649056464763035,1.763640521727958,1.6107089316244014,16.204062368408643,300.38695101519085,26,22783.191684550977,4,1.9164642543272319,5.077213736555054
0.0,0.0,0.0,383964.0,lst,2.4293962199398056,None,60.0,60.0,1042.0,24995.0,mst,5.472388125863443,1.7653803779859456,60.0,-60.0,130.0,28035.0,mst,3.7950061811855718,1.9099398702422665,-60.0,60.0,470.0,25444.0,mst,0.9222357246299712,2.166534994964788,-60.0,-60.0,344.0,25983.0,mst,2.369878455929234,2.2573914524988457,7.073075816650686,8.398784654699398,1457.0876198889641,26,34975.17079720881,4,1.2037537043583943,3.8257188588018236
