x 1,y 1,Count 1,Bkg Count 1,Telescope 1,Dangle 1,Altitude 1,x 2,y 2,Count 2,Bkg Count 2,Telescope 2,Dangle 2,Altitude 2,x 3,y 3,Count 3,Bkg Count 3,Telescope 3,Dangle 3,Altitude 3,x 4,y 4,Count 4,Bkg Count 4,Telescope 4,Dangle 4,Altitude 4,x 5,y 5,Count 5,Bkg Count 5,Telescope 5,Dangle 5,Altitude 5,True X,True Y,True Energy Per Nucleon,True Z,True Height,Detecions,Phi,Epsilon,Theta
0.0,0.0,898.0,59356.0,lst,2.1936204408539495,0.9412562850771062,60.0,60.0,454.0,14453.0,mst,5.734263826542006,0.8048604545837165,60.0,-60.0,532.0,8220.0,mst,3.388493934827591,1.7279877308434761,-60.0,60.0,34.0,10142.0,mst,1.2460700284218056,2.120706332183386,-60.0,-60.0,0.0,6026.0,mst,2.298612636754743,2.578054167597924,38.851651712551075,26.621442729610152,718.8088047034627,26,29279.939881999624,4,1.8103351042138764,3.2200320398962647
0.0,0.0,3191.0,30057.0,lst,3.365419695929043,1.0318659549337084,60.0,60.0,1091.0,4420.0,mst,4.686263250447497,1.2068135464166514,60.0,-60.0,0.0,2618.0,mst,3.67722571251373,2.320973791059847,-60.0,60.0,161.0,3950.0,mst,1.5990747691019684,0.7515837207011979,-60.0,-60.0,210.0,2910.0,mst,2.795127884948474,2.0992849662980206,-14.278829571847183,61.559367392568646,538.574685265024,26,24167.865226035246,4,1.4624785929636388,2.229774404066415
