x 1,y 1,Count 1,Telescope 1,Dangle 1,Altitude 1,x 2,y 2,Count 2,Telescope 2,Dangle 2,Altitude 2,x 3,y 3,Count 3,Telescope 3,Dangle 3,Altitude 3,x 4,y 4,Count 4,Telescope 4,Dangle 4,Altitude 4,x 5,y 5,Count 5,Telescope 5,Dangle 5,Altitude 5,True X,True Y,True Energy Per Nucleon,True Z,True Height,Detecions,Phi,Epsilon,Theta
0.0,0.0,1574.877163615605,lst,5.927671769738266,0.21701746528446303,60.0,60.0,1127.5635550445209,mst,5.5640712181264025,1.4049328107980081,60.0,-60.0,807.2056095341397,mst,4.116008926600578,1.1151440188856747,-60.0,60.0,1061.878312859287,mst,0.6175191825131895,1.3145548643067255,-60.0,-60.0,733.7950828287446,mst,2.2655048751208127,0.9858461752263851,-5.8356983648711775,-15.725356329445816,623.4129324682755,26,21200.986382771942,4,1.5839543208566493,2.578909951175991
