x 1,y 1,Count 1,Bkg Count 1,Telescope 1,Dangle 1,Altitude 1,x 2,y 2,Count 2,Bkg Count 2,Telescope 2,Dangle 2,Altitude 2,x 3,y 3,Count 3,Bkg Count 3,Telescope 3,Dangle 3,Altitude 3,x 4,y 4,Count 4,Bkg Count 4,Telescope 4,Dangle 4,Altitude 4,x 5,y 5,Count 5,Bkg Count 5,Telescope 5,Dangle 5,Altitude 5,True X,True Y,True Energy Per Nucleon,True Z,True Height,Detecions,Phi,Epsilon,Theta
0.0,0.0,4789.0,0.0,lst,4.082367161353594,1.9598588606724352,60.0,60.0,81.0,0.0,mst,4.679070974648865,2.605796071016738,60.0,-60.0,0.0,0.0,mst,4.02753680084425,3.5097632816578512,-60.0,60.0,136.0,0.0,mst,4.576896243476055,0.5349633636129506,-60.0,-60.0,110.0,0.0,mst,3.3669445029450045,2.369625263795946,-89.44803993005739,63.72332642262003,347.9196947389463,26,24043.172120429812,4,1.9419580567004553,6.214845730487003
0.0,0.0,1946.0,230750.0,lst,3.2402653068620175,0.9850762496436458,60.0,60.0,914.0,34247.0,mst,4.999778900774093,1.5412154903008046,60.0,-60.0,0.0,17482.0,mst,3.710834784937045,2.7724133955310917,-60.0,60.0,347.0,35742.0,mst,1.2296220692616586,1.368576595708413,-60.0,-60.0,37.0,16035.0,mst,2.640509734112951,2.6827222634340364,-3.8783833486970423,41.75729734067244,1356.431632978564,26,33230.92162011081,4,1.6387546168627103,3.012944098293526
0.0,0.0,1737.0,19987.0,lst,5.252903992274305,1.7625386742348375,60.0,60.0,0.0,1204.0,mst,5.380517077188707,3.8378523352212675,60.0,-60.0,24.0,1636.0,mst,4.524636702333513,3.098635318203137,-60.0,60.0,57.0,3138.0,mst,6.272209256350151,2.38892623014433,-60.0,-60.0,58.0,6606.0,mst,3.1487307848979147,0.5961514385396081,-60.36484188125755,-36.71625165473034,485.04038647067057,26,29961.48929378143,4,1.3393047299569025,6.193170525535352
