x 1,y 1,Count 1,Bkg Count 1,Telescope 1,Dangle 1,Altitude 1,x 2,y 2,Count 2,Bkg Count 2,Telescope 2,Dangle 2,Altitude 2,x 3,y 3,Count 3,Bkg Count 3,Telescope 3,Dangle 3,Altitude 3,x 4,y 4,Count 4,Bkg Count 4,Telescope 4,Dangle 4,Altitude 4,x 5,y 5,Count 5,Bkg Count 5,Telescope 5,Dangle 5,Altitude 5,True X,True Y,True Energy Per Nucleon,True Z,True Height,Detecions,Phi,Epsilon,Theta
0.0,0.0,5527.0,60572.0,lst,1.4803447191340504,1.5980844440768585,60.0,60.0,1225.0,11824.0,mst,0.31323115775379073,1.4309540864355865,60.0,-60.0,570.0,15393.0,mst,2.754561365218774,1.1031623499162135,-60.0,60.0,0.0,6403.0,mst,1.1272811967390237,3.1280885961352296,-60.0,-60.0,30.0,5482.0,mst,1.9251180836057298,2.95012310307654,81.26148744861632,-7.424240472227012,777.085310355843,26,29555.78984047627,4,1.7975461931659735,2.417601093587497
0.0,0.0,5468.0,21610.0,lst,5.9776476455622465,1.2524830540545098,60.0,60.0,213.0,2653.0,mst,5.725348388375557,2.383273491214872,60.0,-60.0,550.0,4125.0,mst,4.951965210343736,1.2643627664349706,-60.0,60.0,252.0,2286.0,mst,0.2259997755210913,2.195113216877131,-60.0,-60.0,280.0,5636.0,mst,1.040538665802214,0.6425902724122918,-25.234893570334904,-80.95773866352994,550.8670628028025,26,24097.477331140857,5,1.9428324205213725,5.021656586438252
