x 1,y 1,Count 1,Bkg Count 1,Telescope 1,Dangle 1,Altitude 1,x 2,y 2,Count 2,Bkg Count 2,Telescope 2,Dangle 2,Altitude 2,x 3,y 3,Count 3,Bkg Count 3,Telescope 3,Dangle 3,Altitude 3,x 4,y 4,Count 4,Bkg Count 4,Telescope 4,Dangle 4,Altitude 4,x 5,y 5,Count 5,Bkg Count 5,Telescope 5,Dangle 5,Altitude 5,True X,True Y,True Energy Per Nucleon,True Z,True Height,Detecions,Phi,Epsilon,Theta
0.0,0.0,2763.0,0.0,lst,4.7715614906971116,1.3167332906975147,60.0,60.0,0.0,0.0,mst,5.216731103205336,3.1846321981879,60.0,-60.0,31.0,0.0,mst,4.245797034288994,3.061924112305182,-60.0,60.0,869.0,0.0,mst,0.09261316974418449,1.544449595491831,-60.0,-60.0,409.0,0.0,mst,3.0333076241526378,1.3477255891403757,-53.63604675922822,-3.9972461617073236,307.57309370393347,26,25766.10247388967,4,1.5108313029952825,2.3931554199925267
0.0,0.0,1016.0,245034.0,lst,0.5806289139568491,0.9274386024725945,60.0,60.0,50.0,17230.0,mst,5.836413147721418,2.9590689289996375,60.0,-60.0,45.0,23572.0,mst,4.026100211873644,1.6962545323914604,-60.0,60.0,0.0,14919.0,mst,0.7545170268587174,3.55503933746118,-60.0,-60.0,101.0,23479.0,mst,1.9876602218307577,2.623399853627149,16.789889473136242,-25.47335855336864,1137.2615647855137,26,37584.32512118608,4,1.6444850777557862,0.2651963962086737
0.0,0.0,3536.0,178594.0,lst,0.15129496227198966,0.9085414710010221,60.0,60.0,0.0,18115.0,mst,5.874244731141287,2.035489505665764,60.0,-60.0,356.0,37982.0,mst,4.641024688351994,0.8462435320752183,-60.0,60.0,266.0,17768.0,mst,0.5207918307876049,2.187899897238748,-60.0,-60.0,673.0,24374.0,mst,1.607408848280939,1.1239858111615155,9.062022859672794,-56.54740686216191,1425.0322225208183,26,25455.363339439013,4,1.5111257098049973,0.6029531875276752
0.0,0.0,1884.0,59631.0,lst,4.010600380221954,2.2863927581225267,60.0,60.0,28.0,10969.0,mst,4.570388479623814,2.899952760835458,60.0,-60.0,0.0,6701.0,mst,3.9873241667062285,3.8723064994758207,-60.0,60.0,269.0,41847.0,mst,4.131196579029722,0.7121394377225353,-60.0,-60.0,22.0,10226.0,mst,3.370644686110932,2.7053480563381433,-92.3139165275118,81.3128351614765,1317.9852453219412,26,29135.716977036514,4,1.4348404023468038,3.00318163688792
