x 1,y 1,Count 1,Bkg Count 1,Telescope 1,Dangle 1,Altitude 1,x 2,y 2,Count 2,Bkg Count 2,Telescope 2,Dangle 2,Altitude 2,x 3,y 3,Count 3,Bkg Count 3,Telescope 3,Dangle 3,Altitude 3,x 4,y 4,Count 4,Bkg Count 4,Telescope 4,Dangle 4,Altitude 4,x 5,y 5,Count 5,Bkg Count 5,Telescope 5,Dangle 5,Altitude 5,True X,True Y,True Energy Per Nucleon,True Z,True Height,Detecions,Phi,Epsilon,Theta
0.0,0.0,3227.0,85802.0,lst,4.518031464074054,1.06644662137215,60.0,60.0,39.0,8165.0,mst,5.123251507276705,2.4121824222145025,60.0,-60.0,21.0,6902.0,mst,4.17199192372649,2.6405307993241816,-60.0,60.0,194.0,13109.0,mst,0.1475023429665166,0.9613068809436738,-60.0,-60.0,482.0,15820.0,mst,3.0557430919645663,1.436292105730162,-53.21423634690558,10.706622511696622,814.205295507407,26,29308.02098747487,5,1.7549383010152901,5.5127894371494115
0.0,0.0,2710.0,148549.0,lst,4.337690581652737,1.139180971235695,60.0,60.0,34.0,13459.0,mst,5.096693941344429,2.5837693777534976,60.0,-60.0,33.0,10607.0,mst,4.069095616080305,2.9805470614602037,-60.0,60.0,482.0,26417.0,mst,0.3070299001987985,0.9723848288376143,-60.0,-60.0,511.0,17037.0,mst,2.99225698864751,1.811931334373034,-46.54415328795852,18.371831479903534,1033.9720477134135,26,32060.597760617875,5,1.5890748002637378,3.2681348825977827
0.0,0.0,649.0,0.0,lst,1.614599895657187,0.8270923134220214,60.0,60.0,0.0,0.0,mst,5.852533280574463,1.6649940315573013,60.0,-60.0,496.0,0.0,mst,3.5541193825816415,1.7344922648256786,-60.0,60.0,30.0,0.0,mst,1.0057383558497603,2.7661905142448084,-60.0,-60.0,65.0,0.0,mst,2.1639965409682613,2.797881632450803,32.9934661936241,1.4968428746153393,277.6288477912131,26,25069.965251237525,4,1.7295236719751939,1.9668455222693777
