x 1,y 1,Count 1,Bkg Count 1,Telescope 1,Dangle 1,Altitude 1,x 2,y 2,Count 2,Bkg Count 2,Telescope 2,Dangle 2,Altitude 2,x 3,y 3,Count 3,Bkg Count 3,Telescope 3,Dangle 3,Altitude 3,x 4,y 4,Count 4,Bkg Count 4,Telescope 4,Dangle 4,Altitude 4,x 5,y 5,Count 5,Bkg Count 5,Telescope 5,Dangle 5,Altitude 5,True X,True Y,True Energy Per Nucleon,True Z,True Height,Detecions,Phi,Epsilon,Theta
0.0,0.0,1413.0,0.0,lst,1.5803618249994082,1.1844528875805076,60.0,60.0,590.0,0.0,mst,0.21210285011187244,1.033392771150629,60.0,-60.0,587.0,0.0,mst,2.926011687679516,1.0149163361770779,-60.0,60.0,68.0,0.0,mst,1.1229447031446387,2.371314777558027,-60.0,-60.0,60.0,0.0,mst,1.9971492023810675,2.392404517124626,72.70310161829548,0.2831072284523941,321.5813050662575,26,22675.517023377186,5,1.8135819301064324,1.5160374905737592
0.0,0.0,628.0,61832.0,lst,3.4537748599458222,1.8276000071281449,60.0,60.0,577.0,12242.0,mst,4.572582795176417,2.0608355090235637,60.0,-60.0,0.0,6338.0,mst,3.718109823032051,3.7622966669185,-60.0,60.0,201.0,14716.0,mst,1.8752392998247427,0.9278805110893019,-60.0,-60.0,25.0,7616.0,mst,2.8658530159879025,3.290624642898181,-24.267954117389834,71.7365788598969,856.4758991135068,26,32859.56225285611,4,1.399810502493305,3.7139058475734443
