x 1,y 1,Count 1,Bkg Count 1,Telescope 1,Dangle 1,Altitude 1,x 2,y 2,Count 2,Bkg Count 2,Telescope 2,Dangle 2,Altitude 2,x 3,y 3,Count 3,Bkg Count 3,Telescope 3,Dangle 3,Altitude 3,x 4,y 4,Count 4,Bkg Count 4,Telescope 4,Dangle 4,Altitude 4,x 5,y 5,Count 5,Bkg Count 5,Telescope 5,Dangle 5,Altitude 5,True X,True Y,True Energy Per Nucleon,True Z,True Height,Detecions,Phi,Epsilon,Theta
0.0,0.0,1598.0,2614.0,lst,5.528214250241519,0.7874783520807548,60.0,60.0,375.0,295.0,mst,5.514882200765601,2.362807792965077,60.0,-60.0,145.0,389.0,mst,4.394538960813787,1.761935649192198,-60.0,60.0,228.0,322.0,mst,0.3244107635196841,1.7917704978660196,-60.0,-60.0,245.0,593.0,mst,2.320425127316879,0.7845573310342183,-28.56565018437196,-30.78124921718434,400.89989521480635,26,25016.85086083924,5,1.6385456399696332,0.63851722264073
0.0,0.0,2942.0,114673.0,lst,3.702631727799057,1.9756802530687105,60.0,60.0,971.0,14668.0,mst,4.317055051104776,2.056304622558871,60.0,-60.0,0.0,4764.0,mst,3.784746628380469,3.138374945082791,-60.0,60.0,548.0,50246.0,mst,3.366068208007948,0.8404336393725705,-60.0,-60.0,23.0,13230.0,mst,3.2113268819590255,2.5449281445316854,-73.0603758349504,117.03670684630868,1920.456903581315,26,24777.64132403773,4,1.8860083559738914,4.023718398366377
0.0,0.0,4763.0,81769.0,lst,6.085871465697558,1.1247074765325706,60.0,60.0,0.0,6694.0,mst,5.76494885554075,2.343735438585118,60.0,-60.0,827.0,16034.0,mst,4.8643064357231625,1.1594160186237041,-60.0,60.0,256.0,7174.0,mst,0.3428377468248751,2.155080057728652,-60.0,-60.0,354.0,14530.0,mst,1.3105931070056727,0.7152166873350088,-14.735690925068525,-71.88066237610677,856.9287363043273,26,23788.20029497798,4,1.589890103708359,5.901861178367402
0.0,0.0,1118.0,69664.0,lst,5.07567078798223,1.7164894945839742,60.0,60.0,0.0,5978.0,mst,5.247103112348986,2.9823145555974224,60.0,-60.0,38.0,6785.0,mst,4.584009753924619,2.5358693895287256,-60.0,60.0,1109.0,11123.0,mst,5.8565654146010315,1.7277468923893748,-60.0,-60.0,273.0,20033.0,mst,4.292516650807602,0.7378924829757401,-102.95397421002053,-39.497420619332885,838.3951432680642,26,25259.34319296635,4,1.8172292512789088,4.497760956821193
