x 1,y 1,Count 1,Bkg Count 1,Telescope 1,Dangle 1,Altitude 1,x 2,y 2,Count 2,Bkg Count 2,Telescope 2,Dangle 2,Altitude 2,x 3,y 3,Count 3,Bkg Count 3,Telescope 3,Dangle 3,Altitude 3,x 4,y 4,Count 4,Bkg Count 4,Telescope 4,Dangle 4,Altitude 4,x 5,y 5,Count 5,Bkg Count 5,Telescope 5,Dangle 5,Altitude 5,True X,True Y,True Energy Per Nucleon,True Z,True Height,Detecions,Phi,Epsilon,Theta
0.0,0.0,281.0,57908.0,lst,2.3094803115217,0.4741112509739945,60.0,60.0,834.0,7319.0,mst,5.520153536752573,1.413569357689928,60.0,-60.0,638.0,7550.0,mst,3.6731178029435334,1.953582415219201,-60.0,60.0,659.0,6823.0,mst,1.035165510513222,1.9288636057647066,-60.0,-60.0,44.0,7656.0,mst,2.349516729539353,2.3427960230237885,16.487707480007714,14.69889460170748,622.2176412766973,26,30113.696600491156,5,1.8192925712281236,1.2487624724846038
0.0,0.0,4578.0,184211.0,lst,3.7143824415278957,1.4819154230126013,60.0,60.0,329.0,29065.0,mst,4.696832544887207,1.9895680257366857,60.0,-60.0,0.0,14453.0,mst,3.819092251296814,3.2452375227214447,-60.0,60.0,40.0,46928.0,mst,1.5381452474937705,0.46010326115975725,-60.0,-60.0,34.0,17654.0,mst,2.930514267610198,2.550994033405614,-37.17546541808903,59.49021026725586,1776.3994784891315,26,31730.346552965482,4,1.8882020331952043,0.5255241411815182
