x 1,y 1,Count 1,Bkg Count 1,Telescope 1,Dangle 1,Altitude 1,x 2,y 2,Count 2,Bkg Count 2,Telescope 2,Dangle 2,Altitude 2,x 3,y 3,Count 3,Bkg Count 3,Telescope 3,Dangle 3,Altitude 3,x 4,y 4,Count 4,Bkg Count 4,Telescope 4,Dangle 4,Altitude 4,x 5,y 5,Count 5,Bkg Count 5,Telescope 5,Dangle 5,Altitude 5,True X,True Y,True Energy Per Nucleon,True Z,True Height,Detecions,Phi,Epsilon,Theta
0.0,0.0,697.0,269386.0,lst,6.008591206693028,0.8450109245457151,60.0,60.0,0.0,19961.0,mst,5.642895723326759,3.220741665790329,60.0,-60.0,227.0,18933.0,mst,4.27835700407657,2.2913775204628037,-60.0,60.0,53.0,21335.0,mst,0.5293910509174528,2.9173998551707694,-60.0,-60.0,658.0,29863.0,mst,2.1243134689967977,1.8532689675225278,-7.783336954300381,-28.081714537456676,1276.6229171711009,26,38333.98853062377,4,1.8824225633345568,0.17777466462500485
0.0,0.0,1671.0,128004.0,lst,5.294266642152094,2.179889234967941,60.0,60.0,0.0,10182.0,mst,5.4088100577802605,3.8226481498135865,60.0,-60.0,25.0,17668.0,mst,4.737478112860584,2.847502728972462,-60.0,60.0,34.0,18459.0,mst,5.984800230159536,2.5632780271464095,-60.0,-60.0,81.0,53298.0,mst,4.815435070292119,0.6310600340844141,-93.66450122865645,-63.233220237847775,1630.9015927046394,26,30782.82700185983,4,1.1959368816367342,3.496879542090424
