x 1,y 1,Count 1,Bkg Count 1,Telescope 1,Dangle 1,Altitude 1,x 2,y 2,Count 2,Bkg Count 2,Telescope 2,Dangle 2,Altitude 2,x 3,y 3,Count 3,Bkg Count 3,Telescope 3,Dangle 3,Altitude 3,x 4,y 4,Count 4,Bkg Count 4,Telescope 4,Dangle 4,Altitude 4,x 5,y 5,Count 5,Bkg Count 5,Telescope 5,Dangle 5,Altitude 5,True X,True Y,True Energy Per Nucleon,True Z,True Height,Detecions,Phi,Epsilon,Theta
0.0,0.0,1863.0,96479.0,lst,4.225583647060881,1.4622680791167952,60.0,60.0,35.0,10085.0,mst,5.088801654146511,3.435735049170485,60.0,-60.0,0.0,9886.0,mst,4.022128215971044,4.107289243188228,-60.0,60.0,384.0,19152.0,mst,0.46215876497960523,1.408412616708185,-60.0,-60.0,188.0,15019.0,mst,2.910790525336209,2.6548954506834535,-41.19378548865839,21.54592581186958,860.111685591877,26,36638.056926172125,4,1.7607356464492816,4.0937820918109935
0.0,0.0,2545.0,257599.0,lst,5.524856379975494,1.16264302322976,60.0,60.0,0.0,18841.0,mst,5.522091083720469,3.095258482307491,60.0,-60.0,598.0,23432.0,mst,4.491333824711615,2.1621930829612257,-60.0,60.0,74.0,31996.0,mst,0.22766881541049366,2.2769196602814454,-60.0,-60.0,158.0,44075.0,mst,2.3068208954099108,0.7064227884717228,-35.37323191696183,-37.182263236101804,1606.9242641981234,26,33179.034460737705,4,1.2958619204892052,2.922100026862519
