x 1,y 1,Count 1,Bkg Count 1,Telescope 1,Dangle 1,Altitude 1,x 2,y 2,Count 2,Bkg Count 2,Telescope 2,Dangle 2,Altitude 2,x 3,y 3,Count 3,Bkg Count 3,Telescope 3,Dangle 3,Altitude 3,x 4,y 4,Count 4,Bkg Count 4,Telescope 4,Dangle 4,Altitude 4,x 5,y 5,Count 5,Bkg Count 5,Telescope 5,Dangle 5,Altitude 5,True X,True Y,True Energy Per Nucleon,True Z,True Height,Detecions,Phi,Epsilon,Theta
0.0,0.0,3683.0,52017.0,lst,1.9461065488349885,1.414051695632892,60.0,60.0,234.0,11049.0,mst,6.071500729508099,0.9893291192990958,60.0,-60.0,169.0,8132.0,mst,3.2212962666957927,2.0661166288786257,-60.0,60.0,67.0,7670.0,mst,1.2397030689192179,2.960303759418952,-60.0,-60.0,0.0,4335.0,mst,2.1816138624761807,3.4587400272912,51.73413732064677,21.041325217999372,674.7362742965234,26,31979.378422794845,4,1.480062688309639,0.8795133984370369
0.0,0.0,2837.0,14405.0,lst,1.0264474449833894,1.3876931096199703,60.0,60.0,39.0,1693.0,mst,6.230725769692768,1.8245695497283159,60.0,-60.0,67.0,3455.0,mst,3.2813002740209574,0.5545856310129778,-60.0,60.0,25.0,1873.0,mst,0.8937329988166841,3.0860498469695594,-60.0,-60.0,155.0,2177.0,mst,1.7831221743878976,2.589081447042408,56.546021944795825,-34.401112163697405,471.2802431068435,26,27983.256223602217,5,1.1988864213470785,5.528324218859852
