x 1,y 1,Count 1,Bkg Count 1,Telescope 1,Dangle 1,Altitude 1,x 2,y 2,Count 2,Bkg Count 2,Telescope 2,Dangle 2,Altitude 2,x 3,y 3,Count 3,Bkg Count 3,Telescope 3,Dangle 3,Altitude 3,x 4,y 4,Count 4,Bkg Count 4,Telescope 4,Dangle 4,Altitude 4,x 5,y 5,Count 5,Bkg Count 5,Telescope 5,Dangle 5,Altitude 5,True X,True Y,True Energy Per Nucleon,True Z,True Height,Detecions,Phi,Epsilon,Theta
0.0,0.0,915.0,70661.0,lst,0.7117315281931744,0.8372179268053144,60.0,60.0,65.0,6868.0,mst,5.881278789871049,2.261583858499727,60.0,-60.0,301.0,10424.0,mst,3.9705186603703493,1.1957714562777928,-60.0,60.0,30.0,5416.0,mst,0.7827400170695712,2.8404279709130043,-60.0,-60.0,267.0,6553.0,mst,1.9510086280098757,2.108719375919071,22.75772129849821,-26.67489445667175,672.1884748707082,26,31255.23155557611,5,1.4636223660727652,1.8709027974491141
0.0,0.0,37.0,0.0,lst,4.957857172480056,0.3128943990684417,60.0,60.0,1918.0,0.0,mst,5.40516561813448,1.7262871888889557,60.0,-60.0,0.0,0.0,mst,4.1053430605735945,1.763526966495184,-60.0,60.0,1028.0,0.0,mst,0.581072161184197,1.3868691197013485,-60.0,-60.0,953.0,0.0,mst,2.4840491209183666,1.3921691119221535,-17.45968233429045,-4.314590428790439,379.27074311525706,26,25416.241321860784,4,1.2011150223395448,5.610728167253193
0.0,0.0,809.0,42581.0,lst,2.4082865124799118,0.6793112480112347,60.0,60.0,631.0,8093.0,mst,5.4624985206293974,1.2431625516839628,60.0,-60.0,201.0,5097.0,mst,3.5941949932290598,2.0870636873858133,-60.0,60.0,223.0,6101.0,mst,1.1306243243620993,1.9970941814665648,-60.0,-60.0,133.0,5480.0,mst,2.3943656000160725,2.605313366090313,20.036869673992953,22.778798537098197,601.264494606937,26,29825.2687460549,5,1.6055600517384494,5.897059762070348
0.0,0.0,1322.0,84999.0,lst,4.875120697521299,0.7813043568063771,60.0,60.0,254.0,12862.0,mst,5.301053135978591,2.3605717189268667,60.0,-60.0,84.0,8096.0,mst,4.216304893880374,2.215268545485668,-60.0,60.0,251.0,12344.0,mst,0.28508739196312505,1.369584780628491,-60.0,-60.0,383.0,18135.0,mst,2.772572138727205,1.132686113183298,-39.47974307495025,-6.466949433159385,799.59380886154,26,28993.185437990134,5,1.4597399953403296,3.8608931496430765
