x 1,y 1,Count 1,Bkg Count 1,Telescope 1,Dangle 1,Altitude 1,x 2,y 2,Count 2,Bkg Count 2,Telescope 2,Dangle 2,Altitude 2,x 3,y 3,Count 3,Bkg Count 3,Telescope 3,Dangle 3,Altitude 3,x 4,y 4,Count 4,Bkg Count 4,Telescope 4,Dangle 4,Altitude 4,x 5,y 5,Count 5,Bkg Count 5,Telescope 5,Dangle 5,Altitude 5,True X,True Y,True Energy Per Nucleon,True Z,True Height,Detecions,Phi,Epsilon,Theta
0.0,0.0,7129.0,34991.0,lst,5.215652534393349,1.6151889333900864,60.0,60.0,0.0,3570.0,mst,5.356626965057163,3.388860345693711,60.0,-60.0,88.0,4521.0,mst,4.508658159284035,2.767005358304911,-60.0,60.0,34.0,4722.0,mst,6.21503770746737,2.0674631044980902,-60.0,-60.0,84.0,11139.0,mst,3.3903226347561115,0.5312298592418615,-65.92383897502803,-36.16232576191837,573.5378658899416,26,28977.763896334014,4,1.600177204821849,3.3677726431503667
0.0,0.0,1193.0,518705.0,lst,4.609398952531045,0.9578257133736745,60.0,60.0,150.0,27568.0,mst,5.204910872552099,2.5811182720926746,60.0,-60.0,0.0,30443.0,mst,4.161802847698261,2.6712481095666663,-60.0,60.0,545.0,70889.0,mst,0.30805117973930224,1.307696822252654,-60.0,-60.0,708.0,64722.0,mst,2.8891316171316803,1.4816834744914202,-43.53425773763672,4.4938005718995555,3179.7385216121174,26,33705.946967976306,4,1.3766004494671304,4.6304815760055735
