x 1,y 1,Count 1,Bkg Count 1,Telescope 1,Dangle 1,Altitude 1,x 2,y 2,Count 2,Bkg Count 2,Telescope 2,Dangle 2,Altitude 2,x 3,y 3,Count 3,Bkg Count 3,Telescope 3,Dangle 3,Altitude 3,x 4,y 4,Count 4,Bkg Count 4,Telescope 4,Dangle 4,Altitude 4,x 5,y 5,Count 5,Bkg Count 5,Telescope 5,Dangle 5,Altitude 5,True X,True Y,True Energy Per Nucleon,True Z,True Height,Detecions,Phi,Epsilon,Theta
0.0,0.0,2689.0,0.0,lst,4.066286225991002,0.8236720979897751,60.0,60.0,435.0,0.0,mst,5.008034559070423,1.7881403118308772,60.0,-60.0,266.0,0.0,mst,3.9939726402412723,2.206431584991783,-60.0,60.0,202.0,0.0,mst,0.5962581647402609,0.6321457882450051,-60.0,-60.0,1739.0,0.0,mst,2.928941412830094,1.5030098865029966,-39.98757968000204,30.00841263677279,331.3970594858125,26,23334.247343554067,5,1.2631123856378943,3.5303889658220835
0.0,0.0,3400.0,32402.0,lst,1.848889590609583,1.8032048685859985,60.0,60.0,348.0,7631.0,mst,0.5043662557471809,0.9576946592862814,60.0,-60.0,815.0,5745.0,mst,2.8930316185460154,1.780408100444135,-60.0,60.0,24.0,3134.0,mst,1.2960636293466834,3.224663022520407,-60.0,-60.0,0.0,2535.0,mst,2.081618014872136,3.5467545070654536,80.45572769089071,21.073300431180087,558.1470085863886,26,29262.951975963544,4,1.3316104636778947,4.077102431136295
