x 1,y 1,Count 1,Bkg Count 1,Telescope 1,Dangle 1,Altitude 1,x 2,y 2,Count 2,Bkg Count 2,Telescope 2,Dangle 2,Altitude 2,x 3,y 3,Count 3,Bkg Count 3,Telescope 3,Dangle 3,Altitude 3,x 4,y 4,Count 4,Bkg Count 4,Telescope 4,Dangle 4,Altitude 4,x 5,y 5,Count 5,Bkg Count 5,Telescope 5,Dangle 5,Altitude 5,True X,True Y,True Energy Per Nucleon,True Z,True Height,Detecions,Phi,Epsilon,Theta
0.0,0.0,4265.0,43924.0,lst,1.757982095904002,1.471681000722475,60.0,60.0,421.0,13485.0,mst,0.2402051808663176,0.9593865632395737,60.0,-60.0,871.0,6939.0,mst,2.983583614131729,1.442326873608112,-60.0,60.0,34.0,4721.0,mst,1.2540504989623544,2.8466609312407476,-60.0,-60.0,0.0,4533.0,mst,2.1068549491626873,2.9897756913134628,71.79770970210654,15.074665717224235,687.2301600947495,26,29131.57013607362,4,1.911651139093795,3.900890157650311
0.0,0.0,3483.0,130041.0,lst,3.4291163413848555,1.5643836585586162,60.0,60.0,164.0,20486.0,mst,4.733015488942047,1.9477073640232492,60.0,-60.0,0.0,12453.0,mst,3.7183519421200883,3.606291489399602,-60.0,60.0,454.0,31233.0,mst,1.5381075502657362,1.1169937095254663,-60.0,-60.0,32.0,11570.0,mst,2.793147343152261,3.2172329983161156,-16.533132026913705,58.67707922864156,1138.744090110264,26,34460.481941727834,4,1.5566177000729413,6.193596262488008
