x 1,y 1,Count 1,Bkg Count 1,Telescope 1,Dangle 1,Altitude 1,x 2,y 2,Count 2,Bkg Count 2,Telescope 2,Dangle 2,Altitude 2,x 3,y 3,Count 3,Bkg Count 3,Telescope 3,Dangle 3,Altitude 3,x 4,y 4,Count 4,Bkg Count 4,Telescope 4,Dangle 4,Altitude 4,x 5,y 5,Count 5,Bkg Count 5,Telescope 5,Dangle 5,Altitude 5,True X,True Y,True Energy Per Nucleon,True Z,True Height,Detecions,Phi,Epsilon,Theta
0.0,0.0,530.0,37343.0,lst,5.9769659895040474,0.7938791929415141,60.0,60.0,0.0,2746.0,mst,5.622114858127011,2.8983288105439535,60.0,-60.0,561.0,4673.0,mst,4.301276012507121,1.9212196541086963,-60.0,60.0,76.0,2837.0,mst,0.4984289253392183,2.643366754781398,-60.0,-60.0,144.0,4670.0,mst,2.1096677184204635,1.5020862149839882,-9.170613565243457,-29.96629601803336,507.09172283019905,26,30129.878188041428,4,1.5134546233517585,2.6806490966061354
0.0,0.0,1695.0,59758.0,lst,3.7015706492097276,0.8264326991815545,60.0,60.0,568.0,8437.0,mst,4.9300611633495395,1.4821512965780614,60.0,-60.0,137.0,6792.0,mst,3.85166066706968,2.204388679423227,-60.0,60.0,322.0,16539.0,mst,1.0731330341096514,0.6175022679717133,-60.0,-60.0,0.0,8363.0,mst,2.8246666913286362,1.7756203918868811,-26.292973262176503,42.138727790201784,733.750218690593,26,25323.371351675003,4,1.4380116510753889,2.0027412056844494
0.0,0.0,307.0,0.0,lst,2.102912158424218,0.49629441037022715,60.0,60.0,917.0,0.0,mst,5.583932227776211,1.3984695930459077,60.0,-60.0,0.0,0.0,mst,3.654090727804467,1.7812300860564463,-60.0,60.0,134.0,0.0,mst,1.0198817826953006,2.0906580108127706,-60.0,-60.0,70.0,0.0,mst,2.320282585416365,2.3811410640406807,19.60512685251905,11.563775744934958,275.01506268038986,26,24115.447985136994,4,1.7691137000678245,4.016424258508609
