x 1,y 1,Count 1,Bkg Count 1,Telescope 1,Dangle 1,Altitude 1,x 2,y 2,Count 2,Bkg Count 2,Telescope 2,Dangle 2,Altitude 2,x 3,y 3,Count 3,Bkg Count 3,Telescope 3,Dangle 3,Altitude 3,x 4,y 4,Count 4,Bkg Count 4,Telescope 4,Dangle 4,Altitude 4,x 5,y 5,Count 5,Bkg Count 5,Telescope 5,Dangle 5,Altitude 5,True X,True Y,True Energy Per Nucleon,True Z,True Height,Detecions,Phi,Epsilon,Theta
0.0,0.0,1109.0,0.0,lst,0.7355903435222038,0.9243631437183778,60.0,60.0,746.0,0.0,mst,6.015216975930522,1.8017127897438325,60.0,-60.0,260.0,0.0,mst,4.002540439003555,0.5952112185185675,-60.0,60.0,48.0,0.0,mst,0.7723886118755825,2.458621921800888,-60.0,-60.0,680.0,0.0,mst,1.7938566782486125,1.752932314757426,33.76004840953749,-37.85596812335295,270.45126695246114,26,22120.43791597448,5,1.3484916442868293,4.302537754588453
0.0,0.0,4448.0,0.0,lst,6.19214098851172,1.4007140619257523,60.0,60.0,0.0,0.0,mst,5.79912683387303,2.9454166138581623,60.0,-60.0,600.0,0.0,mst,4.864226648047095,1.3842496391539285,-60.0,60.0,36.0,0.0,mst,0.37948397760201086,2.806794942868832,-60.0,-60.0,619.0,0.0,mst,1.4078253045390912,1.0861213816783275,-7.071923539355396,-68.7512653031763,331.4965434003712,26,24719.232906313027,4,1.4735072882415454,1.885498638546139
0.0,0.0,1170.0,0.0,lst,2.307436323145599,2.287684394271267,60.0,60.0,103.0,0.0,mst,2.1681818291306216,0.5535906110684723,60.0,-60.0,49.0,0.0,mst,2.970749534032897,2.890655929087485,-60.0,60.0,68.0,0.0,mst,1.6701918902451147,2.8702524829345757,-60.0,-60.0,0.0,0.0,mst,2.3199470174118417,3.997465345189673,83.2585578508909,75.95034832871806,241.46901179316012,26,22808.089049093578,4,1.8836429976612943,1.3530788741343351
