x 1,y 1,Count 1,Bkg Count 1,Telescope 1,Dangle 1,Altitude 1,x 2,y 2,Count 2,Bkg Count 2,Telescope 2,Dangle 2,Altitude 2,x 3,y 3,Count 3,Bkg Count 3,Telescope 3,Dangle 3,Altitude 3,x 4,y 4,Count 4,Bkg Count 4,Telescope 4,Dangle 4,Altitude 4,x 5,y 5,Count 5,Bkg Count 5,Telescope 5,Dangle 5,Altitude 5,True X,True Y,True Energy Per Nucleon,True Z,True Height,Detecions,Phi,Epsilon,Theta
0.0,0.0,2800.0,0.0,lst,1.7043404826658117,0.9548167649727303,60.0,60.0,316.0,0.0,mst,6.049737871679107,1.1941935629302833,60.0,-60.0,402.0,0.0,mst,3.318315274848905,1.410170256959453,-60.0,60.0,98.0,0.0,mst,1.129782937157474,2.4184852075375067,-60.0,-60.0,51.0,0.0,mst,2.1252046999217757,2.498282663946805,48.031427551446626,6.656382311932191,326.82749698542057,26,25748.080139074398,5,1.1953910616887435,1.9773829963025158
0.0,0.0,2067.0,233104.0,lst,2.781101811890022,1.4369288850605797,60.0,60.0,325.0,34951.0,mst,4.957299347590668,1.0910501136674273,60.0,-60.0,50.0,20861.0,mst,3.497679614620017,3.1119151750833445,-60.0,60.0,461.0,30208.0,mst,1.4516969035769491,2.1036385780088676,-60.0,-60.0,0.0,16389.0,mst,2.5158854561356487,3.5832450519541776,19.630067100279376,50.63864567532346,1688.1161683841574,26,36402.93307792018,4,1.7097686233957214,1.5732343667317337
