x 1,y 1,Count 1,Bkg Count 1,Telescope 1,Dangle 1,Altitude 1,x 2,y 2,Count 2,Bkg Count 2,Telescope 2,Dangle 2,Altitude 2,x 3,y 3,Count 3,Bkg Count 3,Telescope 3,Dangle 3,Altitude 3,x 4,y 4,Count 4,Bkg Count 4,Telescope 4,Dangle 4,Altitude 4,x 5,y 5,Count 5,Bkg Count 5,Telescope 5,Dangle 5,Altitude 5,True X,True Y,True Energy Per Nucleon,True Z,True Height,Detecions,Phi,Epsilon,Theta
0.0,0.0,2302.0,36996.0,lst,1.6655358602057444,1.0246557234106244,60.0,60.0,369.0,7183.0,mst,6.060145022740701,1.273922268940083,60.0,-60.0,868.0,5212.0,mst,3.329820899290073,1.4670059166387712,-60.0,60.0,91.0,4311.0,mst,1.087019815163911,2.66887334599279,-60.0,-60.0,21.0,3695.0,mst,2.114565109865934,2.750866025876301,46.264026672866606,4.201973474011368,574.4319452948969,26,29382.21569941269,5,1.5688342061679987,4.878587361701206
0.0,0.0,3243.0,35556.0,lst,1.3966478035769267,1.6452745446597925,60.0,60.0,1090.0,5100.0,mst,0.20632379332712836,1.6533736045219134,60.0,-60.0,227.0,6287.0,mst,2.829227322775855,1.001336999158207,-60.0,60.0,22.0,3402.0,mst,1.0565529830800326,3.2851921256919616,-60.0,-60.0,21.0,3633.0,mst,1.9131535486684852,3.03112819954692,75.34698021910768,-14.274012864643282,567.7798452969603,26,29194.143326786943,5,1.763874363912863,2.140546823196529
