x 1,y 1,Count 1,Bkg Count 1,Telescope 1,Dangle 1,Altitude 1,x 2,y 2,Count 2,Bkg Count 2,Telescope 2,Dangle 2,Altitude 2,x 3,y 3,Count 3,Bkg Count 3,Telescope 3,Dangle 3,Altitude 3,x 4,y 4,Count 4,Bkg Count 4,Telescope 4,Dangle 4,Altitude 4,x 5,y 5,Count 5,Bkg Count 5,Telescope 5,Dangle 5,Altitude 5,True X,True Y,True Energy Per Nucleon,True Z,True Height,Detecions,Phi,Epsilon,Theta
0.0,0.0,1700.0,482217.0,lst,3.4564780158553225,0.8758865868793485,60.0,60.0,956.0,42455.0,mst,4.959787125381181,1.4910556761253424,60.0,-60.0,30.0,30385.0,mst,3.7860697325181225,2.5288281464514677,-60.0,60.0,422.0,53203.0,mst,1.19059173091965,1.018056532931056,-60.0,-60.0,477.0,20419.0,mst,2.706731369604082,2.2904581954784637,-13.213891757203498,41.276199675909,2274.413795996667,26,31383.306230160095,5,1.7892429206713134,5.813290188505781
0.0,0.0,2002.0,107462.0,lst,3.535419894652871,1.1214232860648627,60.0,60.0,94.0,15067.0,mst,4.844123302994329,1.7139233046303675,60.0,-60.0,0.0,8350.0,mst,3.7855658911256898,2.8212370288820674,-60.0,60.0,295.0,17705.0,mst,1.301448590554021,0.9104340965258912,-60.0,-60.0,22.0,11383.0,mst,2.797568401150553,2.4987697880049518,-20.67440524613795,49.34630600176183,928.8290292811386,26,31871.265587307804,4,1.261416398884152,4.077860105761468
0.0,0.0,2114.0,201554.0,lst,1.6342012789358378,1.415107934009067,60.0,60.0,485.0,32365.0,mst,0.26940827940275425,1.0308257391048918,60.0,-60.0,944.0,48033.0,mst,2.9277926433586443,1.239705306680092,-60.0,60.0,48.0,15379.0,mst,1.1830264430014394,2.7205697897064542,-60.0,-60.0,0.0,20371.0,mst,2.030370600246262,2.8445198122722952,74.1861423562018,5.298118490140581,1832.9878551473464,26,29427.56024248018,4,1.2816629893427922,5.134130403172409
