x 1,y 1,Count 1,Bkg Count 1,Telescope 1,Dangle 1,Altitude 1,x 2,y 2,Count 2,Bkg Count 2,Telescope 2,Dangle 2,Altitude 2,x 3,y 3,Count 3,Bkg Count 3,Telescope 3,Dangle 3,Altitude 3,x 4,y 4,Count 4,Bkg Count 4,Telescope 4,Dangle 4,Altitude 4,x 5,y 5,Count 5,Bkg Count 5,Telescope 5,Dangle 5,Altitude 5,True X,True Y,True Energy Per Nucleon,True Z,True Height,Detecions,Phi,Epsilon,Theta
0.0,0.0,2319.0,18781.0,lst,5.3446122660942414,1.85942279465981,60.0,60.0,0.0,1375.0,mst,5.423484066218779,4.176318387849849,60.0,-60.0,23.0,1863.0,mst,4.527608098242185,3.2155161058210937,-60.0,60.0,72.0,2165.0,mst,0.06828144892453351,2.74225700797826,-60.0,-60.0,38.0,3998.0,mst,2.841180744094391,0.615105119506607,-53.308272592281625,-38.31369582760496,467.31593999008135,26,30354.51931628303,4,1.6329920270358214,1.3916484288000386
0.0,0.0,2141.0,0.0,lst,5.21595708801278,1.4626594889544782,60.0,60.0,0.0,0.0,mst,5.3639748581524165,3.1843651942599385,60.0,-60.0,125.0,0.0,mst,4.491778874180684,2.5911044902689877,-60.0,60.0,524.0,0.0,mst,6.269551782001114,1.9595595595146174,-60.0,-60.0,67.0,0.0,mst,3.180957431844178,0.5391154874704431,-61.118348493936395,-34.47046625139805,321.4027917726295,26,24837.57180548696,4,1.7068483506831909,6.197742430726962
