x 1,y 1,Count 1,Bkg Count 1,Telescope 1,Dangle 1,Altitude 1,x 2,y 2,Count 2,Bkg Count 2,Telescope 2,Dangle 2,Altitude 2,x 3,y 3,Count 3,Bkg Count 3,Telescope 3,Dangle 3,Altitude 3,x 4,y 4,Count 4,Bkg Count 4,Telescope 4,Dangle 4,Altitude 4,x 5,y 5,Count 5,Bkg Count 5,Telescope 5,Dangle 5,Altitude 5,True X,True Y,True Energy Per Nucleon,True Z,True Height,Detecions,Phi,Epsilon,Theta
0.0,0.0,2003.0,96442.0,lst,4.048234985043884,2.198398994280378,60.0,60.0,44.0,12424.0,mst,4.629366997980377,2.908589114065441,60.0,-60.0,0.0,9433.0,mst,3.99824033025395,3.803835451862906,-60.0,60.0,147.0,44446.0,mst,4.387687095414029,0.6059648522062424,-60.0,-60.0,111.0,15627.0,mst,3.3576068884178865,2.558620684306742,-89.50046115542958,70.1532355450899,1414.6000426753596,26,29476.909359914996,4,1.5792870817613218,0.026013693908497577
0.0,0.0,0.0,121056.0,lst,1.8655603754179466,None,60.0,60.0,354.0,14730.0,mst,5.6090675536808305,1.8775768735412943,60.0,-60.0,360.0,12061.0,mst,3.760190656115904,2.071333999218558,-60.0,60.0,161.0,11393.0,mst,0.922986306743162,2.396560408386931,-60.0,-60.0,82.0,10086.0,mst,2.286082896281912,2.5454256741062222,13.62810776477744,4.142432740494229,814.0381933183454,26,33385.6046497821,4,1.6128848978839931,0.6002871364725743
0.0,0.0,8057.0,0.0,lst,3.1346000765206354,1.1892437173193877,60.0,60.0,428.0,0.0,mst,4.455047171666754,0.99992046794296,60.0,-60.0,64.0,0.0,mst,3.536520145661402,2.3630678495055735,-60.0,60.0,616.0,0.0,mst,1.8423847265814874,0.9830380531791102,-60.0,-60.0,88.0,0.0,mst,2.72431646893909,2.297311595657977,0.7723290914309757,76.62142561532872,296.9059724741015,26,21306.378534562948,5,1.3389274276720493,1.9633552726142016
