x 1,y 1,Count 1,Bkg Count 1,Telescope 1,Dangle 1,Altitude 1,x 2,y 2,Count 2,Bkg Count 2,Telescope 2,Dangle 2,Altitude 2,x 3,y 3,Count 3,Bkg Count 3,Telescope 3,Dangle 3,Altitude 3,x 4,y 4,Count 4,Bkg Count 4,Telescope 4,Dangle 4,Altitude 4,x 5,y 5,Count 5,Bkg Count 5,Telescope 5,Dangle 5,Altitude 5,True X,True Y,True Energy Per Nucleon,True Z,True Height,Detecions,Phi,Epsilon,Theta
0.0,0.0,1852.0,35143.0,lst,0.2033521456623659,1.1665637685667438,60.0,60.0,28.0,2767.0,mst,5.803994151601638,2.980553146216463,60.0,-60.0,664.0,5702.0,mst,4.367679330763657,1.341912864051583,-60.0,60.0,22.0,2917.0,mst,0.6010269142276103,3.3867227101474446,-60.0,-60.0,0.0,4734.0,mst,1.8079518176633005,1.9802356811862143,9.282424884653295,-41.66362927576766,528.4425270820241,26,31388.24523018542,4,1.2396411826391602,4.2930278194280564
0.0,0.0,3926.0,11008.0,lst,5.269258140491243,1.2288895272500133,60.0,60.0,48.0,956.0,mst,5.384086787918508,2.5499997748563743,60.0,-60.0,423.0,1214.0,mst,4.556295784965409,1.973220029911457,-60.0,60.0,1527.0,1270.0,mst,6.233630168880584,1.5999395962960938,-60.0,-60.0,34.0,2817.0,mst,3.460558138121854,0.29686422827324543,-66.3154981660362,-40.64872789542075,436.8126084441294,26,22685.621532124143,5,1.7982518240640322,2.861049885008238
0.0,0.0,462.0,0.0,lst,4.600647214153634,0.8341043137342553,60.0,60.0,30.0,0.0,mst,5.304834205472252,3.5771617152433697,60.0,-60.0,0.0,0.0,mst,4.057746364536458,3.671952134287799,-60.0,60.0,76.0,0.0,mst,0.5597708740872568,2.361410164470243,-60.0,-60.0,63.0,0.0,mst,2.6107892246193116,2.494837576150337,-23.416557193553487,2.6734840193109903,318.21597867423446,26,27944.169454974584,4,1.3942557617535003,1.9564970722547106
0.0,0.0,1770.0,8004.0,lst,1.0102800821064921,0.699023978627069,60.0,60.0,622.0,1049.0,mst,5.956718455922935,1.5274522246564084,60.0,-60.0,313.0,1045.0,mst,3.724085560026322,0.8434775820559635,-60.0,60.0,0.0,812.0,mst,0.8365558806302862,2.1800939421133823,-60.0,-60.0,2368.0,806.0,mst,1.9559017444079374,1.7521805931413859,33.88089823688907,-21.403115521413127,420.7348524890664,26,24943.417505620335,4,1.341259550280193,1.7741852235749
