x 1,y 1,Count 1,Bkg Count 1,Telescope 1,Dangle 1,Altitude 1,x 2,y 2,Count 2,Bkg Count 2,Telescope 2,Dangle 2,Altitude 2,x 3,y 3,Count 3,Bkg Count 3,Telescope 3,Dangle 3,Altitude 3,x 4,y 4,Count 4,Bkg Count 4,Telescope 4,Dangle 4,Altitude 4,x 5,y 5,Count 5,Bkg Count 5,Telescope 5,Dangle 5,Altitude 5,True X,True Y,True Energy Per Nucleon,True Z,True Height,Detecions,Phi,Epsilon,Theta
0.0,0.0,2469.0,377126.0,lst,0.5870094809661195,1.372637490654357,60.0,60.0,80.0,40622.0,mst,6.046375166223517,2.6847494100286498,60.0,-60.0,75.0,101523.0,mst,4.284815159520115,0.7857693631188978,-60.0,60.0,0.0,17828.0,mst,0.7115680053030969,3.342312519859934,-60.0,-60.0,32.0,35616.0,mst,1.6774185199654525,2.274115661437627,33.093344706653,-48.22107418595513,2571.7834160000543,26,37064.916137374195,4,1.935839191785612,0.6583531273368144
0.0,0.0,71.0,9420.0,lst,3.6465673038977253,0.5814322194920986,60.0,60.0,0.0,909.0,mst,5.26942517214117,2.398890460107203,60.0,-60.0,29.0,863.0,mst,3.8697904716669407,3.209331495345744,-60.0,60.0,231.0,1192.0,mst,0.8419480173754968,2.1008070632151945,-60.0,-60.0,48.0,1190.0,mst,2.5570959067739434,3.021778641261817,-8.992900336756264,15.79077091912174,421.44452265001627,26,30591.091893404126,4,1.921187032137069,5.552883096030322
