x 1,y 1,Count 1,Bkg Count 1,Telescope 1,Dangle 1,Altitude 1,x 2,y 2,Count 2,Bkg Count 2,Telescope 2,Dangle 2,Altitude 2,x 3,y 3,Count 3,Bkg Count 3,Telescope 3,Dangle 3,Altitude 3,x 4,y 4,Count 4,Bkg Count 4,Telescope 4,Dangle 4,Altitude 4,x 5,y 5,Count 5,Bkg Count 5,Telescope 5,Dangle 5,Altitude 5,True X,True Y,True Energy Per Nucleon,True Z,True Height,Detecions,Phi,Epsilon,Theta
0.0,0.0,3782.0,55965.0,lst,3.4241159197558786,1.662184156585329,60.0,60.0,205.0,5183.0,mst,4.800996516443692,2.3061346222113226,60.0,-60.0,0.0,4012.0,mst,3.731755186762011,4.1346736310908865,-60.0,60.0,523.0,9821.0,mst,1.4289183924011921,1.2574381448029668,-60.0,-60.0,26.0,5096.0,mst,2.7590722625728312,3.561178004495353,-14.774745942332402,53.65582955010882,617.5386661879868,26,33518.93928518473,4,1.2414029985989896,1.174359063430985
0.0,0.0,730.0,175208.0,lst,4.8550506303445085,0.8417244889195699,60.0,60.0,0.0,20419.0,mst,5.3411634447424134,3.2336759328127624,60.0,-60.0,35.0,14021.0,mst,4.168271637484513,3.161113758614609,-60.0,60.0,410.0,19919.0,mst,0.46992256131572013,1.9781177363372349,-60.0,-60.0,654.0,22663.0,mst,2.6209969203074213,1.8300982335813667,-28.499335264304335,-4.227258678081881,1122.3798178414124,26,37137.89721233815,4,1.8907929665081251,1.1847682380882874
