x 1,y 1,Count 1,Bkg Count 1,Telescope 1,Dangle 1,Altitude 1,x 2,y 2,Count 2,Bkg Count 2,Telescope 2,Dangle 2,Altitude 2,x 3,y 3,Count 3,Bkg Count 3,Telescope 3,Dangle 3,Altitude 3,x 4,y 4,Count 4,Bkg Count 4,Telescope 4,Dangle 4,Altitude 4,x 5,y 5,Count 5,Bkg Count 5,Telescope 5,Dangle 5,Altitude 5,True X,True Y,True Energy Per Nucleon,True Z,True Height,Detecions,Phi,Epsilon,Theta
0.0,0.0,1036.0,40488.0,lst,5.16032648514894,0.7158758349660257,60.0,60.0,184.0,2798.0,mst,5.3940551475261405,2.2309672438374166,60.0,-60.0,638.0,2309.0,mst,4.315782058494779,2.024870830090295,-60.0,60.0,1042.0,3043.0,mst,0.3268847794640723,1.5079262737547465,-60.0,-60.0,461.0,5344.0,mst,2.6200086593102516,1.0294784684746972,-35.513057998342504,-17.188170329387987,517.7321243506549,26,27775.27389583985,5,1.2159712027470098,5.740195581847481
0.0,0.0,0.0,159725.0,lst,3.0222767243110944,None,60.0,60.0,656.0,14659.0,mst,5.389447572155017,1.686730356947936,60.0,-60.0,115.0,16896.0,mst,3.808383066124199,2.1424493781441125,-60.0,60.0,1085.0,23743.0,mst,0.915376573162582,1.7405500830130485,-60.0,-60.0,250.0,17808.0,mst,2.440411252525841,2.1906860389028737,1.7594279015027894,13.58148170425386,1082.0748299587415,26,32180.701196331356,4,1.5588415294611038,0.7837282454513987
0.0,0.0,1882.0,144917.0,lst,3.9630370002606568,0.7784416967403388,60.0,60.0,302.0,17875.0,mst,5.067805136190802,1.8976306262861504,60.0,-60.0,194.0,12537.0,mst,3.9464453568119264,2.4130885666191926,-60.0,60.0,509.0,22717.0,mst,0.7467650834222037,0.8822231254486408,-60.0,-60.0,2280.0,15992.0,mst,2.7997093812695355,1.7499707094962142,-29.503546285852224,26.789388256068207,961.6131409912806,26,29475.322366269065,5,1.7888778397742613,2.3750187910277947
