x 1,y 1,Count 1,Bkg Count 1,Telescope 1,Dangle 1,Altitude 1,x 2,y 2,Count 2,Bkg Count 2,Telescope 2,Dangle 2,Altitude 2,x 3,y 3,Count 3,Bkg Count 3,Telescope 3,Dangle 3,Altitude 3,x 4,y 4,Count 4,Bkg Count 4,Telescope 4,Dangle 4,Altitude 4,x 5,y 5,Count 5,Bkg Count 5,Telescope 5,Dangle 5,Altitude 5,True X,True Y,True Energy Per Nucleon,True Z,True Height,Detecions,Phi,Epsilon,Theta
0.0,0.0,2008.0,7135.0,lst,2.6167948469754387,0.9611257292689234,60.0,60.0,201.0,1297.0,mst,5.238209442956563,0.9368323742564861,60.0,-60.0,26.0,979.0,mst,3.5101864346539093,2.220075945837155,-60.0,60.0,262.0,868.0,mst,1.3027306401889365,1.9331990522915823,-60.0,-60.0,61.0,499.0,mst,2.446546269309113,2.8323150870269993,22.360912870388574,37.998517301282504,420.61977628958925,26,27517.25889281148,5,1.2981368815328893,4.259440625779609
0.0,0.0,4344.0,109820.0,lst,1.2687542176930968,1.0273959385809135,60.0,60.0,1224.0,21198.0,mst,0.08558927207850352,1.2036495812630976,60.0,-60.0,259.0,26577.0,mst,2.968369770945163,0.556973811894423,-60.0,60.0,176.0,12274.0,mst,0.9939821002700382,2.23365878491119,-60.0,-60.0,610.0,15198.0,mst,1.8582126955657703,1.8878336806471074,67.20813151319635,-21.616435838742774,1192.8368515812524,26,23003.17557840191,5,1.8392624587985922,3.556121939509381
