x 1,y 1,Count 1,Bkg Count 1,Telescope 1,Dangle 1,Altitude 1,x 2,y 2,Count 2,Bkg Count 2,Telescope 2,Dangle 2,Altitude 2,x 3,y 3,Count 3,Bkg Count 3,Telescope 3,Dangle 3,Altitude 3,x 4,y 4,Count 4,Bkg Count 4,Telescope 4,Dangle 4,Altitude 4,x 5,y 5,Count 5,Bkg Count 5,Telescope 5,Dangle 5,Altitude 5,True X,True Y,True Energy Per Nucleon,True Z,True Height,Detecions,Phi,Epsilon,Theta
0.0,0.0,2572.0,22048.0,lst,4.783718060498853,1.3084325324239714,60.0,60.0,0.0,2712.0,mst,5.149618204011177,2.616750530403581,60.0,-60.0,49.0,2255.0,mst,4.324144771662565,2.5019583513068446,-60.0,60.0,513.0,3804.0,mst,6.036156715529871,1.1256214140334728,-60.0,-60.0,393.0,5645.0,mst,3.4133833439738575,0.9264558276223217,-75.71514027673987,-5.160499140258537,512.3818009377695,26,24969.176342320443,4,1.2348656124517159,1.805821186648818
0.0,0.0,4036.0,217028.0,lst,1.1992037877037367,1.645565384321591,60.0,60.0,315.0,31785.0,mst,0.04086405946072772,2.0880727561299124,60.0,-60.0,135.0,61952.0,mst,3.01643419283162,0.8071558872983543,-60.0,60.0,0.0,15832.0,mst,0.9678775561225795,3.5884548812036763,-60.0,-60.0,31.0,24137.0,mst,1.8328334740920447,2.9976168147152005,64.48816270075977,-25.8698277388566,2041.18742425791,26,35026.00456241174,4,1.8316281689758862,2.320126879467462
0.0,0.0,782.0,63090.0,lst,4.121266458761605,0.8524223496321912,60.0,60.0,105.0,7241.0,mst,5.200885264319352,2.6536201641728194,60.0,-60.0,0.0,5929.0,mst,3.9567351104078226,3.4519274357341208,-60.0,60.0,815.0,7569.0,mst,0.686886857934667,1.6947455786234011,-60.0,-60.0,97.0,8789.0,mst,2.6939926426419167,2.7235295557031938,-22.771950446380956,15.703612031684031,638.5841739253402,26,34219.83102587222,4,1.9472318029512663,5.912222500711366
