x 1,y 1,Count 1,Bkg Count 1,Telescope 1,Dangle 1,Altitude 1,x 2,y 2,Count 2,Bkg Count 2,Telescope 2,Dangle 2,Altitude 2,x 3,y 3,Count 3,Bkg Count 3,Telescope 3,Dangle 3,Altitude 3,x 4,y 4,Count 4,Bkg Count 4,Telescope 4,Dangle 4,Altitude 4,x 5,y 5,Count 5,Bkg Count 5,Telescope 5,Dangle 5,Altitude 5,True X,True Y,True Energy Per Nucleon,True Z,True Height,Detecions,Phi,Epsilon,Theta
0.0,0.0,22228.0,38931.0,lst,3.413415535487093,1.6289647692035043,60.0,60.0,1191.0,7157.0,mst,4.264097946234657,1.4792670797810041,60.0,-60.0,23.0,4170.0,mst,3.637586296480908,2.8204050802465432,-60.0,60.0,261.0,14281.0,mst,2.5454113498155326,0.8316602596098619,-60.0,-60.0,66.0,4170.0,mst,2.9581574280686733,2.582754010866963,-29.87850975645128,102.32235461900592,698.1527823646662,26,24690.375502732386,5,1.8921453055595054,4.714794965078399
0.0,0.0,1960.0,68466.0,lst,1.5421418062399999,1.2590348030474765,60.0,60.0,971.0,12425.0,mst,6.120697955213297,1.6133004007020024,60.0,-60.0,493.0,10151.0,mst,3.3303557533539814,1.5099346274416805,-60.0,60.0,0.0,5961.0,mst,1.0499960283337402,3.2254987000772726,-60.0,-60.0,27.0,7509.0,mst,2.0573747818358674,3.2133302342551713,48.94213872381246,-2.4479250060892355,696.0644537408152,26,32412.27876090005,4,1.7118119819931317,5.691692378920197
0.0,0.0,2642.0,299234.0,lst,5.0949341330628695,1.182300935521222,60.0,60.0,57.0,14774.0,mst,5.336298650187909,2.923482750958009,60.0,-60.0,127.0,19775.0,mst,4.3638712652221825,2.508745494932591,-60.0,60.0,644.0,34193.0,mst,0.10980033503948092,1.7207594755700204,-60.0,-60.0,259.0,53724.0,mst,2.9072448119619105,0.8704388927264615,-50.993389920541986,-20.314473023635543,1777.3889093872735,26,32004.63751712494,5,1.6727582639071767,3.9589733308797284
0.0,0.0,3068.0,131224.0,lst,0.34756711376924837,1.0328468712201682,60.0,60.0,0.0,9659.0,mst,5.905262649555329,2.4022969459534336,60.0,-60.0,255.0,21427.0,mst,4.457935456937059,0.9220921224209695,-60.0,60.0,34.0,13068.0,mst,0.5970608047295392,2.7530932906774015,-60.0,-60.0,2686.0,20545.0,mst,1.7231587299103661,1.5906736715613825,16.40944139587529,-48.10279612195313,1034.7303365542955,26,30345.949355832567,4,1.5066401969385421,4.827340223543814
