x 1,y 1,Count 1,Bkg Count 1,Telescope 1,Dangle 1,Altitude 1,x 2,y 2,Count 2,Bkg Count 2,Telescope 2,Dangle 2,Altitude 2,x 3,y 3,Count 3,Bkg Count 3,Telescope 3,Dangle 3,Altitude 3,x 4,y 4,Count 4,Bkg Count 4,Telescope 4,Dangle 4,Altitude 4,x 5,y 5,Count 5,Bkg Count 5,Telescope 5,Dangle 5,Altitude 5,True X,True Y,True Energy Per Nucleon,True Z,True Height,Detecions,Phi,Epsilon,Theta
0.0,0.0,4829.0,112505.0,lst,6.025869981946583,1.2948795725155857,60.0,60.0,82.0,7373.0,mst,5.747241588910471,2.721564230523997,60.0,-60.0,726.0,16396.0,mst,4.859448124400613,1.4559834933164315,-60.0,60.0,251.0,8613.0,mst,0.3084630371458841,2.3799510217405726,-60.0,-60.0,385.0,25959.0,mst,1.2905489329770465,0.7372719710795194,-19.00257648741413,-72.14515708923321,987.3287642112081,26,28885.318848944185,5,1.2382941898690618,0.404412858306913
0.0,0.0,775.0,22828.0,lst,5.329900657061758,1.7878569798583712,60.0,60.0,0.0,2029.0,mst,5.408281387021301,3.0102732427904053,60.0,-60.0,173.0,1845.0,mst,4.7910588636127445,2.2789926871405233,-60.0,60.0,294.0,3323.0,mst,5.981973356405645,2.0144778875767013,-60.0,-60.0,248.0,7056.0,mst,4.986431714189844,0.6175188410179534,-100.84288749257703,-72.02253518150738,579.4451815655159,26,21977.649194521135,4,1.2756858914678155,2.916823450403107
0.0,0.0,938.0,61332.0,lst,3.167058510769769,0.9929922230304741,60.0,60.0,658.0,12042.0,mst,5.005253184285691,1.3365656389793925,60.0,-60.0,49.0,5466.0,mst,3.680900840213213,2.733924158710969,-60.0,60.0,441.0,6053.0,mst,1.3074235035326196,1.4037626353436434,-60.0,-60.0,88.0,5667.0,mst,2.6022045701828187,2.796211771765656,-0.9919229504784539,43.16811915818627,678.6036225760884,26,31155.765100631423,5,1.228416753664583,5.581495534108237
