x 1,y 1,Count 1,Bkg Count 1,Telescope 1,Dangle 1,Altitude 1,x 2,y 2,Count 2,Bkg Count 2,Telescope 2,Dangle 2,Altitude 2,x 3,y 3,Count 3,Bkg Count 3,Telescope 3,Dangle 3,Altitude 3,x 4,y 4,Count 4,Bkg Count 4,Telescope 4,Dangle 4,Altitude 4,x 5,y 5,Count 5,Bkg Count 5,Telescope 5,Dangle 5,Altitude 5,True X,True Y,True Energy Per Nucleon,True Z,True Height,Detecions,Phi,Epsilon,Theta
0.0,0.0,2388.0,33840.0,lst,3.204344899436255,1.1810593180989535,60.0,60.0,502.0,10187.0,mst,4.325023189605414,0.9457958588204511,60.0,-60.0,356.0,4280.0,mst,3.5597647331961295,2.1706322387640866,-60.0,60.0,803.0,9367.0,mst,2.015066251271477,0.8533576904354054,-60.0,-60.0,161.0,4526.0,mst,2.7902491029836445,2.15413741282041,-5.500797306599367,86.92758380662224,678.9026925618979,26,21653.51223410138,5,1.3106205089577234,4.420279350000596
0.0,0.0,7218.0,18098.0,lst,2.6867648866727074,1.3737812493114567,60.0,60.0,60.0,5430.0,mst,4.085230653351417,0.43008382859527466,60.0,-60.0,141.0,1895.0,mst,3.293534168000975,2.217883746208245,-60.0,60.0,1199.0,3029.0,mst,1.7576436832636517,1.586648277125423,-60.0,-60.0,0.0,1999.0,mst,2.514920010547856,2.678410066264099,37.7386731294757,76.77679169675639,499.4716103522597,26,23470.278753583756,4,1.5844767166694171,3.0664129762686474
0.0,0.0,0.0,0.0,lst,3.252896256780072,None,60.0,60.0,401.0,0.0,mst,5.358778473037634,1.722320538283637,60.0,-60.0,313.0,0.0,mst,3.80533186892369,2.2659984569857645,-60.0,60.0,1378.0,0.0,mst,0.9097029715957973,1.658957719842946,-60.0,-60.0,142.0,0.0,mst,2.4691245191658786,2.230921703184432,-1.63504851136733,15.095723373664072,270.89625162214344,26,24359.042375801044,4,1.3197473650923288,6.06863542451449
