x 1,y 1,Count 1,Bkg Count 1,Telescope 1,Dangle 1,Altitude 1,x 2,y 2,Count 2,Bkg Count 2,Telescope 2,Dangle 2,Altitude 2,x 3,y 3,Count 3,Bkg Count 3,Telescope 3,Dangle 3,Altitude 3,x 4,y 4,Count 4,Bkg Count 4,Telescope 4,Dangle 4,Altitude 4,x 5,y 5,Count 5,Bkg Count 5,Telescope 5,Dangle 5,Altitude 5,True X,True Y,True Energy Per Nucleon,True Z,True Height,Detecions,Phi,Epsilon,Theta
0.0,0.0,7587.0,136337.0,lst,1.8122670967730876,1.3993079901583831,60.0,60.0,336.0,33827.0,mst,0.3584927882299916,0.8054307880933849,60.0,-60.0,1401.0,23756.0,mst,2.9517590848484625,1.4650647487880017,-60.0,60.0,59.0,13468.0,mst,1.2766376165730946,2.572684929018701,-60.0,-60.0,0.0,11023.0,mst,2.102826652326073,2.839770145926277,74.79578198405093,19.250938567233305,1301.4717510780197,26,28199.033698438856,4,1.6474230402265353,4.845560681498847
0.0,0.0,4523.0,60841.0,lst,1.1513966835908171,1.5793684062664988,60.0,60.0,1651.0,10152.0,mst,0.12758870383307153,1.7624417197062467,60.0,-60.0,163.0,24060.0,mst,2.681552485101881,0.5722729994375316,-60.0,60.0,0.0,10093.0,mst,0.9681920432236258,3.1658299158470387,-60.0,-60.0,92.0,9468.0,mst,1.7764050860002807,2.6997933545141954,73.14533040024537,-32.89798531381723,897.8507014364908,26,29359.23749424003,4,1.8587181435438311,5.19769393367233
0.0,0.0,1735.0,41181.0,lst,2.940610504055079,1.2898697953309377,60.0,60.0,272.0,8737.0,mst,5.023470189335528,1.5736757255345302,60.0,-60.0,30.0,5881.0,mst,3.596956899771316,3.398243014224084,-60.0,60.0,478.0,6905.0,mst,1.3237348185198414,2.0593827961488147,-60.0,-60.0,0.0,6072.0,mst,2.547492486497772,3.6211891062796244,8.946650893886044,43.28647564396101,614.9386740565961,26,32998.35486398283,4,1.6379557230809925,1.6229546936950512
0.0,0.0,980.0,88779.0,lst,3.52524345556206,0.81562275727542,60.0,60.0,333.0,14667.0,mst,5.107185742826737,1.9814083576699781,60.0,-60.0,0.0,6717.0,mst,3.815476017591283,2.9826063898138107,-60.0,60.0,615.0,13767.0,mst,1.0046481014685562,1.4217458888587258,-60.0,-60.0,137.0,10111.0,mst,2.6349368847721824,2.6132845321040246,-11.192743554825626,28.891454410472335,793.5815748279936,26,33460.59393855727,4,1.8403412182816188,0.6940507876410181
