x 1,y 1,Count 1,Bkg Count 1,Telescope 1,Dangle 1,Altitude 1,x 2,y 2,Count 2,Bkg Count 2,Telescope 2,Dangle 2,Altitude 2,x 3,y 3,Count 3,Bkg Count 3,Telescope 3,Dangle 3,Altitude 3,x 4,y 4,Count 4,Bkg Count 4,Telescope 4,Dangle 4,Altitude 4,x 5,y 5,Count 5,Bkg Count 5,Telescope 5,Dangle 5,Altitude 5,True X,True Y,True Energy Per Nucleon,True Z,True Height,Detecions,Phi,Epsilon,Theta
0.0,0.0,3137.0,45749.0,lst,5.765712901245553,1.9478849085942913,60.0,60.0,0.0,3834.0,mst,5.627389871241317,3.899929009385551,60.0,-60.0,82.0,6777.0,mst,4.8328863021068145,2.283066796290882,-60.0,60.0,24.0,3986.0,mst,0.1401237213620061,3.255963948828702,-60.0,-60.0,76.0,9625.0,mst,1.0340905880547462,0.5530337673861134,-41.07740004038753,-71.14649506477471,620.2533625521528,26,31456.96529380051,4,1.9266288753793894,4.061961633067535
0.0,0.0,2319.0,106750.0,lst,1.6596492597664656,1.2243239415982037,60.0,60.0,496.0,16777.0,mst,6.207601306356899,1.2560150384953463,60.0,-60.0,354.0,16967.0,mst,3.213267753282988,1.440786031591075,-60.0,60.0,67.0,9117.0,mst,1.1296589222227411,2.868338161708999,-60.0,-60.0,41.0,6291.0,mst,2.082742982714744,2.9062235713763194,56.03482703785576,5.525865933750026,835.2457340706945,26,31557.272517945097,5,1.3571138866356915,2.594017739648291
