x 1,y 1,Count 1,Bkg Count 1,Telescope 1,Dangle 1,Altitude 1,x 2,y 2,Count 2,Bkg Count 2,Telescope 2,Dangle 2,Altitude 2,x 3,y 3,Count 3,Bkg Count 3,Telescope 3,Dangle 3,Altitude 3,x 4,y 4,Count 4,Bkg Count 4,Telescope 4,Dangle 4,Altitude 4,x 5,y 5,Count 5,Bkg Count 5,Telescope 5,Dangle 5,Altitude 5,True X,True Y,True Energy Per Nucleon,True Z,True Height,Detecions,Phi,Epsilon,Theta
0.0,0.0,1814.0,25325.0,lst,2.0201207291081165,2.010888709607313,60.0,60.0,416.0,8243.0,mst,1.44416336768882,0.8437427022697831,60.0,-60.0,419.0,4484.0,mst,2.727095448287624,2.0207118533883683,-60.0,60.0,39.0,3324.0,mst,1.5317663974624587,2.7810646846993463,-60.0,-60.0,0.0,1966.0,mst,2.1437109725787447,3.337491051864689,112.77125384593819,53.82542403383937,599.040817509806,26,24054.35970289713,4,1.5358981816266626,0.19330102909054153
0.0,0.0,4001.0,50269.0,lst,3.286850865866891,1.351614779925086,60.0,60.0,787.0,10749.0,mst,4.595146947009398,1.4167925952415883,60.0,-60.0,0.0,5231.0,mst,3.6399839965092955,2.8653668269791375,-60.0,60.0,588.0,10215.0,mst,1.7404836838462547,1.0211687190772945,-60.0,-60.0,30.0,5013.0,mst,2.7721310563613066,2.682815499780319,-10.567461599650642,68.51150040366281,676.9897151282184,26,28966.705968767357,4,1.3479048213867875,3.0852714905653724
