x 1,y 1,Count 1,Bkg Count 1,Telescope 1,Dangle 1,Altitude 1,x 2,y 2,Count 2,Bkg Count 2,Telescope 2,Dangle 2,Altitude 2,x 3,y 3,Count 3,Bkg Count 3,Telescope 3,Dangle 3,Altitude 3,x 4,y 4,Count 4,Bkg Count 4,Telescope 4,Dangle 4,Altitude 4,x 5,y 5,Count 5,Bkg Count 5,Telescope 5,Dangle 5,Altitude 5,True X,True Y,True Energy Per Nucleon,True Z,True Height,Detecions,Phi,Epsilon,Theta
0.0,0.0,1457.0,306413.0,lst,2.3461194661237723,0.7944563684162786,60.0,60.0,424.0,60454.0,mst,5.5193348024891185,0.9317522717899324,60.0,-60.0,0.0,23302.0,mst,3.51278683884481,1.8841130745619528,-60.0,60.0,287.0,32283.0,mst,1.2103225834664033,1.9475477080359114,-60.0,-60.0,36.0,25288.0,mst,2.3641068522608775,2.543890687096349,27.857883292609586,26.937965942569576,2013.2297679253975,26,31443.373146425172,4,1.441033088807119,4.500072957911689
0.0,0.0,803.0,0.0,lst,0.7506375567487897,0.8085519222290187,60.0,60.0,305.0,0.0,mst,5.919094524319115,2.0097179110892895,60.0,-60.0,407.0,0.0,mst,3.9559953500338585,1.0174658490404624,-60.0,60.0,76.0,0.0,mst,0.7597148943961356,2.5968930424797336,-60.0,-60.0,178.0,0.0,mst,1.9212732441757898,1.9703394575093,26.055396203039606,-27.813147044946376,269.13166113490735,26,23666.234640798008,5,1.426756011834436,0.8982536215846277
