x 1,y 1,Count 1,Bkg Count 1,Telescope 1,Dangle 1,Altitude 1,x 2,y 2,Count 2,Bkg Count 2,Telescope 2,Dangle 2,Altitude 2,x 3,y 3,Count 3,Bkg Count 3,Telescope 3,Dangle 3,Altitude 3,x 4,y 4,Count 4,Bkg Count 4,Telescope 4,Dangle 4,Altitude 4,x 5,y 5,Count 5,Bkg Count 5,Telescope 5,Dangle 5,Altitude 5,True X,True Y,True Energy Per Nucleon,True Z,True Height,Detecions,Phi,Epsilon,Theta
0.0,0.0,6352.0,90909.0,lst,1.3708862682970175,1.6417432249125505,60.0,60.0,399.0,21000.0,mst,0.4392769028396482,1.5294302055784001,60.0,-60.0,685.0,30473.0,mst,2.40127578187061,0.916714491345257,-60.0,60.0,0.0,7797.0,mst,1.1243687830308624,2.961605621622074,-60.0,-60.0,37.0,10372.0,mst,1.8152028921428718,2.6659274918038633,97.17015569058628,-19.562047767677683,1200.8294369654886,26,28768.428606761336,4,1.9237569026671189,1.8013711549646894
0.0,0.0,5070.0,334929.0,lst,4.181543174505933,1.8489673255201888,60.0,60.0,33.0,30833.0,mst,4.904289740880277,3.211868023607674,60.0,-60.0,0.0,24812.0,mst,4.043225680985891,4.047019774438615,-60.0,60.0,74.0,97466.0,mst,6.2306147701085415,0.6285204913511404,-60.0,-60.0,107.0,37931.0,mst,3.1630615350641365,2.5657404430803656,-61.10971433993723,35.710919428911694,3032.657736964059,26,37266.68066780275,4,1.3699371631952784,5.2440637265887196
0.0,0.0,422.0,9429.0,lst,0.8825988780859705,0.5961237456015156,60.0,60.0,410.0,1018.0,mst,5.778294516201663,2.0488112464984893,60.0,-60.0,544.0,1969.0,mst,3.8895677966174675,1.4128544167520227,-60.0,60.0,88.0,1021.0,mst,0.8072830967197855,2.5642418069189175,-60.0,-60.0,378.0,929.0,mst,2.0781272973526455,2.104027992717235,19.169082335305717,-15.500657299000181,431.2509817079824,26,28248.322463736495,5,1.4351209403295204,2.5164625834424106
0.0,0.0,886.0,0.0,lst,6.066925861759281,0.9570262081909124,60.0,60.0,35.0,0.0,mst,5.660187206570987,3.349492556081501,60.0,-60.0,111.0,0.0,mst,4.320319595320324,2.1908003988689986,-60.0,60.0,31.0,0.0,mst,0.508222425312959,3.073244016318248,-60.0,-60.0,1269.0,0.0,mst,2.0831299526285347,1.7562391048648895,-6.944912688363786,-30.953853350365577,269.5028296449576,26,25615.756929785966,5,1.7575511814298965,1.3467686557951957
