x 1,y 1,Count 1,Bkg Count 1,Telescope 1,Dangle 1,Altitude 1,x 2,y 2,Count 2,Bkg Count 2,Telescope 2,Dangle 2,Altitude 2,x 3,y 3,Count 3,Bkg Count 3,Telescope 3,Dangle 3,Altitude 3,x 4,y 4,Count 4,Bkg Count 4,Telescope 4,Dangle 4,Altitude 4,x 5,y 5,Count 5,Bkg Count 5,Telescope 5,Dangle 5,Altitude 5,True X,True Y,True Energy Per Nucleon,True Z,True Height,Detecions,Phi,Epsilon,Theta
0.0,0.0,2794.0,0.0,lst,0.008453819107754262,1.0195141029031551,60.0,60.0,130.0,0.0,mst,5.7874746933425625,2.4949061500013565,60.0,-60.0,698.0,0.0,mst,4.572893065100199,1.1785586027238937,-60.0,60.0,55.0,0.0,mst,0.4819552813606531,2.5046325239804283,-60.0,-60.0,710.0,0.0,mst,1.6986002196367598,1.2046644162114002,1.0834394665421598,-52.20383220495658,367.49585612048617,26,25290.37563958184,5,1.7207932709217477,0.2852660847853482
0.0,0.0,4699.0,82562.0,lst,4.3088282386291,1.2857403663713949,60.0,60.0,80.0,8024.0,mst,4.990657772604806,2.4594681888419445,60.0,-60.0,42.0,4933.0,mst,4.0962056360733445,2.8160501282057893,-60.0,60.0,212.0,17818.0,mst,6.204741909675426,0.6503790657475497,-60.0,-60.0,1283.0,12364.0,mst,3.1707158257027883,1.580486709943029,-63.038474428655405,26.398642729039068,787.0260169446924,26,28521.012024798358,5,1.3315967516441187,2.5771325960425626
0.0,0.0,1376.0,96544.0,lst,6.089715007703193,0.703778547961757,60.0,60.0,76.0,12452.0,mst,5.65657355091383,2.3582582185651333,60.0,-60.0,892.0,11177.0,mst,4.29636457961072,1.4836594896783624,-60.0,60.0,0.0,10388.0,mst,0.5429369855685066,2.3019599017129684,-60.0,-60.0,321.0,15238.0,mst,2.047144159127721,1.3293765363077072,-6.325851842122489,-31.818794476238637,766.5456461240192,26,30538.453441964433,4,1.3025211027192953,4.5273877067704245
