x 1,y 1,Count 1,Bkg Count 1,Telescope 1,Dangle 1,Altitude 1,x 2,y 2,Count 2,Bkg Count 2,Telescope 2,Dangle 2,Altitude 2,x 3,y 3,Count 3,Bkg Count 3,Telescope 3,Dangle 3,Altitude 3,x 4,y 4,Count 4,Bkg Count 4,Telescope 4,Dangle 4,Altitude 4,x 5,y 5,Count 5,Bkg Count 5,Telescope 5,Dangle 5,Altitude 5,True X,True Y,True Energy Per Nucleon,True Z,True Height,Detecions,Phi,Epsilon,Theta
0.0,0.0,719.0,452537.0,lst,1.7223894012292342,0.8063009674134941,60.0,60.0,614.0,78439.0,mst,6.037420037191638,0.9401147098965393,60.0,-60.0,482.0,57148.0,mst,3.332446438560522,1.2060769387125994,-60.0,60.0,412.0,33485.0,mst,1.1042241719933041,2.0500136767410857,-60.0,-60.0,0.0,31611.0,mst,2.129224169902767,2.190168391225632,45.793062462175925,6.491038961240065,3199.6609701234174,26,27804.204604884922,4,1.7309701280081184,0.25779095635801047
0.0,0.0,489.0,0.0,lst,2.468580649901053,0.8226773012373518,60.0,60.0,0.0,0.0,mst,5.451503356061936,1.9099420315822013,60.0,-60.0,69.0,0.0,mst,3.633303671402374,2.9511427454743204,-60.0,60.0,28.0,0.0,mst,1.1292038564302194,2.597524732281673,-60.0,-60.0,27.0,0.0,mst,2.3850317710184252,3.365723752216713,17.31208082000137,22.122276696134094,351.89456968909985,26,28855.957575507477,4,1.223591599101884,1.907167073605831
