x 1,y 1,Count 1,Bkg Count 1,Telescope 1,Dangle 1,Altitude 1,x 2,y 2,Count 2,Bkg Count 2,Telescope 2,Dangle 2,Altitude 2,x 3,y 3,Count 3,Bkg Count 3,Telescope 3,Dangle 3,Altitude 3,x 4,y 4,Count 4,Bkg Count 4,Telescope 4,Dangle 4,Altitude 4,x 5,y 5,Count 5,Bkg Count 5,Telescope 5,Dangle 5,Altitude 5,True X,True Y,True Energy Per Nucleon,True Z,True Height,Detecions,Phi,Epsilon,Theta
0.0,0.0,4421.0,53042.0,lst,5.160397447049275,1.6100228025883414,60.0,60.0,0.0,7122.0,mst,5.32985261743585,3.2775067188015665,60.0,-60.0,82.0,9056.0,mst,4.514449904345262,2.740445377816685,-60.0,60.0,490.0,10958.0,mst,6.160327828478313,1.92834901148167,-60.0,-60.0,125.0,24572.0,mst,3.511487274297643,0.5688769228796229,-70.31440816024971,-33.83191697306948,861.8871914827116,26,29713.300484956817,4,1.5156489529576223,2.288723273518609
0.0,0.0,339.0,156999.0,lst,0.4934579723590195,1.9883744406690598,60.0,60.0,25.0,11363.0,mst,6.160569580530725,3.1526869392863066,60.0,-60.0,81.0,44905.0,mst,5.422587027899239,0.5773981736905353,-60.0,60.0,0.0,10141.0,mst,0.630428783109944,3.8487870113617544,-60.0,-60.0,174.0,16533.0,mst,1.4186463534518996,2.2528595091864068,41.25075710241035,-76.2609180990296,1207.3565985251923,26,32810.75678864525,4,1.827923335855249,2.675342206499207
0.0,0.0,2838.0,151336.0,lst,2.976188280627187,1.355931039510347,60.0,60.0,292.0,28752.0,mst,4.706428376986692,1.1110932950058003,60.0,-60.0,34.0,14364.0,mst,3.5544710697503135,2.894294611642922,-60.0,60.0,633.0,24141.0,mst,1.5633098509974772,1.6112916054583104,-60.0,-60.0,0.0,17702.0,mst,2.633991050830144,3.151964828859183,9.833033484302234,59.718338758897914,1200.332383049176,26,32661.252193274322,4,1.3696767760532602,4.693645281397595
0.0,0.0,1378.0,24685.0,lst,3.8619278041648224,0.8390315921786552,60.0,60.0,2224.0,2722.0,mst,4.945164523704499,1.6904233939008562,60.0,-60.0,98.0,2597.0,mst,3.898460925595786,2.3364972457838475,-60.0,60.0,408.0,4513.0,mst,0.8787596927899044,0.6182310134585937,-60.0,-60.0,0.0,2785.0,mst,2.855307312528789,1.730797364847925,-32.50308963272242,37.39603714143078,497.17092056373855,26,25308.21875301365,4,1.3401852717648945,2.230908956357293
