x 1,y 1,Count 1,Bkg Count 1,Telescope 1,Dangle 1,Altitude 1,x 2,y 2,Count 2,Bkg Count 2,Telescope 2,Dangle 2,Altitude 2,x 3,y 3,Count 3,Bkg Count 3,Telescope 3,Dangle 3,Altitude 3,x 4,y 4,Count 4,Bkg Count 4,Telescope 4,Dangle 4,Altitude 4,x 5,y 5,Count 5,Bkg Count 5,Telescope 5,Dangle 5,Altitude 5,True X,True Y,True Energy Per Nucleon,True Z,True Height,Detecions,Phi,Epsilon,Theta
0.0,0.0,1610.0,13006.0,lst,0.7482027464271835,1.9756035404371475,60.0,60.0,42.0,1779.0,mst,0.13174312325306758,2.511616109142397,60.0,-60.0,223.0,4383.0,mst,0.6594129486207178,0.5742777592197251,-60.0,60.0,0.0,1489.0,mst,0.7627750152991041,3.4294595704347746,-60.0,-60.0,99.0,1792.0,mst,1.383445973047175,2.4587178434967045,80.92778194311123,-87.19659779768122,487.7985999914441,26,25557.546209940145,4,1.845964465492786,0.4647854982582929
0.0,0.0,1862.0,37127.0,lst,5.86859864586396,0.7340400623189295,60.0,60.0,687.0,3120.0,mst,5.62350005261999,2.093885402719247,60.0,-60.0,673.0,5944.0,mst,4.472181464262165,1.3125714701047102,-60.0,60.0,80.0,4329.0,mst,0.38590924992024983,1.773537286182866,-60.0,-60.0,376.0,4028.0,mst,1.9880565145820281,0.7372899460453515,-18.799286097981565,-41.204222525758865,534.1406300835603,26,23987.57520311977,5,1.5481335426723777,5.297487949773859
0.0,0.0,7203.0,10246.0,lst,3.1020829664070755,1.047030996866443,60.0,60.0,553.0,2355.0,mst,4.617457125524164,0.8919461009838748,60.0,-60.0,395.0,1028.0,mst,3.5752464799778974,2.1330615891401403,-60.0,60.0,798.0,1695.0,mst,1.6701405777727776,0.9563561720259748,-60.0,-60.0,163.0,1051.0,mst,2.6890706740868606,2.1724472284206597,2.571648326342938,67.11106511230832,445.6236352733012,26,22590.609456892285,5,1.4521370481717013,3.2154404740675115
