x 1,y 1,Count 1,Bkg Count 1,Telescope 1,Dangle 1,Altitude 1,x 2,y 2,Count 2,Bkg Count 2,Telescope 2,Dangle 2,Altitude 2,x 3,y 3,Count 3,Bkg Count 3,Telescope 3,Dangle 3,Altitude 3,x 4,y 4,Count 4,Bkg Count 4,Telescope 4,Dangle 4,Altitude 4,x 5,y 5,Count 5,Bkg Count 5,Telescope 5,Dangle 5,Altitude 5,True X,True Y,True Energy Per Nucleon,True Z,True Height,Detecions,Phi,Epsilon,Theta
0.0,0.0,4503.0,213825.0,lst,6.018234886983639,1.4992697309170753,60.0,60.0,0.0,17831.0,mst,5.719368648097149,3.2377968625695472,60.0,-60.0,280.0,35572.0,mst,4.809810699752004,1.7607715948518492,-60.0,60.0,36.0,14466.0,mst,0.3351839364348749,2.878868188116546,-60.0,-60.0,295.0,45908.0,mst,1.424773281473982,0.9277332340158738,-18.395532179361965,-66.74922840821934,1561.3864487116944,26,33189.670744628755,4,1.8148662444440162,0.05941035536508869
0.0,0.0,467.0,6839.0,lst,5.388116579283905,0.43855872225814785,60.0,60.0,1583.0,1014.0,mst,5.474569894302341,1.8627520242619835,60.0,-60.0,1130.0,1022.0,mst,4.2222387454483705,1.517932638234203,-60.0,60.0,1222.0,931.0,mst,0.46660258119275433,1.4103235101739757,-60.0,-60.0,400.0,1400.0,mst,2.4079885985563023,0.9654850301859847,-21.538057409777167,-16.59941055460851,420.44254683217576,26,23319.98637894161,5,1.5706532335509658,5.743204869792884
0.0,0.0,1142.0,0.0,lst,5.779105951303167,0.6964522050903145,60.0,60.0,150.0,0.0,mst,5.5792935576796205,2.370517986582061,60.0,-60.0,918.0,0.0,mst,4.3418271734220975,1.5190470989515772,-60.0,60.0,303.0,0.0,mst,0.4456359314040163,2.0284866663632,-60.0,-60.0,548.0,0.0,mst,2.1815397748215615,0.979675250499063,-16.64444259876899,-30.141030582549476,322.8851702018255,26,24508.06370893101,5,1.2238077493282562,3.2208219787167414
0.0,0.0,1930.0,27892.0,lst,5.236520039792384,1.2588533196753848,60.0,60.0,0.0,2355.0,mst,5.401905784205372,2.9960113039441763,60.0,-60.0,117.0,3686.0,mst,4.474519187372037,2.259572650389601,-60.0,60.0,185.0,3978.0,mst,0.05871734754026299,1.968622305891811,-60.0,-60.0,146.0,7989.0,mst,2.8853986452689724,0.5509367339167608,-52.97454230210461,-32.13341044948915,528.4392889179355,26,28474.255615088645,4,1.9039803429314415,3.646014646243773
