x 1,y 1,Count 1,Bkg Count 1,Telescope 1,Dangle 1,Altitude 1,x 2,y 2,Count 2,Bkg Count 2,Telescope 2,Dangle 2,Altitude 2,x 3,y 3,Count 3,Bkg Count 3,Telescope 3,Dangle 3,Altitude 3,x 4,y 4,Count 4,Bkg Count 4,Telescope 4,Dangle 4,Altitude 4,x 5,y 5,Count 5,Bkg Count 5,Telescope 5,Dangle 5,Altitude 5,True X,True Y,True Energy Per Nucleon,True Z,True Height,Detecions,Phi,Epsilon,Theta
0.0,0.0,2369.0,168187.0,lst,5.479438509794498,1.007762114415753,60.0,60.0,48.0,18394.0,mst,5.50730957129852,2.480868058613567,60.0,-60.0,376.0,18473.0,mst,4.51892318444766,1.8299328393714518,-60.0,60.0,0.0,22990.0,mst,0.17203520689363389,1.765531285968585,-60.0,-60.0,64.0,40297.0,mst,2.3942350065626763,0.4941274485664683,-41.37216552080065,-39.828825439144964,1300.978639077232,26,28204.559500545685,4,1.358764412653412,6.134179719730057
0.0,0.0,3380.0,24609.0,lst,4.882504885712328,1.336108813986373,60.0,60.0,57.0,2163.0,mst,5.21115701432403,2.7824934450615437,60.0,-60.0,54.0,2257.0,mst,4.372510858955403,2.549082929676639,-60.0,60.0,938.0,3979.0,mst,6.085162170069183,1.3393828322544867,-60.0,-60.0,296.0,4998.0,mst,3.424726548817251,0.880210616609969,-73.46168810599492,-13.356575074648504,510.75904633450733,26,25804.749175977995,5,1.5321818848519388,3.5062020517113335
