x 1,y 1,Count 1,Bkg Count 1,Telescope 1,Dangle 1,Altitude 1,x 2,y 2,Count 2,Bkg Count 2,Telescope 2,Dangle 2,Altitude 2,x 3,y 3,Count 3,Bkg Count 3,Telescope 3,Dangle 3,Altitude 3,x 4,y 4,Count 4,Bkg Count 4,Telescope 4,Dangle 4,Altitude 4,x 5,y 5,Count 5,Bkg Count 5,Telescope 5,Dangle 5,Altitude 5,True X,True Y,True Energy Per Nucleon,True Z,True Height,Detecions,Phi,Epsilon,Theta
0.0,0.0,4211.0,0.0,lst,4.3746558494612096,1.0367796000837834,60.0,60.0,0.0,0.0,mst,4.950968912678168,1.844108436767268,60.0,-60.0,269.0,0.0,mst,4.1333886462931275,2.0558991759842393,-60.0,60.0,276.0,0.0,mst,5.812564265197167,0.5096339435172005,-60.0,-60.0,1550.0,0.0,mst,3.337976251591781,1.118108486452987,-76.90935325242353,27.55250843334136,340.24718648255276,26,19916.958350973026,4,1.9266666307658649,3.792558331011788
0.0,0.0,3775.0,53870.0,lst,2.525239464752924,1.1764365089707125,60.0,60.0,31.0,10171.0,mst,4.8108751230941165,0.3410164741894284,60.0,-60.0,0.0,6017.0,mst,3.307801195151517,2.0167469971765426,-60.0,60.0,1678.0,8865.0,mst,1.5595724390857066,1.6765201099160008,-60.0,-60.0,75.0,5777.0,mst,2.4363251304754847,2.60617231178597,40.3916385781213,57.69889222955476,703.753830367472,26,25373.20579495651,4,1.678249852117461,0.5088330714745817
