x 1,y 1,Count 1,Bkg Count 1,Telescope 1,Dangle 1,Altitude 1,x 2,y 2,Count 2,Bkg Count 2,Telescope 2,Dangle 2,Altitude 2,x 3,y 3,Count 3,Bkg Count 3,Telescope 3,Dangle 3,Altitude 3,x 4,y 4,Count 4,Bkg Count 4,Telescope 4,Dangle 4,Altitude 4,x 5,y 5,Count 5,Bkg Count 5,Telescope 5,Dangle 5,Altitude 5,True X,True Y,True Energy Per Nucleon,True Z,True Height,Detecions,Phi,Epsilon,Theta
0.0,0.0,1250.0,54854.0,lst,5.22047668026874,2.1206525665085025,60.0,60.0,0.0,5446.0,mst,5.326592995288125,3.4758738309037525,60.0,-60.0,46.0,7238.0,mst,4.724491507709306,2.830949282152636,-60.0,60.0,28.0,11232.0,mst,5.882460655739097,2.1722198601857214,-60.0,-60.0,562.0,18771.0,mst,4.759459426582362,0.8807709082981764,-113.74130738895951,-63.29658861672486,1002.1595211315315,26,25201.783582551077,4,1.6378784063804683,1.567473033281814
0.0,0.0,359.0,127922.0,lst,0.48438070823402735,0.41656822254482984,60.0,60.0,427.0,13185.0,mst,5.716602834149339,1.854848519637991,60.0,-60.0,797.0,21396.0,mst,4.021260197819589,1.2955025251686643,-60.0,60.0,96.0,15264.0,mst,0.7364018735076984,2.08627908276588,-60.0,-60.0,420.0,12921.0,mst,2.1126729254393792,1.5843643018395608,9.84200937954759,-18.844823775588992,969.3260070821316,26,29443.560876431147,5,1.5008017738282586,0.528083382456798
