x 1,y 1,Count 1,Bkg Count 1,Telescope 1,Dangle 1,Altitude 1,x 2,y 2,Count 2,Bkg Count 2,Telescope 2,Dangle 2,Altitude 2,x 3,y 3,Count 3,Bkg Count 3,Telescope 3,Dangle 3,Altitude 3,x 4,y 4,Count 4,Bkg Count 4,Telescope 4,Dangle 4,Altitude 4,x 5,y 5,Count 5,Bkg Count 5,Telescope 5,Dangle 5,Altitude 5,True X,True Y,True Energy Per Nucleon,True Z,True Height,Detecions,Phi,Epsilon,Theta
0.0,0.0,5514.0,186956.0,lst,2.601103839543161,1.297030058540646,60.0,60.0,52.0,55927.0,mst,4.635426226097192,0.41613781164685837,60.0,-60.0,227.0,16238.0,mst,3.32470992595023,2.2233002744025714,-60.0,60.0,1025.0,24452.0,mst,1.609872718184017,1.8014244503632493,-60.0,-60.0,37.0,10208.0,mst,2.466795199340798,2.819138291115626,37.642270758678166,61.66843765136676,1487.1547736247844,26,28821.436873903793,5,1.3961491832130202,3.07772388303611
0.0,0.0,824.0,0.0,lst,1.0774723738305183,0.7514060688484167,60.0,60.0,553.0,0.0,mst,5.834490462727625,2.141584629353656,60.0,-60.0,639.0,0.0,mst,3.798140549459717,1.5369701394033173,-60.0,60.0,0.0,0.0,mst,0.8527226486384165,2.959875220815311,-60.0,-60.0,60.0,0.0,mst,2.0797971932012245,2.5699970947875608,25.425190585720856,-13.59224360379568,366.59507362458265,26,27796.415388789053,4,1.6350290524167954,0.1745994659487123
