x 1,y 1,Count 1,Bkg Count 1,Telescope 1,Dangle 1,Altitude 1,x 2,y 2,Count 2,Bkg Count 2,Telescope 2,Dangle 2,Altitude 2,x 3,y 3,Count 3,Bkg Count 3,Telescope 3,Dangle 3,Altitude 3,x 4,y 4,Count 4,Bkg Count 4,Telescope 4,Dangle 4,Altitude 4,x 5,y 5,Count 5,Bkg Count 5,Telescope 5,Dangle 5,Altitude 5,True X,True Y,True Energy Per Nucleon,True Z,True Height,Detecions,Phi,Epsilon,Theta
0.0,0.0,2812.0,0.0,lst,5.338273749900548,2.001356063883662,60.0,60.0,0.0,0.0,mst,5.410144179198089,3.188570104925723,60.0,-60.0,22.0,0.0,mst,4.846604792820899,2.4961606599849233,-60.0,60.0,128.0,0.0,mst,5.901717652665043,2.1416958071560837,-60.0,-60.0,365.0,0.0,mst,5.103702365656625,0.8469062591663803,-115.78959157012109,-83.57312584475166,382.6522824520941,26,21106.714235756084,4,1.8156062206704349,5.939185278242268
0.0,0.0,2154.0,9633.0,lst,6.122515264592687,1.090812271671774,60.0,60.0,45.0,860.0,mst,5.744825455871089,2.5394917322412818,60.0,-60.0,638.0,1642.0,mst,4.6747943412983375,1.2888935891563682,-60.0,60.0,0.0,763.0,mst,0.4029547836884054,2.4143630058333025,-60.0,-60.0,109.0,1618.0,mst,1.631690328797896,0.9754988775289508,-8.647531948987563,-57.5593526007345,430.93090950363603,26,25452.809531168346,4,1.6109876725561323,5.882766451415132
