x 1,y 1,Count 1,Bkg Count 1,Telescope 1,Dangle 1,Altitude 1,x 2,y 2,Count 2,Bkg Count 2,Telescope 2,Dangle 2,Altitude 2,x 3,y 3,Count 3,Bkg Count 3,Telescope 3,Dangle 3,Altitude 3,x 4,y 4,Count 4,Bkg Count 4,Telescope 4,Dangle 4,Altitude 4,x 5,y 5,Count 5,Bkg Count 5,Telescope 5,Dangle 5,Altitude 5,True X,True Y,True Energy Per Nucleon,True Z,True Height,Detecions,Phi,Epsilon,Theta
0.0,0.0,483.0,68985.0,lst,2.405794504465316,0.44561708749452117,60.0,60.0,520.0,12427.0,mst,5.466641435149441,1.1521251362888536,60.0,-60.0,1501.0,11024.0,mst,3.649978832543846,1.6947339346076946,-60.0,60.0,1607.0,9759.0,mst,1.0742557469462994,1.6442263437796842,-60.0,-60.0,417.0,7037.0,mst,2.364719416890698,2.0558531835071148,15.81994417206235,17.716667681168246,742.2085728127299,26,27887.034698256048,5,1.6458978140237734,3.435000241741672
0.0,0.0,2299.0,195181.0,lst,1.5508953001832273,1.1390165375453625,60.0,60.0,428.0,31347.0,mst,6.132645530696259,1.415102068673333,60.0,-60.0,456.0,34141.0,mst,3.303637288750167,1.3513474604717577,-60.0,60.0,0.0,13290.0,mst,1.0688081359450647,2.8558846806992952,-60.0,-60.0,80.0,15042.0,mst,2.0650476478326354,2.8384103335567934,50.63790481743402,-1.368320283580971,1276.3152715214708,26,32826.115856090146,4,1.69763167611716,1.9653577734502887
0.0,0.0,2333.0,94351.0,lst,6.241987112481608,0.7417271268491052,60.0,60.0,1733.0,10599.0,mst,5.755037022118512,1.8785374122390786,60.0,-60.0,620.0,19744.0,mst,4.516501138610405,0.9434769930565224,-60.0,60.0,732.0,10726.0,mst,0.49957528510624544,1.8739229732328726,-60.0,-60.0,661.0,20464.0,mst,1.7875049758248442,0.9051890214425684,-1.7226264774544688,-47.58613031577303,994.0305919896059,26,24210.42072281542,5,1.3805153765420388,5.0788764123435435
0.0,0.0,3386.0,45036.0,lst,6.152064951113648,1.4314730821277462,60.0,60.0,29.0,3670.0,mst,5.793853105815311,2.9110474582798975,60.0,-60.0,716.0,8028.0,mst,4.853704167135601,1.3330538980711713,-60.0,60.0,39.0,4367.0,mst,0.3819947616009393,2.899108779618253,-60.0,-60.0,506.0,8561.0,mst,1.3544063764277652,1.1507852747440885,-8.82423875840945,-70.5523408963604,613.3565211351244,26,29660.601988874278,5,1.9256678970744856,5.225884140257545
