x 1,y 1,Count 1,Bkg Count 1,Telescope 1,Dangle 1,Altitude 1,x 2,y 2,Count 2,Bkg Count 2,Telescope 2,Dangle 2,Altitude 2,x 3,y 3,Count 3,Bkg Count 3,Telescope 3,Dangle 3,Altitude 3,x 4,y 4,Count 4,Bkg Count 4,Telescope 4,Dangle 4,Altitude 4,x 5,y 5,Count 5,Bkg Count 5,Telescope 5,Dangle 5,Altitude 5,True X,True Y,True Energy Per Nucleon,True Z,True Height,Detecions,Phi,Epsilon,Theta
0.0,0.0,8076.0,92962.0,lst,0.6744822860229309,1.5357247290052818,60.0,60.0,382.0,12163.0,mst,0.011754465887893976,2.020637993607493,60.0,-60.0,58.0,42612.0,mst,0.22164471972817248,0.30129566649074163,-60.0,60.0,0.0,7097.0,mst,0.7308302409692168,2.8082836388942405,-60.0,-60.0,231.0,11535.0,mst,1.405774938760121,1.9314075137255444,64.26325316497514,-79.84842549018431,1051.6201493041397,26,24041.44798314155,4,1.8746573507588515,5.190558437862391
0.0,0.0,1876.0,87560.0,lst,3.482465416927576,1.025955196246122,60.0,60.0,420.0,13865.0,mst,4.967548782161003,1.9657482557356367,60.0,-60.0,41.0,7492.0,mst,3.7844895250175075,3.058579127175961,-60.0,60.0,463.0,14794.0,mst,1.1602638331160078,1.3397035327686617,-60.0,-60.0,47.0,10254.0,mst,2.6901853368893045,2.7148501475406244,-13.266568098774513,39.32950513661933,795.4866944979179,26,33920.1072109061,5,1.8840820271615037,3.2895279884506867
0.0,0.0,5713.0,164412.0,lst,5.0574672781886125,1.1060293165654878,60.0,60.0,93.0,13930.0,mst,5.310153395550869,2.245575086747996,60.0,-60.0,522.0,18838.0,mst,4.46469145652663,1.9655317161428731,-60.0,60.0,1311.0,33128.0,mst,6.159315004209222,1.2117701134864196,-60.0,-60.0,210.0,58877.0,mst,3.504273495145299,0.5216865871137027,-72.11748888727615,-27.0738310069288,1822.9963804242889,26,22956.576226180146,5,1.8336298414333625,0.562847382132482
0.0,0.0,3136.0,0.0,lst,6.087247440246528,1.2238821663090025,60.0,60.0,77.0,0.0,mst,5.754890994895111,2.718001978082457,60.0,-60.0,709.0,0.0,mst,4.75342924069909,1.3828891081825643,-60.0,60.0,0.0,0.0,mst,0.3566798364841464,2.4747321179729016,-60.0,-60.0,524.0,0.0,mst,1.5070009165854592,0.8580387319084477,-13.567725893130415,-62.854637442253775,247.69925652122177,26,21904.587030941082,4,1.377214741672355,2.7863674001488876
