x 1,y 1,Count 1,Bkg Count 1,Telescope 1,Dangle 1,Altitude 1,x 2,y 2,Count 2,Bkg Count 2,Telescope 2,Dangle 2,Altitude 2,x 3,y 3,Count 3,Bkg Count 3,Telescope 3,Dangle 3,Altitude 3,x 4,y 4,Count 4,Bkg Count 4,Telescope 4,Dangle 4,Altitude 4,x 5,y 5,Count 5,Bkg Count 5,Telescope 5,Dangle 5,Altitude 5,True X,True Y,True Energy Per Nucleon,True Z,True Height,Detecions,Phi,Epsilon,Theta
0.0,0.0,49.0,41825.0,lst,1.9541446795241382,0.5889688614411386,60.0,60.0,278.0,5649.0,mst,5.605454808073918,2.204489377044412,60.0,-60.0,70.0,5636.0,mst,3.7061658213638444,2.519350527729979,-60.0,60.0,51.0,3718.0,mst,0.95364641081682,3.0103152167409317,-60.0,-60.0,0.0,4215.0,mst,2.2958932246062087,3.250896195843677,16.77018278846262,6.820400324219634,532.9639711503265,26,32550.133608957254,4,1.437058912442396,3.069650873453645
0.0,0.0,1679.0,1737.0,lst,6.241940277368017,1.1303656723727904,60.0,60.0,0.0,136.0,mst,5.728450800193886,3.242144215114603,60.0,-60.0,137.0,298.0,mst,4.438250122702233,1.7507391830890375,-60.0,60.0,28.0,156.0,mst,0.5190744837858374,3.161358606154681,-60.0,-60.0,250.0,330.0,mst,1.891965045951993,1.620501062426913,-2.4257641846173215,-41.65601908980429,396.0985775776984,26,28801.597747123124,4,1.6971039104171914,3.3509018509411868
