x 1,y 1,Count 1,Bkg Count 1,Telescope 1,Dangle 1,Altitude 1,x 2,y 2,Count 2,Bkg Count 2,Telescope 2,Dangle 2,Altitude 2,x 3,y 3,Count 3,Bkg Count 3,Telescope 3,Dangle 3,Altitude 3,x 4,y 4,Count 4,Bkg Count 4,Telescope 4,Dangle 4,Altitude 4,x 5,y 5,Count 5,Bkg Count 5,Telescope 5,Dangle 5,Altitude 5,True X,True Y,True Energy Per Nucleon,True Z,True Height,Detecions,Phi,Epsilon,Theta
0.0,0.0,5347.0,60971.0,lst,1.083702109572006,1.2714388011513025,60.0,60.0,1144.0,8220.0,mst,0.10381238656498187,1.6020479335893174,60.0,-60.0,67.0,18415.0,mst,2.7590181385902945,0.3879240534800032,-60.0,60.0,33.0,5920.0,mst,0.9444896142234455,2.5960758759013296,-60.0,-60.0,566.0,6610.0,mst,1.7513603300393943,2.115628908485129,68.90835128416143,-37.64677005735901,715.697838262646,26,24652.624455308283,5,1.4849059122435952,2.8275772817934306
0.0,0.0,6320.0,60261.0,lst,4.7114795250774355,1.46526469327038,60.0,60.0,0.0,5564.0,mst,5.08968579882326,2.6056865708724484,60.0,-60.0,40.0,5695.0,mst,4.3166419947543435,2.6921492218581142,-60.0,60.0,805.0,15842.0,mst,5.814452647919433,1.039610360128802,-60.0,-60.0,1043.0,15721.0,mst,3.5998173652177354,1.1338133595429611,-89.30449400634319,0.3757806998283968,805.4849158906928,26,25840.719317603274,4,1.8946001971883617,0.5888255491335715
0.0,0.0,4201.0,0.0,lst,4.869969595584904,0.9924125581225103,60.0,60.0,43.0,0.0,mst,5.240828594941953,2.2796931248555,60.0,-60.0,0.0,0.0,mst,4.306826343174415,2.164377517731597,-60.0,60.0,718.0,0.0,mst,-0.010481203042531822,1.1180276093976766,-60.0,-60.0,231.0,0.0,mst,3.1362246768554645,0.84450493157073,-59.87148314776091,-9.309113062172514,339.3148987311937,26,22307.599983063068,4,1.478418660525777,1.1838692458131546
0.0,0.0,1121.0,0.0,lst,5.14080547571228,0.726419812556638,60.0,60.0,26.0,0.0,mst,5.394556309627959,2.664773052956953,60.0,-60.0,201.0,0.0,mst,4.240896108992987,2.3505339937719656,-60.0,60.0,476.0,0.0,mst,0.383453378462514,1.877050460056083,-60.0,-60.0,306.0,0.0,mst,2.5450914959039124,1.352007828469369,-29.336031453048108,-13.268306350186066,311.9079524944271,26,25938.83871531814,5,1.327838726118226,5.429355760005673
