x 1,y 1,Count 1,Bkg Count 1,Telescope 1,Dangle 1,Altitude 1,x 2,y 2,Count 2,Bkg Count 2,Telescope 2,Dangle 2,Altitude 2,x 3,y 3,Count 3,Bkg Count 3,Telescope 3,Dangle 3,Altitude 3,x 4,y 4,Count 4,Bkg Count 4,Telescope 4,Dangle 4,Altitude 4,x 5,y 5,Count 5,Bkg Count 5,Telescope 5,Dangle 5,Altitude 5,True X,True Y,True Energy Per Nucleon,True Z,True Height,Detecions,Phi,Epsilon,Theta
0.0,0.0,6621.0,0.0,lst,1.86976536211256,1.3823664617828295,60.0,60.0,255.0,0.0,mst,0.4867113009915007,0.6759463915922446,60.0,-60.0,1157.0,0.0,mst,2.9116114570196694,1.4266334204245466,-60.0,60.0,185.0,0.0,mst,1.3011057588412145,2.3969461005618844,-60.0,-60.0,0.0,0.0,mst,2.1072263615287747,2.707881056979943,79.78372320870182,23.300673173474422,356.4763229102365,26,22721.276854727173,4,1.4701667350309517,0.05883852840391535
0.0,0.0,4141.0,0.0,lst,2.7700566640633895,1.352725029456009,60.0,60.0,133.0,0.0,mst,4.442958890236847,0.6033685945583669,60.0,-60.0,0.0,0.0,mst,3.391186363612617,2.4284933198581067,-60.0,60.0,256.0,0.0,mst,1.6867181352167482,1.6115770804229381,-60.0,-60.0,44.0,0.0,mst,2.5521625439568942,2.831649544209358,28.052303197907236,68.82432691406129,287.2817613792563,26,22814.673884943597,4,1.4110708418889386,2.4725855915351294
