x 1,y 1,Count 1,Bkg Count 1,Telescope 1,Dangle 1,Altitude 1,x 2,y 2,Count 2,Bkg Count 2,Telescope 2,Dangle 2,Altitude 2,x 3,y 3,Count 3,Bkg Count 3,Telescope 3,Dangle 3,Altitude 3,x 4,y 4,Count 4,Bkg Count 4,Telescope 4,Dangle 4,Altitude 4,x 5,y 5,Count 5,Bkg Count 5,Telescope 5,Dangle 5,Altitude 5,True X,True Y,True Energy Per Nucleon,True Z,True Height,Detecions,Phi,Epsilon,Theta
0.0,0.0,847.0,194694.0,lst,3.9578987775581576,1.3062907732665603,60.0,60.0,30.0,16684.0,mst,5.056150815559146,2.933256044967565,60.0,-60.0,0.0,11358.0,mst,3.9331523023085024,3.9430920834757104,-60.0,60.0,251.0,25460.0,mst,0.7657330650519139,1.3854424358591435,-60.0,-60.0,21.0,19195.0,mst,2.818337647805491,3.0099324838039956,-30.196281882285888,28.97916379569091,1023.068052538335,26,37652.03746287384,4,1.8137087097500564,4.821185434365272
0.0,0.0,1642.0,294263.0,lst,4.082517234621692,1.2717650673252114,60.0,60.0,244.0,28203.0,mst,4.883237220526742,2.172047012665044,60.0,-60.0,29.0,20951.0,mst,3.983054135791283,2.8466163212524336,-60.0,60.0,0.0,114629.0,mst,0.2366121649937585,0.3617635075110248,-60.0,-60.0,166.0,33985.0,mst,3.1020131120096854,1.8909740152392167,-55.47178805278212,41.31569772466261,2715.412115107264,26,29589.49809042806,4,1.7373833226169206,4.381611999762273
0.0,0.0,1997.0,93202.0,lst,5.245920114377769,1.551478732555228,60.0,60.0,0.0,10168.0,mst,5.406822786518313,4.164615304677295,60.0,-60.0,36.0,12746.0,mst,4.357523426488548,3.3970983556341827,-60.0,60.0,102.0,18037.0,mst,0.20271828866049202,2.6791776774176297,-60.0,-60.0,260.0,33016.0,mst,2.7042720747080304,1.2270548030583666,-43.06481800132519,-24.121322289724617,998.9040497216005,26,37025.25100872718,4,1.5383708506909002,3.4021937838412915
