x 1,y 1,Count 1,Bkg Count 1,Telescope 1,Dangle 1,Altitude 1,x 2,y 2,Count 2,Bkg Count 2,Telescope 2,Dangle 2,Altitude 2,x 3,y 3,Count 3,Bkg Count 3,Telescope 3,Dangle 3,Altitude 3,x 4,y 4,Count 4,Bkg Count 4,Telescope 4,Dangle 4,Altitude 4,x 5,y 5,Count 5,Bkg Count 5,Telescope 5,Dangle 5,Altitude 5,True X,True Y,True Energy Per Nucleon,True Z,True Height,Detecions,Phi,Epsilon,Theta
0.0,0.0,496.0,44793.0,lst,3.569308896482931,0.7828108654550259,60.0,60.0,0.0,5078.0,mst,5.1257718493567035,2.077974508330973,60.0,-60.0,42.0,3172.0,mst,3.820276105327562,3.0058306821083116,-60.0,60.0,891.0,4220.0,mst,0.9908052374100186,1.5177506189271768,-60.0,-60.0,32.0,3669.0,mst,2.6320742515147626,2.6334925555296684,-12.440537286457044,27.792233560883886,538.8155875905144,26,31057.091427163054,4,1.4888188966388498,5.131425139382486
0.0,0.0,1061.0,100605.0,lst,5.97697973043725,0.958145477776412,60.0,60.0,30.0,13057.0,mst,5.6325014678168115,2.9979695553184458,60.0,-60.0,299.0,17959.0,mst,4.378248466025539,1.9078685456354236,-60.0,60.0,0.0,9617.0,mst,0.4789486874791747,2.7195623123086587,-60.0,-60.0,385.0,17818.0,mst,2.0347031995132108,1.3911905730689957,-11.392793697413907,-35.57504885424713,917.9403985775973,26,33625.94581654562,4,1.5198462771433379,2.2720188481229826
0.0,0.0,7437.0,55128.0,lst,2.8226255604043944,1.4874496853299872,60.0,60.0,272.0,11167.0,mst,3.8623269746920683,0.6446359310516799,60.0,-60.0,132.0,4101.0,mst,3.3537673500372347,2.3281999415405954,-60.0,60.0,1462.0,9726.0,mst,1.9594438941860834,1.4687971962203132,-60.0,-60.0,0.0,5179.0,mst,2.6231803815032118,2.694550347678822,30.14196270473954,94.72806936229497,727.795830440889,26,23419.81593481452,4,1.3433649631733748,4.4742851477655305
