x 1,y 1,Count 1,Bkg Count 1,Telescope 1,Dangle 1,Altitude 1,x 2,y 2,Count 2,Bkg Count 2,Telescope 2,Dangle 2,Altitude 2,x 3,y 3,Count 3,Bkg Count 3,Telescope 3,Dangle 3,Altitude 3,x 4,y 4,Count 4,Bkg Count 4,Telescope 4,Dangle 4,Altitude 4,x 5,y 5,Count 5,Bkg Count 5,Telescope 5,Dangle 5,Altitude 5,True X,True Y,True Energy Per Nucleon,True Z,True Height,Detecions,Phi,Epsilon,Theta
0.0,0.0,6236.0,26476.0,lst,1.1879602758790433,1.4886106955262874,60.0,60.0,1574.0,4121.0,mst,0.2939314527431609,1.5657083868023536,60.0,-60.0,264.0,5018.0,mst,2.3034768987936776,0.5945091589457469,-60.0,60.0,29.0,1683.0,mst,1.0073021982835957,2.785665783457206,-60.0,-60.0,93.0,2854.0,mst,1.744345260856349,2.374480636321485,88.26610503012913,-34.76234226284811,522.0664784933922,26,23747.2264687279,5,1.3976588298031172,0.695777761835321
0.0,0.0,0.0,0.0,lst,1.9081417292403258,None,60.0,60.0,86.0,0.0,mst,5.552714171828973,2.557230299133101,60.0,-60.0,86.0,0.0,mst,3.7935700367140552,2.720821437892733,-60.0,60.0,42.0,0.0,mst,0.8851493531828332,3.036843826230219,-60.0,-60.0,29.0,0.0,mst,2.296317746581333,3.1735041476037704,9.928402236740084,3.431056859776703,341.05286598237427,26,28546.665101120983,4,1.5917287749478573,1.7935530192371774
