x 1,y 1,Count 1,Bkg Count 1,Telescope 1,Dangle 1,Altitude 1,x 2,y 2,Count 2,Bkg Count 2,Telescope 2,Dangle 2,Altitude 2,x 3,y 3,Count 3,Bkg Count 3,Telescope 3,Dangle 3,Altitude 3,x 4,y 4,Count 4,Bkg Count 4,Telescope 4,Dangle 4,Altitude 4,x 5,y 5,Count 5,Bkg Count 5,Telescope 5,Dangle 5,Altitude 5,True X,True Y,True Energy Per Nucleon,True Z,True Height,Detecions,Phi,Epsilon,Theta
0.0,0.0,830.0,8817.0,lst,0.9946489503787642,0.6468979061269426,60.0,60.0,1065.0,1438.0,mst,5.969569800334261,1.399530175351353,60.0,-60.0,517.0,1498.0,mst,3.7468834814943497,0.760759905954272,-60.0,60.0,149.0,804.0,mst,0.8668780802131575,2.049380086258266,-60.0,-60.0,1033.0,904.0,mst,1.9533988808505967,1.6600318980252005,33.8437808389059,-21.96358408613662,429.15247191530074,26,23374.02787994156,5,1.5056340450463477,3.8584356667969404
0.0,0.0,5183.0,2833.0,lst,0.5784653057475516,1.3348627529789188,60.0,60.0,383.0,476.0,mst,6.197806142956142,2.0525338872994157,60.0,-60.0,24.0,743.0,mst,5.7023135466492185,0.3057406337897949,-60.0,60.0,0.0,266.0,mst,0.6909486255996962,2.595906775290873,-60.0,-60.0,3599.0,438.0,mst,1.4263262034030084,1.684288446648599,49.04632404044895,-76.2486748964554,405.6843968997856,26,23302.719216262274,4,1.2338629590280072,0.34339729052619905
0.0,0.0,14203.0,0.0,lst,1.2422736680732527,1.6235131846993482,60.0,60.0,305.0,0.0,mst,0.28814613452499144,1.6214872690966258,60.0,-60.0,437.0,0.0,mst,2.390615243870825,0.7020442476225458,-60.0,60.0,0.0,0.0,mst,1.0045159676232713,3.037387972085637,-60.0,-60.0,23.0,0.0,mst,1.774976946464009,2.651220816905495,86.74377248149304,-31.04465868260739,384.9743813136613,26,24156.760814928697,4,1.3618896846535258,5.654894401809968
0.0,0.0,1134.0,1690.0,lst,6.237756656606289,0.8090887536764272,60.0,60.0,0.0,147.0,mst,5.695965330209249,2.8200758312153287,60.0,-60.0,525.0,172.0,mst,4.276924139702608,1.7033275531989185,-60.0,60.0,48.0,156.0,mst,0.5724925848138029,2.7608261844720503,-60.0,-60.0,1212.0,215.0,mst,2.028131828226187,1.6650247001104581,-1.5283283342735956,-31.73468854798736,393.69420961153253,26,28194.91044694109,4,1.6472557478188805,3.4435932209654916
