x 1,y 1,Count 1,Bkg Count 1,Telescope 1,Dangle 1,Altitude 1,x 2,y 2,Count 2,Bkg Count 2,Telescope 2,Dangle 2,Altitude 2,x 3,y 3,Count 3,Bkg Count 3,Telescope 3,Dangle 3,Altitude 3,x 4,y 4,Count 4,Bkg Count 4,Telescope 4,Dangle 4,Altitude 4,x 5,y 5,Count 5,Bkg Count 5,Telescope 5,Dangle 5,Altitude 5,True X,True Y,True Energy Per Nucleon,True Z,True Height,Detecions,Phi,Epsilon,Theta
0.0,0.0,4784.0,0.0,lst,4.834242574002218,1.2217155802658766,60.0,60.0,46.0,0.0,mst,5.228550167116683,2.725081289827066,60.0,-60.0,28.0,0.0,mst,4.329501152941078,2.575702788938442,-60.0,60.0,1010.0,0.0,mst,6.270433356689431,1.3077077939115103,-60.0,-60.0,452.0,0.0,mst,3.171543360848538,1.0139543686180668,-61.44770349348538,-8.354481208500573,352.8389834882215,26,24714.82540909775,5,1.460535382069417,1.396560102396371
0.0,0.0,7060.0,174719.0,lst,4.150169952644919,1.8504275342959915,60.0,60.0,28.0,14516.0,mst,4.8380942416443995,2.9734715704551156,60.0,-60.0,0.0,15145.0,mst,4.036527569930164,3.7127996726653434,-60.0,60.0,30.0,66877.0,mst,5.694740903672428,0.4464997978880023,-60.0,-60.0,190.0,27323.0,mst,3.249767510594737,2.3211933996695704,-70.91034270160621,43.84577930432857,1740.0052246785444,26,32889.070611274066,4,1.6669631055740817,2.375233125056181
0.0,0.0,3466.0,0.0,lst,1.0253506688870782,1.714671074167517,60.0,60.0,705.0,0.0,mst,0.2868130261358007,1.9879033661243006,60.0,-60.0,204.0,0.0,mst,1.63234688220499,0.5258300069393846,-60.0,60.0,0.0,0.0,mst,0.899022280946163,3.072198720633392,-60.0,-60.0,168.0,0.0,mst,1.5811125877700707,2.334373259358747,94.91160649957587,-57.60633396649155,265.3477117392184,26,20860.862128892004,4,1.2201976354288293,2.8081383950600993
