x 1,y 1,Count 1,Bkg Count 1,Telescope 1,Dangle 1,Altitude 1,x 2,y 2,Count 2,Bkg Count 2,Telescope 2,Dangle 2,Altitude 2,x 3,y 3,Count 3,Bkg Count 3,Telescope 3,Dangle 3,Altitude 3,x 4,y 4,Count 4,Bkg Count 4,Telescope 4,Dangle 4,Altitude 4,x 5,y 5,Count 5,Bkg Count 5,Telescope 5,Dangle 5,Altitude 5,True X,True Y,True Energy Per Nucleon,True Z,True Height,Detecions,Phi,Epsilon,Theta
0.0,0.0,2298.0,142203.0,lst,2.5781839487881753,0.9526389529749724,60.0,60.0,95.0,36722.0,mst,4.953014911191337,0.40760196452066144,60.0,-60.0,816.0,14478.0,mst,3.3592985338979893,1.7533819207101229,-60.0,60.0,1297.0,14621.0,mst,1.4860038307537937,1.4565214159764128,-60.0,-60.0,0.0,12381.0,mst,2.4442156057035436,2.269673913111983,34.031512013067925,53.30526061648408,1059.642223331807,26,24052.61398150914,4,1.7014771077736395,3.673506785854388
0.0,0.0,3173.0,0.0,lst,6.120375677574037,1.190766386129233,60.0,60.0,112.0,0.0,mst,5.757924012960211,2.5912849444061474,60.0,-60.0,183.0,0.0,mst,4.7654966567488195,1.2739644133003325,-60.0,60.0,94.0,0.0,mst,0.3851388446136242,2.434689816085082,-60.0,-60.0,235.0,0.0,mst,1.469358276248886,0.8894286490507161,-11.244065285100305,-64.28604069771245,252.7854579971767,26,21676.06735082506,5,1.5418582582857732,3.5596210784931084
0.0,0.0,130.0,7651.0,lst,4.639437977269001,0.5169308352894724,60.0,60.0,58.0,514.0,mst,5.352220437733076,2.6198864325978435,60.0,-60.0,132.0,497.0,mst,4.068086020266089,2.839572920350416,-60.0,60.0,123.0,710.0,mst,0.6239977682692265,1.9491403451333522,-60.0,-60.0,264.0,689.0,mst,2.5642345740266,2.2038537334865618,-19.016263820069327,1.365788472479153,409.53587548601945,26,29677.789400396705,5,1.221927714941601,5.84025362124792
