x 1,y 1,Count 1,Bkg Count 1,Telescope 1,Dangle 1,Altitude 1,x 2,y 2,Count 2,Bkg Count 2,Telescope 2,Dangle 2,Altitude 2,x 3,y 3,Count 3,Bkg Count 3,Telescope 3,Dangle 3,Altitude 3,x 4,y 4,Count 4,Bkg Count 4,Telescope 4,Dangle 4,Altitude 4,x 5,y 5,Count 5,Bkg Count 5,Telescope 5,Dangle 5,Altitude 5,True X,True Y,True Energy Per Nucleon,True Z,True Height,Detecions,Phi,Epsilon,Theta
0.0,0.0,0.0,25144.0,lst,3.8320721974015584,None,60.0,60.0,623.0,3292.0,mst,5.298597444842755,1.4356373341791029,60.0,-60.0,2781.0,3172.0,mst,3.9081076883479073,1.7232634289246795,-60.0,60.0,680.0,4123.0,mst,0.7961412418798512,1.167425336823382,-60.0,-60.0,1839.0,2631.0,mst,2.549316236440829,1.4992435430226203,-10.224838987913984,12.510572071550513,496.7278543486454,26,24550.51373148333,4,1.5347289798571706,2.789456030189064
0.0,0.0,606.0,100484.0,lst,0.893802445321497,0.8724478980706417,60.0,60.0,30.0,10701.0,mst,5.813831947029744,2.9527109546538304,60.0,-60.0,157.0,12450.0,mst,3.862156739883928,2.039396483471669,-60.0,60.0,0.0,8763.0,mst,0.8105020135607465,3.633548506100155,-60.0,-60.0,59.0,8959.0,mst,2.0633767051878964,2.998363945717231,20.60285264602777,-16.911274798348273,780.7152732232294,26,36654.29585545507,4,1.8545828600459913,1.3683763115189886
