x 1,y 1,Count 1,Bkg Count 1,Telescope 1,Dangle 1,Altitude 1,x 2,y 2,Count 2,Bkg Count 2,Telescope 2,Dangle 2,Altitude 2,x 3,y 3,Count 3,Bkg Count 3,Telescope 3,Dangle 3,Altitude 3,x 4,y 4,Count 4,Bkg Count 4,Telescope 4,Dangle 4,Altitude 4,x 5,y 5,Count 5,Bkg Count 5,Telescope 5,Dangle 5,Altitude 5,True X,True Y,True Energy Per Nucleon,True Z,True Height,Detecions,Phi,Epsilon,Theta
0.0,0.0,4217.0,3030.0,lst,6.051642892338025,1.6181307127316278,60.0,60.0,0.0,340.0,mst,5.7751094769340625,3.100163810790021,60.0,-60.0,2652.0,513.0,mst,5.015532592413233,1.6164704948324302,-60.0,60.0,51.0,309.0,mst,0.28838340499325454,2.770558279136618,-60.0,-60.0,447.0,744.0,mst,1.0291686599098266,0.8684374492959088,-19.678585516480723,-83.67006296995847,404.2535495486755,26,25900.564392069347,4,1.3268113500398544,0.42825440540476123
0.0,0.0,10553.0,10073.0,lst,2.685953942730121,1.619549339542037,60.0,60.0,227.0,3247.0,mst,3.6344347115587317,0.5434230236890943,60.0,-60.0,97.0,1612.0,mst,3.26023523789164,2.4602915076509637,-60.0,60.0,1098.0,1775.0,mst,1.8471130377646618,1.771363397970178,-60.0,-60.0,0.0,1284.0,mst,2.523362497778121,2.98078851822027,44.27147140972352,88.3299378717663,464.8734439136872,26,23692.210678316707,4,1.555968994649679,2.565159917553835
