x 1,y 1,Count 1,Bkg Count 1,Telescope 1,Dangle 1,Altitude 1,x 2,y 2,Count 2,Bkg Count 2,Telescope 2,Dangle 2,Altitude 2,x 3,y 3,Count 3,Bkg Count 3,Telescope 3,Dangle 3,Altitude 3,x 4,y 4,Count 4,Bkg Count 4,Telescope 4,Dangle 4,Altitude 4,x 5,y 5,Count 5,Bkg Count 5,Telescope 5,Dangle 5,Altitude 5,True X,True Y,True Energy Per Nucleon,True Z,True Height,Detecions,Phi,Epsilon,Theta
0.0,0.0,1243.0,9029.0,lst,0.8628699427692117,1.2026854286585857,60.0,60.0,275.0,1724.0,mst,6.21135699246872,1.8947409118573884,60.0,-60.0,0.0,2722.0,mst,3.538897650863231,None,-60.0,60.0,28.0,888.0,mst,0.8144314017778428,2.635818780764446,-60.0,-60.0,288.0,1329.0,mst,1.7013580891010764,1.8752787236334743,53.80511777780288,-45.25750546059591,450.9925174107055,26,25226.740486872826,4,1.9018151425883594,2.0990640748081697
0.0,0.0,1667.0,365855.0,lst,4.594001298831767,0.8128979549608517,60.0,60.0,171.0,25924.0,mst,5.209299319556636,2.2466233979382606,60.0,-60.0,93.0,22073.0,mst,4.163389443508179,2.373343499274606,-60.0,60.0,1024.0,53295.0,mst,0.3366220722291778,1.158627855134153,-60.0,-60.0,600.0,45091.0,mst,2.8437728942467095,1.335747048475889,-41.13553128819983,4.486294309203544,2067.8000847197077,26,30893.908462285002,5,1.771543671811742,5.520747226626612
0.0,0.0,2154.0,66308.0,lst,6.1623044168083245,0.9177795072444019,60.0,60.0,26.0,8638.0,mst,5.714170163124774,2.7244392254826324,60.0,-60.0,522.0,16378.0,mst,4.427417558224764,1.5390058966744693,-60.0,60.0,112.0,9223.0,mst,0.5031344877338036,2.514881596969079,-60.0,-60.0,499.0,14794.0,mst,1.9061824360586157,1.238163785408689,-4.5377031404848935,-40.88856221544441,809.1073806475429,26,31545.67000111612,5,1.8462297215933887,1.7946936347807096
0.0,0.0,2166.0,1848.0,lst,1.5629337881419643,1.756619282319165,60.0,60.0,383.0,394.0,mst,0.766939825159164,1.230113612023181,60.0,-60.0,425.0,423.0,mst,2.371834231487779,1.3082650096816826,-60.0,60.0,0.0,158.0,mst,1.253950243113718,2.7889981145099028,-60.0,-60.0,27.0,252.0,mst,1.890932779079702,2.8382426912114367,118.15823313711593,0.053313912566295585,403.08014150281963,26,22753.66719387927,4,1.853363264402623,0.9643401441378163
