x 1,y 1,Count 1,Bkg Count 1,Telescope 1,Dangle 1,Altitude 1,x 2,y 2,Count 2,Bkg Count 2,Telescope 2,Dangle 2,Altitude 2,x 3,y 3,Count 3,Bkg Count 3,Telescope 3,Dangle 3,Altitude 3,x 4,y 4,Count 4,Bkg Count 4,Telescope 4,Dangle 4,Altitude 4,x 5,y 5,Count 5,Bkg Count 5,Telescope 5,Dangle 5,Altitude 5,True X,True Y,True Energy Per Nucleon,True Z,True Height,Detecions,Phi,Epsilon,Theta
0.0,0.0,1814.0,115317.0,lst,2.464683282807232,1.3746233245064077,60.0,60.0,302.0,20559.0,mst,5.416379573597723,1.4817361086996528,60.0,-60.0,38.0,13051.0,mst,3.510913352855596,3.41183463070751,-60.0,60.0,24.0,14419.0,mst,1.2288999429467113,3.0271528011692266,-60.0,-60.0,0.0,10899.0,mst,2.3698039500155117,4.356216324356702,25.327944458481966,30.58015398770445,864.9320513418008,26,37395.57923376395,4,1.8771751659553295,6.124204991131758
0.0,0.0,7456.0,54965.0,lst,1.4093707522845824,1.858614258346017,60.0,60.0,200.0,9066.0,mst,0.6790332209831487,1.5044401272849002,60.0,-60.0,800.0,18174.0,mst,2.141259945576622,1.1032657504799466,-60.0,60.0,0.0,4645.0,mst,1.1517170960780272,2.942949911868884,-60.0,-60.0,28.0,6686.0,mst,1.7881964225442502,2.7672333434292287,123.02333794421605,-19.712298993339232,939.1401101954303,26,22974.14648961369,4,1.6580663210040618,3.5808761011522634
