x 1,y 1,Count 1,Telescope 1,Dangle 1,Altitude 1,x 2,y 2,Count 2,Telescope 2,Dangle 2,Altitude 2,x 3,y 3,Count 3,Telescope 3,Dangle 3,Altitude 3,x 4,y 4,Count 4,Telescope 4,Dangle 4,Altitude 4,x 5,y 5,Count 5,Telescope 5,Dangle 5,Altitude 5,True X,True Y,True Energy Per Nucleon,True Z,True Height,Detecions,Phi,Epsilon,Theta
0.0,0.0,2531.457614499603,lst,0.9206523896009446,0.6323032475258537,60.0,60.0,1117.265313052265,mst,6.042086403740669,1.1831800321967287,60.0,-60.0,331.9444240007425,mst,3.7481913224494017,0.5271769781255515,-60.0,60.0,33.816418774516144,mst,0.8337091096695012,None,-60.0,-60.0,1323.700663750528,mst,1.8612709744419542,1.450696409891903,38.539544237907364,-29.195018556367486,413.1559437352477,26,21050.406794967705,4,1.2046375199709516,6.123742393721307
