x 1,y 1,Count 1,Bkg Count 1,Telescope 1,Dangle 1,Altitude 1,x 2,y 2,Count 2,Bkg Count 2,Telescope 2,Dangle 2,Altitude 2,x 3,y 3,Count 3,Bkg Count 3,Telescope 3,Dangle 3,Altitude 3,x 4,y 4,Count 4,Bkg Count 4,Telescope 4,Dangle 4,Altitude 4,x 5,y 5,Count 5,Bkg Count 5,Telescope 5,Dangle 5,Altitude 5,True X,True Y,True Energy Per Nucleon,True Z,True Height,Detecions,Phi,Epsilon,Theta
0.0,0.0,3672.0,160283.0,lst,3.498193126780164,1.4543492752618041,60.0,60.0,221.0,36002.0,mst,4.585441171931039,1.6441690035806256,60.0,-60.0,33.0,11197.0,mst,3.7343232006518403,3.000825814820053,-60.0,60.0,99.0,45926.0,mst,1.874717431214953,0.7018218691685199,-60.0,-60.0,0.0,14840.0,mst,2.8813802054669106,2.6309612221365275,-25.75679201045972,71.18790440390927,1610.7547972406808,26,29860.816954236492,4,1.4129213225869997,4.792607336616378
0.0,0.0,1378.0,0.0,lst,2.6784063989845466,0.7173008510295831,60.0,60.0,307.0,0.0,mst,5.24624574182303,0.8836262888474686,60.0,-60.0,0.0,0.0,mst,3.5475038496726823,1.8936493907236156,-60.0,60.0,1525.0,0.0,mst,1.2577876268491026,1.476886919322749,-60.0,-60.0,253.0,0.0,mst,2.4560955804730877,2.2256337920408384,18.072304553769698,35.95126980609419,252.71867852513068,26,21673.16901867676,4,1.6924681171859755,2.0003660140559263
0.0,0.0,1964.0,62332.0,lst,3.269314160847486,1.0982232835898955,60.0,60.0,391.0,12762.0,mst,4.841312574148846,1.401582150909217,60.0,-60.0,0.0,8481.0,mst,3.6830337252610357,2.7331674568884523,-60.0,60.0,339.0,17632.0,mst,1.4259825297213802,1.150241902957244,-60.0,-60.0,97.0,6132.0,mst,2.6802864990217743,2.6099054057102697,-6.082923389736948,52.5206415697987,750.3048176978298,26,29752.78925057249,4,1.5081541016276727,2.993056337725848
