x 1,y 1,Count 1,Bkg Count 1,Telescope 1,Dangle 1,Altitude 1,x 2,y 2,Count 2,Bkg Count 2,Telescope 2,Dangle 2,Altitude 2,x 3,y 3,Count 3,Bkg Count 3,Telescope 3,Dangle 3,Altitude 3,x 4,y 4,Count 4,Bkg Count 4,Telescope 4,Dangle 4,Altitude 4,x 5,y 5,Count 5,Bkg Count 5,Telescope 5,Dangle 5,Altitude 5,True X,True Y,True Energy Per Nucleon,True Z,True Height,Detecions,Phi,Epsilon,Theta
0.0,0.0,971.0,44531.0,lst,2.3997371027619563,0.6579586757983832,60.0,60.0,383.0,8362.0,mst,5.461494711119748,1.118723883493795,60.0,-60.0,493.0,8105.0,mst,3.566848794035673,1.919570115340015,-60.0,60.0,1373.0,8536.0,mst,1.1685615357968648,1.8739817362480655,-60.0,-60.0,77.0,4991.0,mst,2.366342276344239,2.4084153846612293,21.932720844703653,23.705079394541315,674.6402574253933,26,29589.561071933345,5,1.7595512905328718,2.413935853450682
0.0,0.0,0.0,86756.0,lst,4.0371266625843285,None,60.0,60.0,48.0,6430.0,mst,5.487239020555732,2.1576797583297105,60.0,-60.0,333.0,7683.0,mst,3.9314981186029976,2.216549783623768,-60.0,60.0,46.0,9129.0,mst,0.7859983463192936,2.050774718221783,-60.0,-60.0,76.0,7327.0,mst,2.3763298404324837,2.111244048993405,-2.0368980222910977,1.607186317364409,656.339737513413,26,31887.864519664847,4,1.7170748643341094,1.227967778524804
