x 1,y 1,Count 1,Bkg Count 1,Telescope 1,Dangle 1,Altitude 1,x 2,y 2,Count 2,Bkg Count 2,Telescope 2,Dangle 2,Altitude 2,x 3,y 3,Count 3,Bkg Count 3,Telescope 3,Dangle 3,Altitude 3,x 4,y 4,Count 4,Bkg Count 4,Telescope 4,Dangle 4,Altitude 4,x 5,y 5,Count 5,Bkg Count 5,Telescope 5,Dangle 5,Altitude 5,True X,True Y,True Energy Per Nucleon,True Z,True Height,Detecions,Phi,Epsilon,Theta
0.0,0.0,2393.0,158183.0,lst,5.858863866339466,1.2821416556776517,60.0,60.0,0.0,17468.0,mst,5.637252423177714,3.511264546931398,60.0,-60.0,295.0,21011.0,mst,4.511426999770225,2.205982339024313,-60.0,60.0,33.0,17344.0,mst,0.3712835552525409,3.029692241825301,-60.0,-60.0,307.0,22631.0,mst,1.9488797854777253,1.2042642230154563,-18.983526864098224,-43.24562384635384,1211.8382111512583,26,35855.15934256206,4,1.6364577709519408,4.999187885697721
0.0,0.0,481.0,80538.0,lst,2.866678556292099,0.642759836180806,60.0,60.0,287.0,6749.0,mst,5.334031887020715,1.8893869792902098,60.0,-60.0,53.0,6638.0,mst,3.7328342127552623,2.8610469627172814,-60.0,60.0,254.0,8612.0,mst,1.0489163828937473,2.1265990403513415,-60.0,-60.0,0.0,7487.0,mst,2.4792771773057747,2.980870028263529,6.400830092936985,21.883321934960634,624.2158433692924,26,33080.92829561828,4,1.80850428143644,1.089452820357688
0.0,0.0,445.0,9546.0,lst,0.5806031151405557,0.8199520255681798,60.0,60.0,0.0,1233.0,mst,5.8308196806171555,2.566217840930515,60.0,-60.0,576.0,1428.0,mst,4.032599553345764,1.567563127715442,-60.0,60.0,29.0,979.0,mst,0.7431918977085781,3.1034139498774906,-60.0,-60.0,128.0,1086.0,mst,2.010506912742517,2.339216428611719,16.503115422467914,-25.080539939176234,426.41848759145415,26,29646.649544972643,4,1.7823707185276139,0.005809797087230826
0.0,0.0,1116.0,496630.0,lst,0.40763941833884165,0.7343773341801298,60.0,60.0,0.0,25322.0,mst,5.922916184335565,1.6666999006069514,60.0,-60.0,208.0,76283.0,mst,4.4074827418360965,0.5947870326592966,-60.0,60.0,771.0,26447.0,mst,0.6415991744736772,1.910864060759172,-60.0,-60.0,364.0,55528.0,mst,1.7311137992027654,1.0733585039098017,20.46136150145037,-47.482217377743524,3179.27110716882,26,23069.551657748434,4,1.8982001863380504,2.550500384321628
