x 1,y 1,Count 1,Bkg Count 1,Telescope 1,Dangle 1,Altitude 1,x 2,y 2,Count 2,Bkg Count 2,Telescope 2,Dangle 2,Altitude 2,x 3,y 3,Count 3,Bkg Count 3,Telescope 3,Dangle 3,Altitude 3,x 4,y 4,Count 4,Bkg Count 4,Telescope 4,Dangle 4,Altitude 4,x 5,y 5,Count 5,Bkg Count 5,Telescope 5,Dangle 5,Altitude 5,True X,True Y,True Energy Per Nucleon,True Z,True Height,Detecions,Phi,Epsilon,Theta
0.0,0.0,479.0,71489.0,lst,0.5098365251438526,2.2626776913352407,60.0,60.0,30.0,9934.0,mst,0.10587296018252752,2.7414120524019707,60.0,-60.0,1294.0,35264.0,mst,0.24045830520772882,1.1824368375932137,-60.0,60.0,0.0,5554.0,mst,0.5995203143685549,3.3530531128338232,-60.0,-60.0,34.0,15204.0,mst,1.0013925248903268,2.2731462324082963,82.4563282694966,-147.7753400353081,2073.0405724611483,26,22832.515313430307,4,1.9056980264544559,5.915855972571958
0.0,0.0,903.0,0.0,lst,3.6001873085220355,0.7662235736875155,60.0,60.0,601.0,0.0,mst,4.967994169966026,1.4020263159738777,60.0,-60.0,0.0,0.0,mst,3.821932707615535,2.165881456987886,-60.0,60.0,255.0,0.0,mst,1.1095124314464504,0.7900766385725534,-60.0,-60.0,294.0,0.0,mst,2.762656491267218,1.8531879459726412,-19.701026935407384,40.20523850869827,314.871183987012,26,22750.17334163204,4,1.7511112775317355,4.482497744610271
