x 1,y 1,Count 1,Bkg Count 1,Telescope 1,Dangle 1,Altitude 1,x 2,y 2,Count 2,Bkg Count 2,Telescope 2,Dangle 2,Altitude 2,x 3,y 3,Count 3,Bkg Count 3,Telescope 3,Dangle 3,Altitude 3,x 4,y 4,Count 4,Bkg Count 4,Telescope 4,Dangle 4,Altitude 4,x 5,y 5,Count 5,Bkg Count 5,Telescope 5,Dangle 5,Altitude 5,True X,True Y,True Energy Per Nucleon,True Z,True Height,Detecions,Phi,Epsilon,Theta
0.0,0.0,2553.0,56569.0,lst,2.0292360780092182,0.937893909367645,60.0,60.0,263.0,9922.0,mst,5.786269508190415,1.0620165505179155,60.0,-60.0,0.0,7315.0,mst,3.428418920594908,1.8890531027653101,-60.0,60.0,41.0,4449.0,mst,1.1601997554816905,2.3998452011223104,-60.0,-60.0,48.0,4769.0,mst,2.244339490712773,2.8723177830556317,37.18755332271209,18.19780937430272,621.4754793687124,26,30244.845214116012,4,1.417933705343007,6.133444148037522
0.0,0.0,7016.0,147459.0,lst,6.198742103273175,1.5231762829154587,60.0,60.0,0.0,12048.0,mst,5.857336445349742,2.776946074897185,60.0,-60.0,750.0,32722.0,mst,5.059635332984901,1.1978376642080963,-60.0,60.0,21.0,13268.0,mst,0.33026489248594476,2.7269985616013117,-60.0,-60.0,776.0,28215.0,mst,1.1228657789668075,1.0645409206707674,-6.446792343918474,-85.54211287918551,1540.5205397413229,26,27827.77501912618,4,1.2989070825046443,4.106097070657567
0.0,0.0,1810.0,198420.0,lst,5.378158485829147,0.6502247231593478,60.0,60.0,1165.0,17750.0,mst,5.452944871729026,1.7453333920479173,60.0,-60.0,1449.0,25656.0,mst,4.407622839874727,1.3940149332154164,-60.0,60.0,1834.0,22766.0,mst,0.24507940268940753,1.1497295536166219,-60.0,-60.0,271.0,47976.0,mst,2.5133453152914664,0.48987838598604444,-38.404653540014834,-30.098334762747186,1505.0032785143262,26,21160.48487294945,5,1.2767592377858759,0.7302099925448677
