x 1,y 1,Count 1,Bkg Count 1,Telescope 1,Dangle 1,Altitude 1,x 2,y 2,Count 2,Bkg Count 2,Telescope 2,Dangle 2,Altitude 2,x 3,y 3,Count 3,Bkg Count 3,Telescope 3,Dangle 3,Altitude 3,x 4,y 4,Count 4,Bkg Count 4,Telescope 4,Dangle 4,Altitude 4,x 5,y 5,Count 5,Bkg Count 5,Telescope 5,Dangle 5,Altitude 5,True X,True Y,True Energy Per Nucleon,True Z,True Height,Detecions,Phi,Epsilon,Theta
0.0,0.0,2361.0,241047.0,lst,4.457131468401022,0.7717778433369209,60.0,60.0,615.0,27447.0,mst,5.1312945786887525,1.8752959809877452,60.0,-60.0,0.0,25019.0,mst,4.125530926641152,1.9603745917692164,-60.0,60.0,476.0,58970.0,mst,0.23547238731275041,0.7667280364542489,-60.0,-60.0,756.0,43698.0,mst,2.966317773065405,1.0629938062815847,-47.69998437707342,11.979271947238573,1802.4064795609625,26,25206.7120464635,4,1.2733447337666972,2.4942172269548193
0.0,0.0,2234.0,529.0,lst,2.9253845364424214,1.9626685815656777,60.0,60.0,774.0,142.0,mst,3.6507459122935018,1.067812142832741,60.0,-60.0,23.0,66.0,mst,3.3135441671448516,2.9152717527294545,-60.0,60.0,2690.0,125.0,mst,2.1652821098896644,1.6660034590222583,-60.0,-60.0,0.0,56.0,mst,2.699506200447666,3.1792476497188047,27.018409308360305,120.19090096278131,392.42621501197124,26,22406.871667432468,4,1.4936357718849456,0.9348787437346806
