x 1,y 1,Count 1,Bkg Count 1,Telescope 1,Dangle 1,Altitude 1,x 2,y 2,Count 2,Bkg Count 2,Telescope 2,Dangle 2,Altitude 2,x 3,y 3,Count 3,Bkg Count 3,Telescope 3,Dangle 3,Altitude 3,x 4,y 4,Count 4,Bkg Count 4,Telescope 4,Dangle 4,Altitude 4,x 5,y 5,Count 5,Bkg Count 5,Telescope 5,Dangle 5,Altitude 5,True X,True Y,True Energy Per Nucleon,True Z,True Height,Detecions,Phi,Epsilon,Theta
0.0,0.0,4252.0,0.0,lst,3.2367227774791347,1.3949261444430756,60.0,60.0,989.0,0.0,mst,4.629520278132501,1.3822280414286396,60.0,-60.0,36.0,0.0,mst,3.62190748116517,2.973366146104794,-60.0,60.0,175.0,0.0,mst,1.66512357876663,1.1627202641231449,-60.0,-60.0,0.0,0.0,mst,2.730289866336342,2.8993342457319438,-5.718147812879124,65.93324633805722,250.57322124785154,26,22934.710698626586,4,1.4446113815813733,4.800750379485806
0.0,0.0,1260.0,0.0,lst,0.7329934937540544,2.152177924748228,60.0,60.0,24.0,0.0,mst,0.21923037805810328,2.58276592451893,60.0,-60.0,1024.0,0.0,mst,0.6486070897492875,0.8730345918536891,-60.0,60.0,0.0,0.0,mst,0.7705035103539276,3.4515014373097377,-60.0,-60.0,74.0,0.0,mst,1.2823307611799883,2.457048039592168,95.02926735651337,-106.4134101204711,330.9700237491343,26,21089.166200688614,4,1.6650698750824933,1.489590955815289
0.0,0.0,8769.0,17297.0,lst,1.3461931404526648,1.6076670751549362,60.0,60.0,1310.0,3267.0,mst,0.35032427809863487,1.515510642972542,60.0,-60.0,345.0,4970.0,mst,2.493538182314055,0.839948076385244,-60.0,60.0,0.0,2100.0,mst,1.0508755478751266,2.9782241477094447,-60.0,-60.0,40.0,2176.0,mst,1.8250781456474894,2.690659328218813,89.8502214948908,-21.763497802619128,524.1672639830799,26,25191.17985406377,4,1.6415271503896256,0.34802885779414655
0.0,0.0,6354.0,106795.0,lst,5.376985761837728,1.6278549258770492,60.0,60.0,0.0,7104.0,mst,5.432667714339601,2.9558408495054582,60.0,-60.0,195.0,12294.0,mst,4.758889862175324,2.2043881908629794,-60.0,60.0,914.0,9674.0,mst,6.1103275186953,1.9471832084415737,-60.0,-60.0,26.0,36046.0,mst,4.95575279178897,0.3347265004003722,-81.32692347817498,-64.9295041216528,1197.4963223261811,26,24397.062794586334,4,1.844213748252278,1.9639143250722366
