x 1,y 1,Count 1,Bkg Count 1,Telescope 1,Dangle 1,Altitude 1,x 2,y 2,Count 2,Bkg Count 2,Telescope 2,Dangle 2,Altitude 2,x 3,y 3,Count 3,Bkg Count 3,Telescope 3,Dangle 3,Altitude 3,x 4,y 4,Count 4,Bkg Count 4,Telescope 4,Dangle 4,Altitude 4,x 5,y 5,Count 5,Bkg Count 5,Telescope 5,Dangle 5,Altitude 5,True X,True Y,True Energy Per Nucleon,True Z,True Height,Detecions,Phi,Epsilon,Theta
0.0,0.0,745.0,49879.0,lst,2.1062307007631493,1.8393751256005764,60.0,60.0,48.0,21581.0,mst,0.38135105217303433,0.47790255917358276,60.0,-60.0,143.0,13451.0,mst,3.072911678617859,2.3522247207263005,-60.0,60.0,41.0,7154.0,mst,1.4176106449577202,2.9889629680016014,-60.0,-60.0,0.0,6274.0,mst,2.232591756271929,3.7853769310431735,67.55186683783967,40.63584160018519,826.9132134151305,26,31854.25924359409,4,1.4143065313024312,5.445569472926927
0.0,0.0,2258.0,157818.0,lst,2.3349999290636534,1.6580557000026166,60.0,60.0,59.0,105366.0,mst,2.2619759310174206,0.36057036114903573,60.0,-60.0,133.0,24138.0,mst,3.018216365960447,2.120081923586079,-60.0,60.0,36.0,22851.0,mst,1.6736059167635862,2.1452566606876218,-60.0,-60.0,0.0,10586.0,mst,2.3350569914740547,2.979133610256019,76.89991188340599,74.13689729516847,2151.1362246246726,26,25487.44505121921,4,1.3934375858948609,2.1264713789310408
0.0,0.0,1436.0,184516.0,lst,5.240989876119495,0.6117595832213507,60.0,60.0,488.0,11297.0,mst,5.3980738438630755,1.8553954986067513,60.0,-60.0,1508.0,14120.0,mst,4.315960944454615,1.4691780243905022,-60.0,60.0,856.0,26236.0,mst,0.315621333966915,1.3318877517333707,-60.0,-60.0,167.0,25588.0,mst,2.5683968386113625,0.6760495937260325,-35.12788656563018,-21.327856142574063,1222.1668993310013,26,24587.7897577698,5,1.2679323147913837,4.043911654417486
0.0,0.0,0.0,84149.0,lst,3.778281074245673,None,60.0,60.0,818.0,12156.0,mst,5.322860009088459,1.3447893395626744,60.0,-60.0,1102.0,10716.0,mst,3.8777424899105672,1.592026022515723,-60.0,60.0,956.0,12862.0,mst,0.8163085952855139,1.1163585635595605,-60.0,-60.0,1512.0,10637.0,mst,2.519461254483357,1.413284235480626,-8.661376899173035,12.031343300972424,711.5440054878262,26,24384.46099253218,4,1.6726857702833435,1.8288700615733537
