x 1,y 1,Count 1,Bkg Count 1,Telescope 1,Dangle 1,Altitude 1,x 2,y 2,Count 2,Bkg Count 2,Telescope 2,Dangle 2,Altitude 2,x 3,y 3,Count 3,Bkg Count 3,Telescope 3,Dangle 3,Altitude 3,x 4,y 4,Count 4,Bkg Count 4,Telescope 4,Dangle 4,Altitude 4,x 5,y 5,Count 5,Bkg Count 5,Telescope 5,Dangle 5,Altitude 5,True X,True Y,True Energy Per Nucleon,True Z,True Height,Detecions,Phi,Epsilon,Theta
0.0,0.0,854.0,45021.0,lst,3.068944250513688,1.1142529700679213,60.0,60.0,872.0,9148.0,mst,4.873562313550127,1.2373416145268659,60.0,-60.0,76.0,3978.0,mst,3.6036061898180196,2.6773048382599094,-60.0,60.0,512.0,7804.0,mst,1.4336160225205794,1.395627525756747,-60.0,-60.0,0.0,4516.0,mst,2.6258450434302936,2.7703868757569006,3.8118634186563156,50.62737744246422,613.2219062661818,26,29415.178699761458,4,1.5411290329752363,4.456904820924085
0.0,0.0,1791.0,96055.0,lst,2.6812797526705174,0.6650805107021754,60.0,60.0,242.0,17878.0,mst,5.1949191040396245,0.6678705665405088,60.0,-60.0,0.0,12369.0,mst,3.5284878312585466,1.6209900548872729,-60.0,60.0,942.0,9522.0,mst,1.3246188706494681,1.3269159589022579,-60.0,-60.0,551.0,9487.0,mst,2.4722311352315494,2.0199696930182793,18.80147192271474,38.7621596628573,808.2927132451861,26,24879.292365886005,4,1.251694717340203,4.653924677424459
0.0,0.0,1777.0,16718.0,lst,4.630299468233504,1.2114062206213763,60.0,60.0,0.0,1007.0,mst,5.130258988891831,2.479339401294304,60.0,-60.0,59.0,1248.0,mst,4.242338614805787,2.5791041315823073,-60.0,60.0,762.0,2707.0,mst,6.150228761502665,0.973243410396682,-60.0,-60.0,797.0,2758.0,mst,3.2498066625076505,1.1739448177028513,-67.43461452644055,6.263310352230405,455.5945852487497,26,24976.489244969638,4,1.6919444273121373,2.2236100830518084
