x 1,y 1,Count 1,Bkg Count 1,Telescope 1,Dangle 1,Altitude 1,x 2,y 2,Count 2,Bkg Count 2,Telescope 2,Dangle 2,Altitude 2,x 3,y 3,Count 3,Bkg Count 3,Telescope 3,Dangle 3,Altitude 3,x 4,y 4,Count 4,Bkg Count 4,Telescope 4,Dangle 4,Altitude 4,x 5,y 5,Count 5,Bkg Count 5,Telescope 5,Dangle 5,Altitude 5,True X,True Y,True Energy Per Nucleon,True Z,True Height,Detecions,Phi,Epsilon,Theta
0.0,0.0,1238.0,53893.0,lst,3.5648201169244977,1.638318047428885,60.0,60.0,311.0,9973.0,mst,4.596798086288652,1.9811534975900738,60.0,-60.0,0.0,5738.0,mst,3.7359594508545326,3.3549824750812918,-60.0,60.0,68.0,15484.0,mst,1.937537215617009,0.6448587777922139,-60.0,-60.0,28.0,6984.0,mst,2.9029077877916794,2.7941415756915413,-31.499390821368095,70.66555991232426,728.851059728566,26,29946.064054529004,4,1.7429361427912617,2.866766735600369
0.0,0.0,2670.0,0.0,lst,1.1755533038130266,1.486881820249571,60.0,60.0,137.0,0.0,mst,6.195598169005238,2.118449578872995,60.0,-60.0,341.0,0.0,mst,3.2920318236243746,0.990159080242119,-60.0,60.0,0.0,0.0,mst,0.9409550341575867,3.5873268151688613,-60.0,-60.0,34.0,0.0,mst,1.9062809503628755,3.057038834008495,53.61499254274062,-22.20521613243153,252.0174661438263,26,24225.070887013597,4,1.4417446115697534,1.3120883579167355
0.0,0.0,302.0,3327.0,lst,5.57381190927294,0.5478358985676728,60.0,60.0,0.0,250.0,mst,5.500541957064516,2.7169907913898514,60.0,-60.0,333.0,404.0,mst,4.184767838080109,2.227565900180701,-60.0,60.0,212.0,428.0,mst,0.5372204097217564,2.3829846007462425,-60.0,-60.0,290.0,413.0,mst,2.3417505594766324,1.7489844240251955,-14.0159377676691,-16.14105335145399,401.5586098699653,26,29032.871332786242,4,1.8439624934426164,5.029712076198335
