x 1,y 1,Count 1,Bkg Count 1,Telescope 1,Dangle 1,Altitude 1,x 2,y 2,Count 2,Bkg Count 2,Telescope 2,Dangle 2,Altitude 2,x 3,y 3,Count 3,Bkg Count 3,Telescope 3,Dangle 3,Altitude 3,x 4,y 4,Count 4,Bkg Count 4,Telescope 4,Dangle 4,Altitude 4,x 5,y 5,Count 5,Bkg Count 5,Telescope 5,Dangle 5,Altitude 5,True X,True Y,True Energy Per Nucleon,True Z,True Height,Detecions,Phi,Epsilon,Theta
0.0,0.0,1338.0,240978.0,lst,2.6384725310769497,0.5792350657699895,60.0,60.0,240.0,44379.0,mst,5.210123887108493,0.5718392405974397,60.0,-60.0,2001.0,22810.0,mst,3.5270051099761113,1.4135070948982347,-60.0,60.0,955.0,26847.0,mst,1.32599066648313,1.1077077801261903,-60.0,-60.0,905.0,17004.0,mst,2.4492319949302814,1.6981705393088322,21.4125771726562,39.00501082712853,1542.3943151516528,26,20549.117764009792,5,1.5197831585820212,4.728112288465122
0.0,0.0,599.0,98946.0,lst,0.9041015130392188,0.7544094369362676,60.0,60.0,1284.0,9172.0,mst,5.952135840762531,1.7525331387964123,60.0,-60.0,407.0,16471.0,mst,3.853356387631081,0.9436941632538204,-60.0,60.0,0.0,8603.0,mst,0.8337927891225584,2.4199967236877016,-60.0,-60.0,727.0,14181.0,mst,1.9463788920861738,1.9175757186635964,29.703723199189056,-23.837302834927556,854.9956142634868,26,29392.590912097978,4,1.716275114331307,0.5365004213685987
0.0,0.0,1517.0,21999.0,lst,0.7746752659461086,1.9432461397570369,60.0,60.0,71.0,2821.0,mst,0.13070104898785978,2.4887814985296974,60.0,-60.0,62.0,7671.0,mst,0.6994182630092818,0.4627849302980576,-60.0,60.0,0.0,1581.0,mst,0.7824618022412422,3.4449214107262516,-60.0,-60.0,180.0,2072.0,mst,1.4233168084038994,2.425147070061254,77.63756551485253,-80.8821219312912,543.6115311451213,26,25414.02815580759,4,1.6644906110201148,3.091730896704302
0.0,0.0,2509.0,55849.0,lst,0.09691236937642342,1.7650746157862531,60.0,60.0,35.0,8176.0,mst,5.990843612193348,2.8873969692757435,60.0,-60.0,770.0,28221.0,mst,5.383078491136616,1.0476332184533552,-60.0,60.0,22.0,9923.0,mst,0.42373598508073707,3.1191997938023213,-60.0,-60.0,1528.0,23774.0,mst,1.0381052458317255,1.455441880919644,10.16201019002824,-100.0029274380585,1171.1210330031518,26,27821.215028412713,5,1.240898500792354,4.28422558903769
