x 1,y 1,Count 1,Bkg Count 1,Telescope 1,Dangle 1,Altitude 1,x 2,y 2,Count 2,Bkg Count 2,Telescope 2,Dangle 2,Altitude 2,x 3,y 3,Count 3,Bkg Count 3,Telescope 3,Dangle 3,Altitude 3,x 4,y 4,Count 4,Bkg Count 4,Telescope 4,Dangle 4,Altitude 4,x 5,y 5,Count 5,Bkg Count 5,Telescope 5,Dangle 5,Altitude 5,True X,True Y,True Energy Per Nucleon,True Z,True Height,Detecions,Phi,Epsilon,Theta
0.0,0.0,3121.0,3544.0,lst,3.581057367322033,0.932964850994215,60.0,60.0,1155.0,828.0,mst,4.875084600068852,1.4552916069349602,60.0,-60.0,0.0,380.0,mst,3.7882486060061984,2.387545145430733,-60.0,60.0,171.0,962.0,mst,1.243565497697737,0.7726350826087881,-60.0,-60.0,416.0,562.0,mst,2.8207784333400894,2.086908988257309,-22.998159334379736,47.231676841065166,409.02834487344813,26,25656.235775161706,4,1.2411958529916565,4.32620419172427
0.0,0.0,2353.0,191095.0,lst,2.8450281939247555,1.0557029905459265,60.0,60.0,395.0,31929.0,mst,5.0009822886603885,0.9645677367689534,60.0,-60.0,248.0,22846.0,mst,3.534309951551483,2.3919072127283885,-60.0,60.0,276.0,26499.0,mst,1.3869993706478063,1.7059247687238783,-60.0,-60.0,78.0,20039.0,mst,2.5285124774589023,2.8086062063054653,15.052157080277652,47.04345960181499,1359.4961424299074,26,32306.923524302107,5,1.2784562508508173,4.217328374354348
0.0,0.0,867.0,0.0,lst,4.258014593172695,0.6445314745301146,60.0,60.0,395.0,0.0,mst,5.1819809668793635,1.997382960322325,60.0,-60.0,0.0,0.0,mst,4.017705653656667,2.2239925865744516,-60.0,60.0,276.0,0.0,mst,0.5955192795713474,1.0563801168121394,-60.0,-60.0,599.0,0.0,mst,2.761388138023733,1.4457699884340862,-30.075371005651547,14.594210100382838,308.7099274911429,26,23969.576462979057,4,1.251489620081862,2.4068365186918395
