x 1,y 1,Count 1,Bkg Count 1,Telescope 1,Dangle 1,Altitude 1,x 2,y 2,Count 2,Bkg Count 2,Telescope 2,Dangle 2,Altitude 2,x 3,y 3,Count 3,Bkg Count 3,Telescope 3,Dangle 3,Altitude 3,x 4,y 4,Count 4,Bkg Count 4,Telescope 4,Dangle 4,Altitude 4,x 5,y 5,Count 5,Bkg Count 5,Telescope 5,Dangle 5,Altitude 5,True X,True Y,True Energy Per Nucleon,True Z,True Height,Detecions,Phi,Epsilon,Theta
0.0,0.0,2231.0,35586.0,lst,4.323052617409916,1.0635997321126647,60.0,60.0,77.0,2917.0,mst,5.026031082996844,2.1529057664625495,60.0,-60.0,0.0,2395.0,mst,4.105980518220236,2.4866757304233773,-60.0,60.0,272.0,6730.0,mst,0.10090092109546284,0.6546726224431014,-60.0,-60.0,985.0,4445.0,mst,3.0879086847357264,1.409323685065213,-56.59854901771757,22.22737274873279,531.5287866019312,26,25285.718735034487,4,1.407839916089561,1.7537939322475302
0.0,0.0,612.0,118614.0,lst,3.9910099650852247,0.5377391923536224,60.0,60.0,891.0,9907.0,mst,5.146008396296714,1.5555701357781935,60.0,-60.0,0.0,8352.0,mst,3.940866009163147,1.9665076546143068,-60.0,60.0,202.0,15070.0,mst,0.749293842321697,0.8824599192237671,-60.0,-60.0,1524.0,11269.0,mst,2.7176654737574286,1.5270546166915908,-23.840369127619937,21.437619117925863,770.3374781670011,26,25745.155563236727,4,1.5568463176176826,4.255832768145938
