x 1,y 1,Count 1,Bkg Count 1,Telescope 1,Dangle 1,Altitude 1,x 2,y 2,Count 2,Bkg Count 2,Telescope 2,Dangle 2,Altitude 2,x 3,y 3,Count 3,Bkg Count 3,Telescope 3,Dangle 3,Altitude 3,x 4,y 4,Count 4,Bkg Count 4,Telescope 4,Dangle 4,Altitude 4,x 5,y 5,Count 5,Bkg Count 5,Telescope 5,Dangle 5,Altitude 5,True X,True Y,True Energy Per Nucleon,True Z,True Height,Detecions,Phi,Epsilon,Theta
0.0,0.0,2224.0,249885.0,lst,4.710698277857907,1.2691434870285871,60.0,60.0,59.0,19162.0,mst,5.181711709249856,3.0006715455008552,60.0,-60.0,0.0,14074.0,mst,4.221189709526738,3.1493107149562847,-60.0,60.0,521.0,51827.0,mst,0.11231848270174954,1.434007162121464,-60.0,-60.0,1603.0,42114.0,mst,3.015277918972882,1.6112984061752311,-52.529064264934505,0.8576900492335255,1819.1027092133372,26,36446.03495479369,4,1.926168681058945,5.660759460622328
0.0,0.0,3566.0,32103.0,lst,0.44669105604048587,1.3614430971801788,60.0,60.0,46.0,3003.0,mst,6.028908532081764,2.6872582772898603,60.0,-60.0,180.0,7059.0,mst,4.727319532672844,0.7146602700736109,-60.0,60.0,21.0,2642.0,mst,0.6385435774373733,3.0230577111687515,-60.0,-60.0,0.0,5033.0,mst,1.5541446928222034,1.7072962028274759,27.899669133970747,-60.66252722450788,552.8550283747164,26,29130.318558821375,4,1.2241535367515601,1.6847317287893084
0.0,0.0,915.0,76750.0,lst,1.9524649431455245,1.1764776784744786,60.0,60.0,274.0,10892.0,mst,6.01591984828173,0.9491811552205751,60.0,-60.0,972.0,9228.0,mst,3.271741871540598,1.7397029008366351,-60.0,60.0,107.0,6183.0,mst,1.2050850901315007,2.668937134712533,-60.0,-60.0,0.0,6900.0,mst,2.1942706511362866,3.0079522591721526,48.9926514078889,20.1520064857433,702.8406205641097,26,31156.27920105502,4,1.8531821908857837,3.495402649958981
0.0,0.0,407.0,41607.0,lst,2.379817539586474,2.3091248706040877,60.0,60.0,139.0,14961.0,mst,2.372122116418973,0.578376207767918,60.0,-60.0,27.0,5919.0,mst,3.006173038136021,2.955394415438123,-60.0,60.0,25.0,5673.0,mst,1.7175860461979764,2.828346479827105,-60.0,-60.0,0.0,4196.0,mst,2.353914192291836,4.051866097372756,79.47074407928335,80.48006827070822,733.610776178798,26,29815.297897572233,4,1.8353177174301347,0.9238002600243201
