x 1,y 1,Count 1,Bkg Count 1,Telescope 1,Dangle 1,Altitude 1,x 2,y 2,Count 2,Bkg Count 2,Telescope 2,Dangle 2,Altitude 2,x 3,y 3,Count 3,Bkg Count 3,Telescope 3,Dangle 3,Altitude 3,x 4,y 4,Count 4,Bkg Count 4,Telescope 4,Dangle 4,Altitude 4,x 5,y 5,Count 5,Bkg Count 5,Telescope 5,Dangle 5,Altitude 5,True X,True Y,True Energy Per Nucleon,True Z,True Height,Detecions,Phi,Epsilon,Theta
0.0,0.0,381.0,101732.0,lst,0.23573902283612713,0.8249187223950087,60.0,60.0,95.0,12856.0,mst,5.743342014567831,2.975678063138468,60.0,-60.0,170.0,16827.0,mst,4.166681746117608,1.8460799174159277,-60.0,60.0,56.0,9706.0,mst,0.6467735260020111,3.1756066222707733,-60.0,-60.0,0.0,13012.0,mst,2.0162224225758094,2.160992612776224,6.328624570369044,-27.511653933199938,906.3975144627818,26,35723.84489792704,4,1.4119171518253149,0.19621279787155899
0.0,0.0,1967.0,109775.0,lst,2.4183522815574174,0.7863118746160196,60.0,60.0,443.0,23810.0,mst,5.434103893470382,0.8477829036219364,60.0,-60.0,627.0,12815.0,mst,3.509573080160115,1.9247815478364838,-60.0,60.0,1623.0,13883.0,mst,1.2187743179137005,1.7743937510287926,-60.0,-60.0,142.0,7996.0,mst,2.3741748672307277,2.5013202794564378,25.93304207511332,29.717081165208583,956.7981186547262,26,29793.06489524006,5,1.26835886481337,5.946737181607348
0.0,0.0,612.0,221182.0,lst,4.687475160213993,0.5443169431844443,60.0,60.0,0.0,27034.0,mst,5.335399356863538,2.0949096072467714,60.0,-60.0,607.0,23735.0,mst,4.104310620247893,2.1215791022228006,-60.0,60.0,800.0,33230.0,mst,0.5202021160451074,1.333064538755265,-60.0,-60.0,660.0,28368.0,mst,2.6424369545685336,1.3477267587605106,-26.578942587350696,0.11664571873527052,1401.9449679961037,26,30038.129230799514,4,1.7112808396700179,1.3087838237024987
