x 1,y 1,Count 1,Bkg Count 1,Telescope 1,Dangle 1,Altitude 1,x 2,y 2,Count 2,Bkg Count 2,Telescope 2,Dangle 2,Altitude 2,x 3,y 3,Count 3,Bkg Count 3,Telescope 3,Dangle 3,Altitude 3,x 4,y 4,Count 4,Bkg Count 4,Telescope 4,Dangle 4,Altitude 4,x 5,y 5,Count 5,Bkg Count 5,Telescope 5,Dangle 5,Altitude 5,True X,True Y,True Energy Per Nucleon,True Z,True Height,Detecions,Phi,Epsilon,Theta
0.0,0.0,6049.0,22631.0,lst,3.619822635757093,1.379948457451085,60.0,60.0,2252.0,3344.0,mst,4.45746078215337,1.53044616614929,60.0,-60.0,0.0,1275.0,mst,3.7592539181773867,2.530286513243412,-60.0,60.0,170.0,6206.0,mst,2.621346151362753,0.4694797918789021,-60.0,-60.0,319.0,2202.0,mst,3.045706343238624,2.0955860469565817,-44.576064407915155,87.8784014940635,515.7160659412502,26,21156.749713735036,4,1.70999119376521,4.52899609501699
0.0,0.0,4278.0,29627.0,lst,1.3290035904932251,1.1546467425860802,60.0,60.0,715.0,5079.0,mst,0.09772167838561353,1.2669672963055179,60.0,-60.0,312.0,7004.0,mst,2.9843352133364327,0.7631540255961418,-60.0,60.0,103.0,2671.0,mst,1.039303803956611,2.485956044984774,-60.0,-60.0,84.0,2909.0,mst,1.9186597250904422,2.256601706796977,67.19674935077634,-15.154520561415751,546.1105083276678,26,24637.898403524025,5,1.5170554343891458,6.200173337507795
0.0,0.0,1410.0,31943.0,lst,4.135694556145105,2.277791492899053,60.0,60.0,28.0,4508.0,mst,4.640342663795883,2.92409779288252,60.0,-60.0,0.0,3399.0,mst,4.073323259669087,3.688778609672904,-60.0,60.0,849.0,9030.0,mst,4.46428384846783,0.9181070223266001,-60.0,-60.0,111.0,6120.0,mst,3.518531120154523,2.436150633561122,-113.03726827016087,73.54249219177805,712.2008463948988,26,25558.278300626003,4,1.5913435153577384,1.9392380677547993
0.0,0.0,2308.0,50249.0,lst,3.549443846222588,0.7392611723331683,60.0,60.0,1358.0,6978.0,mst,4.886386699699968,1.2291615767169806,60.0,-60.0,0.0,5043.0,mst,3.784043725267983,1.9525061450044752,-60.0,60.0,294.0,10428.0,mst,1.2386095253717113,0.6433987643880601,-60.0,-60.0,1170.0,5832.0,mst,2.787145345975992,1.707175600690124,-20.325062490034753,46.12474457794025,627.8021291535475,26,23282.284301468288,4,1.7839187369758287,4.08803544245675
