x 1,y 1,Count 1,Bkg Count 1,Telescope 1,Dangle 1,Altitude 1,x 2,y 2,Count 2,Bkg Count 2,Telescope 2,Dangle 2,Altitude 2,x 3,y 3,Count 3,Bkg Count 3,Telescope 3,Dangle 3,Altitude 3,x 4,y 4,Count 4,Bkg Count 4,Telescope 4,Dangle 4,Altitude 4,x 5,y 5,Count 5,Bkg Count 5,Telescope 5,Dangle 5,Altitude 5,True X,True Y,True Energy Per Nucleon,True Z,True Height,Detecions,Phi,Epsilon,Theta
0.0,0.0,2806.0,147050.0,lst,0.8360246767856743,1.233071229654105,60.0,60.0,330.0,11787.0,mst,6.165857512093831,2.0893241643694345,60.0,-60.0,34.0,28053.0,mst,3.8334979043390764,0.4996512103645755,-60.0,60.0,0.0,9083.0,mst,0.7893671406544028,2.8865516907831963,-60.0,-60.0,451.0,12463.0,mst,1.7196796144945505,2.15831373152498,46.14074223121841,-42.93179675225272,1094.2967641279542,26,32115.09899034251,4,1.9452597470551916,0.7637274640919632
0.0,0.0,216.0,28247.0,lst,0.4586753402772258,0.8122060956981559,60.0,60.0,24.0,2868.0,mst,5.701649787438191,3.6719420485160814,60.0,-60.0,90.0,4134.0,mst,4.02185331695168,2.5658145754468284,-60.0,60.0,0.0,2636.0,mst,0.7228764083141287,4.094969871990807,-60.0,-60.0,33.0,3583.0,mst,2.1156737150328264,3.1674571671055642,9.376552499542925,-18.416756827848673,496.3028657436552,26,33087.855398617605,4,1.5195946561524685,0.35920317591433076
0.0,0.0,7163.0,6309.0,lst,0.45510151453654957,1.4673897307536277,60.0,60.0,51.0,750.0,mst,6.108141384453662,2.465688868096487,60.0,-60.0,127.0,1656.0,mst,5.275022651270038,0.5233228543652758,-60.0,60.0,23.0,471.0,mst,0.6199657746027026,2.8843177331339813,-60.0,-60.0,0.0,1132.0,mst,1.4217010406102182,1.6693750217387484,35.85135221799007,-75.75434540919719,419.6201753173555,26,25094.950299187065,4,1.307583595798737,1.2618498080516516
0.0,0.0,160.0,2037.0,lst,0.34731118606213196,0.729356146136412,60.0,60.0,34.0,265.0,mst,5.6838437265426744,3.1670233890963426,60.0,-60.0,72.0,250.0,mst,4.051598059057205,2.3258250828205473,-60.0,60.0,21.0,190.0,mst,0.6977356713579185,3.662500283858625,-60.0,-60.0,22.0,203.0,mst,2.0950352890491457,2.977452312523531,7.383178731573338,-19.8568922035997,395.9310562435221,26,30568.008353075656,5,1.2026065830980084,5.594439780811834
