x 1,y 1,Count 1,Bkg Count 1,Telescope 1,Dangle 1,Altitude 1,x 2,y 2,Count 2,Bkg Count 2,Telescope 2,Dangle 2,Altitude 2,x 3,y 3,Count 3,Bkg Count 3,Telescope 3,Dangle 3,Altitude 3,x 4,y 4,Count 4,Bkg Count 4,Telescope 4,Dangle 4,Altitude 4,x 5,y 5,Count 5,Bkg Count 5,Telescope 5,Dangle 5,Altitude 5,True X,True Y,True Energy Per Nucleon,True Z,True Height,Detecions,Phi,Epsilon,Theta
0.0,0.0,153.0,50042.0,lst,4.421275627737918,0.3204470046339715,60.0,60.0,2376.0,5527.0,mst,5.311039983786873,1.4417280691939554,60.0,-60.0,2767.0,6465.0,mst,4.004862543106585,1.6384949225008691,-60.0,60.0,701.0,7609.0,mst,0.633065032697896,0.9501751679665039,-60.0,-60.0,1187.0,7207.0,mst,2.5843955100526026,1.1898792257354414,-18.69414836480732,5.466334982686874,616.0129470656625,26,23999.264843843986,5,1.92928044075117,0.6725777145848794
0.0,0.0,1626.0,46835.0,lst,4.862128521159432,1.6847213410427733,60.0,60.0,0.0,5139.0,mst,5.122656409834143,2.636631787234193,60.0,-60.0,40.0,5996.0,mst,4.495317349949324,2.5474689162912014,-60.0,60.0,835.0,10400.0,mst,5.607709861466555,1.3701767035206034,-60.0,-60.0,940.0,12896.0,mst,4.160815572817497,1.0432746391357601,-124.64798483431254,-20.36461515888459,821.5450722453534,26,23199.621525228777,4,1.9400098453912389,5.395851892201484
0.0,0.0,3563.0,34443.0,lst,5.206198224288247,1.215790119345392,60.0,60.0,32.0,2999.0,mst,5.339600374043695,2.531998093726008,60.0,-60.0,109.0,3993.0,mst,4.530198388492437,1.9737012706935104,-60.0,60.0,3436.0,4987.0,mst,6.180970072237751,1.5909784053463079,-60.0,-60.0,128.0,9295.0,mst,3.4841165405788606,0.39990672063328786,-68.9828474273807,-35.528981787376864,604.2420436274841,26,24981.854515377843,5,1.917297543154961,3.957074070933644
0.0,0.0,2196.0,206423.0,lst,3.2029651599156477,1.175580473003479,60.0,60.0,601.0,52980.0,mst,4.782635912058684,1.3506060519410374,60.0,-60.0,81.0,15543.0,mst,3.6401574062733952,2.780982132243243,-60.0,60.0,508.0,39440.0,mst,1.4943580447640399,1.1817453215322562,-60.0,-60.0,0.0,26738.0,mst,2.6923155137411174,2.6868447360342036,-3.8357094334354827,55.124180921340724,1931.451079635538,26,31810.933253893043,4,1.4807561360178503,1.1192442722398077
