x 1,y 1,Count 1,Bkg Count 1,Telescope 1,Dangle 1,Altitude 1,x 2,y 2,Count 2,Bkg Count 2,Telescope 2,Dangle 2,Altitude 2,x 3,y 3,Count 3,Bkg Count 3,Telescope 3,Dangle 3,Altitude 3,x 4,y 4,Count 4,Bkg Count 4,Telescope 4,Dangle 4,Altitude 4,x 5,y 5,Count 5,Bkg Count 5,Telescope 5,Dangle 5,Altitude 5,True X,True Y,True Energy Per Nucleon,True Z,True Height,Detecions,Phi,Epsilon,Theta
0.0,0.0,1813.0,83886.0,lst,0.8818059735987677,1.2615044033214518,60.0,60.0,94.0,14941.0,mst,5.992844252225681,2.62685657889091,60.0,-60.0,419.0,14656.0,mst,3.810451215090151,1.2083372299419268,-60.0,60.0,0.0,6865.0,mst,0.8328224367810961,3.7192489069512518,-60.0,-60.0,33.0,13334.0,mst,1.9062458008174894,2.8788955936514253,34.11789685002256,-27.41101221610805,793.5306991672561,26,34605.5703030817,4,1.5569432699304644,2.074033014827753
0.0,0.0,0.0,0.0,lst,0.41792486491497355,None,60.0,60.0,138.0,0.0,mst,5.6604487434295585,2.649771300707371,60.0,-60.0,91.0,0.0,mst,4.005083155161649,2.052446849194426,-60.0,60.0,49.0,0.0,mst,0.7541427752418756,2.8483137843339223,-60.0,-60.0,395.0,0.0,mst,2.169468774792899,2.334157770266723,6.169764440915543,-13.775571924299499,276.0969879541337,26,25710.17516585129,4,1.6606519001259292,2.3304379992315476
0.0,0.0,1329.0,66954.0,lst,4.09006736111138,0.7779120256477838,60.0,60.0,1556.0,5497.0,mst,5.008973068913649,1.650721709903632,60.0,-60.0,150.0,4944.0,mst,3.96099930373072,2.0946836813304883,-60.0,60.0,235.0,10189.0,mst,0.5470566340055028,0.589593101191428,-60.0,-60.0,725.0,7380.0,mst,2.908456451279343,1.4266879059921576,-39.93168105847329,28.634736717464364,658.4314849424787,26,23760.183455182578,5,1.6403926347757873,0.054078860872455656
