x 1,y 1,Count 1,Bkg Count 1,Telescope 1,Dangle 1,Altitude 1,x 2,y 2,Count 2,Bkg Count 2,Telescope 2,Dangle 2,Altitude 2,x 3,y 3,Count 3,Bkg Count 3,Telescope 3,Dangle 3,Altitude 3,x 4,y 4,Count 4,Bkg Count 4,Telescope 4,Dangle 4,Altitude 4,x 5,y 5,Count 5,Bkg Count 5,Telescope 5,Dangle 5,Altitude 5,True X,True Y,True Energy Per Nucleon,True Z,True Height,Detecions,Phi,Epsilon,Theta
0.0,0.0,2432.0,25193.0,lst,5.608297542997111,0.8685475357597467,60.0,60.0,60.0,2066.0,mst,5.557413009853782,2.323677341219324,60.0,-60.0,1717.0,3277.0,mst,4.47788461023572,1.5009478546593498,-60.0,60.0,0.0,2874.0,mst,0.27364515989428545,1.8275007612619774,-60.0,-60.0,292.0,4649.0,mst,2.188415483439474,0.5974444475106961,-31.311474669536494,-38.78182674401191,501.0127837896173,26,25404.259783160243,4,1.9221558943393862,3.538953967992134
0.0,0.0,3282.0,15141.0,lst,4.907372726341132,1.452305308265762,60.0,60.0,0.0,1218.0,mst,5.230356862208244,3.0027002857134133,60.0,-60.0,44.0,1238.0,mst,4.387355413329326,2.7603605166526664,-60.0,60.0,856.0,3003.0,mst,6.116090645523162,1.5368372283216818,-60.0,-60.0,608.0,3059.0,mst,3.3889474997017683,0.9526538876793675,-72.41911642832099,-14.050912989484857,477.5039090514723,26,28184.469505913916,4,1.236090421126738,4.679051818751168
