x 1,y 1,Count 1,Bkg Count 1,Telescope 1,Dangle 1,Altitude 1,x 2,y 2,Count 2,Bkg Count 2,Telescope 2,Dangle 2,Altitude 2,x 3,y 3,Count 3,Bkg Count 3,Telescope 3,Dangle 3,Altitude 3,x 4,y 4,Count 4,Bkg Count 4,Telescope 4,Dangle 4,Altitude 4,x 5,y 5,Count 5,Bkg Count 5,Telescope 5,Dangle 5,Altitude 5,True X,True Y,True Energy Per Nucleon,True Z,True Height,Detecions,Phi,Epsilon,Theta
0.0,0.0,1291.0,88373.0,lst,4.775280604899201,0.8388068754741512,60.0,60.0,192.0,9910.0,mst,5.2634837182836085,2.216240317089305,60.0,-60.0,273.0,10059.0,mst,4.210255497275878,2.157292686548193,-60.0,60.0,936.0,16563.0,mst,0.24165661554290305,1.11901688455237,-60.0,-60.0,630.0,19155.0,mst,2.90456009091446,1.0231650774589045,-45.09938808351025,-2.780449592504766,895.2274905546258,26,27537.32157051287,5,1.8823116660930896,1.510202315599529
0.0,0.0,993.0,28703.0,lst,0.45258240921420795,0.7360598240186144,60.0,60.0,0.0,3071.0,mst,5.7781885792082255,2.320354858997525,60.0,-60.0,623.0,5144.0,mst,4.091986896179886,1.4477017215029906,-60.0,60.0,102.0,2810.0,mst,0.6938800997911065,2.7754347383392433,-60.0,-60.0,536.0,3195.0,mst,1.9957275024197345,2.1172894358585346,13.520293405331188,-27.258650036781646,501.73805529526663,26,30639.424646132884,4,1.9365552049639285,5.918772133578879
0.0,0.0,1442.0,154051.0,lst,5.787199856319434,1.0991652874479887,60.0,60.0,0.0,10706.0,mst,5.57687869062102,3.3255094001003034,60.0,-60.0,270.0,19586.0,mst,4.446433756835669,2.223544177719393,-60.0,60.0,100.0,17615.0,mst,0.3843759243570281,2.7494568854914374,-60.0,-60.0,450.0,29487.0,mst,2.117059574453521,1.2385273941189858,-20.16534526720659,-36.16515434500053,1089.8835912887423,26,34907.34858933942,4,1.5222694259891716,2.5957612043232494
0.0,0.0,2803.0,106962.0,lst,1.249173503172216,1.3569753954546462,60.0,60.0,173.0,14163.0,mst,0.13328267848077743,1.5342160658467516,60.0,-60.0,150.0,29584.0,mst,2.8854642855666706,0.736173457294956,-60.0,60.0,21.0,8955.0,mst,1.0031895163099287,2.8392764705497977,-60.0,-60.0,162.0,10038.0,mst,1.8604799036409825,2.500405573914124,70.19024891790181,-22.4178125944146,957.7157605180782,26,28265.174950837605,5,1.6754466372371866,0.7334965947241785
