x 1,y 1,Count 1,Bkg Count 1,Telescope 1,Dangle 1,Altitude 1,x 2,y 2,Count 2,Bkg Count 2,Telescope 2,Dangle 2,Altitude 2,x 3,y 3,Count 3,Bkg Count 3,Telescope 3,Dangle 3,Altitude 3,x 4,y 4,Count 4,Bkg Count 4,Telescope 4,Dangle 4,Altitude 4,x 5,y 5,Count 5,Bkg Count 5,Telescope 5,Dangle 5,Altitude 5,True X,True Y,True Energy Per Nucleon,True Z,True Height,Detecions,Phi,Epsilon,Theta
0.0,0.0,2773.0,71913.0,lst,3.0802812721116903,1.0340290346567884,60.0,60.0,470.0,13355.0,mst,4.851164859562939,1.2101078158891991,60.0,-60.0,148.0,6067.0,mst,3.609918071567858,2.563532429274496,-60.0,60.0,509.0,14582.0,mst,1.4406410096094082,1.2466831692782752,-60.0,-60.0,75.0,6653.0,mst,2.652155522124193,2.5601402287520103,3.179659454203488,51.39646115094939,764.1784921413407,26,29670.465656662447,5,1.8145581238921622,1.5515937023089883
0.0,0.0,5060.0,140290.0,lst,0.09928482946462794,1.540844206978108,60.0,60.0,0.0,11221.0,mst,5.9890068827676135,2.648489000221716,60.0,-60.0,697.0,34553.0,mst,5.284523440852051,0.9806879486477574,-60.0,60.0,37.0,5474.0,mst,0.4336478493212997,2.8304020147396085,-60.0,-60.0,1061.0,25518.0,mst,1.1625287082897844,1.3669994416164086,10.62262279184506,-91.7342619299952,1543.5287458150124,26,28930.17867377213,4,1.2308134303631266,5.835391160916963
