x 1,y 1,Count 1,Bkg Count 1,Telescope 1,Dangle 1,Altitude 1,x 2,y 2,Count 2,Bkg Count 2,Telescope 2,Dangle 2,Altitude 2,x 3,y 3,Count 3,Bkg Count 3,Telescope 3,Dangle 3,Altitude 3,x 4,y 4,Count 4,Bkg Count 4,Telescope 4,Dangle 4,Altitude 4,x 5,y 5,Count 5,Bkg Count 5,Telescope 5,Dangle 5,Altitude 5,True X,True Y,True Energy Per Nucleon,True Z,True Height,Detecions,Phi,Epsilon,Theta
0.0,0.0,1732.0,113781.0,lst,1.84297794583013,1.0335735929367795,60.0,60.0,220.0,20928.0,mst,5.841996253870026,1.3901315817237456,60.0,-60.0,777.0,20255.0,mst,3.432138847166697,1.9157567509864586,-60.0,60.0,39.0,14287.0,mst,1.134105093761282,2.831762892376723,-60.0,-60.0,0.0,15688.0,mst,2.167620877647081,3.162742084152539,38.25033737046604,11.145381963379151,1040.4879601318682,26,34439.4537455675,4,1.4709545928364616,4.854042437603495
0.0,0.0,3393.0,3902.0,lst,3.4114814136560754,1.9834820001109261,60.0,60.0,719.0,641.0,mst,4.452829980178669,1.968056258744886,60.0,-60.0,0.0,359.0,mst,3.6544563386669786,3.798057134188433,-60.0,60.0,284.0,1021.0,mst,2.1056500995318808,0.9896859181278878,-60.0,-60.0,22.0,455.0,mst,2.899538753416646,3.3971722062600156,-22.612415803710988,82.39431367758118,410.46764439059456,26,27577.881837946083,4,1.6324563168120798,2.334997276602064
0.0,0.0,9234.0,26268.0,lst,2.1742639178916137,1.7204036931920184,60.0,60.0,84.0,9901.0,mst,1.6042942414258354,0.43585379723331086,60.0,-60.0,654.0,4982.0,mst,2.915161524400033,2.0043128697327965,-60.0,60.0,176.0,3528.0,mst,1.5710824043887803,2.3316138666863537,-60.0,-60.0,0.0,2266.0,mst,2.2291078445220642,3.06048529169512,89.25371783212026,60.68711871402442,607.6529083459569,26,24138.980711341046,4,1.303239956003108,6.269930309394035
