x 1,y 1,Count 1,Bkg Count 1,Telescope 1,Dangle 1,Altitude 1,x 2,y 2,Count 2,Bkg Count 2,Telescope 2,Dangle 2,Altitude 2,x 3,y 3,Count 3,Bkg Count 3,Telescope 3,Dangle 3,Altitude 3,x 4,y 4,Count 4,Bkg Count 4,Telescope 4,Dangle 4,Altitude 4,x 5,y 5,Count 5,Bkg Count 5,Telescope 5,Dangle 5,Altitude 5,True X,True Y,True Energy Per Nucleon,True Z,True Height,Detecions,Phi,Epsilon,Theta
0.0,0.0,1696.0,108866.0,lst,2.581595642422342,0.7514108840931395,60.0,60.0,198.0,21410.0,mst,5.284719616528384,0.8639091824105098,60.0,-60.0,0.0,8365.0,mst,3.50802116701698,1.892988348034435,-60.0,60.0,2884.0,15288.0,mst,1.3160613394303378,1.5797275314883683,-60.0,-60.0,415.0,7828.0,mst,2.4158296475291503,2.2194922320989607,23.27846054039412,36.696707418560095,860.9752605851811,26,29416.24274416497,4,1.2014641945081912,2.4046135461169666
0.0,0.0,2505.0,91613.0,lst,3.7599739529727767,2.003548665243898,60.0,60.0,325.0,9430.0,mst,4.386777615928055,2.273520000734275,60.0,-60.0,0.0,5391.0,mst,3.8549734011588757,3.2510574700983645,-60.0,60.0,466.0,34693.0,mst,3.5170081023338082,0.7386496849744855,-60.0,-60.0,141.0,10957.0,mst,3.252763315745536,2.430977601105269,-78.82796593549135,106.98776745944292,1297.960696527671,26,24928.621775160533,4,1.9027157456234238,2.4085688776631233
0.0,0.0,300.0,67783.0,lst,3.224460640716213,0.3856223039990023,60.0,60.0,946.0,8377.0,mst,5.286263284725603,1.4378299113011639,60.0,-60.0,358.0,4291.0,mst,3.7870603862293826,1.8815341751493102,-60.0,60.0,698.0,7357.0,mst,0.9557390039425059,1.5057459788345313,-60.0,-60.0,142.0,6030.0,mst,2.509268774706464,1.9645471636722047,-2.047646702646148,20.40130384644459,609.8044723170003,26,29129.165050049487,5,1.9415442412468777,4.055614226012179
0.0,0.0,7190.0,82356.0,lst,0.22938693860790169,1.0590481466303863,60.0,60.0,0.0,7607.0,mst,6.004173489311802,1.8958922773505165,60.0,-60.0,160.0,21205.0,mst,5.18890243533968,0.6091819912711,-60.0,60.0,283.0,7928.0,mst,0.5123503827641409,2.060990961433184,-60.0,-60.0,820.0,16449.0,mst,1.3450542564438308,1.079812329798969,19.081378025616175,-79.52372532652123,928.9510535516729,26,21417.740663448043,4,1.8504139620976239,0.69131672125798
