x 1,y 1,Count 1,Bkg Count 1,Telescope 1,Dangle 1,Altitude 1,x 2,y 2,Count 2,Bkg Count 2,Telescope 2,Dangle 2,Altitude 2,x 3,y 3,Count 3,Bkg Count 3,Telescope 3,Dangle 3,Altitude 3,x 4,y 4,Count 4,Bkg Count 4,Telescope 4,Dangle 4,Altitude 4,x 5,y 5,Count 5,Bkg Count 5,Telescope 5,Dangle 5,Altitude 5,True X,True Y,True Energy Per Nucleon,True Z,True Height,Detecions,Phi,Epsilon,Theta
0.0,0.0,1340.0,117396.0,lst,5.4953519862100055,1.943238563344298,60.0,60.0,0.0,7738.0,mst,5.484252458207497,3.4419844964239985,60.0,-60.0,31.0,8555.0,mst,4.831440661439343,2.4789220670740724,-60.0,60.0,144.0,18621.0,mst,6.152716577308224,2.4732298234379,-60.0,-60.0,74.0,46539.0,mst,5.426628687745015,0.4363936365573459,-78.68347567338286,-76.28379727659562,1324.8203352669452,26,28543.198655078075,4,1.7770646292952905,5.148632368906434
0.0,0.0,2064.0,147950.0,lst,3.0904839859572624,1.173576830097536,60.0,60.0,400.0,34890.0,mst,4.97895974918492,1.5752537419352546,60.0,-60.0,28.0,14550.0,mst,3.6658342905454426,3.157357968058589,-60.0,60.0,72.0,20488.0,mst,1.3044841730147274,1.7770409778427387,-60.0,-60.0,0.0,16203.0,mst,2.5903659920580835,3.2917217392946783,2.249322529127795,42.57648795433309,1170.6661772352834,26,36031.56251743684,4,1.8041003287601383,4.985567990630682
0.0,0.0,1305.0,71714.0,lst,4.204370309558518,0.795957555959686,60.0,60.0,134.0,8145.0,mst,5.118333397955525,2.183016278707916,60.0,-60.0,82.0,5392.0,mst,4.015603380102764,2.570752707136338,-60.0,60.0,295.0,10845.0,mst,0.5950477613630091,1.0952154897004405,-60.0,-60.0,576.0,8780.0,mst,2.794774798391461,1.7898811215982409,-32.10580434102418,18.765173835401583,655.5987010808157,26,29934.858480963452,5,1.3696977538413462,4.0908830261616105
0.0,0.0,3843.0,0.0,lst,4.598369496162198,1.232556382045289,60.0,60.0,0.0,0.0,mst,5.118933621967007,2.6039045950674327,60.0,-60.0,80.0,0.0,mst,4.225935665372882,2.546522874746504,-60.0,60.0,616.0,0.0,mst,6.17142239229333,1.0536594112728586,-60.0,-60.0,677.0,0.0,mst,3.237899325443632,1.1752181430208388,-66.00216383693562,7.329353349978135,344.5443352660801,26,24858.363756169554,4,1.1939746292080342,3.2942356782039557
