x 1,y 1,Count 1,Bkg Count 1,Telescope 1,Dangle 1,Altitude 1,x 2,y 2,Count 2,Bkg Count 2,Telescope 2,Dangle 2,Altitude 2,x 3,y 3,Count 3,Bkg Count 3,Telescope 3,Dangle 3,Altitude 3,x 4,y 4,Count 4,Bkg Count 4,Telescope 4,Dangle 4,Altitude 4,x 5,y 5,Count 5,Bkg Count 5,Telescope 5,Dangle 5,Altitude 5,True X,True Y,True Energy Per Nucleon,True Z,True Height,Detecions,Phi,Epsilon,Theta
0.0,0.0,2100.0,112010.0,lst,5.986763674427954,1.0716658761689568,60.0,60.0,100.0,11645.0,mst,5.669593777674418,2.6907649027434237,60.0,-60.0,665.0,23620.0,mst,4.57051573549163,1.5704875016324569,-60.0,60.0,120.0,13885.0,mst,0.39374879511481553,2.4720862477128183,-60.0,-60.0,261.0,23778.0,mst,1.7876037833632317,1.0018704009065553,-15.317861233680134,-49.13502197205692,1046.1544268953774,26,31698.01454848456,5,1.8587413401635595,5.436447757628026
0.0,0.0,5395.0,28013.0,lst,1.2139860574063535,1.2696493996148193,60.0,60.0,1800.0,5543.0,mst,6.2564972135628505,1.672147284244511,60.0,-60.0,178.0,7525.0,mst,3.180092778281618,0.8028491769260059,-60.0,60.0,53.0,2655.0,mst,0.9909123840888842,2.970517141518126,-60.0,-60.0,135.0,3584.0,mst,1.8893534241883723,2.5741592482192215,58.637975132289995,-20.25456995060054,540.2278463427332,26,28157.381175206647,5,1.441563846899795,2.2563648596069594
