x 1,y 1,Count 1,Bkg Count 1,Telescope 1,Dangle 1,Altitude 1,x 2,y 2,Count 2,Bkg Count 2,Telescope 2,Dangle 2,Altitude 2,x 3,y 3,Count 3,Bkg Count 3,Telescope 3,Dangle 3,Altitude 3,x 4,y 4,Count 4,Bkg Count 4,Telescope 4,Dangle 4,Altitude 4,x 5,y 5,Count 5,Bkg Count 5,Telescope 5,Dangle 5,Altitude 5,True X,True Y,True Energy Per Nucleon,True Z,True Height,Detecions,Phi,Epsilon,Theta
0.0,0.0,4512.0,108014.0,lst,3.057477462626794,1.3356747106769087,60.0,60.0,639.0,21819.0,mst,4.5180544120322255,1.0423356329273594,60.0,-60.0,30.0,10894.0,mst,3.5313783050916454,2.66429042256623,-60.0,60.0,626.0,17311.0,mst,1.7142242361872657,1.2864144248386615,-60.0,-60.0,0.0,8329.0,mst,2.669476608095836,2.7768876366998203,6.095279356063003,70.58762556225449,970.39917848416,26,28664.694603234017,4,1.457825023781738,5.3635456742223
0.0,0.0,2245.0,0.0,lst,2.530597231500028,1.2207400857772486,60.0,60.0,145.0,0.0,mst,5.210450155924079,0.7918513159260919,60.0,-60.0,0.0,0.0,mst,3.4180593701295945,2.46364737417497,-60.0,60.0,23.0,0.0,mst,1.3840258167783872,2.192443614305362,-60.0,-60.0,34.0,0.0,mst,2.4207439352456865,3.2118958583558985,29.671511237918878,43.38498722831554,300.3812655960708,26,25470.679301416556,4,1.3323015589015932,3.8847142937065984
0.0,0.0,2046.0,179816.0,lst,3.6322742828284884,1.2238287439614466,60.0,60.0,0.0,26585.0,mst,4.749891737715711,1.7127505424595897,60.0,-60.0,38.0,14173.0,mst,3.801579432757047,2.7912563073403733,-60.0,60.0,132.0,50319.0,mst,1.462413408855059,0.5472082180189718,-60.0,-60.0,75.0,18747.0,mst,2.893765734497555,2.2530881664136446,-30.148339902896723,56.95909450159962,1545.973169927383,26,29515.697425226586,4,1.3870881806585167,2.0891824075146106
