x 1,y 1,Count 1,Telescope 1,Dangle 1,Altitude 1,x 2,y 2,Count 2,Telescope 2,Dangle 2,Altitude 2,x 3,y 3,Count 3,Telescope 3,Dangle 3,Altitude 3,x 4,y 4,Count 4,Telescope 4,Dangle 4,Altitude 4,x 5,y 5,Count 5,Telescope 5,Dangle 5,Altitude 5,True X,True Y,True Energy Per Nucleon,True Z,True Height,Detecions,Phi,Epsilon,Theta
0.0,0.0,1878.1820938009278,lst,2.5623363723388843,0.5341530413203209,60.0,60.0,491.0574486475563,mst,5.361245111131604,0.8080664797125792,60.0,-60.0,1187.328252267306,mst,3.570746338892517,1.4687752390030526,-60.0,60.0,1009.6618094573644,mst,1.1975234646888095,1.4654908705634542,-60.0,-60.0,41.0260047220644,mst,2.4181876139168867,None,18.654439213180467,28.110086879467417,408.40325534324387,26,23782.935764984086,4,1.943762303796609,4.111676859559067
