x 1,y 1,Count 1,Bkg Count 1,Telescope 1,Dangle 1,Altitude 1,x 2,y 2,Count 2,Bkg Count 2,Telescope 2,Dangle 2,Altitude 2,x 3,y 3,Count 3,Bkg Count 3,Telescope 3,Dangle 3,Altitude 3,x 4,y 4,Count 4,Bkg Count 4,Telescope 4,Dangle 4,Altitude 4,x 5,y 5,Count 5,Bkg Count 5,Telescope 5,Dangle 5,Altitude 5,True X,True Y,True Energy Per Nucleon,True Z,True Height,Detecions,Phi,Epsilon,Theta
0.0,0.0,597.0,24651.0,lst,1.0121664466778446,0.5847569847648153,60.0,60.0,825.0,2374.0,mst,5.863422224102342,1.506235884661655,60.0,-60.0,430.0,4156.0,mst,3.785227530879561,0.9488910583330352,-60.0,60.0,97.0,2483.0,mst,0.8504237308303986,2.111729824614346,-60.0,-60.0,1083.0,1643.0,mst,2.018327629121746,1.7536823780165407,27.861399703076984,-17.367308474575452,480.29294994593675,26,25431.99184421057,5,1.6720538473690205,4.827643382879672
0.0,0.0,153.0,0.0,lst,5.8564701866468685,0.4699984429031691,60.0,60.0,62.0,0.0,mst,5.577044147737823,2.2419804050637806,60.0,-60.0,0.0,0.0,mst,4.182866853790317,1.6912861585584815,-60.0,60.0,518.0,0.0,mst,0.577253080488846,2.009864509840634,-60.0,-60.0,786.0,0.0,mst,2.2304184473386486,1.3850115782285766,-8.953928591654233,-19.887884874030163,333.7432025209947,26,25231.075752581684,4,1.6020812372667548,0.8907786272986292
