x 1,y 1,Count 1,Bkg Count 1,Telescope 1,Dangle 1,Altitude 1,x 2,y 2,Count 2,Bkg Count 2,Telescope 2,Dangle 2,Altitude 2,x 3,y 3,Count 3,Bkg Count 3,Telescope 3,Dangle 3,Altitude 3,x 4,y 4,Count 4,Bkg Count 4,Telescope 4,Dangle 4,Altitude 4,x 5,y 5,Count 5,Bkg Count 5,Telescope 5,Dangle 5,Altitude 5,True X,True Y,True Energy Per Nucleon,True Z,True Height,Detecions,Phi,Epsilon,Theta
0.0,0.0,3921.0,362429.0,lst,4.826997648912111,1.42301187626242,60.0,60.0,37.0,23184.0,mst,5.2167706900422495,3.181775187157879,60.0,-60.0,0.0,23298.0,mst,4.31566444234008,3.043389341750411,-60.0,60.0,247.0,46331.0,mst,6.2582851976051,1.5603651073985996,-60.0,-60.0,381.0,79034.0,mst,3.17675626846396,1.205544172670486,-61.60501886285576,-7.414291637560808,3393.3408565871896,26,33908.31714462477,4,1.6136732112678118,1.4359274810412854
0.0,0.0,1556.0,224725.0,lst,3.6128023249092656,0.662574915108544,60.0,60.0,1067.0,27359.0,mst,5.005222320481459,1.2800840733920749,60.0,-60.0,345.0,17008.0,mst,3.8326825185788485,2.016616502027376,-60.0,60.0,175.0,25819.0,mst,1.0617150321397428,0.7453315393874268,-60.0,-60.0,2181.0,16236.0,mst,2.7366412376921194,1.70075773393634,-18.13197463522701,35.50080630742892,1294.327811803044,26,25774.307804878725,5,1.8732355828214957,0.46260551369294906
