x 1,y 1,Count 1,Bkg Count 1,Telescope 1,Dangle 1,Altitude 1,x 2,y 2,Count 2,Bkg Count 2,Telescope 2,Dangle 2,Altitude 2,x 3,y 3,Count 3,Bkg Count 3,Telescope 3,Dangle 3,Altitude 3,x 4,y 4,Count 4,Bkg Count 4,Telescope 4,Dangle 4,Altitude 4,x 5,y 5,Count 5,Bkg Count 5,Telescope 5,Dangle 5,Altitude 5,True X,True Y,True Energy Per Nucleon,True Z,True Height,Detecions,Phi,Epsilon,Theta
0.0,0.0,5117.0,46327.0,lst,3.510120166336017,1.87099768736894,60.0,60.0,1739.0,10373.0,mst,4.173503143261285,1.7685507022402964,60.0,-60.0,0.0,5077.0,mst,3.692394376594683,2.9691159644609244,-60.0,60.0,1031.0,15180.0,mst,2.9987860175054775,0.9264659302551956,-60.0,-60.0,24.0,4197.0,mst,3.082364585584354,2.554186867726874,-49.77805065957949,125.76586410387279,864.5069178640127,26,22329.688815269976,4,1.7942899893917108,3.893289611862724
0.0,0.0,5008.0,0.0,lst,1.073810457445687,1.7788096834545573,60.0,60.0,524.0,0.0,mst,0.1718324896062765,2.1013700934251136,60.0,-60.0,106.0,0.0,mst,2.385108503654956,0.49800766803108104,-60.0,60.0,0.0,0.0,mst,0.9338013508859777,3.4781414111664986,-60.0,-60.0,55.0,0.0,mst,1.704346485640999,2.8263821558010256,76.95386671244896,-42.272821213468376,288.9599886177078,26,23869.39524205229,4,1.7195936130072722,1.0294553868249816
