x 1,y 1,Count 1,Bkg Count 1,Telescope 1,Dangle 1,Altitude 1,x 2,y 2,Count 2,Bkg Count 2,Telescope 2,Dangle 2,Altitude 2,x 3,y 3,Count 3,Bkg Count 3,Telescope 3,Dangle 3,Altitude 3,x 4,y 4,Count 4,Bkg Count 4,Telescope 4,Dangle 4,Altitude 4,x 5,y 5,Count 5,Bkg Count 5,Telescope 5,Dangle 5,Altitude 5,True X,True Y,True Energy Per Nucleon,True Z,True Height,Detecions,Phi,Epsilon,Theta
0.0,0.0,1256.0,67147.0,lst,4.429110925575097,0.7715169453859818,60.0,60.0,0.0,4419.0,mst,5.1803282091300655,2.4005209244799808,60.0,-60.0,65.0,4765.0,mst,4.063475301475151,2.674041718889934,-60.0,60.0,642.0,9353.0,mst,0.5169333638169782,1.2926857156277631,-60.0,-60.0,2186.0,9112.0,mst,2.7689218545281817,1.7167814311615088,-32.75862905254883,10.137027804886117,626.9822842726782,26,30366.333335142645,4,1.4443179100673043,6.148066388710934
0.0,0.0,2869.0,69777.0,lst,1.9606437702425983,1.5146254962987724,60.0,60.0,356.0,18014.0,mst,6.060891957152519,1.0657022326721666,60.0,-60.0,203.0,9942.0,mst,3.248265320946699,2.0612558524584284,-60.0,60.0,50.0,8168.0,mst,1.239404912003669,3.288341083883747,-60.0,-60.0,0.0,7169.0,mst,2.2094477829484127,3.6410233429461147,51.785894678397085,21.650751152995554,741.2699265125606,26,33933.94066626517,4,1.2271310921474174,3.657453898379663
0.0,0.0,1773.0,0.0,lst,4.795351289764336,0.9994015514900144,60.0,60.0,33.0,0.0,mst,5.262739053320829,2.8319712263363512,60.0,-60.0,0.0,0.0,mst,4.209143369399529,2.7318181949199563,-60.0,60.0,939.0,0.0,mst,0.2483408581519796,1.5433614437643193,-60.0,-60.0,661.0,0.0,mst,2.8571330239545714,1.3599943460797614,-43.43367847484194,-4.010906494680967,303.81930186087334,26,25265.41547747443,4,1.6179142053415447,0.3345664894803944
