x 1,y 1,Count 1,Bkg Count 1,Telescope 1,Dangle 1,Altitude 1,x 2,y 2,Count 2,Bkg Count 2,Telescope 2,Dangle 2,Altitude 2,x 3,y 3,Count 3,Bkg Count 3,Telescope 3,Dangle 3,Altitude 3,x 4,y 4,Count 4,Bkg Count 4,Telescope 4,Dangle 4,Altitude 4,x 5,y 5,Count 5,Bkg Count 5,Telescope 5,Dangle 5,Altitude 5,True X,True Y,True Energy Per Nucleon,True Z,True Height,Detecions,Phi,Epsilon,Theta
0.0,0.0,2870.0,0.0,lst,5.385223270379714,2.0508929932309763,60.0,60.0,0.0,0.0,mst,5.4475095424817965,3.515199806927496,60.0,-60.0,35.0,0.0,mst,4.795597945863821,2.6738788492596934,-60.0,60.0,171.0,0.0,mst,6.048961971596722,2.3116180818977337,-60.0,-60.0,294.0,0.0,mst,5.150610176833018,0.6023152150195477,-92.37542388890608,-74.2969735423425,383.64401089484005,26,23821.489116313696,4,1.2199958200823136,1.6397258645475383
0.0,0.0,1194.0,96738.0,lst,1.5020929273201067,0.6838747186451379,60.0,60.0,581.0,17696.0,mst,5.894974028652718,1.229459668509721,60.0,-60.0,456.0,15550.0,mst,3.5535567419113017,1.109022212065921,-60.0,60.0,138.0,10972.0,mst,0.9910537187279911,2.1606516446030963,-60.0,-60.0,108.0,12079.0,mst,2.1097600143813944,2.038435789542475,35.000622952233726,-2.149779338430136,872.9122899710055,26,28454.933250095324,5,1.2650492271387659,4.063098106603738
0.0,0.0,4392.0,18857.0,lst,4.407556740514982,1.2452616411870905,60.0,60.0,79.0,3042.0,mst,4.950466066100934,2.1682730499351095,60.0,-60.0,35.0,2619.0,mst,4.160655746611415,2.483734164175344,-60.0,60.0,129.0,7191.0,mst,5.79144829854052,0.6107719603300599,-60.0,-60.0,1146.0,5844.0,mst,3.362847208420755,1.3950995370691868,-78.67241124791673,25.429411979381,541.2564844670411,26,25143.344397311863,5,1.9369166878135713,4.681078857788947
0.0,0.0,4052.0,36760.0,lst,1.5104418261389256,0.9746442339833654,60.0,60.0,520.0,8338.0,mst,0.04084497338293481,1.0131093741864485,60.0,-60.0,569.0,8581.0,mst,3.113115691488329,0.9165370832926601,-60.0,60.0,185.0,3655.0,mst,1.0954839287984144,2.170145510543551,-60.0,-60.0,409.0,5024.0,mst,2.0097866872727512,2.131280655894313,61.87829370529295,-3.8931606922820663,606.7225552029963,26,24408.6680724094,5,1.3942310548442622,0.90317511078018
