x 1,y 1,Count 1,Bkg Count 1,Telescope 1,Dangle 1,Altitude 1,x 2,y 2,Count 2,Bkg Count 2,Telescope 2,Dangle 2,Altitude 2,x 3,y 3,Count 3,Bkg Count 3,Telescope 3,Dangle 3,Altitude 3,x 4,y 4,Count 4,Bkg Count 4,Telescope 4,Dangle 4,Altitude 4,x 5,y 5,Count 5,Bkg Count 5,Telescope 5,Dangle 5,Altitude 5,True X,True Y,True Energy Per Nucleon,True Z,True Height,Detecions,Phi,Epsilon,Theta
0.0,0.0,1361.0,59005.0,lst,0.6902503870183303,0.7561592896087485,60.0,60.0,252.0,6625.0,mst,5.953527871165643,1.8006614258556521,60.0,-60.0,263.0,15864.0,mst,4.011376191476641,0.8547114143656978,-60.0,60.0,0.0,6210.0,mst,0.7507052981133704,2.266388568784247,-60.0,-60.0,169.0,8806.0,mst,1.8750261042484437,1.6771304153091038,27.242177117807472,-32.68426857952514,692.5706062725262,26,28574.37665991765,4,1.2385050299211022,0.7200124870280279
0.0,0.0,1275.0,92950.0,lst,4.646845382670263,0.8570958299634776,60.0,60.0,0.0,9038.0,mst,5.237591291500324,2.5410782372661114,60.0,-60.0,66.0,9502.0,mst,4.163841926828975,2.5714808818498125,-60.0,60.0,537.0,10937.0,mst,0.3542149184293352,1.3577207012994736,-60.0,-60.0,688.0,12413.0,mst,2.839669066002232,1.4632497996395764,-39.13535904126255,2.26763150150569,768.5031534072782,26,31076.34594199083,4,1.4074125863345142,4.219808075318349
0.0,0.0,1054.0,0.0,lst,0.45495838779546127,0.5414285793106088,60.0,60.0,118.0,0.0,mst,5.773283434385248,1.7830103085214872,60.0,-60.0,398.0,0.0,mst,4.080801082257761,1.0229821233711087,-60.0,60.0,48.0,0.0,mst,0.706098592587519,2.030577602028886,-60.0,-60.0,590.0,0.0,mst,1.9996164573349615,1.4466047549910275,13.088425754827824,-26.613277261222137,334.557883456076,26,23501.09771114894,5,1.46807632499416,2.048171285488326
0.0,0.0,3544.0,442550.0,lst,4.445179004966219,1.084137394162822,60.0,60.0,64.0,23339.0,mst,5.11281827578382,2.5615142099458086,60.0,-60.0,32.0,34848.0,mst,4.117963382267181,2.822697042603296,-60.0,60.0,454.0,93993.0,mst,0.22552947657964925,1.0290265934430696,-60.0,-60.0,0.0,75121.0,mst,2.995485166836834,1.5778931535256295,-49.36601196873343,13.752437018749617,3444.2113158015077,26,32569.446309145456,4,1.733169568056025,2.9857320067307493
