x 1,y 1,Count 1,Bkg Count 1,Telescope 1,Dangle 1,Altitude 1,x 2,y 2,Count 2,Bkg Count 2,Telescope 2,Dangle 2,Altitude 2,x 3,y 3,Count 3,Bkg Count 3,Telescope 3,Dangle 3,Altitude 3,x 4,y 4,Count 4,Bkg Count 4,Telescope 4,Dangle 4,Altitude 4,x 5,y 5,Count 5,Bkg Count 5,Telescope 5,Dangle 5,Altitude 5,True X,True Y,True Energy Per Nucleon,True Z,True Height,Detecions,Phi,Epsilon,Theta
0.0,0.0,175.0,181868.0,lst,4.937712450401522,0.352352051763207,60.0,60.0,1454.0,13818.0,mst,5.378069515106333,1.8386258390188237,60.0,-60.0,0.0,17838.0,mst,4.093033608134952,1.7202444981785678,-60.0,60.0,637.0,20820.0,mst,0.5499392822209686,1.431904620797633,-60.0,-60.0,751.0,26405.0,mst,2.510819087261079,1.2873283029245706,-19.278920754965895,-4.0329486469433675,1121.9597406205655,26,29125.565779471122,4,1.8639387082729717,4.455872243119206
0.0,0.0,11875.0,14218.0,lst,0.890206078469153,1.5402078226385592,60.0,60.0,280.0,1709.0,mst,0.14390172047649055,1.8805619865300314,60.0,-60.0,0.0,5192.0,mst,1.3224510165474292,0.29884759363119434,-60.0,60.0,31.0,1427.0,mst,0.8376323694483132,2.7842544440845547,-60.0,-60.0,432.0,2127.0,mst,1.5388194952178154,2.1250883195462595,79.02221099840125,-65.08798423662394,478.43982985303427,26,22610.92874716157,4,1.8038294896293767,5.509614538174682
0.0,0.0,2173.0,118267.0,lst,5.63121454965488,1.2273043464380071,60.0,60.0,0.0,10568.0,mst,5.555196666812837,3.470132890949971,60.0,-60.0,63.0,17008.0,mst,4.430114653892659,2.424914980054511,-60.0,60.0,54.0,18088.0,mst,0.30658825339194623,2.6887309730175732,-60.0,-60.0,222.0,28134.0,mst,2.2110969021388196,1.0529279489750696,-28.25083570378925,-36.207712275196016,1098.2582805570162,26,34948.68470281332,4,1.650563581095221,1.0524927923710594
0.0,0.0,1174.0,36194.0,lst,0.9697306554530961,0.9423504155283863,60.0,60.0,399.0,4207.0,mst,5.962479345519804,2.0847561174851816,60.0,-60.0,489.0,5310.0,mst,3.753909526649059,1.1259495458137017,-60.0,60.0,0.0,3145.0,mst,0.8262342298183152,2.978008766790578,-60.0,-60.0,50.0,4275.0,mst,1.963116042713979,2.4041291429897247,32.10815362527754,-21.59392601289781,530.5784288852108,26,29852.767852068508,4,1.465033303011151,4.47921968484374
