x 1,y 1,Count 1,Bkg Count 1,Telescope 1,Dangle 1,Altitude 1,x 2,y 2,Count 2,Bkg Count 2,Telescope 2,Dangle 2,Altitude 2,x 3,y 3,Count 3,Bkg Count 3,Telescope 3,Dangle 3,Altitude 3,x 4,y 4,Count 4,Bkg Count 4,Telescope 4,Dangle 4,Altitude 4,x 5,y 5,Count 5,Bkg Count 5,Telescope 5,Dangle 5,Altitude 5,True X,True Y,True Energy Per Nucleon,True Z,True Height,Detecions,Phi,Epsilon,Theta
0.0,0.0,155.0,49964.0,lst,2.0453269914096266,2.1766400809546007,60.0,60.0,1197.0,19940.0,mst,1.7207382165373293,1.1145056935045425,60.0,-60.0,165.0,12198.0,mst,2.592176469602006,2.119020316001087,-60.0,60.0,30.0,5458.0,mst,1.6301538535986335,2.804553226729267,-60.0,-60.0,0.0,4648.0,mst,2.1551275547188538,3.3266156169807393,137.75200203852575,70.48380843304355,1063.22605165399,26,21966.130061172724,4,1.3803277934046352,4.402192291278329
0.0,0.0,386.0,241723.0,lst,3.837396291180132,0.7129455487046509,60.0,60.0,146.0,27368.0,mst,5.176622786338547,2.2072861569924926,60.0,-60.0,0.0,20104.0,mst,3.892859445265827,2.949467187292279,-60.0,60.0,482.0,28388.0,mst,0.847360061641524,1.432768959303565,-60.0,-60.0,105.0,21763.0,mst,2.6604026513701613,2.3908027189110586,-17.211098239034925,21.24712017004049,1348.661865640786,26,35516.797776536565,4,1.3305333607874479,0.564768322709698
0.0,0.0,1970.0,109993.0,lst,1.069398198248027,1.276434530870961,60.0,60.0,0.0,18232.0,mst,6.248285009856041,1.8021577068329249,60.0,-60.0,149.0,32877.0,mst,3.243378702987683,0.5457123283489655,-60.0,60.0,31.0,10687.0,mst,0.9103574805954392,2.9250995475124606,-60.0,-60.0,69.0,12199.0,mst,1.8050788437907799,2.3616181710504,56.76803266700264,-31.744745422508018,1010.983133310017,26,29582.743348023367,4,1.4545255173856402,1.7314622529413264
