x 1,y 1,Count 1,Bkg Count 1,Telescope 1,Dangle 1,Altitude 1,x 2,y 2,Count 2,Bkg Count 2,Telescope 2,Dangle 2,Altitude 2,x 3,y 3,Count 3,Bkg Count 3,Telescope 3,Dangle 3,Altitude 3,x 4,y 4,Count 4,Bkg Count 4,Telescope 4,Dangle 4,Altitude 4,x 5,y 5,Count 5,Bkg Count 5,Telescope 5,Dangle 5,Altitude 5,True X,True Y,True Energy Per Nucleon,True Z,True Height,Detecions,Phi,Epsilon,Theta
0.0,0.0,2588.0,23410.0,lst,3.7176554463087514,0.9340247631942248,60.0,60.0,1076.0,3452.0,mst,4.805448262892162,1.4005175257775013,60.0,-60.0,194.0,2172.0,mst,3.828074917103666,2.2358755605032243,-60.0,60.0,148.0,6110.0,mst,1.2263180434902663,0.4328226058066869,-60.0,-60.0,1665.0,2885.0,mst,2.90325676296575,1.7773739606732333,-33.043760958926214,50.44335099345059,511.567951707856,26,23132.744091269535,5,1.3292130401496691,5.912905888573883
0.0,0.0,1833.0,273660.0,lst,1.0311342048873278,0.827753021088502,60.0,60.0,1113.0,34764.0,mst,6.044773905048442,1.4810568752370599,60.0,-60.0,252.0,46069.0,mst,3.654111695869296,0.6963627450076527,-60.0,60.0,101.0,21146.0,mst,0.8672814841386038,2.361085614901525,-60.0,-60.0,0.0,33801.0,mst,1.9407590092053644,1.9011982387198292,39.572216842172736,-23.237791318189167,2067.901870640308,26,28707.96617295196,4,1.2119753730049392,4.381060169832143
