x 1,y 1,Count 1,Bkg Count 1,Telescope 1,Dangle 1,Altitude 1,x 2,y 2,Count 2,Bkg Count 2,Telescope 2,Dangle 2,Altitude 2,x 3,y 3,Count 3,Bkg Count 3,Telescope 3,Dangle 3,Altitude 3,x 4,y 4,Count 4,Bkg Count 4,Telescope 4,Dangle 4,Altitude 4,x 5,y 5,Count 5,Bkg Count 5,Telescope 5,Dangle 5,Altitude 5,True X,True Y,True Energy Per Nucleon,True Z,True Height,Detecions,Phi,Epsilon,Theta
0.0,0.0,2277.0,80691.0,lst,5.107693786452611,1.0349917348270803,60.0,60.0,0.0,7721.0,mst,5.355791448926873,2.7623800083820345,60.0,-60.0,268.0,7980.0,mst,4.352859489692369,2.3386645818656278,-60.0,60.0,191.0,9423.0,mst,0.16417857898764987,1.7549404108992048,-60.0,-60.0,313.0,11881.0,mst,2.827961413984136,0.91596183303481,-46.259157556873376,-19.11796213132331,726.848506803936,26,30510.04803538844,4,1.2852343190923448,4.27476012492352
0.0,0.0,1391.0,34149.0,lst,2.2173051144562392,0.7388575801747258,60.0,60.0,245.0,9084.0,mst,5.679140820859248,0.6210293968446811,60.0,-60.0,1549.0,4955.0,mst,3.408970227808133,1.568589701843673,-60.0,60.0,2025.0,5542.0,mst,1.2489681272693263,1.55727681295454,-60.0,-60.0,195.0,4607.0,mst,2.3030516746566954,2.1001969239135825,37.922322707646515,28.42023254001535,587.9715688130212,26,25333.613971544528,5,1.9314747254000153,0.9234560891661884
0.0,0.0,7121.0,49293.0,lst,5.119211874434843,1.4817462721654384,60.0,60.0,25.0,4451.0,mst,5.291399865889128,2.6960529365943944,60.0,-60.0,118.0,6790.0,mst,4.567838556478064,2.312931428885139,-60.0,60.0,1492.0,8141.0,mst,5.992446269300299,1.519711032140056,-60.0,-60.0,400.0,13544.0,mst,4.062977894490559,0.5525379217765112,-89.2080524601341,-38.19071784625329,687.2449467088722,26,23396.106360673995,5,1.7758880643875612,0.959805681246531
