x 1,y 1,Count 1,Bkg Count 1,Telescope 1,Dangle 1,Altitude 1,x 2,y 2,Count 2,Bkg Count 2,Telescope 2,Dangle 2,Altitude 2,x 3,y 3,Count 3,Bkg Count 3,Telescope 3,Dangle 3,Altitude 3,x 4,y 4,Count 4,Bkg Count 4,Telescope 4,Dangle 4,Altitude 4,x 5,y 5,Count 5,Bkg Count 5,Telescope 5,Dangle 5,Altitude 5,True X,True Y,True Energy Per Nucleon,True Z,True Height,Detecions,Phi,Epsilon,Theta
0.0,0.0,173.0,0.0,lst,1.3348180576735629,0.36106778860793,60.0,60.0,611.0,0.0,mst,5.725418528712746,1.4818873163304835,60.0,-60.0,829.0,0.0,mst,3.773267942754467,1.4008617746352041,-60.0,60.0,217.0,0.0,mst,0.8893046648054416,1.864695919934269,-60.0,-60.0,0.0,0.0,mst,2.185498124822259,1.8311464544739466,19.046991888820543,-4.302671957759543,361.1903632513741,26,25419.894201274627,4,1.90565832553034,0.9497318532322239
0.0,0.0,2265.0,70964.0,lst,5.299093490390614,1.1844630574627226,60.0,60.0,0.0,5622.0,mst,5.417027605819749,3.083378834300532,60.0,-60.0,76.0,6547.0,mst,4.420003871216065,2.4384433348576127,-60.0,60.0,518.0,8281.0,mst,0.17784543746932824,2.036118286199897,-60.0,-60.0,112.0,16411.0,mst,2.6442439406180216,0.7609856441257626,-43.822411326854564,-29.523956288179136,722.708932137354,26,30752.538033362274,4,1.4487239126776787,1.6755393831443555
