x 1,y 1,Count 1,Bkg Count 1,Telescope 1,Dangle 1,Altitude 1,x 2,y 2,Count 2,Bkg Count 2,Telescope 2,Dangle 2,Altitude 2,x 3,y 3,Count 3,Bkg Count 3,Telescope 3,Dangle 3,Altitude 3,x 4,y 4,Count 4,Bkg Count 4,Telescope 4,Dangle 4,Altitude 4,x 5,y 5,Count 5,Bkg Count 5,Telescope 5,Dangle 5,Altitude 5,True X,True Y,True Energy Per Nucleon,True Z,True Height,Detecions,Phi,Epsilon,Theta
0.0,0.0,2615.0,79220.0,lst,0.43901074365486603,1.5895939445612008,60.0,60.0,129.0,7813.0,mst,6.21520671041407,2.2593704069306217,60.0,-60.0,382.0,24527.0,mst,6.025212411883255,0.6163330090873684,-60.0,60.0,41.0,6570.0,mst,0.5894114180774469,2.7622491502828597,-60.0,-60.0,0.0,14985.0,mst,1.2020460223062506,1.6526032645884778,48.65806031691835,-102.84733650035932,1039.6703999314984,26,22667.14699318364,4,1.7821672056447617,6.1070671905562754
0.0,0.0,0.0,10672.0,lst,3.0353746122047385,None,60.0,60.0,1209.0,1564.0,mst,5.443154955712067,1.2483180358066208,60.0,-60.0,927.0,1065.0,mst,3.862617018328037,1.4483425815179003,-60.0,60.0,634.0,1044.0,mst,0.870686122341067,1.2722565062015563,-60.0,-60.0,1171.0,1037.0,mst,2.4153119788965363,1.4611023922301825,0.9004256866262494,8.038708790238246,427.00679190505656,26,22941.64403922808,4,1.4350200073642778,0.06812857794415926
0.0,0.0,849.0,8804.0,lst,0.5190324595541694,1.8909550962293364,60.0,60.0,32.0,1185.0,mst,6.166816253840157,3.024515540633618,60.0,-60.0,68.0,2015.0,mst,5.300314181588653,0.47555263412835824,-60.0,60.0,0.0,825.0,mst,0.6612412173482735,3.8243686129875365,-60.0,-60.0,144.0,1801.0,mst,1.4479293260640453,2.3227114924646366,41.98541835897066,-72.08816970593045,444.9373967999346,26,28138.760347373907,4,1.3295209270105939,3.8796465857807827
0.0,0.0,2521.0,103070.0,lst,6.234500978406283,1.207748684511429,60.0,60.0,42.0,6346.0,mst,5.787010665611796,2.8002848378978915,60.0,-60.0,678.0,17259.0,mst,4.660145729884336,1.2898123369607477,-60.0,60.0,65.0,8326.0,mst,0.4651005800854113,2.752853726966141,-60.0,-60.0,613.0,14412.0,mst,1.6544570365669997,1.1561571563425752,-3.032215701263965,-55.72869579838195,812.0031566761725,26,30423.42104820189,5,1.2475471347311051,3.244691183207713
