x 1,y 1,Count 1,Bkg Count 1,Telescope 1,Dangle 1,Altitude 1,x 2,y 2,Count 2,Bkg Count 2,Telescope 2,Dangle 2,Altitude 2,x 3,y 3,Count 3,Bkg Count 3,Telescope 3,Dangle 3,Altitude 3,x 4,y 4,Count 4,Bkg Count 4,Telescope 4,Dangle 4,Altitude 4,x 5,y 5,Count 5,Bkg Count 5,Telescope 5,Dangle 5,Altitude 5,True X,True Y,True Energy Per Nucleon,True Z,True Height,Detecions,Phi,Epsilon,Theta
0.0,0.0,4255.0,55690.0,lst,0.5549206205703946,0.8939896410050807,60.0,60.0,0.0,5384.0,mst,6.041246951433929,1.737907391687138,60.0,-60.0,107.0,14275.0,mst,4.423603878385873,0.394435090303351,-60.0,60.0,183.0,4253.0,mst,0.6827916174943578,2.144012167943148,-60.0,-60.0,925.0,8255.0,mst,1.6736762037288107,1.3179167710477102,33.5218236309498,-52.31517764481465,647.1205813729057,26,23111.014974691065,4,1.844835861948082,2.001214961041437
0.0,0.0,4458.0,160343.0,lst,6.057094222673454,1.3544123794547283,60.0,60.0,68.0,11187.0,mst,5.768935091542154,2.614062965031636,60.0,-60.0,1045.0,27716.0,mst,4.94736627208213,1.262791095390336,-60.0,60.0,102.0,9677.0,mst,0.30416073019325657,2.5246261390832614,-60.0,-60.0,448.0,31288.0,mst,1.1567042936348826,0.8103249192635333,-18.247847839627383,-78.24154858536079,1431.380009617565,26,28029.01344690593,5,1.2000815341036493,4.477979771389915
