x 1,y 1,Count 1,Bkg Count 1,Telescope 1,Dangle 1,Altitude 1,x 2,y 2,Count 2,Bkg Count 2,Telescope 2,Dangle 2,Altitude 2,x 3,y 3,Count 3,Bkg Count 3,Telescope 3,Dangle 3,Altitude 3,x 4,y 4,Count 4,Bkg Count 4,Telescope 4,Dangle 4,Altitude 4,x 5,y 5,Count 5,Bkg Count 5,Telescope 5,Dangle 5,Altitude 5,True X,True Y,True Energy Per Nucleon,True Z,True Height,Detecions,Phi,Epsilon,Theta
0.0,0.0,2533.0,252925.0,lst,5.562345400371607,0.9888297742926302,60.0,60.0,62.0,22979.0,mst,5.510956373561124,2.643033490207682,60.0,-60.0,1140.0,24139.0,mst,4.48207394392693,1.941353364839148,-60.0,60.0,396.0,29252.0,mst,0.26457529015988196,1.912453987685112,-60.0,-60.0,238.0,54076.0,mst,2.2879207377386894,0.683651019680122,-33.61386687103001,-36.83798325085395,1646.6492269425137,26,30872.00037412958,5,1.322360081294691,0.6454706465994088
0.0,0.0,11335.0,38057.0,lst,5.8678650960106955,1.6015565106138359,60.0,60.0,0.0,3874.0,mst,5.711506918248261,2.9834811591108124,60.0,-60.0,879.0,8057.0,mst,4.975991389791441,1.6779775694076708,-60.0,60.0,45.0,5204.0,mst,0.18078721216519783,2.554291400190962,-60.0,-60.0,164.0,15184.0,mst,0.7653116357655709,0.6228628312993393,-34.73772193240124,-86.15834136458213,688.113879569034,26,25994.01411936808,4,1.505581134438923,0.8262644237778406
0.0,0.0,928.0,36431.0,lst,1.0052037911395835,1.8809987554512266,60.0,60.0,608.0,7300.0,mst,0.3048308573601367,2.0572518790647716,60.0,-60.0,310.0,16010.0,mst,1.4545279183862525,0.6509143379330772,-60.0,60.0,0.0,3600.0,mst,0.9220768499337979,3.1619567371285604,-60.0,-60.0,80.0,6807.0,mst,1.5399430965942922,2.5094196908790587,101.93210657994152,-64.82335276762741,772.9444042232568,26,24044.249238211924,4,1.7127975582170458,2.294171695697192
