x 1,y 1,Count 1,Bkg Count 1,Telescope 1,Dangle 1,Altitude 1,x 2,y 2,Count 2,Bkg Count 2,Telescope 2,Dangle 2,Altitude 2,x 3,y 3,Count 3,Bkg Count 3,Telescope 3,Dangle 3,Altitude 3,x 4,y 4,Count 4,Bkg Count 4,Telescope 4,Dangle 4,Altitude 4,x 5,y 5,Count 5,Bkg Count 5,Telescope 5,Dangle 5,Altitude 5,True X,True Y,True Energy Per Nucleon,True Z,True Height,Detecions,Phi,Epsilon,Theta
0.0,0.0,9858.0,84080.0,lst,5.9383316339557455,1.5331039507239697,60.0,60.0,33.0,6994.0,mst,5.732892350323615,2.767222426044535,60.0,-60.0,1701.0,16040.0,mst,5.053408232448361,1.4887785998234069,-60.0,60.0,136.0,7650.0,mst,0.15136341235591855,2.459987604496431,-60.0,-60.0,563.0,24664.0,mst,0.6449384797248736,0.6673492455089522,-33.6034037433072,-94.1080303222416,1023.4853042826819,26,25051.075179624993,5,1.8389204979221656,4.742559612098904
0.0,0.0,2582.0,0.0,lst,0.6477659849389805,0.8368358212242065,60.0,60.0,0.0,0.0,mst,5.912290526201972,2.065930633714794,60.0,-60.0,333.0,0.0,mst,4.033811950567564,0.9871690960104298,-60.0,60.0,57.0,0.0,mst,0.7449016769346591,2.576099201350306,-60.0,-60.0,1069.0,0.0,mst,1.8981108162215363,1.8528770029052601,24.433750600892523,-32.25128002253484,268.64290428851837,26,23743.146255490625,4,1.8192214966416176,0.7803787702240681
