x 1,y 1,Count 1,Bkg Count 1,Telescope 1,Dangle 1,Altitude 1,x 2,y 2,Count 2,Bkg Count 2,Telescope 2,Dangle 2,Altitude 2,x 3,y 3,Count 3,Bkg Count 3,Telescope 3,Dangle 3,Altitude 3,x 4,y 4,Count 4,Bkg Count 4,Telescope 4,Dangle 4,Altitude 4,x 5,y 5,Count 5,Bkg Count 5,Telescope 5,Dangle 5,Altitude 5,True X,True Y,True Energy Per Nucleon,True Z,True Height,Detecions,Phi,Epsilon,Theta
0.0,0.0,4253.0,16359.0,lst,6.17470201241885,1.272338183505408,60.0,60.0,44.0,2476.0,mst,5.812174879710346,2.6386742694323595,60.0,-60.0,791.0,4963.0,mst,4.846464147660157,1.229253567162043,-60.0,60.0,90.0,2307.0,mst,0.3744624778990094,2.489275384634191,-60.0,-60.0,290.0,5420.0,mst,1.3581549059081344,0.9312067386762309,-8.965296603412838,-70.91047854859583,511.8163503133401,26,25542.12424867195,5,1.5054628572420141,3.93700036128414
0.0,0.0,4521.0,261119.0,lst,1.3798876199193588,1.3299090875120503,60.0,60.0,908.0,52982.0,mst,0.05615131333860656,1.508650166999455,60.0,-60.0,269.0,74538.0,mst,3.086279066538845,1.013781856366602,-60.0,60.0,0.0,19698.0,mst,1.0395592631846005,2.96101706717223,-60.0,-60.0,37.0,32267.0,mst,1.9439867799466772,2.781471756481202,62.343688729769866,-12.517881340491385,2327.5886053654813,26,32120.567141701362,4,1.4001315758002078,0.2723614522168712
0.0,0.0,3933.0,0.0,lst,2.3256968861745624,1.1117689667319395,60.0,60.0,66.0,0.0,mst,5.587709727531431,0.49480329099704445,60.0,-60.0,0.0,0.0,mst,3.287140599578854,1.8419353794831206,-60.0,60.0,866.0,0.0,mst,1.3987305959713654,2.0049822655086764,-60.0,-60.0,48.0,0.0,mst,2.341073991057305,2.6741544375207074,43.59065876047987,41.07790621860531,275.82617725504343,26,22943.20554353299,4,1.2994874958453042,3.3510565931688663
