x 1,y 1,Count 1,Bkg Count 1,Telescope 1,Dangle 1,Altitude 1,x 2,y 2,Count 2,Bkg Count 2,Telescope 2,Dangle 2,Altitude 2,x 3,y 3,Count 3,Bkg Count 3,Telescope 3,Dangle 3,Altitude 3,x 4,y 4,Count 4,Bkg Count 4,Telescope 4,Dangle 4,Altitude 4,x 5,y 5,Count 5,Bkg Count 5,Telescope 5,Dangle 5,Altitude 5,True X,True Y,True Energy Per Nucleon,True Z,True Height,Detecions,Phi,Epsilon,Theta
0.0,0.0,1815.0,22492.0,lst,4.112687735434014,1.21283859600116,60.0,60.0,27.0,2340.0,mst,4.989214289270783,2.5151017910910802,60.0,-60.0,0.0,2390.0,mst,4.00671170563641,3.0763454122816145,-60.0,60.0,127.0,3899.0,mst,0.4467542682576688,0.734743021200476,-60.0,-60.0,637.0,3372.0,mst,2.9685343160561066,1.950143030333714,-45.10626084759396,30.52192074307402,492.860409581917,26,28989.569450736726,4,1.8488713153664083,2.472837766378206
0.0,0.0,3652.0,0.0,lst,1.537411401623315,0.9934909004159955,60.0,60.0,850.0,0.0,mst,0.15685147418332374,0.8773837602866917,60.0,-60.0,837.0,0.0,mst,2.9725691845543123,0.7941360918257349,-60.0,60.0,613.0,0.0,mst,1.1148127133264625,2.0202494393901405,-60.0,-60.0,104.0,0.0,mst,1.973927999177643,2.0023259188606364,70.2924177679096,-3.12026019326035,387.1810205527998,26,20148.119234007143,5,1.7332579490255733,4.327440328215913
