x 1,y 1,Count 1,Bkg Count 1,Telescope 1,Dangle 1,Altitude 1,x 2,y 2,Count 2,Bkg Count 2,Telescope 2,Dangle 2,Altitude 2,x 3,y 3,Count 3,Bkg Count 3,Telescope 3,Dangle 3,Altitude 3,x 4,y 4,Count 4,Bkg Count 4,Telescope 4,Dangle 4,Altitude 4,x 5,y 5,Count 5,Bkg Count 5,Telescope 5,Dangle 5,Altitude 5,True X,True Y,True Energy Per Nucleon,True Z,True Height,Detecions,Phi,Epsilon,Theta
0.0,0.0,1254.0,698.0,lst,4.397068300419979,1.2246205976502023,60.0,60.0,21.0,71.0,mst,5.142315800576711,2.914626722370706,60.0,-60.0,0.0,89.0,mst,4.102221887780476,3.380491799979044,-60.0,60.0,316.0,120.0,mst,0.31092553629598535,1.227997405561226,-60.0,-60.0,460.0,79.0,mst,2.954116911099665,2.045456182011179,-44.789089445558744,14.220057019508658,390.81304034627385,26,28653.04924610357,4,1.32101011600661,5.743660601126485
0.0,0.0,3042.0,14049.0,lst,3.8865740960171613,1.117259566597627,60.0,60.0,391.0,1889.0,mst,4.9489805613987015,2.146175009828907,60.0,-60.0,29.0,1620.0,mst,3.9175522936875753,2.989585068583692,-60.0,60.0,223.0,3171.0,mst,0.8732820425359028,0.7681593864133399,-60.0,-60.0,358.0,1095.0,mst,2.8784151099426043,2.2126418747530643,-33.57630901541697,37.16709782466151,455.4688604316356,26,27983.737598041484,5,1.6838297388253263,2.138648808617322
