x 1,y 1,Count 1,Bkg Count 1,Telescope 1,Dangle 1,Altitude 1,x 2,y 2,Count 2,Bkg Count 2,Telescope 2,Dangle 2,Altitude 2,x 3,y 3,Count 3,Bkg Count 3,Telescope 3,Dangle 3,Altitude 3,x 4,y 4,Count 4,Bkg Count 4,Telescope 4,Dangle 4,Altitude 4,x 5,y 5,Count 5,Bkg Count 5,Telescope 5,Dangle 5,Altitude 5,True X,True Y,True Energy Per Nucleon,True Z,True Height,Detecions,Phi,Epsilon,Theta
0.0,0.0,1922.0,147232.0,lst,4.35214498239484,1.1438354835644982,60.0,60.0,24.0,11413.0,mst,5.074576099119015,2.522040493081161,60.0,-60.0,0.0,12988.0,mst,4.089924220049139,2.957546757142174,-60.0,60.0,390.0,28895.0,mst,0.27311664277407455,0.8259275724072674,-60.0,-60.0,1930.0,16302.0,mst,2.9759231566507998,1.6637838237816933,-48.357630457117224,18.085150681965672,1100.7923958007088,26,31903.53414523254,4,1.9460598726878462,1.1286985111372332
0.0,0.0,2389.0,39814.0,lst,5.262805336127974,0.8555389472435672,60.0,60.0,194.0,2633.0,mst,5.391542150316248,2.1378749353267423,60.0,-60.0,1528.0,4282.0,mst,4.414943474556043,1.7535589322074103,-60.0,60.0,1200.0,5501.0,mst,0.15500407580782252,1.3985862225586465,-60.0,-60.0,217.0,8748.0,mst,2.7660849674729553,0.5333665699262579,-47.674414187091855,-28.247776107684388,560.3175119973021,26,23334.02429030008,5,1.4722338156793418,5.798251842587493
0.0,0.0,727.0,13181.0,lst,3.5800245417440757,0.5210602042808613,60.0,60.0,763.0,1652.0,mst,5.131424526751188,1.3886193735342156,60.0,-60.0,41.0,1232.0,mst,3.8426567573904,1.9098943219648112,-60.0,60.0,449.0,1893.0,mst,0.9647015753622259,1.0194772217011476,-60.0,-60.0,2289.0,1800.0,mst,2.6529718589808904,1.7025938415270452,-13.077435960363886,27.528860729542714,443.15642493863066,26,24873.161350089526,5,1.3175157823059287,3.7800384016597195
0.0,0.0,371.0,30114.0,lst,2.4091853551962403,0.8133229537644429,60.0,60.0,635.0,4634.0,mst,5.487483781669053,2.133524434826114,60.0,-60.0,26.0,4116.0,mst,3.6486147916340395,3.0789157505179374,-60.0,60.0,25.0,2745.0,mst,1.0756300647571555,3.0658278951473728,-60.0,-60.0,0.0,3321.0,mst,2.372488427019056,3.8178982069597343,15.443403794642364,17.48078114023909,513.6309127067664,26,32888.23115532322,4,1.3683098662280833,4.851351975693836
