x 1,y 1,Count 1,Bkg Count 1,Telescope 1,Dangle 1,Altitude 1,x 2,y 2,Count 2,Bkg Count 2,Telescope 2,Dangle 2,Altitude 2,x 3,y 3,Count 3,Bkg Count 3,Telescope 3,Dangle 3,Altitude 3,x 4,y 4,Count 4,Bkg Count 4,Telescope 4,Dangle 4,Altitude 4,x 5,y 5,Count 5,Bkg Count 5,Telescope 5,Dangle 5,Altitude 5,True X,True Y,True Energy Per Nucleon,True Z,True Height,Detecions,Phi,Epsilon,Theta
0.0,0.0,7734.0,244517.0,lst,2.96006993493374,1.5057772425876232,60.0,60.0,554.0,64605.0,mst,4.269339970802079,0.9093360337674546,60.0,-60.0,0.0,18516.0,mst,3.4499863617759305,2.720252815498738,-60.0,60.0,1028.0,41970.0,mst,1.859633435901617,1.4381812875314126,-60.0,-60.0,21.0,17235.0,mst,2.653622285717033,2.9505090755180237,14.028125112778554,81.41588374464175,2102.576700605711,26,29206.817836261045,4,1.7155509597159575,3.442607629151013
0.0,0.0,1066.0,306217.0,lst,3.886732850739141,1.1050085640186518,60.0,60.0,388.0,27756.0,mst,4.902887530687044,2.0229450511426825,60.0,-60.0,0.0,23166.0,mst,3.9176373504678814,2.838102496549778,-60.0,60.0,99.0,81285.0,mst,0.854959288563753,0.5967430718026213,-60.0,-60.0,186.0,29538.0,mst,2.920890942275263,2.090201483873883,-37.52493145744087,40.3230911977347,2183.693580450136,26,31042.09702812305,4,1.6066085827206198,2.08250006764736
