x 1,y 1,Count 1,Bkg Count 1,Telescope 1,Dangle 1,Altitude 1,x 2,y 2,Count 2,Bkg Count 2,Telescope 2,Dangle 2,Altitude 2,x 3,y 3,Count 3,Bkg Count 3,Telescope 3,Dangle 3,Altitude 3,x 4,y 4,Count 4,Bkg Count 4,Telescope 4,Dangle 4,Altitude 4,x 5,y 5,Count 5,Bkg Count 5,Telescope 5,Dangle 5,Altitude 5,True X,True Y,True Energy Per Nucleon,True Z,True Height,Detecions,Phi,Epsilon,Theta
0.0,0.0,1794.0,22503.0,lst,6.178241133363559,1.102165683004218,60.0,60.0,0.0,2257.0,mst,5.724691235225694,2.9548201270454797,60.0,-60.0,603.0,3697.0,mst,4.509148238370243,1.5505962598630163,-60.0,60.0,49.0,2339.0,mst,0.47771209867941716,2.8110938282229654,-60.0,-60.0,534.0,4303.0,mst,1.803181815431846,1.3218086322910476,-5.226801632348696,-46.98560649001226,489.29046621717555,26,29165.542758411913,4,1.5174261647880865,5.177305043703689
0.0,0.0,2627.0,53068.0,lst,1.4207370281158518,0.9441016246510957,60.0,60.0,597.0,6716.0,mst,6.226252958780716,1.1512104365925626,60.0,-60.0,684.0,12084.0,mst,3.2324317933914144,0.8513663833443662,-60.0,60.0,0.0,5238.0,mst,1.041939858557476,2.2363697819538486,-60.0,-60.0,152.0,6143.0,mst,1.9731705366771055,2.1299318104690634,55.814105928411664,-8.25675686253021,668.2285063233644,26,25073.172430211984,4,1.6280879700633037,5.875994547591107
0.0,0.0,5126.0,24575.0,lst,0.1254721244808789,1.476655846696725,60.0,60.0,35.0,2820.0,mst,5.992789415363396,2.5311357014323295,60.0,-60.0,406.0,6533.0,mst,5.357501451629127,0.9373855499511548,-60.0,60.0,0.0,3010.0,mst,0.451107799817149,2.636519557123827,-60.0,-60.0,1024.0,4771.0,mst,1.1352757680470393,1.2209441481232146,12.884540393345048,-94.5280032065211,562.2730186260511,26,23658.554672141403,4,1.314631230339794,2.012832448853445
0.0,0.0,2594.0,118942.0,lst,6.242853045424324,1.9201561827232645,60.0,60.0,0.0,12641.0,mst,5.895366665178078,3.3377302027291202,60.0,-60.0,596.0,25754.0,mst,5.258427984258393,1.4800506252068426,-60.0,60.0,21.0,13877.0,mst,0.33174815629756477,3.25957747986842,-60.0,-60.0,833.0,26493.0,mst,0.9395469500850878,1.2972336700297618,-5.656218732494381,-98.13188023721554,1346.6572461845726,26,29728.685711180213,4,1.6576420368632594,6.222721292217905
