x 1,y 1,Count 1,Bkg Count 1,Telescope 1,Dangle 1,Altitude 1,x 2,y 2,Count 2,Bkg Count 2,Telescope 2,Dangle 2,Altitude 2,x 3,y 3,Count 3,Bkg Count 3,Telescope 3,Dangle 3,Altitude 3,x 4,y 4,Count 4,Bkg Count 4,Telescope 4,Dangle 4,Altitude 4,x 5,y 5,Count 5,Bkg Count 5,Telescope 5,Dangle 5,Altitude 5,True X,True Y,True Energy Per Nucleon,True Z,True Height,Detecions,Phi,Epsilon,Theta
0.0,0.0,724.0,70012.0,lst,0.6972650670847879,0.42845966237164496,60.0,60.0,1239.0,8528.0,mst,5.791570011460409,1.5107302744768945,60.0,-60.0,173.0,10133.0,mst,3.960290240421399,0.9808784416829891,-60.0,60.0,0.0,7391.0,mst,0.7671376817440514,1.826128928543888,-60.0,-60.0,1079.0,7477.0,mst,2.075053201443799,1.3984576870378085,15.889578996708508,-19.018574262118534,660.8311429612254,26,24974.25840513207,4,1.7591980793321176,3.481443013332681
0.0,0.0,2453.0,116116.0,lst,2.8620573428648215,1.0962329046910637,60.0,60.0,277.0,26045.0,mst,4.923558949533953,1.0080822858197327,60.0,-60.0,59.0,15118.0,mst,3.541909759792073,2.5493212929072513,-60.0,60.0,2027.0,18407.0,mst,1.4409483626793762,1.6126155337625818,-60.0,-60.0,0.0,11733.0,mst,2.524089425019372,2.8270392850459447,14.349288036517919,49.63345525883642,1166.6215755794487,26,31503.65242968818,4,1.4873930621402622,3.127310445673989
