x 1,y 1,Count 1,Bkg Count 1,Telescope 1,Dangle 1,Altitude 1,x 2,y 2,Count 2,Bkg Count 2,Telescope 2,Dangle 2,Altitude 2,x 3,y 3,Count 3,Bkg Count 3,Telescope 3,Dangle 3,Altitude 3,x 4,y 4,Count 4,Bkg Count 4,Telescope 4,Dangle 4,Altitude 4,x 5,y 5,Count 5,Bkg Count 5,Telescope 5,Dangle 5,Altitude 5,True X,True Y,True Energy Per Nucleon,True Z,True Height,Detecions,Phi,Epsilon,Theta
0.0,0.0,2194.0,170819.0,lst,0.846482867948793,1.4583895724981577,60.0,60.0,246.0,17557.0,mst,6.136219750696764,2.198712067351172,60.0,-60.0,65.0,34691.0,mst,3.7405294312295654,0.4578118441722868,-60.0,60.0,0.0,11167.0,mst,0.8272342967880233,3.3751559119522057,-60.0,-60.0,62.0,15957.0,mst,1.735962647616277,2.5570097635712337,47.6025146260709,-42.124862254005706,1194.7410598352383,26,32901.455651730066,4,1.9361200890491304,4.81707335437545
0.0,0.0,3657.0,12487.0,lst,3.878051465996554,2.0273085191114824,60.0,60.0,69.0,1011.0,mst,4.550327487012282,2.405536435875369,60.0,-60.0,0.0,926.0,mst,3.9017596906190657,3.537888811600373,-60.0,60.0,129.0,5107.0,mst,3.7080632015778674,0.4705148408297882,-60.0,-60.0,37.0,1040.0,mst,3.237753344207046,2.636037860453782,-74.70830818235592,82.43013151453061,474.6723375518374,26,25930.11499415442,4,1.2948334849956877,5.713366645729408
0.0,0.0,692.0,32080.0,lst,2.645306553248204,0.9993646467998691,60.0,60.0,123.0,5176.0,mst,5.357767666313782,1.9260403616996449,60.0,-60.0,27.0,3502.0,mst,3.6358428799902094,3.2794438922368516,-60.0,60.0,57.0,4588.0,mst,1.1210161797783624,2.7802331657581125,-60.0,-60.0,0.0,3663.0,mst,2.4219134810455247,3.832143712920753,14.462202907968674,25.511968509492533,523.4072341561325,26,32717.651089325354,4,1.5416217833376464,1.5318299004985811
0.0,0.0,3170.0,0.0,lst,0.2845734743632709,1.1162460207494307,60.0,60.0,252.0,0.0,mst,5.96123665069868,2.3351572245157457,60.0,-60.0,222.0,0.0,mst,4.733394772831239,0.8212030785354049,-60.0,60.0,0.0,0.0,mst,0.5731083309706517,2.542041037187886,-60.0,-60.0,552.0,0.0,mst,1.5569967328976702,1.3800588440173733,17.65416617789427,-60.76652143673141,365.90221664513996,26,25062.365958347196,4,1.9044681413114586,0.8137040756771194
