x 1,y 1,Count 1,Bkg Count 1,Telescope 1,Dangle 1,Altitude 1,x 2,y 2,Count 2,Bkg Count 2,Telescope 2,Dangle 2,Altitude 2,x 3,y 3,Count 3,Bkg Count 3,Telescope 3,Dangle 3,Altitude 3,x 4,y 4,Count 4,Bkg Count 4,Telescope 4,Dangle 4,Altitude 4,x 5,y 5,Count 5,Bkg Count 5,Telescope 5,Dangle 5,Altitude 5,True X,True Y,True Energy Per Nucleon,True Z,True Height,Detecions,Phi,Epsilon,Theta
0.0,0.0,2371.0,41491.0,lst,0.10712406880766427,1.4514684664511786,60.0,60.0,27.0,5074.0,mst,5.834474709218425,3.3823365962561605,60.0,-60.0,705.0,7834.0,mst,4.601830256225868,1.4538922148367057,-60.0,60.0,0.0,5940.0,mst,0.5347448364854238,3.5872424234324094,-60.0,-60.0,313.0,8771.0,mst,1.665315403972863,1.7985870485014248,5.6523361522474715,-53.268964641861174,656.1634146350643,26,32778.334227089996,4,1.7598728196597635,4.668999586948614
0.0,0.0,3369.0,57990.0,lst,6.2037946052252115,0.9778018622022979,60.0,60.0,111.0,5858.0,mst,5.72392561248245,2.6832984177287633,60.0,-60.0,334.0,12067.0,mst,4.460552260189648,1.4381621142669592,-60.0,60.0,0.0,7606.0,mst,0.4995950387281489,2.61862584644438,-60.0,-60.0,365.0,9751.0,mst,1.8269097937572887,1.3003246149499517,-3.394588081659265,-44.097456853622916,684.9988029996917,26,30058.457704460252,4,1.5975563233792305,0.9054932907771931
0.0,0.0,2507.0,73185.0,lst,6.238921752325325,1.0818649047572007,60.0,60.0,53.0,9327.0,mst,5.79804450614175,2.553720429100882,60.0,-60.0,306.0,14335.0,mst,4.655360002686687,1.206934582528454,-60.0,60.0,66.0,6176.0,mst,0.4555453011013316,2.464895346887524,-60.0,-60.0,630.0,19237.0,mst,1.6372515061842794,1.0882750127389522,-2.921105957600048,-56.30675670148547,811.1976880056226,26,28499.413026892493,5,1.693286776506191,1.8935515690559341
0.0,0.0,3552.0,175247.0,lst,2.3740004463323507,0.7503828739652149,60.0,60.0,106.0,44937.0,mst,5.447071436220523,0.3718416695970357,60.0,-60.0,1954.0,17439.0,mst,3.3394365464728746,1.3688474628864873,-60.0,60.0,1468.0,18435.0,mst,1.378959066491081,1.3528511119591597,-60.0,-60.0,0.0,9671.0,mst,2.3807217782760715,1.8901874847820463,39.47154761081586,41.71183761896873,1230.1496322437056,26,20514.608253639995,4,1.5848432116042188,5.289929951550358
