x 1,y 1,Count 1,Bkg Count 1,Telescope 1,Dangle 1,Altitude 1,x 2,y 2,Count 2,Bkg Count 2,Telescope 2,Dangle 2,Altitude 2,x 3,y 3,Count 3,Bkg Count 3,Telescope 3,Dangle 3,Altitude 3,x 4,y 4,Count 4,Bkg Count 4,Telescope 4,Dangle 4,Altitude 4,x 5,y 5,Count 5,Bkg Count 5,Telescope 5,Dangle 5,Altitude 5,True X,True Y,True Energy Per Nucleon,True Z,True Height,Detecions,Phi,Epsilon,Theta
0.0,0.0,3810.0,73177.0,lst,2.326040412721816,1.2922804031805,60.0,60.0,37.0,19792.0,mst,5.6116100610158925,0.4676705426813897,60.0,-60.0,597.0,9259.0,mst,3.2594962596420958,2.180786342162647,-60.0,60.0,171.0,10791.0,mst,1.4070039909530967,2.1602174922898163,-60.0,-60.0,28.0,5726.0,mst,2.346895794057342,3.019852907654669,46.25633014938282,42.89477649108457,742.171618485051,26,29869.347236344507,5,1.8254006521986672,1.1660721756575037
0.0,0.0,6956.0,39908.0,lst,4.855118367961053,1.6538764515029363,60.0,60.0,27.0,3664.0,mst,5.144493068231252,2.8899688485516046,60.0,-60.0,0.0,3951.0,mst,4.45145690613142,2.73340064037192,-60.0,60.0,594.0,7430.0,mst,5.788823356868277,1.3898137693110624,-60.0,-60.0,700.0,9118.0,mst,3.8577319312814473,0.9923816639389618,-99.86443694655769,-14.660018166813245,618.743782794881,26,24565.078486218612,4,1.6901538630921964,0.38119672525829507
0.0,0.0,112.0,142068.0,lst,2.919607301506585,0.395730396345072,60.0,60.0,837.0,11999.0,mst,5.343367141835593,1.3286740569468514,60.0,-60.0,53.0,12233.0,mst,3.731224859787397,1.9556624937732374,-60.0,60.0,711.0,13816.0,mst,1.0211596080877912,1.3661978024145203,-60.0,-60.0,126.0,8755.0,mst,2.46664501332392,1.9460151985787997,4.880156053428834,20.97031869238134,806.3617425407773,26,29285.732221458147,5,1.2583219762081712,1.2592136625227226
