x 1,y 1,Count 1,Bkg Count 1,Telescope 1,Dangle 1,Altitude 1,x 2,y 2,Count 2,Bkg Count 2,Telescope 2,Dangle 2,Altitude 2,x 3,y 3,Count 3,Bkg Count 3,Telescope 3,Dangle 3,Altitude 3,x 4,y 4,Count 4,Bkg Count 4,Telescope 4,Dangle 4,Altitude 4,x 5,y 5,Count 5,Bkg Count 5,Telescope 5,Dangle 5,Altitude 5,True X,True Y,True Energy Per Nucleon,True Z,True Height,Detecions,Phi,Epsilon,Theta
0.0,0.0,3435.0,128557.0,lst,5.607730815856074,0.9540011908944892,60.0,60.0,0.0,10934.0,mst,5.5385554498771095,2.37016547177703,60.0,-60.0,1098.0,11767.0,mst,4.552587632443544,1.6840646062532771,-60.0,60.0,397.0,16136.0,mst,0.22183730668978663,1.8061593887149168,-60.0,-60.0,92.0,29378.0,mst,2.1138312616184316,0.5180302490458423,-36.35489845796481,-45.59868206552582,1067.5490128006538,26,28742.435968315618,4,1.9394738970901428,5.937281587871868
0.0,0.0,2309.0,34120.0,lst,4.563978670833475,1.2617891537333448,60.0,60.0,90.0,3229.0,mst,5.111554715165551,2.793639276827427,60.0,-60.0,0.0,2986.0,mst,4.201049628264468,2.889609131681802,-60.0,60.0,341.0,5605.0,mst,0.03228791337918448,1.1121185752088816,-60.0,-60.0,475.0,5383.0,mst,3.137718593221381,1.410189706589913,-59.27672559873011,8.61560813613147,537.3429252495134,26,28662.1299492696,4,1.3511665093126393,2.8859375135541927
0.0,0.0,2306.0,0.0,lst,5.444747150766615,0.9828921023514576,60.0,60.0,173.0,0.0,mst,5.485160635984495,2.3174728660417916,60.0,-60.0,697.0,0.0,mst,4.542031747868971,1.6931619278296641,-60.0,60.0,2127.0,0.0,mst,0.15303648820426735,1.6209516616818336,-60.0,-60.0,82.0,0.0,mst,2.486487788451208,0.3452165241872741,-46.59531064934927,-42.753826475513534,334.6610129601854,26,21520.030195360123,5,1.6130672742989935,4.862032831986348
0.0,0.0,3710.0,155662.0,lst,3.199411067496208,1.3443937617871686,60.0,60.0,570.0,34531.0,mst,4.5674478512988665,1.2323438273028264,60.0,-60.0,0.0,14248.0,mst,3.6048346078991815,2.8159336904812426,-60.0,60.0,614.0,40378.0,mst,1.7286784415622074,1.143792639155349,-60.0,-60.0,110.0,12673.0,mst,2.718195776372888,2.7678548040710176,-3.4952945648756497,69.16735083184466,1431.5173959843453,26,29832.555760445553,4,1.507235497646838,4.1682189858407135
