x 1,y 1,Count 1,Bkg Count 1,Telescope 1,Dangle 1,Altitude 1,x 2,y 2,Count 2,Bkg Count 2,Telescope 2,Dangle 2,Altitude 2,x 3,y 3,Count 3,Bkg Count 3,Telescope 3,Dangle 3,Altitude 3,x 4,y 4,Count 4,Bkg Count 4,Telescope 4,Dangle 4,Altitude 4,x 5,y 5,Count 5,Bkg Count 5,Telescope 5,Dangle 5,Altitude 5,True X,True Y,True Energy Per Nucleon,True Z,True Height,Detecions,Phi,Epsilon,Theta
0.0,0.0,1440.0,17845.0,lst,2.574695368271115,0.8206952666874151,60.0,60.0,370.0,2355.0,mst,5.327679511149225,1.1037734383620164,60.0,-60.0,186.0,1831.0,mst,3.561013882357559,2.3586222876801255,-60.0,60.0,986.0,1817.0,mst,1.2318257830320805,1.785980903546515,-60.0,-60.0,64.0,1337.0,mst,2.423089161835719,2.73648772688631,19.772496411470684,31.358397403358964,454.37484052677775,26,28645.4502892806,5,1.9135448801476338,0.6521565753617863
0.0,0.0,2885.0,6747.0,lst,0.6617008158095424,1.0365071540124728,60.0,60.0,0.0,720.0,mst,6.020280190079483,2.0480612329562597,60.0,-60.0,233.0,1302.0,mst,4.127146856387407,0.5524889946511956,-60.0,60.0,140.0,409.0,mst,0.7491945321431315,2.641241937136686,-60.0,-60.0,211.0,712.0,mst,1.7648549216158271,1.6992182168978547,33.51847478641008,-42.32545553684848,413.47179920084204,26,25711.193250134715,4,1.2153277586457152,3.1306261809093634
