x 1,y 1,Count 1,Bkg Count 1,Telescope 1,Dangle 1,Altitude 1,x 2,y 2,Count 2,Bkg Count 2,Telescope 2,Dangle 2,Altitude 2,x 3,y 3,Count 3,Bkg Count 3,Telescope 3,Dangle 3,Altitude 3,x 4,y 4,Count 4,Bkg Count 4,Telescope 4,Dangle 4,Altitude 4,x 5,y 5,Count 5,Bkg Count 5,Telescope 5,Dangle 5,Altitude 5,True X,True Y,True Energy Per Nucleon,True Z,True Height,Detecions,Phi,Epsilon,Theta
0.0,0.0,31.0,264754.0,lst,2.9337611026876083,0.38262809176318463,60.0,60.0,646.0,32812.0,mst,5.3694144912693105,1.5286223215451997,60.0,-60.0,221.0,19846.0,mst,3.766168311312079,2.0792739132209577,-60.0,60.0,1401.0,34325.0,mst,0.9818287128400218,1.705423924885385,-60.0,-60.0,186.0,22122.0,mst,2.444746265410199,2.229853668076293,3.650272714836973,17.40832949204949,1432.2249274501314,26,32364.90876068062,5,1.7258039663442764,4.519196050032409
0.0,0.0,653.0,0.0,lst,2.1991499209920478,0.7511910244620728,60.0,60.0,221.0,0.0,mst,5.609790832809611,1.1047795462364898,60.0,-60.0,191.0,0.0,mst,3.518672416652167,1.8579715232381535,-60.0,60.0,538.0,0.0,mst,1.1467508515823526,2.115010527487584,-60.0,-60.0,0.0,0.0,mst,2.3143272067250638,2.57756549017499,28.535026968046708,20.342290754168772,239.571845942346,26,22710.051823018042,4,1.6006131093280802,0.9602744512466647
0.0,0.0,693.0,0.0,lst,3.269594257621256,0.9724951411357995,60.0,60.0,639.0,0.0,mst,4.753883427382439,1.1208664651251932,60.0,-60.0,205.0,0.0,mst,3.6747016087106448,2.283014455460694,-60.0,60.0,309.0,0.0,mst,1.5172020703844071,0.8980394546356569,-60.0,-60.0,183.0,0.0,mst,2.722098785843828,2.167854661351742,-6.851610600794174,57.37206973193943,299.14992645519914,26,21914.221684121145,5,1.5762141137677934,1.0315456702143746
0.0,0.0,2023.0,112431.0,lst,0.4658978681548561,1.0202263352902772,60.0,60.0,28.0,12938.0,mst,5.963660975297585,2.3174935533547285,60.0,-60.0,130.0,23239.0,mst,4.300555981587215,0.9130451985104426,-60.0,60.0,83.0,13394.0,mst,0.664506833570515,2.7010918929622196,-60.0,-60.0,277.0,15735.0,mst,1.7719504420534204,1.747892874394934,22.029372968639763,-44.33181580985109,974.7951447253297,26,31838.644467620794,5,1.2688212583228642,0.5600199432593955
