x 1,y 1,Count 1,Bkg Count 1,Telescope 1,Dangle 1,Altitude 1,x 2,y 2,Count 2,Bkg Count 2,Telescope 2,Dangle 2,Altitude 2,x 3,y 3,Count 3,Bkg Count 3,Telescope 3,Dangle 3,Altitude 3,x 4,y 4,Count 4,Bkg Count 4,Telescope 4,Dangle 4,Altitude 4,x 5,y 5,Count 5,Bkg Count 5,Telescope 5,Dangle 5,Altitude 5,True X,True Y,True Energy Per Nucleon,True Z,True Height,Detecions,Phi,Epsilon,Theta
0.0,0.0,1719.0,1376.0,lst,2.6011397596181376,1.8681220973169224,60.0,60.0,168.0,416.0,mst,3.290075511617363,0.5703470836097834,60.0,-60.0,36.0,211.0,mst,3.1865102757873327,2.6501401317889273,-60.0,60.0,275.0,233.0,mst,1.839894587929729,2.0719231785620402,-60.0,-60.0,0.0,162.0,mst,2.4992136590366223,3.3206066592040386,54.41095210377503,90.92486953999142,397.57019372233026,26,23995.68114285652,4,1.5201525779340923,0.06289565172784652
0.0,0.0,1261.0,29970.0,lst,5.305532432199267,2.08881914167001,60.0,60.0,0.0,2224.0,mst,5.382556754125201,3.6906523551247132,60.0,-60.0,47.0,2367.0,mst,4.725102589655397,2.783606510744298,-60.0,60.0,48.0,4863.0,mst,6.026489239831381,2.479989613385087,-60.0,-60.0,227.0,8655.0,mst,4.714679027847976,0.6091758325392085,-93.08787596884048,-60.37241977422518,574.1297458299231,26,28154.9570389248,4,1.19946739129433,3.8459591418208694
0.0,0.0,1034.0,354656.0,lst,5.535562456015201,1.1142158695924433,60.0,60.0,25.0,29007.0,mst,5.4999658867982255,3.657638970933153,60.0,-60.0,100.0,37173.0,mst,4.340787727089121,2.780105852756122,-60.0,60.0,105.0,33358.0,mst,0.3583968816753326,2.817232429837515,-60.0,-60.0,514.0,46366.0,mst,2.3493148440426137,1.4722740805037822,-25.77685854776358,-27.247788785141708,2319.864074772275,26,39733.12745990199,5,1.743525965506054,5.726406478690866
