x 1,y 1,Count 1,Bkg Count 1,Telescope 1,Dangle 1,Altitude 1,x 2,y 2,Count 2,Bkg Count 2,Telescope 2,Dangle 2,Altitude 2,x 3,y 3,Count 3,Bkg Count 3,Telescope 3,Dangle 3,Altitude 3,x 4,y 4,Count 4,Bkg Count 4,Telescope 4,Dangle 4,Altitude 4,x 5,y 5,Count 5,Bkg Count 5,Telescope 5,Dangle 5,Altitude 5,True X,True Y,True Energy Per Nucleon,True Z,True Height,Detecions,Phi,Epsilon,Theta
0.0,0.0,1659.0,368236.0,lst,4.999357780533453,1.0914071830796055,60.0,60.0,0.0,24210.0,mst,5.317475361422614,3.01887407238685,60.0,-60.0,71.0,22876.0,mst,4.30187400121413,2.741018862647206,-60.0,60.0,39.0,36914.0,mst,0.2187473177202989,1.7316911779011386,-60.0,-60.0,196.0,40786.0,mst,2.8187408605061646,1.1596722474357326,-44.358671097848855,-13.22038008055111,1975.3389472304857,26,34430.23352494034,4,1.3803489979605277,1.1269304707789112
0.0,0.0,2423.0,129864.0,lst,4.50596503845981,1.043865648439569,60.0,60.0,22.0,17033.0,mst,5.105935568736267,2.2767402778963985,60.0,-60.0,101.0,13880.0,mst,4.1686026394386,2.5376208910725455,-60.0,60.0,425.0,29325.0,mst,0.05832420066828918,0.9261416808323253,-60.0,-60.0,669.0,29741.0,mst,3.0732815709525885,1.4586658861141386,-56.35971534525275,11.858329072519808,1295.2004572838684,26,31303.89312255326,5,1.1873240723633125,4.956685127780873
0.0,0.0,1618.0,0.0,lst,2.5801107890869006,1.103487650999562,60.0,60.0,107.0,0.0,mst,4.993136654279196,0.549958813358947,60.0,-60.0,0.0,0.0,mst,3.374051794232011,2.113022955082374,-60.0,60.0,256.0,0.0,mst,1.4779942509918986,1.7522136522705603,-60.0,-60.0,55.0,0.0,mst,2.4499168138381164,2.6336255014586496,32.81419341971207,51.897069209683025,377.43142437509886,26,25343.849138856196,4,1.2833172702973312,2.6515152938213933
0.0,0.0,4214.0,0.0,lst,1.8069710928861464,1.1211986484925984,60.0,60.0,371.0,0.0,mst,0.046190095706960345,0.7531294142530652,60.0,-60.0,428.0,0.0,mst,3.1067798847988892,1.3703986747095163,-60.0,60.0,140.0,0.0,mst,1.2130604010217167,2.258096797773511,-60.0,-60.0,0.0,0.0,mst,2.11343434098996,2.5478322829825224,61.765393953879425,15.029724359824058,344.4714372656718,26,23762.348897391843,4,1.8380171639042446,0.21199581198394035
