x 1,y 1,Count 1,Bkg Count 1,Telescope 1,Dangle 1,Altitude 1,x 2,y 2,Count 2,Bkg Count 2,Telescope 2,Dangle 2,Altitude 2,x 3,y 3,Count 3,Bkg Count 3,Telescope 3,Dangle 3,Altitude 3,x 4,y 4,Count 4,Bkg Count 4,Telescope 4,Dangle 4,Altitude 4,x 5,y 5,Count 5,Bkg Count 5,Telescope 5,Dangle 5,Altitude 5,True X,True Y,True Energy Per Nucleon,True Z,True Height,Detecions,Phi,Epsilon,Theta
0.0,0.0,1407.0,89539.0,lst,1.4734270057762935,0.9927038274483402,60.0,60.0,536.0,13766.0,mst,5.993173660604069,1.5940208716041473,60.0,-60.0,420.0,13839.0,mst,3.4987198907075117,1.3991621089926776,-60.0,60.0,84.0,8532.0,mst,0.9784488937286481,2.8672157101780895,-60.0,-60.0,47.0,11101.0,mst,2.070428813248202,2.7502770380840165,40.499581161542494,-4.493532880823864,790.9694225248695,26,32052.056674053434,5,1.7001500147644426,5.262409395700304
0.0,0.0,2871.0,0.0,lst,2.3319834223630456,0.8488836315808311,60.0,60.0,99.0,0.0,mst,5.552475700047124,0.5153084999815405,60.0,-60.0,1375.0,0.0,mst,3.3491048015171025,1.517366465848146,-60.0,60.0,929.0,0.0,mst,1.334750746415997,1.6496183387777705,-60.0,-60.0,389.0,0.0,mst,2.3341909724444228,2.1306651581057943,39.84299483983813,37.36083789754019,304.2263740979751,26,22339.05522733512,5,1.2136024168219328,2.911796554800629
0.0,0.0,3080.0,0.0,lst,3.1979007156871218,1.553130866669132,60.0,60.0,626.0,0.0,mst,4.463004946761901,1.362987115006059,60.0,-60.0,0.0,0.0,mst,3.5879651027224795,3.1131475780129705,-60.0,60.0,749.0,0.0,mst,1.845237893450678,1.0889052033205482,-60.0,-60.0,25.0,0.0,mst,2.7456183928233524,2.9420597696627375,-4.666288889421338,76.7794903745345,262.09132074427043,26,23038.78886533596,4,1.8855058879915918,0.8823951605580582
