x 1,y 1,Count 1,Bkg Count 1,Telescope 1,Dangle 1,Altitude 1,x 2,y 2,Count 2,Bkg Count 2,Telescope 2,Dangle 2,Altitude 2,x 3,y 3,Count 3,Bkg Count 3,Telescope 3,Dangle 3,Altitude 3,x 4,y 4,Count 4,Bkg Count 4,Telescope 4,Dangle 4,Altitude 4,x 5,y 5,Count 5,Bkg Count 5,Telescope 5,Dangle 5,Altitude 5,True X,True Y,True Energy Per Nucleon,True Z,True Height,Detecions,Phi,Epsilon,Theta
0.0,0.0,3960.0,53589.0,lst,5.03859421168478,1.2104769614533128,60.0,60.0,63.0,3793.0,mst,5.254959134189171,2.4252230433419104,60.0,-60.0,269.0,5018.0,mst,4.473324260475104,2.1799640459351304,-60.0,60.0,961.0,6011.0,mst,6.116886189743085,1.308062268071668,-60.0,-60.0,216.0,9760.0,mst,3.544215415637192,0.593743529581782,-74.21624224470273,-25.52259150298785,638.4765456246852,26,23970.963707604762,5,1.2941589108357283,0.550569720717144
0.0,0.0,3851.0,18560.0,lst,5.108741814464904,1.0909816904413707,60.0,60.0,95.0,1517.0,mst,5.330400432490635,2.528726660373658,60.0,-60.0,174.0,2163.0,mst,4.407445264627395,2.1960191004083973,-60.0,60.0,1096.0,3326.0,mst,0.018919973747759927,1.4539507645757057,-60.0,-60.0,125.0,3723.0,mst,3.072982828782173,0.6636608233184166,-57.703222330375766,-23.52553326983184,477.4158216275411,26,25576.246191523347,5,1.3733008159809774,6.034994986636945
0.0,0.0,2029.0,89998.0,lst,0.8206355460111194,0.8970572169305623,60.0,60.0,1703.0,7601.0,mst,6.036291047763703,1.770529211054802,60.0,-60.0,145.0,18944.0,mst,3.876030991673656,0.6540571929806454,-60.0,60.0,121.0,7527.0,mst,0.7920905478139386,2.46033960432398,-60.0,-60.0,0.0,10750.0,mst,1.8229040324648802,1.87154697217902,36.4749791619862,-34.04368891317131,841.8057955200918,26,28209.462221560203,4,1.3688283484453159,0.1506073632324852
