x 1,y 1,Count 1,Bkg Count 1,Telescope 1,Dangle 1,Altitude 1,x 2,y 2,Count 2,Bkg Count 2,Telescope 2,Dangle 2,Altitude 2,x 3,y 3,Count 3,Bkg Count 3,Telescope 3,Dangle 3,Altitude 3,x 4,y 4,Count 4,Bkg Count 4,Telescope 4,Dangle 4,Altitude 4,x 5,y 5,Count 5,Bkg Count 5,Telescope 5,Dangle 5,Altitude 5,True X,True Y,True Energy Per Nucleon,True Z,True Height,Detecions,Phi,Epsilon,Theta
0.0,0.0,2218.0,96817.0,lst,1.044579221643,1.7432290867799858,60.0,60.0,58.0,13196.0,mst,6.217228604901346,2.59426896775429,60.0,-60.0,103.0,22675.0,mst,3.307499011030968,0.784074847108306,-60.0,60.0,0.0,8851.0,mst,0.9013972632630857,4.022009781562369,-60.0,-60.0,25.0,12727.0,mst,1.8024713614820729,3.206422376518816,55.24842369782223,-32.26030221095134,947.1695216337423,26,35405.61944786078,4,1.3320863720566802,1.7761598604889994
0.0,0.0,1989.0,56452.0,lst,3.597989768321538,2.0686725868253153,60.0,60.0,32.0,10819.0,mst,4.740809362967637,2.8423756203013,60.0,-60.0,0.0,7043.0,mst,3.7925325712721514,4.72900737297908,-60.0,60.0,145.0,17522.0,mst,1.5075645525597832,1.036288216783228,-60.0,-60.0,21.0,7175.0,mst,2.8833922099422593,3.9401741022037955,-28.289786784123393,57.46307547612784,745.6853541949278,26,35459.84512332247,4,1.6809733187642621,5.444580643434515
0.0,0.0,2533.0,28709.0,lst,0.3703261068737582,1.6334492129215918,60.0,60.0,42.0,3148.0,mst,5.999715374559235,3.131906503748875,60.0,-60.0,180.0,6293.0,mst,4.787194262697771,0.8960000613948679,-60.0,60.0,0.0,2846.0,mst,0.604312440308467,3.598938455788477,-60.0,-60.0,32.0,3082.0,mst,1.552750554724715,2.044888680511687,23.813416500169552,-62.48995476982108,522.1055994757241,26,30046.61149928202,4,1.7148739466495744,0.017429651497323072
