x 1,y 1,Count 1,Bkg Count 1,Telescope 1,Dangle 1,Altitude 1,x 2,y 2,Count 2,Bkg Count 2,Telescope 2,Dangle 2,Altitude 2,x 3,y 3,Count 3,Bkg Count 3,Telescope 3,Dangle 3,Altitude 3,x 4,y 4,Count 4,Bkg Count 4,Telescope 4,Dangle 4,Altitude 4,x 5,y 5,Count 5,Bkg Count 5,Telescope 5,Dangle 5,Altitude 5,True X,True Y,True Energy Per Nucleon,True Z,True Height,Detecions,Phi,Epsilon,Theta
0.0,0.0,6489.0,52824.0,lst,5.996037257427242,1.69713559908047,60.0,60.0,0.0,7157.0,mst,5.738975075741017,3.3460515625728497,60.0,-60.0,1098.0,11934.0,mst,4.893482070980016,1.7718220422111397,-60.0,60.0,41.0,6139.0,mst,0.28308452736458706,2.9969201826298772,-60.0,-60.0,204.0,20443.0,mst,1.1516892314233722,0.8592200333047069,-24.409709982512723,-76.60825546963478,760.215237718104,26,30161.061910183456,4,1.3361583539953317,4.213975339759944
0.0,0.0,1911.0,0.0,lst,1.822512174298667,0.8503668133197364,60.0,60.0,402.0,0.0,mst,5.988935020869134,0.8826746278664465,60.0,-60.0,339.0,0.0,mst,3.335682595648698,1.3840718681659696,-60.0,60.0,475.0,0.0,mst,1.1414241191361068,2.0219482900611028,-60.0,-60.0,208.0,0.0,mst,2.1608930753564275,2.310948186856708,45.31694998767088,11.569382253852126,355.71634441723944,26,24537.60766360865,5,1.2395447397750947,0.38836127425047656
0.0,0.0,3178.0,34163.0,lst,5.401784720179535,0.9868913955613421,60.0,60.0,142.0,3451.0,mst,5.462953258948262,2.4851637272646934,60.0,-60.0,928.0,6046.0,mst,4.48857134999683,1.8338816118593624,-60.0,60.0,136.0,4199.0,mst,0.17130997885452418,1.7128524312973878,-60.0,-60.0,183.0,9409.0,mst,2.509482554126829,0.5203337135956846,-42.59788176529567,-36.383391451982504,589.8139922146431,26,25863.433313288413,5,1.6318852376865491,1.0580888488693325
0.0,0.0,3595.0,165572.0,lst,1.9214115160877863,1.4519768296085374,60.0,60.0,246.0,37560.0,mst,6.160636010075052,1.0145106055622077,60.0,-60.0,101.0,26697.0,mst,3.195245894502864,1.990019886462922,-60.0,60.0,44.0,20091.0,mst,1.2381211743927967,3.024658783550275,-60.0,-60.0,0.0,10904.0,mst,2.166721640210953,3.499967432307412,54.76758686426726,19.113230237093973,1390.3364289216563,26,34697.62740584048,4,1.6971906640657484,5.8392276055915575
