x 1,y 1,Count 1,Bkg Count 1,Telescope 1,Dangle 1,Altitude 1,x 2,y 2,Count 2,Bkg Count 2,Telescope 2,Dangle 2,Altitude 2,x 3,y 3,Count 3,Bkg Count 3,Telescope 3,Dangle 3,Altitude 3,x 4,y 4,Count 4,Bkg Count 4,Telescope 4,Dangle 4,Altitude 4,x 5,y 5,Count 5,Bkg Count 5,Telescope 5,Dangle 5,Altitude 5,True X,True Y,True Energy Per Nucleon,True Z,True Height,Detecions,Phi,Epsilon,Theta
0.0,0.0,3828.0,25418.0,lst,4.504881419643677,1.3296516846854587,60.0,60.0,83.0,2421.0,mst,5.01244673983554,2.4181799419267525,60.0,-60.0,59.0,2454.0,mst,4.210022110409074,2.651712902882153,-60.0,60.0,472.0,6022.0,mst,5.905769735858752,0.7892850038003894,-60.0,-60.0,760.0,4660.0,mst,3.360356733411167,1.3539058263456123,-76.91764349064461,16.760093958673735,529.684639040708,26,25326.42409467308,5,1.3775255706280738,4.905247675345819
0.0,0.0,1317.0,59563.0,lst,5.22346585569107,1.9069476574680666,60.0,60.0,0.0,4333.0,mst,5.369430394186917,4.273566331088702,60.0,-60.0,30.0,6103.0,mst,4.477202519305504,3.388060816503333,-60.0,60.0,117.0,8158.0,mst,6.273532498162445,2.6329516337453454,-60.0,-60.0,61.0,11010.0,mst,3.146862863599857,0.7514847056637082,-60.13494024531407,-32.3895288118934,678.3966540245194,26,33561.81208842164,4,1.3376815823733637,3.6178906815055205
0.0,0.0,940.0,24486.0,lst,2.605721305340287,0.4671719547248583,60.0,60.0,572.0,3426.0,mst,5.3963622511788145,1.066069459127968,60.0,-60.0,376.0,2823.0,mst,3.657035337300818,1.695976425445464,-60.0,60.0,1288.0,3191.0,mst,1.1001833911939631,1.481538010940374,-60.0,-60.0,208.0,2262.0,mst,2.4141142913495917,1.9915414705631258,14.136477790433474,23.12128259130199,479.09776530472726,26,25191.678877135284,5,1.6061310362915444,3.816940139099731
0.0,0.0,4223.0,5001.0,lst,1.2211034308366675,1.3949457192495158,60.0,60.0,539.0,809.0,mst,6.2031990827631365,1.9344078963973264,60.0,-60.0,148.0,1050.0,mst,3.301775794410193,1.0427303647802657,-60.0,60.0,0.0,421.0,mst,0.957765687080059,3.398301251209707,-60.0,-60.0,35.0,443.0,mst,1.91315322714518,2.9415673161963793,53.22936415990563,-18.908692482503596,411.1666177948549,26,28296.531274513585,4,1.643176761852283,1.5497291830106854
