x 1,y 1,Count 1,Bkg Count 1,Telescope 1,Dangle 1,Altitude 1,x 2,y 2,Count 2,Bkg Count 2,Telescope 2,Dangle 2,Altitude 2,x 3,y 3,Count 3,Bkg Count 3,Telescope 3,Dangle 3,Altitude 3,x 4,y 4,Count 4,Bkg Count 4,Telescope 4,Dangle 4,Altitude 4,x 5,y 5,Count 5,Bkg Count 5,Telescope 5,Dangle 5,Altitude 5,True X,True Y,True Energy Per Nucleon,True Z,True Height,Detecions,Phi,Epsilon,Theta
0.0,0.0,1161.0,171405.0,lst,1.9339608557155146,0.6209034610065696,60.0,60.0,349.0,20367.0,mst,5.790968156044222,0.7987091232210961,60.0,-60.0,696.0,24580.0,mst,3.4560953796597156,1.1603415845281821,-60.0,60.0,788.0,15198.0,mst,1.114255241186831,1.6766370704455897,-60.0,-60.0,657.0,19014.0,mst,2.2319884111685644,1.8972270815595267,35.65394198476963,13.283649605287081,1194.5642612354438,26,24838.804380735477,5,1.278735944881884,4.6400641139559475
0.0,0.0,4533.0,38198.0,lst,0.6664289620232197,1.0531262529780787,60.0,60.0,2032.0,6459.0,mst,6.166836310016296,1.7531955428046428,60.0,-60.0,0.0,10686.0,mst,4.490572745537687,None,-60.0,60.0,179.0,3815.0,mst,0.7265269946655678,2.2954518007063602,-60.0,-60.0,2190.0,5636.0,mst,1.5903198586635028,1.49733102764044,45.395647936948734,-56.6030399414841,624.9785097341247,26,22920.453452448506,4,1.8259758911631125,1.7676741368802869
0.0,0.0,97.0,0.0,lst,1.7380209011467926,0.41456304595277643,60.0,60.0,1513.0,0.0,mst,5.643266400965803,1.6707943263069474,60.0,-60.0,591.0,0.0,mst,3.7322901941445883,1.8154301229335628,-60.0,60.0,147.0,0.0,mst,0.9340467304328209,2.0980745128361913,-60.0,-60.0,289.0,0.0,mst,2.2624077895312027,2.2230456973312407,18.349592173661364,3.117363336818215,386.22540687807617,26,27567.892135597656,5,1.9119717848873845,1.3571721286164242
