x 1,y 1,Count 1,Bkg Count 1,Telescope 1,Dangle 1,Altitude 1,x 2,y 2,Count 2,Bkg Count 2,Telescope 2,Dangle 2,Altitude 2,x 3,y 3,Count 3,Bkg Count 3,Telescope 3,Dangle 3,Altitude 3,x 4,y 4,Count 4,Bkg Count 4,Telescope 4,Dangle 4,Altitude 4,x 5,y 5,Count 5,Bkg Count 5,Telescope 5,Dangle 5,Altitude 5,True X,True Y,True Energy Per Nucleon,True Z,True Height,Detecions,Phi,Epsilon,Theta
0.0,0.0,1155.0,153594.0,lst,0.8395826243252124,0.6160167501465326,60.0,60.0,1008.0,14336.0,mst,5.921034433473316,1.4999982518806212,60.0,-60.0,504.0,24990.0,mst,3.883756936496578,0.7257254175966081,-60.0,60.0,319.0,9680.0,mst,0.7938312173357563,1.9806652745400464,-60.0,-60.0,699.0,15258.0,mst,1.9432987732025628,1.488637524439586,28.23355886983086,-25.618877132025744,1011.6765719050003,26,25548.345305034138,5,1.3195738715885021,2.9923166409606075
0.0,0.0,1871.0,119729.0,lst,2.6265683431910056,1.1308410517316407,60.0,60.0,493.0,43009.0,mst,5.2523782486601345,1.1964100288877355,60.0,-60.0,68.0,17512.0,mst,3.525959321972571,2.7900903702712845,-60.0,60.0,0.0,30799.0,mst,1.3051750862548042,2.2271793819959993,-60.0,-60.0,27.0,19820.0,mst,2.450634820393884,3.3763649523217674,21.020510019335376,37.34336311235654,1361.1108655491291,26,35846.64055333142,4,1.5509577806035857,4.617745096916173
0.0,0.0,125.0,360092.0,lst,5.895660875509401,0.3111895384326694,60.0,60.0,1479.0,18552.0,mst,5.56982249782722,1.7788174624436395,60.0,-60.0,675.0,33410.0,mst,4.13973613218508,1.4119298902895563,-60.0,60.0,1444.0,34403.0,mst,0.6214790752159706,1.6951329670626922,-60.0,-60.0,599.0,36907.0,mst,2.233596729578909,1.2403727853402555,-7.079981082651585,-17.219332576790265,1530.6335034724027,26,28721.93591410328,5,1.8129848612393382,5.323845345406015
0.0,0.0,2114.0,141985.0,lst,0.5040361795492844,2.1524955351681028,60.0,60.0,26.0,10324.0,mst,6.156353995336375,3.240795776197378,60.0,-60.0,146.0,38308.0,mst,5.572655824567764,0.5904968164895849,-60.0,60.0,0.0,8505.0,mst,0.6608087894126781,4.1225543976414905,-60.0,-60.0,65.0,16098.0,mst,1.3726868512612527,2.622859461905903,43.53380014957409,-79.58040284152983,1232.5865712777852,26,35377.737483635356,4,1.940424213777402,6.030294209796129
