x 1,y 1,Count 1,Bkg Count 1,Telescope 1,Dangle 1,Altitude 1,x 2,y 2,Count 2,Bkg Count 2,Telescope 2,Dangle 2,Altitude 2,x 3,y 3,Count 3,Bkg Count 3,Telescope 3,Dangle 3,Altitude 3,x 4,y 4,Count 4,Bkg Count 4,Telescope 4,Dangle 4,Altitude 4,x 5,y 5,Count 5,Bkg Count 5,Telescope 5,Dangle 5,Altitude 5,True X,True Y,True Energy Per Nucleon,True Z,True Height,Detecions,Phi,Epsilon,Theta
0.0,0.0,974.0,92395.0,lst,0.9090615296742305,1.134977079679255,60.0,60.0,94.0,13301.0,mst,5.837964360738588,3.0178238429282507,60.0,-60.0,93.0,19229.0,mst,3.8380624375744805,1.8307462687422766,-60.0,60.0,0.0,10656.0,mst,0.8371960114847077,4.1203179584799585,-60.0,-60.0,39.0,11388.0,mst,2.0082047695671403,3.3526963912409347,25.320969436632623,-19.879758412022,836.1432612858653,26,37211.68523735508,4,1.7518156020723386,4.943719221735337
0.0,0.0,1818.0,118836.0,lst,5.159181169696251,1.0540626015519003,60.0,60.0,29.0,11533.0,mst,5.385009308740445,2.886866108104731,60.0,-60.0,61.0,15337.0,mst,4.34630583729614,2.407406852250603,-60.0,60.0,986.0,11804.0,mst,0.22372079196891007,1.89074625454046,-60.0,-60.0,395.0,22474.0,mst,2.720198651531372,0.9731259545395997,-41.7099626684371,-20.33757323606679,929.4235609116637,26,31807.24522092708,5,1.3970269150115993,4.106735613466946
