x 1,y 1,Count 1,Bkg Count 1,Telescope 1,Dangle 1,Altitude 1,x 2,y 2,Count 2,Bkg Count 2,Telescope 2,Dangle 2,Altitude 2,x 3,y 3,Count 3,Bkg Count 3,Telescope 3,Dangle 3,Altitude 3,x 4,y 4,Count 4,Bkg Count 4,Telescope 4,Dangle 4,Altitude 4,x 5,y 5,Count 5,Bkg Count 5,Telescope 5,Dangle 5,Altitude 5,True X,True Y,True Energy Per Nucleon,True Z,True Height,Detecions,Phi,Epsilon,Theta
0.0,0.0,2382.0,69632.0,lst,4.690925516167313,0.9880415332857635,60.0,60.0,42.0,4737.0,mst,5.224279788197745,2.6647513868862567,60.0,-60.0,0.0,5963.0,mst,4.205385795879345,2.538188916453781,-60.0,60.0,902.0,8375.0,mst,0.22226143275147495,1.3556241925605426,-60.0,-60.0,296.0,9774.0,mst,2.923618648242652,1.2639922624947135,-47.07714757238864,0.9828566560620118,631.0856822060509,26,29815.48770676855,4,1.2611219577301604,3.18702113974242
0.0,0.0,8298.0,0.0,lst,4.7847168408420195,1.746396173895963,60.0,60.0,0.0,0.0,mst,5.103619875108669,3.0559750502266856,60.0,-60.0,32.0,0.0,mst,4.395908205870882,2.9482277333728737,-60.0,60.0,651.0,0.0,mst,5.743758816381443,1.3859469949445598,-60.0,-60.0,676.0,0.0,mst,3.8232148104752137,1.167691843080642,-100.80714145699056,-7.739520252951905,379.12389245173284,26,23735.630679899787,4,1.443629842100931,1.6777786899980978
0.0,0.0,1485.0,0.0,lst,1.9287773014994996,0.8864484809148448,60.0,60.0,601.0,0.0,mst,5.834057283823094,1.1101672417557922,60.0,-60.0,155.0,0.0,mst,3.426344846774357,1.6501409014198485,-60.0,60.0,337.0,0.0,mst,1.1297063797809515,2.2946736891305344,-60.0,-60.0,0.0,0.0,mst,2.2204963634352217,2.631647810079257,38.33560994161212,13.97278394414866,333.33944047573345,26,25507.30155917382,4,1.7223209194278788,1.213313212629829
0.0,0.0,1744.0,325557.0,lst,1.2172122724984111,1.459269822234358,60.0,60.0,214.0,37331.0,mst,6.154700928483775,2.314972225376122,60.0,-60.0,362.0,82319.0,mst,3.3824774638384323,1.1939220914641941,-60.0,60.0,0.0,15319.0,mst,0.9555707018200345,3.7345363699777714,-60.0,-60.0,26.0,29095.0,mst,1.9305099177546314,3.169647021263158,50.484050836160606,-18.843245824662205,2176.5634984002068,26,39280.75341814138,4,1.2322471235711887,1.9335463509366102
