x 1,y 1,Count 1,Bkg Count 1,Telescope 1,Dangle 1,Altitude 1,x 2,y 2,Count 2,Bkg Count 2,Telescope 2,Dangle 2,Altitude 2,x 3,y 3,Count 3,Bkg Count 3,Telescope 3,Dangle 3,Altitude 3,x 4,y 4,Count 4,Bkg Count 4,Telescope 4,Dangle 4,Altitude 4,x 5,y 5,Count 5,Bkg Count 5,Telescope 5,Dangle 5,Altitude 5,True X,True Y,True Energy Per Nucleon,True Z,True Height,Detecions,Phi,Epsilon,Theta
0.0,0.0,3134.0,31586.0,lst,1.9066792163789879,1.77959629309757,60.0,60.0,271.0,8144.0,mst,0.18776844000505855,0.9669492165425799,60.0,-60.0,325.0,5767.0,mst,3.0484266742259356,2.1883278231433883,-60.0,60.0,36.0,3903.0,mst,1.2937102334097395,3.3143056073294024,-60.0,-60.0,0.0,3140.0,mst,2.1490997059631205,3.851113616567065,66.90395813110064,23.12644480673356,579.9052944475529,26,31714.622376464584,4,1.3193014733794917,1.341685114638052
0.0,0.0,1814.0,213822.0,lst,5.736932520237277,0.5845152097313812,60.0,60.0,261.0,21855.0,mst,5.564184940926682,1.823976872092829,60.0,-60.0,599.0,31742.0,mst,4.4078287581999005,1.2601186540527827,-60.0,60.0,1533.0,28381.0,mst,0.4006332205149602,1.5067456176503542,-60.0,-60.0,350.0,57579.0,mst,2.1463486885932515,0.683748861373461,-21.27201453837631,-34.22455409360845,1650.4306177653018,26,22923.93248956939,5,1.554698835838884,4.903313355831677
0.0,0.0,2694.0,27189.0,lst,0.2627175383481973,1.13299197069006,60.0,60.0,212.0,2239.0,mst,5.895498712365215,2.5356391552360935,60.0,-60.0,310.0,4613.0,mst,4.555908639125801,0.9576921371864263,-60.0,60.0,54.0,2048.0,mst,0.5671003869827493,2.811667013629268,-60.0,-60.0,618.0,3047.0,mst,1.653459727030814,1.5122420911208114,14.562056490787825,-52.786859120227774,507.7924868703947,26,27793.389641565533,5,1.766428104893813,3.0402002659320386
