x 1,y 1,Count 1,Bkg Count 1,Telescope 1,Dangle 1,Altitude 1,x 2,y 2,Count 2,Bkg Count 2,Telescope 2,Dangle 2,Altitude 2,x 3,y 3,Count 3,Bkg Count 3,Telescope 3,Dangle 3,Altitude 3,x 4,y 4,Count 4,Bkg Count 4,Telescope 4,Dangle 4,Altitude 4,x 5,y 5,Count 5,Bkg Count 5,Telescope 5,Dangle 5,Altitude 5,True X,True Y,True Energy Per Nucleon,True Z,True Height,Detecions,Phi,Epsilon,Theta
0.0,0.0,2293.0,23232.0,lst,2.889621411995203,1.2176644221170434,60.0,60.0,444.0,3162.0,mst,4.830564930919147,0.9915691151735674,60.0,-60.0,85.0,2490.0,mst,3.5081768118999466,2.649256341939129,-60.0,60.0,444.0,3168.0,mst,1.4893110603235737,1.762185980022017,-60.0,-60.0,0.0,2211.0,mst,2.5579776511147885,3.0930736601107176,14.433538071566687,54.37733947136624,496.14475988804446,26,29415.116807579223,4,1.2295689250609343,4.130671544477706
0.0,0.0,1343.0,211023.0,lst,5.5993734775591575,1.2364372887171053,60.0,60.0,0.0,15699.0,mst,5.5238762954123075,4.029527137080473,60.0,-60.0,45.0,22338.0,mst,4.346576863439348,2.954387736457246,-60.0,60.0,51.0,25417.0,mst,0.39133533421274097,3.215356112253208,-60.0,-60.0,202.0,32915.0,mst,2.2579704394285143,1.6282917578952236,-23.018296396300684,-28.721461557264377,1227.3156383878088,26,39087.33217322631,4,1.504676868852742,3.7724015779982496
0.0,0.0,3381.0,0.0,lst,4.379407223263743,1.617708036047004,60.0,60.0,64.0,0.0,mst,4.944293804283375,2.7879884819461234,60.0,-60.0,0.0,0.0,mst,4.14114969369213,3.2029549930552537,-60.0,60.0,211.0,0.0,mst,5.7882811782922925,0.7311896192600447,-60.0,-60.0,859.0,0.0,mst,3.331882335252925,1.7366357464697952,-77.8615835365554,27.028894450380136,328.3798497527431,26,24341.84328885278,4,1.5685037224382192,4.4503222241962375
