x 1,y 1,Count 1,Bkg Count 1,Telescope 1,Dangle 1,Altitude 1,x 2,y 2,Count 2,Bkg Count 2,Telescope 2,Dangle 2,Altitude 2,x 3,y 3,Count 3,Bkg Count 3,Telescope 3,Dangle 3,Altitude 3,x 4,y 4,Count 4,Bkg Count 4,Telescope 4,Dangle 4,Altitude 4,x 5,y 5,Count 5,Bkg Count 5,Telescope 5,Dangle 5,Altitude 5,True X,True Y,True Energy Per Nucleon,True Z,True Height,Detecions,Phi,Epsilon,Theta
0.0,0.0,10113.0,16500.0,lst,4.400964785749564,1.6310491616972005,60.0,60.0,34.0,2341.0,mst,4.909314359251716,2.596095012943536,60.0,-60.0,0.0,1174.0,mst,4.165809684342091,2.9742463643132884,-60.0,60.0,213.0,5307.0,mst,5.453515069663999,0.7232359400785143,-60.0,-60.0,919.0,3394.0,mst,3.4588359995276727,1.5960664817191004,-91.77731633461306,30.568349109868365,515.1994261218372,26,24496.70561363699,4,1.5078278209195974,1.8335275392137138
0.0,0.0,2273.0,7175.0,lst,1.9919168941735275,0.9844068793231118,60.0,60.0,245.0,1788.0,mst,5.936082406075801,0.8214455045046393,60.0,-60.0,2515.0,1354.0,mst,3.303519867675824,1.5944614113628226,-60.0,60.0,57.0,991.0,mst,1.202005820061187,2.1915806430192672,-60.0,-60.0,0.0,641.0,mst,2.209389970042078,2.582782432933045,46.28221288764678,20.55273019049008,426.5114132593801,26,25970.458344706516,4,1.6108967007561554,4.380747761492463
0.0,0.0,3433.0,139718.0,lst,4.922674831391691,1.1744737031737358,60.0,60.0,69.0,15848.0,mst,5.262047770657438,2.723653366484489,60.0,-60.0,45.0,15174.0,mst,4.322601329919022,2.551869736629898,-60.0,60.0,867.0,20305.0,mst,0.03832557455258665,1.4234917190741214,-60.0,-60.0,269.0,28208.0,mst,3.10240709764227,0.9836611858977787,-57.76840232069125,-12.106543808091487,1166.8500243603,26,30686.552039069877,5,1.7927947476203818,5.720771444216191
