x 1,y 1,Count 1,Bkg Count 1,Telescope 1,Dangle 1,Altitude 1,x 2,y 2,Count 2,Bkg Count 2,Telescope 2,Dangle 2,Altitude 2,x 3,y 3,Count 3,Bkg Count 3,Telescope 3,Dangle 3,Altitude 3,x 4,y 4,Count 4,Bkg Count 4,Telescope 4,Dangle 4,Altitude 4,x 5,y 5,Count 5,Bkg Count 5,Telescope 5,Dangle 5,Altitude 5,True X,True Y,True Energy Per Nucleon,True Z,True Height,Detecions,Phi,Epsilon,Theta
0.0,0.0,2497.0,170748.0,lst,5.150294970430369,0.9674871393163593,60.0,60.0,120.0,13081.0,mst,5.3427304801288615,2.457257189720034,60.0,-60.0,0.0,12928.0,mst,4.381484784528585,2.087112339158787,-60.0,60.0,924.0,21056.0,mst,0.13146743854476733,1.505405853947603,-60.0,-60.0,241.0,26810.0,mst,2.8609952490810597,0.723125639617993,-48.85441715568214,-22.254182532041426,1170.6266065512177,26,28667.020159953325,4,1.3798168275478584,5.450954145952575
0.0,0.0,4572.0,96136.0,lst,1.7532767842121115,1.6194013883097989,60.0,60.0,655.0,23393.0,mst,0.7725380831469,0.9154056904582453,60.0,-60.0,997.0,22298.0,mst,2.683136864349709,1.3984220329412351,-60.0,60.0,42.0,8169.0,mst,1.3148701525113153,2.628558063548249,-60.0,-60.0,32.0,8627.0,mst,2.0151758713579957,2.8170426180749257,100.22634620667256,18.069776065296395,1080.8160754904618,26,24880.812218674288,5,1.6749742893581632,2.294921359492639
