x 1,y 1,Count 1,Bkg Count 1,Telescope 1,Dangle 1,Altitude 1,x 2,y 2,Count 2,Bkg Count 2,Telescope 2,Dangle 2,Altitude 2,x 3,y 3,Count 3,Bkg Count 3,Telescope 3,Dangle 3,Altitude 3,x 4,y 4,Count 4,Bkg Count 4,Telescope 4,Dangle 4,Altitude 4,x 5,y 5,Count 5,Bkg Count 5,Telescope 5,Dangle 5,Altitude 5,True X,True Y,True Energy Per Nucleon,True Z,True Height,Detecions,Phi,Epsilon,Theta
0.0,0.0,6000.0,36521.0,lst,1.3064842733033173,1.5263841027956127,60.0,60.0,690.0,9128.0,mst,0.315091889164748,1.4688827490906853,60.0,-60.0,178.0,9177.0,mst,2.5178889666037203,0.7884958313492774,-60.0,60.0,0.0,4196.0,mst,1.0548450894333041,2.876767647566143,-60.0,-60.0,104.0,3778.0,mst,1.8218102986929827,2.6085909622738304,86.70974897834057,-22.343846539999262,654.3718233997735,26,25649.397305220966,4,1.50460050204866,4.407800058477797
0.0,0.0,5120.0,31859.0,lst,3.409793004905521,1.1711584456654,60.0,60.0,1476.0,6237.0,mst,4.591898803826834,1.2955302544436678,60.0,-60.0,0.0,3881.0,mst,3.6778075983667593,2.4457850680343722,-60.0,60.0,317.0,9288.0,mst,1.7964217206189192,0.6849523868727155,-60.0,-60.0,248.0,4646.0,mst,2.833109968904122,2.2210621379801068,-18.61802471674133,69.30394656979439,607.977935647324,26,24374.517177518803,4,1.6433972192232515,3.4359283115660326
