x 1,y 1,Count 1,Bkg Count 1,Telescope 1,Dangle 1,Altitude 1,x 2,y 2,Count 2,Bkg Count 2,Telescope 2,Dangle 2,Altitude 2,x 3,y 3,Count 3,Bkg Count 3,Telescope 3,Dangle 3,Altitude 3,x 4,y 4,Count 4,Bkg Count 4,Telescope 4,Dangle 4,Altitude 4,x 5,y 5,Count 5,Bkg Count 5,Telescope 5,Dangle 5,Altitude 5,True X,True Y,True Energy Per Nucleon,True Z,True Height,Detecions,Phi,Epsilon,Theta
0.0,0.0,1587.0,100773.0,lst,3.966144423512848,1.1554987200390043,60.0,60.0,126.0,8594.0,mst,5.078568028306483,2.8601066083065336,60.0,-60.0,0.0,10781.0,mst,3.9443768778927644,3.7233479289675437,-60.0,60.0,381.0,18604.0,mst,0.7638971825543432,1.515272475252752,-60.0,-60.0,29.0,13866.0,mst,2.780061537583077,2.931285874201781,-28.01773566448955,25.910865989149613,792.8901022597591,26,36094.44911525258,4,1.8655428067392728,4.540744515794326
0.0,0.0,2841.0,97464.0,lst,2.433168174138962,0.8334862462132783,60.0,60.0,109.0,25229.0,mst,5.374678236135632,0.5122937576863128,60.0,-60.0,444.0,8587.0,mst,3.3912218540052796,1.603404971322403,-60.0,60.0,1124.0,9910.0,mst,1.3481971722329995,1.548114011441168,-60.0,-60.0,48.0,8026.0,mst,2.3955694467857924,2.1719856499825747,34.330109572181556,40.26460319868929,836.3025759608253,26,24974.28115928966,5,1.7915595463091667,3.622566811643051
