x 1,y 1,Count 1,Bkg Count 1,Telescope 1,Dangle 1,Altitude 1,x 2,y 2,Count 2,Bkg Count 2,Telescope 2,Dangle 2,Altitude 2,x 3,y 3,Count 3,Bkg Count 3,Telescope 3,Dangle 3,Altitude 3,x 4,y 4,Count 4,Bkg Count 4,Telescope 4,Dangle 4,Altitude 4,x 5,y 5,Count 5,Bkg Count 5,Telescope 5,Dangle 5,Altitude 5,True X,True Y,True Energy Per Nucleon,True Z,True Height,Detecions,Phi,Epsilon,Theta
0.0,0.0,1641.0,41326.0,lst,5.748612302477205,0.6013774505407189,60.0,60.0,883.0,4551.0,mst,5.586399497293374,1.890557933150394,60.0,-60.0,819.0,5453.0,mst,4.420240542230658,1.3502218919252862,-60.0,60.0,1910.0,4520.0,mst,0.3850742810484814,1.5086713567708585,-60.0,-60.0,156.0,9522.0,mst,2.1614575891864685,0.717315546519242,-21.140480858787527,-34.44797733025601,581.883675175348,26,23852.646039277843,5,1.2696224833429712,0.8273681351313297
0.0,0.0,946.0,274950.0,lst,4.8979497671196714,0.9079377782077144,60.0,60.0,0.0,26119.0,mst,5.327918316512673,3.017670997565241,60.0,-60.0,71.0,19846.0,mst,4.192795764998168,2.703463501129392,-60.0,60.0,49.0,46941.0,mst,0.33682603896775243,1.8129372664014465,-60.0,-60.0,658.0,47270.0,mst,2.707064389519081,1.3822445651687802,-35.271509626516874,-6.2020797907184715,2184.0873839202986,26,36403.6210590398,4,1.9003763874337476,2.6841756384937177
0.0,0.0,1478.0,0.0,lst,0.19204754685286665,0.8184309284256355,60.0,60.0,28.0,0.0,mst,5.8209370017157775,2.1121832845077795,60.0,-60.0,325.0,0.0,mst,4.42019049510124,1.0182801584248131,-60.0,60.0,245.0,0.0,mst,0.5563271982115118,2.241866545329827,-60.0,-60.0,747.0,0.0,mst,1.7778543130409203,1.3090621430387297,8.759028283306861,-45.08708942209667,368.9145415768848,26,24967.486858234064,5,1.2895688655820308,0.25650579627274245
