x 1,y 1,Count 1,Bkg Count 1,Telescope 1,Dangle 1,Altitude 1,x 2,y 2,Count 2,Bkg Count 2,Telescope 2,Dangle 2,Altitude 2,x 3,y 3,Count 3,Bkg Count 3,Telescope 3,Dangle 3,Altitude 3,x 4,y 4,Count 4,Bkg Count 4,Telescope 4,Dangle 4,Altitude 4,x 5,y 5,Count 5,Bkg Count 5,Telescope 5,Dangle 5,Altitude 5,True X,True Y,True Energy Per Nucleon,True Z,True Height,Detecions,Phi,Epsilon,Theta
0.0,0.0,2102.0,63750.0,lst,2.8281848661528826,0.6781272821453813,60.0,60.0,476.0,8799.0,mst,5.083208496053916,0.77642724080409,60.0,-60.0,236.0,7548.0,mst,3.5663602708232482,1.7546939756279458,-60.0,60.0,175.0,9853.0,mst,1.315762516025589,1.1716298445932107,-60.0,-60.0,0.0,6321.0,mst,2.5174904351447083,1.9677323182278865,13.404861929117715,42.351378337837275,659.931970329686,26,23997.807517864792,4,1.4059503337061836,3.1640676271685013
0.0,0.0,513.0,0.0,lst,5.4711314966055875,0.8463219668412333,60.0,60.0,54.0,0.0,mst,5.507992844916091,2.6124770710973997,60.0,-60.0,0.0,0.0,mst,4.367721251411955,1.9604275178962431,-60.0,60.0,582.0,0.0,mst,0.33733108952720414,1.875731087695088,-60.0,-60.0,414.0,0.0,mst,2.3968659193166366,0.8750425847597026,-29.56776617507751,-27.334862320475168,331.504532627847,26,24961.913959207563,4,1.820450517516525,2.0471492849783606
0.0,0.0,1894.0,137969.0,lst,3.87779234805099,1.1627931685176123,60.0,60.0,78.0,17959.0,mst,4.900347786062521,2.0794457737473637,60.0,-60.0,0.0,10855.0,mst,3.9032808823287444,2.9949950047999714,-60.0,60.0,194.0,25963.0,mst,0.8859375814273063,0.6767888626600688,-60.0,-60.0,208.0,13745.0,mst,2.9047935014146335,2.2736605204502345,-35.97593717384906,40.1747058703107,1101.3464703288607,26,31963.89598194563,4,1.810252695026373,5.487394660490253
