x 1,y 1,Count 1,Bkg Count 1,Telescope 1,Dangle 1,Altitude 1,x 2,y 2,Count 2,Bkg Count 2,Telescope 2,Dangle 2,Altitude 2,x 3,y 3,Count 3,Bkg Count 3,Telescope 3,Dangle 3,Altitude 3,x 4,y 4,Count 4,Bkg Count 4,Telescope 4,Dangle 4,Altitude 4,x 5,y 5,Count 5,Bkg Count 5,Telescope 5,Dangle 5,Altitude 5,True X,True Y,True Energy Per Nucleon,True Z,True Height,Detecions,Phi,Epsilon,Theta
0.0,0.0,891.0,36668.0,lst,1.6724638125541509,1.8261392279823512,60.0,60.0,927.0,14581.0,mst,0.8753608784345956,1.2171109662525386,60.0,-60.0,1282.0,7463.0,mst,2.4514716103043406,1.3839029056542758,-60.0,60.0,24.0,2847.0,mst,1.2960725596837708,2.892466663964157,-60.0,-60.0,0.0,3664.0,mst,1.969716203434151,2.9122678740261074,117.438141902842,11.836767674116487,711.1254810507803,26,25651.314671742617,4,1.2350612804252137,2.561067954432123
0.0,0.0,11135.0,148889.0,lst,3.0711666638868804,1.4130844084048715,60.0,60.0,142.0,27872.0,mst,4.100241607746902,0.9138773607751294,60.0,-60.0,42.0,12753.0,mst,3.442808870361025,2.4031588645331463,-60.0,60.0,933.0,27368.0,mst,2.0542200416026293,1.1191948224950556,-60.0,-60.0,0.0,10936.0,mst,2.7300409446929224,2.462670683933612,8.353496484285841,95.43799523406798,1430.8365619545552,26,22993.567996500224,4,1.7351298684773415,0.6970250130771962
0.0,0.0,1082.0,7470.0,lst,3.9443217360126073,2.2221788277618972,60.0,60.0,38.0,908.0,mst,4.510788707677824,2.634693866680065,60.0,-60.0,0.0,642.0,mst,3.936110594846518,3.5979411231898806,-60.0,60.0,329.0,2941.0,mst,3.9738469037946307,0.8005223688924908,-60.0,-60.0,38.0,898.0,mst,3.3505593917696674,2.540162760193785,-96.53800750764302,93.48215393598997,450.94691143008225,26,23516.77478570074,4,1.8312100038258126,1.2960423777216667
0.0,0.0,2435.0,22583.0,lst,0.9015234676146603,1.1366843810883933,60.0,60.0,279.0,3057.0,mst,6.102979596054809,1.9469910825757561,60.0,-60.0,180.0,5200.0,mst,3.7187456542954265,0.6569281369644543,-60.0,60.0,46.0,2100.0,mst,0.8336266423820456,2.8539093205303065,-60.0,-60.0,114.0,2691.0,mst,1.8000380446228266,2.2389316364254763,43.43556191755613,-34.455224703472396,495.5556149503703,26,28109.787385604996,5,1.8188308794794563,0.1336592580387371
