x 1,y 1,Count 1,Bkg Count 1,Telescope 1,Dangle 1,Altitude 1,x 2,y 2,Count 2,Bkg Count 2,Telescope 2,Dangle 2,Altitude 2,x 3,y 3,Count 3,Bkg Count 3,Telescope 3,Dangle 3,Altitude 3,x 4,y 4,Count 4,Bkg Count 4,Telescope 4,Dangle 4,Altitude 4,x 5,y 5,Count 5,Bkg Count 5,Telescope 5,Dangle 5,Altitude 5,True X,True Y,True Energy Per Nucleon,True Z,True Height,Detecions,Phi,Epsilon,Theta
0.0,0.0,2610.0,73405.0,lst,2.6593268749683787,0.6332794578988719,60.0,60.0,209.0,13161.0,mst,5.195036604692231,0.6775563084074083,60.0,-60.0,1443.0,7592.0,mst,3.513688966600696,1.503663493119445,-60.0,60.0,1256.0,10090.0,mst,1.3284205565695322,1.2788953063741217,-60.0,-60.0,0.0,5559.0,mst,2.452933935975548,1.8248048473213734,20.964571981814657,40.293482532160084,692.5374759820675,26,24315.540293577575,4,1.1939139197364343,3.1875745533169737
0.0,0.0,443.0,120912.0,lst,5.084356843232679,1.6147245079660106,60.0,60.0,0.0,9012.0,mst,5.316570348525156,3.460670267825734,60.0,-60.0,24.0,11556.0,mst,4.424930657178684,2.9864475919871807,-60.0,60.0,415.0,16317.0,mst,6.205736375016172,1.9403078022962594,-60.0,-60.0,147.0,32479.0,mst,3.320657693788827,0.7853140972357119,-66.04753578103075,-25.024123220504904,1136.2156163393151,26,32355.10698792709,4,1.6237086216257597,1.796568921949797
0.0,0.0,4069.0,136569.0,lst,1.1988187688272938,1.5291609904776085,60.0,60.0,1458.0,23923.0,mst,0.18896915435766784,1.7097945141253525,60.0,-60.0,212.0,45278.0,mst,2.6134565107191707,0.6317937406930493,-60.0,60.0,0.0,13062.0,mst,0.9919389794244825,3.035791840651166,-60.0,-60.0,85.0,12214.0,mst,1.788740488385546,2.6160451425811373,77.20497827747553,-29.77740142022502,1332.8197270345543,26,28738.254750448745,4,1.595133145537619,5.3314258385721365
