x 1,y 1,Count 1,Bkg Count 1,Telescope 1,Dangle 1,Altitude 1,x 2,y 2,Count 2,Bkg Count 2,Telescope 2,Dangle 2,Altitude 2,x 3,y 3,Count 3,Bkg Count 3,Telescope 3,Dangle 3,Altitude 3,x 4,y 4,Count 4,Bkg Count 4,Telescope 4,Dangle 4,Altitude 4,x 5,y 5,Count 5,Bkg Count 5,Telescope 5,Dangle 5,Altitude 5,True X,True Y,True Energy Per Nucleon,True Z,True Height,Detecions,Phi,Epsilon,Theta
0.0,0.0,2183.0,85433.0,lst,1.8681997548774663,0.8659538892380496,60.0,60.0,461.0,16887.0,mst,5.8942362830807555,1.1151048919824487,60.0,-60.0,703.0,10144.0,mst,3.418571107977272,1.519890783973178,-60.0,60.0,165.0,6960.0,mst,1.1165358349988135,2.3308310070506364,-60.0,-60.0,218.0,8172.0,mst,2.192598282168379,2.511758166577145,40.499015512161066,12.460778961293784,769.6489936095861,26,30226.49707788014,5,1.306170052534133,2.7873659508961888
0.0,0.0,6666.0,3260.0,lst,4.317886428868608,1.0945463821952122,60.0,60.0,911.0,477.0,mst,4.96563783032298,1.9077739529027542,60.0,-60.0,0.0,332.0,mst,4.121162843341606,2.2437769210657623,-60.0,60.0,232.0,750.0,mst,5.971237994005168,0.4568113184186731,-60.0,-60.0,1157.0,462.0,mst,3.2501540697878917,1.2956371270886795,-69.36722168751494,29.752985951484987,405.41054030494416,26,20957.54856425351,4,1.4327881003510268,2.9567396190011173
0.0,0.0,1221.0,75641.0,lst,4.480146023752915,0.9370476912449807,60.0,60.0,141.0,10103.0,mst,5.171172031049845,2.553424359044717,60.0,-60.0,24.0,7689.0,mst,4.1303075167918495,2.6173824553580163,-60.0,60.0,568.0,16569.0,mst,0.33516434704822823,1.2499308765368637,-60.0,-60.0,1094.0,15233.0,mst,2.8867370486679835,1.5274300891152501,-42.15527807112211,9.668726037493457,793.4803929656389,26,31817.685148189586,5,1.2355059495298308,3.4572824206530828
0.0,0.0,1525.0,0.0,lst,3.885419967505665,0.9068384849457958,60.0,60.0,1614.0,0.0,mst,4.876953365371749,1.571445591870987,60.0,-60.0,0.0,0.0,mst,3.9032380534618376,2.2375245871087963,-60.0,60.0,84.0,0.0,mst,0.8666861529456658,0.39747518575904667,-60.0,-60.0,1394.0,0.0,mst,2.9638481696124175,1.6039227092314259,-40.5112626669945,43.676026403740366,376.58735941012594,26,21702.24999451557,4,1.6549207255212426,1.6022081638298302
