x 1,y 1,Count 1,Bkg Count 1,Telescope 1,Dangle 1,Altitude 1,x 2,y 2,Count 2,Bkg Count 2,Telescope 2,Dangle 2,Altitude 2,x 3,y 3,Count 3,Bkg Count 3,Telescope 3,Dangle 3,Altitude 3,x 4,y 4,Count 4,Bkg Count 4,Telescope 4,Dangle 4,Altitude 4,x 5,y 5,Count 5,Bkg Count 5,Telescope 5,Dangle 5,Altitude 5,True X,True Y,True Energy Per Nucleon,True Z,True Height,Detecions,Phi,Epsilon,Theta
0.0,0.0,0.0,385530.0,lst,2.9807612347942336,None,60.0,60.0,1679.0,44593.0,mst,5.40425858156354,1.582083047892079,60.0,-60.0,731.0,34020.0,mst,3.8068049640283257,1.959915313073675,-60.0,60.0,527.0,46991.0,mst,0.9210248340314127,1.6362773706785418,-60.0,-60.0,1006.0,35703.0,mst,2.4470558617904556,2.0126746318384594,1.5326552807588882,12.09669560560613,1963.6163899737367,26,31916.750748573126,4,1.435286496944466,5.991139070817153
0.0,0.0,4654.0,173861.0,lst,2.6756290936907443,1.1934278958180065,60.0,60.0,142.0,56775.0,mst,4.791029816093963,0.5852718101237887,60.0,-60.0,206.0,15210.0,mst,3.393393904544516,2.2761737885842903,-60.0,60.0,525.0,25178.0,mst,1.5594554398992273,1.6566942109356424,-60.0,-60.0,0.0,16322.0,mst,2.506821170215078,2.7416026204086137,28.665033137244166,57.69099433981242,1391.5965558292974,26,28873.634610411675,4,1.6293703575671454,2.8740765160376185
0.0,0.0,1990.0,133699.0,lst,5.696113879046537,1.3689021913154216,60.0,60.0,0.0,12320.0,mst,5.5870798242041735,3.476261304722443,60.0,-60.0,142.0,14960.0,mst,4.5555810219068755,2.3637540851994294,-60.0,60.0,40.0,11334.0,mst,0.2756567241900428,2.7081249368105524,-60.0,-60.0,215.0,30223.0,mst,2.0272266958976255,0.8552680445416191,-31.01490071419107,-45.26171431555042,979.4508909980996,26,34344.28618109779,4,1.8018836467382815,6.165344264348344
0.0,0.0,4770.0,87455.0,lst,3.2594181906900257,1.1715666497853738,60.0,60.0,462.0,20233.0,mst,4.758656964937717,1.3612242261176204,60.0,-60.0,0.0,9410.0,mst,3.6794787295957585,2.7492670361208327,-60.0,60.0,355.0,19990.0,mst,1.5063864557676152,1.0510547409420297,-60.0,-60.0,109.0,9695.0,mst,2.7211782095689037,2.61595047020772,-7.748119338575549,56.77047630323324,902.7931692640456,26,29715.50384549948,4,1.5513192330419943,0.09137428907147471
