x 1,y 1,Count 1,Bkg Count 1,Telescope 1,Dangle 1,Altitude 1,x 2,y 2,Count 2,Bkg Count 2,Telescope 2,Dangle 2,Altitude 2,x 3,y 3,Count 3,Bkg Count 3,Telescope 3,Dangle 3,Altitude 3,x 4,y 4,Count 4,Bkg Count 4,Telescope 4,Dangle 4,Altitude 4,x 5,y 5,Count 5,Bkg Count 5,Telescope 5,Dangle 5,Altitude 5,True X,True Y,True Energy Per Nucleon,True Z,True Height,Detecions,Phi,Epsilon,Theta
0.0,0.0,171.0,236123.0,lst,3.6611913738809303,0.5458751318795018,60.0,60.0,339.0,23091.0,mst,5.244969593502903,1.9556125709382564,60.0,-60.0,81.0,12495.0,mst,3.86200080388576,2.668335406440233,-60.0,60.0,410.0,24344.0,mst,0.8728410073288295,1.494717470587994,-60.0,-60.0,62.0,19272.0,mst,2.5932148061688927,2.3290832193471,-11.156354078005904,19.44150917933473,1148.6031429682985,26,34281.064774827246,5,1.8406162057320976,0.33385296509575274
0.0,0.0,941.0,0.0,lst,5.303601736305298,2.0135715852151654,60.0,60.0,0.0,0.0,mst,5.367905011284921,3.3591310703615953,60.0,-60.0,47.0,0.0,mst,4.765905920512528,2.65524782923048,-60.0,60.0,44.0,0.0,mst,5.954045843449869,2.2098035036284323,-60.0,-60.0,176.0,0.0,mst,4.938593636658194,0.74254037018143,-104.57455225457267,-69.50237120284667,375.16893394639,26,23744.436669519408,4,1.270029987134292,5.161495579460103
0.0,0.0,3398.0,88349.0,lst,0.9509759785205119,1.0165793698119923,60.0,60.0,182.0,11501.0,mst,6.1386075717097155,1.7428939481215169,60.0,-60.0,102.0,22755.0,mst,3.6205300424950266,0.5516868200696069,-60.0,60.0,29.0,9496.0,mst,0.8397744716167624,2.5006434838979454,-60.0,-60.0,0.0,10017.0,mst,1.7983659709703588,1.8724302224101088,46.744029971770544,-34.10447085410141,902.8482794311115,26,28589.651829773455,4,1.2403927706977795,1.8190726122296201
