x 1,y 1,Count 1,Bkg Count 1,Telescope 1,Dangle 1,Altitude 1,x 2,y 2,Count 2,Bkg Count 2,Telescope 2,Dangle 2,Altitude 2,x 3,y 3,Count 3,Bkg Count 3,Telescope 3,Dangle 3,Altitude 3,x 4,y 4,Count 4,Bkg Count 4,Telescope 4,Dangle 4,Altitude 4,x 5,y 5,Count 5,Bkg Count 5,Telescope 5,Dangle 5,Altitude 5,True X,True Y,True Energy Per Nucleon,True Z,True Height,Detecions,Phi,Epsilon,Theta
0.0,0.0,2663.0,0.0,lst,0.6386475858437115,1.2935880354051272,60.0,60.0,142.0,0.0,mst,6.07464165930162,2.3482203476635557,60.0,-60.0,103.0,0.0,mst,4.276099414480101,0.5145594192449213,-60.0,60.0,32.0,0.0,mst,0.7239465801566026,3.0823721485250313,-60.0,-60.0,0.0,0.0,mst,1.6780521031784386,2.0656334946968733,37.30937234387852,-49.70945320562181,308.30987955885365,26,24547.31579645747,4,1.4319411446267394,3.9350350166394126
0.0,0.0,1669.0,0.0,lst,1.1833423668374106,1.567701162441297,60.0,60.0,103.0,0.0,mst,6.082541278356844,2.610334091079132,60.0,-60.0,327.0,0.0,mst,3.5234535256796153,1.3926988716641149,-60.0,60.0,0.0,0.0,mst,0.9282669750194489,4.2581885794826,-60.0,-60.0,26.0,0.0,mst,1.9388759208852415,3.5930171412880596,44.64099936935355,-17.94313203564539,326.6162327237485,26,27916.286557972326,4,1.3482463603244437,3.528421414002511
0.0,0.0,1901.0,121206.0,lst,2.9850098421055486,1.0102306258901415,60.0,60.0,365.0,19983.0,mst,4.976887272697582,1.0669733880363357,60.0,-60.0,95.0,8855.0,mst,3.6137649580887943,2.464781026070082,-60.0,60.0,910.0,13951.0,mst,1.3664982654884539,1.5559040560663318,-60.0,-60.0,50.0,11536.0,mst,2.5747388980732198,2.785693163331471,7.980902470603041,46.566408035565985,1003.2930307137167,26,31886.86649977974,5,1.2023118768120555,4.990632981527317
