x 1,y 1,Count 1,Bkg Count 1,Telescope 1,Dangle 1,Altitude 1,x 2,y 2,Count 2,Bkg Count 2,Telescope 2,Dangle 2,Altitude 2,x 3,y 3,Count 3,Bkg Count 3,Telescope 3,Dangle 3,Altitude 3,x 4,y 4,Count 4,Bkg Count 4,Telescope 4,Dangle 4,Altitude 4,x 5,y 5,Count 5,Bkg Count 5,Telescope 5,Dangle 5,Altitude 5,True X,True Y,True Energy Per Nucleon,True Z,True Height,Detecions,Phi,Epsilon,Theta
0.0,0.0,2416.0,260421.0,lst,5.326329695657798,1.9959633350761465,60.0,60.0,0.0,12682.0,mst,5.39362539395051,3.6585305553433507,60.0,-60.0,33.0,19456.0,mst,4.686433420773906,2.8790730114881646,-60.0,60.0,190.0,32571.0,mst,6.083021261064294,2.3820595123809483,-60.0,-60.0,83.0,141271.0,mst,4.579292121841924,0.4682884901189393,-82.67359828814517,-56.97934369876846,3065.834832872839,26,32851.17721944417,4,1.893505716340493,5.501056472194166
0.0,0.0,1158.0,172004.0,lst,1.7967552692951834,0.9776465293231914,60.0,60.0,574.0,19896.0,mst,5.86538603658654,1.467968454080689,60.0,-60.0,451.0,21954.0,mst,3.4570407303421633,1.883499502970914,-60.0,60.0,48.0,13917.0,mst,1.078436921878177,2.823499977478633,-60.0,-60.0,0.0,13310.0,mst,2.1713638747787547,3.0429171804605932,37.875613745849165,8.95116515727267,1049.1250992224943,26,34814.04153342181,4,1.7898085970186164,1.7908766362622315
0.0,0.0,5874.0,38484.0,lst,0.7203691300793541,1.1301595840864362,60.0,60.0,923.0,4467.0,mst,6.1963295017515065,1.803748751891352,60.0,-60.0,0.0,8095.0,mst,4.23518555816504,None,-60.0,60.0,28.0,2877.0,mst,0.7752061076464692,2.440252923094092,-60.0,-60.0,632.0,4469.0,mst,1.622724146730748,1.7714086110722354,49.597527970704846,-54.44074139426711,564.9944431375287,26,25854.194683659178,4,1.9411280758173723,0.4096727296111011
0.0,0.0,600.0,125294.0,lst,4.500803566875919,1.0181431143753392,60.0,60.0,53.0,13159.0,mst,5.225293924830404,3.151645142862081,60.0,-60.0,0.0,14135.0,mst,4.0809670933517905,3.304614351592914,-60.0,60.0,446.0,17219.0,mst,0.4408479838713119,1.6768434903836,-60.0,-60.0,194.0,23368.0,mst,2.7705111164602445,1.993511443874284,-34.78615875324232,7.132263166154388,1002.75008868302,26,36041.84503663065,4,1.796829824065018,2.2491364488933177
