x 1,y 1,Count 1,Bkg Count 1,Telescope 1,Dangle 1,Altitude 1,x 2,y 2,Count 2,Bkg Count 2,Telescope 2,Dangle 2,Altitude 2,x 3,y 3,Count 3,Bkg Count 3,Telescope 3,Dangle 3,Altitude 3,x 4,y 4,Count 4,Bkg Count 4,Telescope 4,Dangle 4,Altitude 4,x 5,y 5,Count 5,Bkg Count 5,Telescope 5,Dangle 5,Altitude 5,True X,True Y,True Energy Per Nucleon,True Z,True Height,Detecions,Phi,Epsilon,Theta
0.0,0.0,3433.0,109869.0,lst,5.767468403997749,1.7643148579376116,60.0,60.0,0.0,11465.0,mst,5.648314792272603,3.0512340582421067,60.0,-60.0,948.0,20809.0,mst,5.015929080388513,1.9040374139437388,-60.0,60.0,124.0,13408.0,mst,0.04143806604064348,2.4903002885032635,-60.0,-60.0,215.0,45138.0,mst,0.1729054794682647,0.5496072965677223,-54.72774639845426,-94.18654428750555,1582.53652500576,26,25635.613184887377,4,1.3613582676455511,3.554592501747102
0.0,0.0,3097.0,65582.0,lst,4.4148352578738095,0.9711378759906875,60.0,60.0,479.0,6413.0,mst,5.053114494053964,2.0178400095835927,60.0,-60.0,0.0,5781.0,mst,4.1358113844724915,2.2635275227764096,-60.0,60.0,403.0,15960.0,mst,0.049977449465920254,0.676790686637918,-60.0,-60.0,1203.0,8255.0,mst,3.1305550371250317,1.270289910471794,-58.66388586090012,18.244903355256838,699.7600151996962,26,24415.603040201036,4,1.6156784099270678,4.276650951699373
0.0,0.0,2414.0,0.0,lst,3.2387149114567553,1.3417602915216915,60.0,60.0,461.0,0.0,mst,4.70256581170522,1.477626296049435,60.0,-60.0,0.0,0.0,mst,3.6655357819693712,3.053748242276413,-60.0,60.0,517.0,0.0,mst,1.557485520499935,1.212356240404485,-60.0,-60.0,39.0,0.0,mst,2.7218613872019963,2.9407175446174265,-5.787740973580981,59.93630734872124,282.22673577014876,26,24329.566355650906,4,1.4929377520917917,3.7684145324657146
