x 1,y 1,Count 1,Bkg Count 1,Telescope 1,Dangle 1,Altitude 1,x 2,y 2,Count 2,Bkg Count 2,Telescope 2,Dangle 2,Altitude 2,x 3,y 3,Count 3,Bkg Count 3,Telescope 3,Dangle 3,Altitude 3,x 4,y 4,Count 4,Bkg Count 4,Telescope 4,Dangle 4,Altitude 4,x 5,y 5,Count 5,Bkg Count 5,Telescope 5,Dangle 5,Altitude 5,True X,True Y,True Energy Per Nucleon,True Z,True Height,Detecions,Phi,Epsilon,Theta
0.0,0.0,22690.0,9113.0,lst,1.670170998292527,1.5728210329590762,60.0,60.0,445.0,1884.0,mst,0.5449165417566852,0.9917125260792201,60.0,-60.0,962.0,2717.0,mst,2.7351194393299263,1.2829785681574513,-60.0,60.0,51.0,1253.0,mst,1.2365041706457685,2.7501066471755444,-60.0,-60.0,0.0,1250.0,mst,1.9925476143616552,2.846551330950227,90.33184574630977,9.16317670368079,454.31891458784565,26,24594.35888553252,4,1.2596193300283802,4.533745493265798
0.0,0.0,2724.0,0.0,lst,1.051722731251087,1.9767661378996388,60.0,60.0,74.0,0.0,mst,0.26562293249100954,2.209341446170772,60.0,-60.0,50.0,0.0,mst,1.8073467093627273,0.5904813047924344,-60.0,60.0,0.0,0.0,mst,0.9303622209237619,3.538741914008329,-60.0,-60.0,56.0,0.0,mst,1.6235184754129548,2.837544247332655,90.32829221472494,-52.540747288115696,349.3741892399408,26,24673.039224720083,4,1.3806202036140265,1.2562780014299815
0.0,0.0,0.0,71611.0,lst,3.0303291386236313,None,60.0,60.0,937.0,8187.0,mst,5.425548902343543,1.9045072894089259,60.0,-60.0,176.0,9551.0,mst,3.88016798043238,2.2520758506297285,-60.0,60.0,248.0,7349.0,mst,0.8607298386221721,2.0124665667321313,-60.0,-60.0,211.0,8573.0,mst,2.411255314028123,2.3108547928338967,0.7454584949852858,7.954552629381084,652.0664344070206,26,31850.002318701274,4,1.3614249071506657,5.762880513335913
