x 1,y 1,Count 1,Bkg Count 1,Telescope 1,Dangle 1,Altitude 1,x 2,y 2,Count 2,Bkg Count 2,Telescope 2,Dangle 2,Altitude 2,x 3,y 3,Count 3,Bkg Count 3,Telescope 3,Dangle 3,Altitude 3,x 4,y 4,Count 4,Bkg Count 4,Telescope 4,Dangle 4,Altitude 4,x 5,y 5,Count 5,Bkg Count 5,Telescope 5,Dangle 5,Altitude 5,True X,True Y,True Energy Per Nucleon,True Z,True Height,Detecions,Phi,Epsilon,Theta
0.0,0.0,3333.0,10448.0,lst,5.8506488123791165,1.2487673729924782,60.0,60.0,78.0,1027.0,mst,5.6739150178850135,2.446615541320432,60.0,-60.0,1839.0,2098.0,mst,4.885948504827544,1.4358549050194693,-60.0,60.0,941.0,1796.0,mst,0.16655614903052665,2.035168896696596,-60.0,-60.0,167.0,4300.0,mst,0.9507404750280304,0.4153510694009826,-36.56843787585076,-77.1202257352359,471.20019111002165,26,21546.225942514506,5,1.6544162709574968,3.4818925881914664
0.0,0.0,4383.0,86559.0,lst,1.1761583112597844,1.5357676140328267,60.0,60.0,379.0,14182.0,mst,0.13881116401221857,1.8007717056259933,60.0,-60.0,218.0,19352.0,mst,2.7297925860207073,0.6492168143475628,-60.0,60.0,0.0,7158.0,mst,0.9742002746112266,3.1553374310070477,-60.0,-60.0,57.0,6566.0,mst,1.789641384377472,2.6727548490764983,72.88729832164535,-30.08164695592795,830.346596448356,26,29269.653348087162,4,1.441158191902776,1.6314105253372175
0.0,0.0,3725.0,117510.0,lst,1.7401490459519329,1.3335928984759748,60.0,60.0,302.0,25388.0,mst,0.1447229673281758,0.9428238251855598,60.0,-60.0,986.0,18001.0,mst,3.0367785131205864,1.4213959306954413,-60.0,60.0,23.0,12804.0,mst,1.226390113744818,2.638836843272968,-60.0,-60.0,0.0,9660.0,mst,2.1151870954528533,2.8522635158019987,67.09782732181188,12.976589960104803,1045.251268690947,26,29355.611850487698,4,1.6160545693191721,1.7837155420880368
0.0,0.0,252.0,0.0,lst,4.769034967459614,1.6822825831620978,60.0,60.0,23.0,0.0,mst,5.076144657447963,2.7463000687507493,60.0,-60.0,31.0,0.0,mst,4.410285033913556,2.7211376791028563,-60.0,60.0,1034.0,0.0,mst,5.602334403572858,1.2787940441970334,-60.0,-60.0,1072.0,0.0,mst,3.9159826587636415,1.1330086302621543,-112.56229941008107,-6.72986333587167,304.48566102750465,26,21619.814891147955,5,1.8694641307421105,5.02328695360458
