x 1,y 1,Count 1,Bkg Count 1,Telescope 1,Dangle 1,Altitude 1,x 2,y 2,Count 2,Bkg Count 2,Telescope 2,Dangle 2,Altitude 2,x 3,y 3,Count 3,Bkg Count 3,Telescope 3,Dangle 3,Altitude 3,x 4,y 4,Count 4,Bkg Count 4,Telescope 4,Dangle 4,Altitude 4,x 5,y 5,Count 5,Bkg Count 5,Telescope 5,Dangle 5,Altitude 5,True X,True Y,True Energy Per Nucleon,True Z,True Height,Detecions,Phi,Epsilon,Theta
0.0,0.0,13440.0,209030.0,lst,5.000901806088422,1.6736042810109728,60.0,60.0,23.0,9889.0,mst,5.221302230417152,2.8972702262154133,60.0,-60.0,0.0,12392.0,mst,4.524129197671581,2.582656214310601,-60.0,60.0,1586.0,28800.0,mst,5.841117897070311,1.5586316937797282,-60.0,-60.0,403.0,59935.0,mst,4.126029131054842,0.8510116385881877,-103.61740856948694,-30.331904709310564,2452.193889026363,26,25394.967377846187,4,1.7586742704748346,5.076817138295343
0.0,0.0,1665.0,55350.0,lst,3.208859929891941,0.7457234125400725,60.0,60.0,722.0,7346.0,mst,4.9519247703036084,1.1192791122004149,60.0,-60.0,707.0,3487.0,mst,3.6897258151969483,2.0669484576043997,-60.0,60.0,647.0,7718.0,mst,1.2938776061357529,0.9966193120387205,-60.0,-60.0,0.0,4092.0,mst,2.6773213076148035,2.002914345383819,-3.7814807686943652,44.12034029858523,613.434402826245,26,25333.903266163077,4,1.451880371069506,3.0911594838117114
0.0,0.0,641.0,25441.0,lst,3.4013796746151286,0.7381861678931741,60.0,60.0,210.0,2690.0,mst,5.1608667575023315,1.9705543922488569,60.0,-60.0,59.0,1955.0,mst,3.802109386903716,2.870499630155627,-60.0,60.0,316.0,2735.0,mst,1.0133149984623948,1.4814702708599015,-60.0,-60.0,157.0,1560.0,mst,2.5837865656633734,2.524555152201068,-7.5427537310580135,28.45691088981573,463.90158162606645,26,29756.004741667795,5,1.2910396786831841,1.7437409073374575
0.0,0.0,1249.0,22618.0,lst,3.3959873783420083,1.5344364934766612,60.0,60.0,197.0,3352.0,mst,4.849742096925229,2.28902800916337,60.0,-60.0,0.0,2145.0,mst,3.741287328493966,3.915815980607698,-60.0,60.0,171.0,6132.0,mst,1.3494870393176959,1.532016374616043,-60.0,-60.0,26.0,2445.0,mst,2.756690165772171,3.6529811042331217,-14.454967368237703,49.8086995459424,498.37442992748714,26,32248.799501559257,4,1.2106975905860797,3.818062669115496
