x 1,y 1,Count 1,Bkg Count 1,Telescope 1,Dangle 1,Altitude 1,x 2,y 2,Count 2,Bkg Count 2,Telescope 2,Dangle 2,Altitude 2,x 3,y 3,Count 3,Bkg Count 3,Telescope 3,Dangle 3,Altitude 3,x 4,y 4,Count 4,Bkg Count 4,Telescope 4,Dangle 4,Altitude 4,x 5,y 5,Count 5,Bkg Count 5,Telescope 5,Dangle 5,Altitude 5,True X,True Y,True Energy Per Nucleon,True Z,True Height,Detecions,Phi,Epsilon,Theta
0.0,0.0,303.0,530264.0,lst,4.182209321969265,0.5314121341780044,60.0,60.0,0.0,36918.0,mst,5.254866000015673,2.0711639269169293,60.0,-60.0,185.0,34954.0,mst,3.9865022972340878,2.511845419202828,-60.0,60.0,557.0,59404.0,mst,0.6822072588567037,1.5007827706236438,-60.0,-60.0,45.0,58215.0,mst,2.638112719550555,2.101127509584703,-19.827223701065236,11.966887806723093,2752.729988726656,26,36199.45054245084,4,1.939825796120757,5.261986965917544
0.0,0.0,1443.0,0.0,lst,0.7580875744550571,1.1545811337891527,60.0,60.0,86.0,0.0,mst,6.077451213600562,2.148858539211684,60.0,-60.0,81.0,0.0,mst,4.001542788808907,0.5345294819883945,-60.0,60.0,22.0,0.0,mst,0.7516836824635441,2.787066335161836,-60.0,-60.0,703.0,0.0,mst,1.7076143605259688,1.9072665519789904,40.39608247658575,-43.66228636003049,323.6353556226286,26,25063.538286161125,5,1.9231020141197062,1.5448784938954803
0.0,0.0,1357.0,0.0,lst,2.748461837949201,1.0449864841568477,60.0,60.0,711.0,0.0,mst,5.236192978678153,1.5991690067497861,60.0,-60.0,22.0,0.0,mst,3.6058108630663064,3.0581125571186654,-60.0,60.0,44.0,0.0,mst,1.210184793185797,2.324596893070448,-60.0,-60.0,0.0,0.0,mst,2.4763837427518425,3.4967958744692598,13.331220725701485,32.9284211398672,273.80287816414625,26,25745.42552265829,4,1.6553160411997523,2.5284426193156997
0.0,0.0,386.0,83009.0,lst,1.1460086619681944,0.7041313034010378,60.0,60.0,71.0,7218.0,mst,5.7660476524960185,2.4249939876541173,60.0,-60.0,419.0,8867.0,mst,3.7855351412253504,1.965875045944246,-60.0,60.0,42.0,8508.0,mst,0.8630097378054077,3.264385678231739,-60.0,-60.0,43.0,7267.0,mst,2.132954324752399,2.9530799575449995,21.182852539710353,-9.516207697234307,672.2592449384019,26,34268.65914516156,5,1.714938879872299,6.12927231448026
