x 1,y 1,Count 1,Bkg Count 1,Telescope 1,Dangle 1,Altitude 1,x 2,y 2,Count 2,Bkg Count 2,Telescope 2,Dangle 2,Altitude 2,x 3,y 3,Count 3,Bkg Count 3,Telescope 3,Dangle 3,Altitude 3,x 4,y 4,Count 4,Bkg Count 4,Telescope 4,Dangle 4,Altitude 4,x 5,y 5,Count 5,Bkg Count 5,Telescope 5,Dangle 5,Altitude 5,True X,True Y,True Energy Per Nucleon,True Z,True Height,Detecions,Phi,Epsilon,Theta
0.0,0.0,31.0,47433.0,lst,5.546317395170781,0.45371113800507856,60.0,60.0,65.0,4087.0,mst,5.520330964094516,2.6263214396013788,60.0,-60.0,0.0,4095.0,mst,4.1407571799915335,2.203722019566452,-60.0,60.0,84.0,4881.0,mst,0.5904545719097508,2.229159869887024,-60.0,-60.0,119.0,4461.0,mst,2.334361276232931,1.7123183891104743,-11.991277603101025,-13.216413525365056,534.1444452340088,26,30604.04013174671,4,1.6206016210525598,5.442472863567432
0.0,0.0,1046.0,32779.0,lst,3.9069789947997386,1.341176211341213,60.0,60.0,122.0,4424.0,mst,4.974170599489791,2.7449694956607154,60.0,-60.0,0.0,3918.0,mst,3.9166327305721267,3.735525573581202,-60.0,60.0,211.0,10778.0,mst,0.7809385123422692,1.0085071788765014,-60.0,-60.0,48.0,5648.0,mst,2.8795756524151104,2.729282394663644,-33.544605126728555,34.25045285169628,611.4877660833951,26,32522.346359907107,4,1.7515359795999144,1.7084668048379752
0.0,0.0,7962.0,211036.0,lst,0.23448852448708712,1.5803023534676313,60.0,60.0,33.0,16044.0,mst,5.951735728979045,3.0677660858031452,60.0,-60.0,271.0,43135.0,mst,4.911256717401342,1.0139499799247054,-60.0,60.0,0.0,15369.0,mst,0.5398662051250259,3.3843757039418683,-60.0,-60.0,685.0,29718.0,mst,1.458708252271919,1.7365029556450235,16.0310675548306,-67.98378137512087,1571.1377188689507,26,33070.547861221254,4,1.4209802043399355,3.77169632814972
