x 1,y 1,Count 1,Bkg Count 1,Telescope 1,Dangle 1,Altitude 1,x 2,y 2,Count 2,Bkg Count 2,Telescope 2,Dangle 2,Altitude 2,x 3,y 3,Count 3,Bkg Count 3,Telescope 3,Dangle 3,Altitude 3,x 4,y 4,Count 4,Bkg Count 4,Telescope 4,Dangle 4,Altitude 4,x 5,y 5,Count 5,Bkg Count 5,Telescope 5,Dangle 5,Altitude 5,True X,True Y,True Energy Per Nucleon,True Z,True Height,Detecions,Phi,Epsilon,Theta
0.0,0.0,1307.0,17864.0,lst,4.254780602482319,1.1159175509623547,60.0,60.0,0.0,2484.0,mst,5.113106535962292,2.794575603935934,60.0,-60.0,31.0,2762.0,mst,4.032755403725002,3.3039687699146865,-60.0,60.0,361.0,3927.0,mst,0.505793047233175,1.2545812261715938,-60.0,-60.0,374.0,2481.0,mst,2.870814627343397,2.1727627746851077,-37.134614755737516,18.78835191423056,481.88774978910413,26,30138.841077627152,4,1.6523108718285144,4.796605471983041
0.0,0.0,638.0,42707.0,lst,3.8025389913119,0.709602364840261,60.0,60.0,0.0,4390.0,mst,5.196755206082552,2.328076453669748,60.0,-60.0,25.0,3772.0,mst,3.8921165648640694,3.0061424130354495,-60.0,60.0,366.0,5156.0,mst,0.8598584149567193,1.6169403950052308,-60.0,-60.0,96.0,4228.0,mst,2.629164487261637,2.5087745843769653,-15.734733808852354,20.762021270514282,540.6487429767376,26,31365.32974572368,4,1.5564251871821544,0.7179262196205692
