x 1,y 1,Count 1,Bkg Count 1,Telescope 1,Dangle 1,Altitude 1,x 2,y 2,Count 2,Bkg Count 2,Telescope 2,Dangle 2,Altitude 2,x 3,y 3,Count 3,Bkg Count 3,Telescope 3,Dangle 3,Altitude 3,x 4,y 4,Count 4,Bkg Count 4,Telescope 4,Dangle 4,Altitude 4,x 5,y 5,Count 5,Bkg Count 5,Telescope 5,Dangle 5,Altitude 5,True X,True Y,True Energy Per Nucleon,True Z,True Height,Detecions,Phi,Epsilon,Theta
0.0,0.0,511.0,33845.0,lst,0.39700925607179016,0.6018481343767459,60.0,60.0,0.0,3258.0,mst,5.765598446745677,2.1229395258004353,60.0,-60.0,736.0,5420.0,mst,4.094742940295879,1.2067201369425107,-60.0,60.0,205.0,3452.0,mst,0.6695397942034185,2.4269051077460824,-60.0,-60.0,1433.0,5385.0,mst,2.021799778724361,1.6401300558657126,10.34439650174653,-25.19742705260522,532.0598563104356,26,28894.73639528692,4,1.2413815243137845,3.544957261826778
0.0,0.0,4868.0,184328.0,lst,1.8023943318116815,1.42772580101762,60.0,60.0,301.0,43437.0,mst,0.16033065459396054,0.9135314049913298,60.0,-60.0,1264.0,42345.0,mst,3.06229533080692,1.579305486957061,-60.0,60.0,60.0,23235.0,mst,1.2431256455321935,2.7715857054792394,-60.0,-60.0,0.0,15159.0,mst,2.108794327702743,3.0753612300084385,66.39959881856052,15.592112162656434,1777.434621345531,26,31571.418719943707,4,1.7318153249240245,0.06026959648411172
0.0,0.0,8055.0,71619.0,lst,0.42887618369066055,1.4564224167226612,60.0,60.0,127.0,14039.0,mst,6.09489677209408,2.438710016400564,60.0,-60.0,133.0,23061.0,mst,5.24446282657148,0.5396399030387089,-60.0,60.0,0.0,7103.0,mst,0.5985854122111911,2.9294472338702584,-60.0,-60.0,622.0,16080.0,mst,1.4280803920438245,1.7350405832633509,34.932570431024914,-74.94052095974749,952.552644869965,26,28772.909060994643,4,1.296957279989688,0.37686580701592237
0.0,0.0,4323.0,77505.0,lst,4.713503521288784,1.0374099816404627,60.0,60.0,87.0,6523.0,mst,5.170821234038303,2.4515009481629084,60.0,-60.0,123.0,6250.0,mst,4.2445923130825935,2.4765146400996843,-60.0,60.0,658.0,13902.0,mst,0.09021301225211069,1.148633467634325,-60.0,-60.0,613.0,13706.0,mst,3.0369167110806674,1.2040370237852918,-53.882282917914466,-0.010491543318835284,749.4223860231696,26,28883.986552608534,5,1.7880652279725997,5.349383191200382
