x 1,y 1,Count 1,Bkg Count 1,Telescope 1,Dangle 1,Altitude 1,x 2,y 2,Count 2,Bkg Count 2,Telescope 2,Dangle 2,Altitude 2,x 3,y 3,Count 3,Bkg Count 3,Telescope 3,Dangle 3,Altitude 3,x 4,y 4,Count 4,Bkg Count 4,Telescope 4,Dangle 4,Altitude 4,x 5,y 5,Count 5,Bkg Count 5,Telescope 5,Dangle 5,Altitude 5,True X,True Y,True Energy Per Nucleon,True Z,True Height,Detecions,Phi,Epsilon,Theta
0.0,0.0,3392.0,91029.0,lst,0.7868570585409862,0.959281199127457,60.0,60.0,4506.0,10823.0,mst,6.101617280266755,1.6512137530457984,60.0,-60.0,83.0,19835.0,mst,3.979849858846823,0.3517781226822418,-60.0,60.0,173.0,7309.0,mst,0.7674932656615063,2.2971515033753405,-60.0,-60.0,2325.0,9314.0,mst,1.7083514028134479,1.6359107814898604,42.634028504039264,-43.97494691800516,790.7265598575773,26,24124.788733965834,5,1.6879171531721628,4.2141141744874995
0.0,0.0,46.0,418605.0,lst,3.7060588106402754,0.5196583582040712,60.0,60.0,71.0,29152.0,mst,5.296405448073731,2.4309616802001717,60.0,-60.0,43.0,28177.0,mst,3.8542804918771263,2.9986690507472944,-60.0,60.0,0.0,35735.0,mst,0.8567841680328876,2.051835852766246,-60.0,-60.0,82.0,28975.0,mst,2.5219750835116717,2.7295034660150703,-9.168029635753157,15.111517864593196,1776.1443502567652,26,38793.281544254576,4,1.7354565937585287,4.800402138263474
