x 1,y 1,Count 1,Bkg Count 1,Telescope 1,Dangle 1,Altitude 1,x 2,y 2,Count 2,Bkg Count 2,Telescope 2,Dangle 2,Altitude 2,x 3,y 3,Count 3,Bkg Count 3,Telescope 3,Dangle 3,Altitude 3,x 4,y 4,Count 4,Bkg Count 4,Telescope 4,Dangle 4,Altitude 4,x 5,y 5,Count 5,Bkg Count 5,Telescope 5,Dangle 5,Altitude 5,True X,True Y,True Energy Per Nucleon,True Z,True Height,Detecions,Phi,Epsilon,Theta
0.0,0.0,2410.0,8017.0,lst,3.899690556429034,2.1665729560369296,60.0,60.0,44.0,999.0,mst,4.468709419055132,2.560525161250908,60.0,-60.0,0.0,490.0,mst,3.9099995693250675,3.5495981701581694,-60.0,60.0,219.0,3019.0,mst,3.833341622593162,0.7953746609098288,-60.0,-60.0,26.0,893.0,mst,3.3328907615305545,2.5721878053481775,-91.34784739203435,97.79648895068092,451.44316399699125,26,24084.93105294797,4,1.3319205006143704,3.0068389737057295
0.0,0.0,10026.0,155333.0,lst,3.372152060003014,1.4788539362047024,60.0,60.0,1080.0,37307.0,mst,4.260882177755349,1.3558365852933671,60.0,-60.0,43.0,13148.0,mst,3.6056445965335118,2.598134108470998,-60.0,60.0,581.0,48992.0,mst,2.388156559454025,0.7377267430451171,-60.0,-60.0,293.0,17920.0,mst,2.9225127855770574,2.296827675616634,-22.945470461359406,100.03565710867835,2046.299645351278,26,23198.64721891698,5,1.8796234733153236,1.3532305615025444
