x 1,y 1,Count 1,Bkg Count 1,Telescope 1,Dangle 1,Altitude 1,x 2,y 2,Count 2,Bkg Count 2,Telescope 2,Dangle 2,Altitude 2,x 3,y 3,Count 3,Bkg Count 3,Telescope 3,Dangle 3,Altitude 3,x 4,y 4,Count 4,Bkg Count 4,Telescope 4,Dangle 4,Altitude 4,x 5,y 5,Count 5,Bkg Count 5,Telescope 5,Dangle 5,Altitude 5,True X,True Y,True Energy Per Nucleon,True Z,True Height,Detecions,Phi,Epsilon,Theta
0.0,0.0,4262.0,125508.0,lst,2.8955954553164918,1.5201113886498696,60.0,60.0,227.0,26068.0,mst,4.6817623621769915,1.003949371608533,60.0,-60.0,34.0,14745.0,mst,3.493638911683738,3.041210842442161,-60.0,60.0,557.0,26402.0,mst,1.5809204465287165,1.821182912016874,-60.0,-60.0,0.0,10609.0,mst,2.5711500697600482,3.43151772390421,15.846956258560539,60.76166049417054,1173.417761434784,26,33763.498746641024,4,1.317715182055709,5.314701129870732
0.0,0.0,0.0,54211.0,lst,5.133624476565323,None,60.0,60.0,94.0,4097.0,mst,5.458537845587952,3.1995302173811484,60.0,-60.0,35.0,4092.0,mst,3.9979489204898817,2.977384929569674,-60.0,60.0,62.0,6130.0,mst,0.7014513639363106,2.97281554087024,-60.0,-60.0,75.0,4597.0,mst,2.3630723374260025,2.744576824581688,-6.571966883745404,-3.0490942771320704,557.1133061247689,26,33807.61334891351,4,1.7896978233696672,3.968050750885305
