x 1,y 1,Count 1,Bkg Count 1,Telescope 1,Dangle 1,Altitude 1,x 2,y 2,Count 2,Bkg Count 2,Telescope 2,Dangle 2,Altitude 2,x 3,y 3,Count 3,Bkg Count 3,Telescope 3,Dangle 3,Altitude 3,x 4,y 4,Count 4,Bkg Count 4,Telescope 4,Dangle 4,Altitude 4,x 5,y 5,Count 5,Bkg Count 5,Telescope 5,Dangle 5,Altitude 5,True X,True Y,True Energy Per Nucleon,True Z,True Height,Detecions,Phi,Epsilon,Theta
0.0,0.0,2084.0,251547.0,lst,6.184528125116032,1.303588588712107,60.0,60.0,0.0,18525.0,mst,5.759075224519825,3.1719961818887867,60.0,-60.0,943.0,39835.0,mst,4.620269442291008,1.5594372083046377,-60.0,60.0,48.0,20371.0,mst,0.45513969225558143,2.942090038378311,-60.0,-60.0,227.0,41653.0,mst,1.6809034043959636,1.2253303554744834,-5.432852071300886,-54.27473433809091,1852.7798970931503,26,34539.76146492468,4,1.2786820062711053,2.1389392275195744
0.0,0.0,8040.0,0.0,lst,6.077423841834257,1.5309468860006674,60.0,60.0,0.0,0.0,mst,5.806668903127004,2.655169688702689,60.0,-60.0,1426.0,0.0,mst,5.176673963371408,1.3430725982263259,-60.0,60.0,66.0,0.0,mst,0.25199601632033136,2.516689524601163,-60.0,-60.0,676.0,0.0,mst,0.7882575504438598,0.8739199531041525,-20.087873621780005,-100.13305652343516,369.5107555962544,26,23057.02992680638,4,1.2182066158331508,5.653577730628927
