x 1,y 1,Count 1,Bkg Count 1,Telescope 1,Dangle 1,Altitude 1,x 2,y 2,Count 2,Bkg Count 2,Telescope 2,Dangle 2,Altitude 2,x 3,y 3,Count 3,Bkg Count 3,Telescope 3,Dangle 3,Altitude 3,x 4,y 4,Count 4,Bkg Count 4,Telescope 4,Dangle 4,Altitude 4,x 5,y 5,Count 5,Bkg Count 5,Telescope 5,Dangle 5,Altitude 5,True X,True Y,True Energy Per Nucleon,True Z,True Height,Detecions,Phi,Epsilon,Theta
0.0,0.0,0.0,445199.0,lst,4.030501637403683,None,60.0,60.0,584.0,38516.0,mst,5.332763277993199,1.9616953813999896,60.0,-60.0,216.0,29197.0,mst,3.950317645127045,2.3403060256465147,-60.0,60.0,633.0,45881.0,mst,0.7510272943947185,1.485113227484903,-60.0,-60.0,495.0,28980.0,mst,2.5667455515502358,1.939472099118362,-13.237200518846151,10.282482957429352,1892.3383590057713,26,33660.784173780026,4,1.3381174278819585,0.30283776021406056
0.0,0.0,0.0,165438.0,lst,0.16128124961462503,None,60.0,60.0,605.0,15063.0,mst,5.585677359519524,1.4790871926587001,60.0,-60.0,669.0,12852.0,mst,3.99584526682988,1.2692123906179826,-60.0,60.0,1442.0,9149.0,mst,0.7115365507015564,1.5047303464240378,-60.0,-60.0,746.0,11009.0,mst,2.2615553751621165,1.2916487392382239,1.6048264967664068,-9.452568267661377,877.4608130837985,26,25022.45043978391,4,1.6363841586728214,1.3416142962748
0.0,0.0,906.0,201569.0,lst,0.6154926351867029,0.4914102007805016,60.0,60.0,3364.0,17918.0,mst,5.817241262686206,1.6480899813128955,60.0,-60.0,465.0,26376.0,mst,4.020170270449277,1.0609471799919967,-60.0,60.0,459.0,15375.0,mst,0.7648785607280287,2.00852141937916,-60.0,-60.0,1016.0,22511.0,mst,2.0168003623104696,1.5714130004624287,16.427195780445913,-23.98969124799703,1184.348831041698,26,28968.24878523425,5,1.8632718944868134,6.256055018746554
