x 1,y 1,Count 1,Bkg Count 1,Telescope 1,Dangle 1,Altitude 1,x 2,y 2,Count 2,Bkg Count 2,Telescope 2,Dangle 2,Altitude 2,x 3,y 3,Count 3,Bkg Count 3,Telescope 3,Dangle 3,Altitude 3,x 4,y 4,Count 4,Bkg Count 4,Telescope 4,Dangle 4,Altitude 4,x 5,y 5,Count 5,Bkg Count 5,Telescope 5,Dangle 5,Altitude 5,True X,True Y,True Energy Per Nucleon,True Z,True Height,Detecions,Phi,Epsilon,Theta
0.0,0.0,518.0,0.0,lst,5.033648362981494,0.755768241937285,60.0,60.0,0.0,0.0,mst,5.373466043631592,3.1479284712042737,60.0,-60.0,54.0,0.0,mst,4.155003930322176,2.839420301334676,-60.0,60.0,84.0,0.0,mst,0.45907129223960425,2.187649841806362,-60.0,-60.0,505.0,0.0,mst,2.525895860331641,1.7137101691491852,-24.76444367292393,-8.159417672137067,346.5156019605634,26,27908.06871205779,4,1.814012679831306,2.3875254924419047
0.0,0.0,1242.0,30396.0,lst,3.0078134037363804,0.827077195790929,60.0,60.0,708.0,3886.0,mst,4.855185103207196,0.8703416351844857,60.0,-60.0,349.0,2746.0,mst,3.5901962357181336,1.963045279829158,-60.0,60.0,427.0,4282.0,mst,1.4626209251848055,1.0469181471268652,-60.0,-60.0,427.0,2340.0,mst,2.6070965182757764,2.0623231080752698,6.07310676401903,52.12529176665845,520.0282678623222,26,23488.026790223492,5,1.4279969633273397,0.5357592521793331
0.0,0.0,259.0,106588.0,lst,4.004420742966239,2.430714741441987,60.0,60.0,27.0,12138.0,mst,4.488250366618985,2.897372409766216,60.0,-60.0,0.0,5541.0,mst,3.9650350698005923,3.815956833622817,-60.0,60.0,661.0,46455.0,mst,4.093713323568936,1.1069899394578535,-60.0,-60.0,22.0,15659.0,mst,3.4608040344692452,2.7353749161179555,-115.96159350907953,99.15251446803879,2295.8049781247655,26,25776.45933695276,4,1.450248583145567,5.5108221361041485
0.0,0.0,3475.0,98717.0,lst,0.7366876237047392,1.1687023434293053,60.0,60.0,1010.0,12886.0,mst,6.113554746113445,1.958468720088866,60.0,-60.0,53.0,23251.0,mst,4.040274069823042,0.43401617427666056,-60.0,60.0,0.0,8480.0,mst,0.7771701551991587,2.7779476200933573,-60.0,-60.0,905.0,16711.0,mst,1.726240085323577,1.9874385504761216,40.68840677135944,-45.1561750861179,1031.500544947528,26,29341.92660544203,4,1.2492613080203068,4.814927926682929
