x 1,y 1,Count 1,Bkg Count 1,Telescope 1,Dangle 1,Altitude 1,x 2,y 2,Count 2,Bkg Count 2,Telescope 2,Dangle 2,Altitude 2,x 3,y 3,Count 3,Bkg Count 3,Telescope 3,Dangle 3,Altitude 3,x 4,y 4,Count 4,Bkg Count 4,Telescope 4,Dangle 4,Altitude 4,x 5,y 5,Count 5,Bkg Count 5,Telescope 5,Dangle 5,Altitude 5,True X,True Y,True Energy Per Nucleon,True Z,True Height,Detecions,Phi,Epsilon,Theta
0.0,0.0,2013.0,84503.0,lst,4.887100913024924,1.1042670562795223,60.0,60.0,0.0,7380.0,mst,5.280997999417848,2.751288559932887,60.0,-60.0,74.0,7637.0,mst,4.292746615510811,2.543774187471856,-60.0,60.0,675.0,11353.0,mst,0.08869516880761266,1.4647454537942661,-60.0,-60.0,250.0,16706.0,mst,3.0222176395637903,1.0259246984417485,-54.34330921490435,-10.681395649008351,769.8981975720243,26,29546.564045152623,4,1.441910741771998,3.346944572970665
0.0,0.0,3260.0,187825.0,lst,4.062367266221686,1.0726249137125483,60.0,60.0,108.0,17906.0,mst,4.978943179795888,2.286202396139415,60.0,-60.0,0.0,13896.0,mst,3.9629352847743755,2.788188340105104,-60.0,60.0,137.0,41086.0,mst,0.5719041745543443,0.7779687931847616,-60.0,-60.0,109.0,21939.0,mst,2.9462815398847435,1.8981232132042836,-41.513131220194225,31.57902209438035,1437.2180483355178,26,33145.540404183535,4,1.2133361839907089,3.4271537840258035
