x 1,y 1,Count 1,Bkg Count 1,Telescope 1,Dangle 1,Altitude 1,x 2,y 2,Count 2,Bkg Count 2,Telescope 2,Dangle 2,Altitude 2,x 3,y 3,Count 3,Bkg Count 3,Telescope 3,Dangle 3,Altitude 3,x 4,y 4,Count 4,Bkg Count 4,Telescope 4,Dangle 4,Altitude 4,x 5,y 5,Count 5,Bkg Count 5,Telescope 5,Dangle 5,Altitude 5,True X,True Y,True Energy Per Nucleon,True Z,True Height,Detecions,Phi,Epsilon,Theta
0.0,0.0,2447.0,3733.0,lst,4.795827011785507,1.592920832491996,60.0,60.0,34.0,513.0,mst,5.134034738234055,2.8095643073760175,60.0,-60.0,0.0,338.0,mst,4.399406424337171,2.7556537972715054,-60.0,60.0,1111.0,531.0,mst,5.813036688765522,1.2662874538354407,-60.0,-60.0,767.0,938.0,mst,3.7288875352292115,1.0214042262189422,-95.26776162165406,-9.23577445149408,409.41387338107114,26,23540.547947759227,4,1.3571532370466444,0.9216310146513932
0.0,0.0,1074.0,219019.0,lst,3.0386793088172688,1.1621755052370955,60.0,60.0,551.0,27321.0,mst,4.912788062990642,1.316287608447735,60.0,-60.0,0.0,18317.0,mst,3.602339430168025,2.9531786233729327,-60.0,60.0,610.0,26587.0,mst,1.3854379546702074,1.5012142040684167,-60.0,-60.0,45.0,12319.0,mst,2.5966385436783734,3.00843146179337,4.850909802724544,47.81275537465976,1321.3062287854714,26,34146.105701629145,4,1.2810914466704706,0.36033222254782693
