x 1,y 1,Count 1,Telescope 1,Dangle 1,Altitude 1,x 2,y 2,Count 2,Telescope 2,Dangle 2,Altitude 2,x 3,y 3,Count 3,Telescope 3,Dangle 3,Altitude 3,x 4,y 4,Count 4,Telescope 4,Dangle 4,Altitude 4,x 5,y 5,Count 5,Telescope 5,Dangle 5,Altitude 5,True X,True Y,True Energy Per Nucleon,True Z,True Height,Detecions,Phi,Epsilon,Theta
0.0,0.0,2261.3994052057824,lst,0.5849624326860245,0.9321546931684083,60.0,60.0,300.3046037882059,mst,6.112369989244496,1.6038254978100404,60.0,-60.0,190.50538705583696,mst,4.552738896585478,0.2736607515949211,-60.0,60.0,30.970960746859912,mst,0.7028180318162336,None,-60.0,-60.0,1121.5142963472917,mst,1.6096385922503076,1.3386775381476392,38.867249197427526,-56.36279719633049,287.19275542739695,26,20004.492891984002,4,1.7819080868701456,3.9785662280986975
0.0,0.0,1340.9614908662275,lst,0.7058250234851846,0.7250774103058155,60.0,60.0,756.7394263107986,mst,5.966203804933901,1.5585853301927775,60.0,-60.0,359.9096674046144,mst,3.9984058585109836,0.6324106523219885,-60.0,60.0,27.606173392071703,mst,0.7782400363408793,None,-60.0,-60.0,1093.5266743389675,mst,1.8638196401573428,1.4860806904472352,29.848388929788882,-34.42446815404253,440.0591311134435,26,24053.697421495985,4,1.5310841442667358,4.001518142568383
