x 1,y 1,Count 1,Bkg Count 1,Telescope 1,Dangle 1,Altitude 1,x 2,y 2,Count 2,Bkg Count 2,Telescope 2,Dangle 2,Altitude 2,x 3,y 3,Count 3,Bkg Count 3,Telescope 3,Dangle 3,Altitude 3,x 4,y 4,Count 4,Bkg Count 4,Telescope 4,Dangle 4,Altitude 4,x 5,y 5,Count 5,Bkg Count 5,Telescope 5,Dangle 5,Altitude 5,True X,True Y,True Energy Per Nucleon,True Z,True Height,Detecions,Phi,Epsilon,Theta
0.0,0.0,0.0,749384.0,lst,0.8283210483412844,None,60.0,60.0,31.0,32017.0,mst,5.640760642804142,3.2883113133392716,60.0,-60.0,87.0,70241.0,mst,3.941504293022517,2.7022657511871313,-60.0,60.0,31.0,30599.0,mst,0.7834639501981967,3.762366809993586,-60.0,-60.0,47.0,56231.0,mst,2.213762110224177,3.260710492745889,10.122840944685095,-9.03364775338548,2796.647177726938,26,44478.77275044757,4,1.4046788012015752,2.5949210546671027
0.0,0.0,9417.0,94784.0,lst,4.717304154935401,1.7317272970476807,60.0,60.0,27.0,11587.0,mst,5.08329736932315,3.0280384227758836,60.0,-60.0,0.0,9367.0,mst,4.332039977558968,3.0487603043745244,-60.0,60.0,676.0,20396.0,mst,5.804449605433797,1.2671350994104222,-60.0,-60.0,580.0,22764.0,mst,3.630273701696278,1.2669391892874238,-91.76151849613944,-0.03596067215173093,1098.5299205952276,26,28475.817424421613,4,1.5449597593864082,4.830180219602825
