x 1,y 1,Count 1,Bkg Count 1,Telescope 1,Dangle 1,Altitude 1,x 2,y 2,Count 2,Bkg Count 2,Telescope 2,Dangle 2,Altitude 2,x 3,y 3,Count 3,Bkg Count 3,Telescope 3,Dangle 3,Altitude 3,x 4,y 4,Count 4,Bkg Count 4,Telescope 4,Dangle 4,Altitude 4,x 5,y 5,Count 5,Bkg Count 5,Telescope 5,Dangle 5,Altitude 5,True X,True Y,True Energy Per Nucleon,True Z,True Height,Detecions,Phi,Epsilon,Theta
0.0,0.0,2252.0,88039.0,lst,4.341972326579217,1.3862900805002687,60.0,60.0,25.0,6111.0,mst,4.991720285695409,2.740460236875084,60.0,-60.0,21.0,7385.0,mst,4.115822551240048,3.0009107399649593,-60.0,60.0,168.0,17653.0,mst,6.204060991563481,0.765138172101389,-60.0,-60.0,2798.0,15195.0,mst,3.1891894863800334,1.614594995389129,-62.92632942719682,24.188126404947468,844.027775125993,26,30709.55590491624,5,1.9446648715205017,2.47189022359344
0.0,0.0,2967.0,28782.0,lst,0.2711250327528362,1.381798802192482,60.0,60.0,0.0,2588.0,mst,5.895837453357051,3.002962007729783,60.0,-60.0,478.0,6918.0,mst,4.558171833865832,1.1958547184463344,-60.0,60.0,26.0,2775.0,mst,0.5771498849125674,3.3761574163725956,-60.0,-60.0,409.0,4196.0,mst,1.6625319273044268,1.9555860857666687,14.96747410629851,-53.60649529996914,526.0802198741688,26,31244.05062073136,4,1.9033134840223245,6.272017339150627
0.0,0.0,23672.0,61453.0,lst,3.7436557499521124,1.609881367433441,60.0,60.0,1571.0,11063.0,mst,4.417063736698222,1.7699679802935953,60.0,-60.0,0.0,4945.0,mst,3.816028001594196,2.707340310343349,-60.0,60.0,365.0,16573.0,mst,3.3531644848798137,0.5308314104420397,-60.0,-60.0,194.0,9673.0,mst,3.2109417874548543,2.0952767425177754,-68.52008666583242,99.39746776780453,976.666616098503,26,20290.435991244318,4,1.7487190419329863,6.020441390602865
0.0,0.0,1271.0,118729.0,lst,1.3463233412448046,0.5972110324014563,60.0,60.0,982.0,11382.0,mst,6.01972090469995,1.076007036802018,60.0,-60.0,498.0,18764.0,mst,3.5005159145180658,0.7541699426685347,-60.0,60.0,349.0,9818.0,mst,0.9621942654611919,1.8013655517062086,-60.0,-60.0,1673.0,14142.0,mst,2.022647791241752,1.617850740019912,39.947147066726615,-9.468329901044598,912.6427942974718,26,23064.515754285836,5,1.823854041986823,3.586403438332566
