x 1,y 1,Count 1,Bkg Count 1,Telescope 1,Dangle 1,Altitude 1,x 2,y 2,Count 2,Bkg Count 2,Telescope 2,Dangle 2,Altitude 2,x 3,y 3,Count 3,Bkg Count 3,Telescope 3,Dangle 3,Altitude 3,x 4,y 4,Count 4,Bkg Count 4,Telescope 4,Dangle 4,Altitude 4,x 5,y 5,Count 5,Bkg Count 5,Telescope 5,Dangle 5,Altitude 5,True X,True Y,True Energy Per Nucleon,True Z,True Height,Detecions,Phi,Epsilon,Theta
0.0,0.0,666.0,493.0,lst,2.233917600562336,2.360369530144338,60.0,60.0,93.0,214.0,mst,1.9397184663927909,0.7134619641437147,60.0,-60.0,73.0,110.0,mst,2.867972657569048,2.6978745623328195,-60.0,60.0,27.0,91.0,mst,1.6816108216456638,3.0400025828225017,-60.0,-60.0,0.0,66.0,mst,2.2941694594069104,3.9981630072393775,94.13496588421435,73.59136171373103,392.8330749109665,26,25582.303912731335,4,1.6879007220184168,4.650989042200385
0.0,0.0,3524.0,83578.0,lst,5.761204006469883,1.3634779262759007,60.0,60.0,0.0,8429.0,mst,5.606943736171782,3.3875602590206566,60.0,-60.0,302.0,8702.0,mst,4.581901237043156,2.118765372045081,-60.0,60.0,82.0,8783.0,mst,0.2695770219829924,2.763570891505099,-60.0,-60.0,230.0,24015.0,mst,1.885685256572977,0.8170094809353412,-28.277825330825905,-49.39534339436064,794.5675611589871,26,32106.383897183136,4,1.5135925614385568,0.46107114037768
0.0,0.0,905.0,137852.0,lst,0.3990887055624962,0.8706338103177254,60.0,60.0,258.0,11519.0,mst,5.833734306056444,2.367960128396392,60.0,-60.0,519.0,19099.0,mst,4.216635484099329,1.1509971885233619,-60.0,60.0,28.0,8871.0,mst,0.6675809418249802,2.843919415486486,-60.0,-60.0,464.0,12266.0,mst,1.907030535829825,1.8514778945826733,13.42482658041726,-34.21492964479967,820.5127237721856,26,32179.079928982002,5,1.8860644202581465,4.420561558293412
