x 1,y 1,Count 1,Bkg Count 1,Telescope 1,Dangle 1,Altitude 1,x 2,y 2,Count 2,Bkg Count 2,Telescope 2,Dangle 2,Altitude 2,x 3,y 3,Count 3,Bkg Count 3,Telescope 3,Dangle 3,Altitude 3,x 4,y 4,Count 4,Bkg Count 4,Telescope 4,Dangle 4,Altitude 4,x 5,y 5,Count 5,Bkg Count 5,Telescope 5,Dangle 5,Altitude 5,True X,True Y,True Energy Per Nucleon,True Z,True Height,Detecions,Phi,Epsilon,Theta
0.0,0.0,4748.0,52677.0,lst,5.243384450135373,1.364375581110562,60.0,60.0,22.0,4800.0,mst,5.3760131336090105,3.1402424702581557,60.0,-60.0,122.0,6343.0,mst,4.472077622814911,2.503016442955722,-60.0,60.0,0.0,7851.0,mst,0.029644037527821424,1.9818663100783303,-60.0,-60.0,166.0,12812.0,mst,3.0180640861836685,0.5938109193082513,-56.55986606029305,-32.0926269533155,697.527199463894,26,29906.120278686903,4,1.3663592570170042,4.077506264027189
0.0,0.0,5329.0,56706.0,lst,4.383264599839482,0.9756254114292284,60.0,60.0,182.0,6239.0,mst,5.060769879840723,1.9852107080455546,60.0,-60.0,84.0,6048.0,mst,4.123871243135534,2.2667785780802756,-60.0,60.0,354.0,12814.0,mst,0.07332633557829825,0.6443630501235792,-60.0,-60.0,1144.0,9490.0,mst,3.1003991549449648,1.278430212013639,-56.881164311229654,19.67381033043833,694.9774212304422,26,24281.381724047285,5,1.568116410912473,3.8353951774957618
0.0,0.0,92.0,8177.0,lst,0.5134743161023027,0.40290969725269477,60.0,60.0,781.0,1300.0,mst,5.738236739189965,1.6597087559879313,60.0,-60.0,743.0,2007.0,mst,4.014471963178298,1.1471292084274753,-60.0,60.0,88.0,1220.0,mst,0.7282038154524608,1.969338950462073,-60.0,-60.0,1370.0,1266.0,mst,2.109094625938699,1.5301829465530221,11.001910563860918,-18.817151813032723,434.0448565233927,26,25423.908157751022,5,1.341330393744221,4.511767016194593
0.0,0.0,1642.0,21580.0,lst,0.6430101295488229,1.0547166709016715,60.0,60.0,180.0,3873.0,mst,6.030529086098031,2.103346516234047,60.0,-60.0,169.0,5329.0,mst,4.101680305128697,0.6738272288235715,-60.0,60.0,0.0,2861.0,mst,0.7374526006330417,2.757877996777482,-60.0,-60.0,348.0,3197.0,mst,1.7730074645457632,1.8955884077476535,32.36813338533193,-41.55728398002519,527.8097920226348,26,27523.834487561555,4,1.7038641938469192,5.632697576672244
