x 1,y 1,Count 1,Bkg Count 1,Telescope 1,Dangle 1,Altitude 1,x 2,y 2,Count 2,Bkg Count 2,Telescope 2,Dangle 2,Altitude 2,x 3,y 3,Count 3,Bkg Count 3,Telescope 3,Dangle 3,Altitude 3,x 4,y 4,Count 4,Bkg Count 4,Telescope 4,Dangle 4,Altitude 4,x 5,y 5,Count 5,Bkg Count 5,Telescope 5,Dangle 5,Altitude 5,True X,True Y,True Energy Per Nucleon,True Z,True Height,Detecions,Phi,Epsilon,Theta
0.0,0.0,719.0,49045.0,lst,2.332456390649143,0.7554861666879865,60.0,60.0,530.0,9374.0,mst,5.516990936103346,0.9531443859320724,60.0,-60.0,0.0,7944.0,mst,3.510114801849461,1.8160914807913358,-60.0,60.0,203.0,7168.0,mst,1.1987908399475433,1.9676036422529282,-60.0,-60.0,70.0,4665.0,mst,2.3540275159612905,2.5506277604226555,26.51537505060682,25.286599191000278,614.7758047074992,26,29133.0981707276,4,1.8713818279361392,4.615550686939674
0.0,0.0,4816.0,0.0,lst,5.217303530896819,1.4756908884128215,60.0,60.0,0.0,0.0,mst,5.367541146865392,2.980999433011742,60.0,-60.0,97.0,0.0,mst,4.535747260987948,2.48408239371978,-60.0,60.0,926.0,0.0,mst,6.178036801823433,1.8188234346265117,-60.0,-60.0,60.0,0.0,mst,3.662489148741022,0.4538792785068065,-71.61855358818339,-39.5312956206284,377.10294701498213,26,25848.709401923516,4,1.206367634989863,5.806222900486668
0.0,0.0,984.0,466139.0,lst,3.395264576519151,0.6693755697915732,60.0,60.0,1104.0,49009.0,mst,5.142311195821166,1.6513195394871878,60.0,-60.0,0.0,28429.0,mst,3.7854921305224147,2.5375300926793423,-60.0,60.0,531.0,40606.0,mst,1.0200417784716946,1.2261117004940743,-60.0,-60.0,259.0,35784.0,mst,2.6050253946044375,2.199209941535352,-7.584453422650682,28.542278354049017,2294.9226352296632,26,33829.66817826382,4,1.1943775088850654,1.096405971680298
0.0,0.0,1822.0,79606.0,lst,3.7662487855607467,0.9726412593383321,60.0,60.0,1332.0,13803.0,mst,4.960074202462391,1.7757642580585136,60.0,-60.0,0.0,9139.0,mst,3.863434656837919,2.697726961937248,-60.0,60.0,261.0,22660.0,mst,0.9939919756981928,0.7518630112731616,-60.0,-60.0,576.0,9810.0,mst,2.8246542449949725,2.1642416270329004,-27.255953563974984,37.4880448111073,851.2109939285307,26,30062.02209220469,4,1.229519952662577,0.09924314882103885
