x 1,y 1,Count 1,Bkg Count 1,Telescope 1,Dangle 1,Altitude 1,x 2,y 2,Count 2,Bkg Count 2,Telescope 2,Dangle 2,Altitude 2,x 3,y 3,Count 3,Bkg Count 3,Telescope 3,Dangle 3,Altitude 3,x 4,y 4,Count 4,Bkg Count 4,Telescope 4,Dangle 4,Altitude 4,x 5,y 5,Count 5,Bkg Count 5,Telescope 5,Dangle 5,Altitude 5,True X,True Y,True Energy Per Nucleon,True Z,True Height,Detecions,Phi,Epsilon,Theta
0.0,0.0,1515.0,99393.0,lst,3.808734018880725,2.24973247290225,60.0,60.0,40.0,12245.0,mst,4.315243300217313,2.4576895093415185,60.0,-60.0,0.0,5705.0,mst,3.8608278217839334,3.508863319973633,-60.0,60.0,790.0,35724.0,mst,3.664412080994365,1.032210897142617,-60.0,-60.0,48.0,10715.0,mst,3.34839952206202,2.699040367965512,-95.36536989422021,121.38297865253247,1531.0868019686152,26,23264.420716051878,4,1.8002152758417944,1.5611116304533612
0.0,0.0,2030.0,348978.0,lst,1.3809635586971036,1.025292962720734,60.0,60.0,398.0,42908.0,mst,5.968441083067605,1.9247775811734487,60.0,-60.0,562.0,55490.0,mst,3.5153111355331905,1.4554518657471642,-60.0,60.0,30.0,27394.0,mst,0.9878204121380395,3.110163105789507,-60.0,-60.0,0.0,30011.0,mst,2.0526340818848445,2.820249721489807,39.28786428777269,-7.664626693605413,2091.7942289345556,26,37098.830330723344,4,1.8578608611126928,2.287811685969617
0.0,0.0,2357.0,16489.0,lst,0.8360280318740108,1.0687483348856073,60.0,60.0,114.0,1728.0,mst,5.994826814212522,2.231759717703718,60.0,-60.0,180.0,3512.0,mst,3.882304287480676,0.8679347800608659,-60.0,60.0,24.0,1523.0,mst,0.7932166203398593,3.061159260428229,-60.0,-60.0,340.0,2254.0,mst,1.8746726404708294,2.2123513735108653,33.4641902596336,-30.869920819930698,457.96178378332473,26,28719.11509380415,5,1.2837088173570392,3.4634101363926817
0.0,0.0,4643.0,119314.0,lst,3.0789750921983736,1.1943494124995464,60.0,60.0,721.0,43792.0,mst,4.277875504312521,0.7937622527148162,60.0,-60.0,685.0,10133.0,mst,3.512736702877842,2.0834467479480647,-60.0,60.0,577.0,27723.0,mst,1.9740015192493425,1.0251592913367065,-60.0,-60.0,162.0,13583.0,mst,2.7117226993369705,2.2495281519554373,5.422907751800636,86.35318041260675,1421.9752310162928,26,22980.855435123165,5,1.2137128026330362,4.670966268775119
