x 1,y 1,Count 1,Bkg Count 1,Telescope 1,Dangle 1,Altitude 1,x 2,y 2,Count 2,Bkg Count 2,Telescope 2,Dangle 2,Altitude 2,x 3,y 3,Count 3,Bkg Count 3,Telescope 3,Dangle 3,Altitude 3,x 4,y 4,Count 4,Bkg Count 4,Telescope 4,Dangle 4,Altitude 4,x 5,y 5,Count 5,Bkg Count 5,Telescope 5,Dangle 5,Altitude 5,True X,True Y,True Energy Per Nucleon,True Z,True Height,Detecions,Phi,Epsilon,Theta
0.0,0.0,2177.0,152350.0,lst,0.5204020071256708,1.9109305899463056,60.0,60.0,24.0,20893.0,mst,6.172932039727726,2.944116574918181,60.0,-60.0,59.0,66816.0,mst,5.52056070585869,0.46585284862740445,-60.0,60.0,0.0,13334.0,mst,0.6417799733490716,3.718436401473844,-60.0,-60.0,40.0,26950.0,mst,1.4108257521967131,2.32153374363491,45.06474702719174,-75.6016264306759,1679.6597295934002,26,32189.638222138976,4,1.706068550168218,4.6185977577860955
0.0,0.0,4587.0,150050.0,lst,0.4200019365702123,1.4716491118024633,60.0,60.0,53.0,18159.0,mst,6.054474802646328,2.5484020960405376,60.0,-60.0,191.0,42138.0,mst,5.131094618572853,0.594523894201113,-60.0,60.0,0.0,10623.0,mst,0.5957693737233041,3.0385605336832255,-60.0,-60.0,1494.0,20094.0,mst,1.428437271919174,1.7413821865235963,31.43598742191932,-73.3356015269647,1344.3743235059337,26,29376.396023095003,4,1.7388174675362684,6.128391825957363
