x 1,y 1,Count 1,Bkg Count 1,Telescope 1,Dangle 1,Altitude 1,x 2,y 2,Count 2,Bkg Count 2,Telescope 2,Dangle 2,Altitude 2,x 3,y 3,Count 3,Bkg Count 3,Telescope 3,Dangle 3,Altitude 3,x 4,y 4,Count 4,Bkg Count 4,Telescope 4,Dangle 4,Altitude 4,x 5,y 5,Count 5,Bkg Count 5,Telescope 5,Dangle 5,Altitude 5,True X,True Y,True Energy Per Nucleon,True Z,True Height,Detecions,Phi,Epsilon,Theta
0.0,0.0,97.0,44873.0,lst,1.5789029716838463,0.5461992479613665,60.0,60.0,558.0,4963.0,mst,5.6831165229499785,2.0136256149060046,60.0,-60.0,415.0,5177.0,mst,3.7511978025747803,2.1884944179634114,-60.0,60.0,125.0,4135.0,mst,0.9115103312416829,2.750798556845094,-60.0,-60.0,30.0,4122.0,mst,2.215439878217299,2.9334055860204273,18.278773938747406,-0.09884030583563685,540.3794878096844,26,32205.278266013207,5,1.8972763448816672,6.222437509917609
0.0,0.0,1688.0,14265.0,lst,1.7490080870871747,0.9625001596353753,60.0,60.0,274.0,3616.0,mst,6.142059122884242,0.9055277339237209,60.0,-60.0,549.0,2987.0,mst,3.238772481275539,1.2396511507401433,-60.0,60.0,264.0,1931.0,mst,1.1546064159422111,2.220617766574098,-60.0,-60.0,169.0,1303.0,mst,2.1169708259344713,2.3730203800456446,53.60988246345639,9.333471710436157,470.39506183318906,26,25153.523198536852,5,1.4515723979660278,4.228614054726487
0.0,0.0,1081.0,31153.0,lst,1.1451443184727725,0.96118526021186,60.0,60.0,277.0,3899.0,mst,5.921989509442678,2.172891695249546,60.0,-60.0,603.0,3880.0,mst,3.6925862527477196,1.5138866840640963,-60.0,60.0,21.0,2229.0,mst,0.8888122476822476,3.237169326305883,-60.0,-60.0,32.0,2804.0,mst,2.003123793266536,2.875442897613571,32.43790647177667,-14.930082281944124,488.5550733857389,26,31007.68686310615,5,1.341865534007932,0.32010096909317404
