x 1,y 1,Count 1,Bkg Count 1,Telescope 1,Dangle 1,Altitude 1,x 2,y 2,Count 2,Bkg Count 2,Telescope 2,Dangle 2,Altitude 2,x 3,y 3,Count 3,Bkg Count 3,Telescope 3,Dangle 3,Altitude 3,x 4,y 4,Count 4,Bkg Count 4,Telescope 4,Dangle 4,Altitude 4,x 5,y 5,Count 5,Bkg Count 5,Telescope 5,Dangle 5,Altitude 5,True X,True Y,True Energy Per Nucleon,True Z,True Height,Detecions,Phi,Epsilon,Theta
0.0,0.0,2516.0,20480.0,lst,0.6067298874014779,1.0311130285825927,60.0,60.0,287.0,2590.0,mst,5.966150056590098,2.2939848531073,60.0,-60.0,272.0,5425.0,mst,4.119842690519829,0.7910176470920852,-60.0,60.0,0.0,2477.0,mst,0.7356100311058292,2.822051609584216,-60.0,-60.0,345.0,2427.0,mst,1.7872519956993185,1.8001395347179838,27.331968167670908,-39.19778891373291,503.98099244052173,26,28569.49994317762,4,1.2195861931008916,2.860456126298706
0.0,0.0,2410.0,49480.0,lst,5.947920106608818,1.4925750697417532,60.0,60.0,0.0,5212.0,mst,5.679426573060056,3.5500414242955114,60.0,-60.0,701.0,10729.0,mst,4.66282960415153,1.9975928758276407,-60.0,60.0,30.0,3719.0,mst,0.3389644658035352,3.0855204619866843,-60.0,-60.0,156.0,10075.0,mst,1.6529538638506462,0.9876161877668715,-20.59582646927666,-56.19039778302482,635.1761149580425,26,31605.495759987803,4,1.603146992755474,5.929618187908202
