x 1,y 1,Count 1,Bkg Count 1,Telescope 1,Dangle 1,Altitude 1,x 2,y 2,Count 2,Bkg Count 2,Telescope 2,Dangle 2,Altitude 2,x 3,y 3,Count 3,Bkg Count 3,Telescope 3,Dangle 3,Altitude 3,x 4,y 4,Count 4,Bkg Count 4,Telescope 4,Dangle 4,Altitude 4,x 5,y 5,Count 5,Bkg Count 5,Telescope 5,Dangle 5,Altitude 5,True X,True Y,True Energy Per Nucleon,True Z,True Height,Detecions,Phi,Epsilon,Theta
0.0,0.0,1276.0,351780.0,lst,3.9432724054721278,1.1593203057031018,60.0,60.0,138.0,38730.0,mst,5.03339846475682,2.613507184058643,60.0,-60.0,0.0,21000.0,mst,3.9257336067296245,3.463531563592327,-60.0,60.0,217.0,54184.0,mst,0.7771213452937601,1.1408208210829107,-60.0,-60.0,186.0,41363.0,mst,2.833536665345438,2.553268845739897,-30.910403625218137,29.348754561652385,2888.8716064419277,26,37377.40701543009,4,1.598221031982352,0.47077591693237025
0.0,0.0,1628.0,0.0,lst,3.0896661782104946,0.8553875384662459,60.0,60.0,354.0,0.0,mst,4.983208835070276,1.1771533913136003,60.0,-60.0,92.0,0.0,mst,3.6395438028441065,2.3350787461913627,-60.0,60.0,824.0,0.0,mst,1.3251492838748062,1.2932868491153537,-60.0,-60.0,47.0,0.0,mst,2.612086681431647,2.3947057121390967,2.575904152683819,44.60206537724619,290.5281407211296,26,23712.44359789052,5,1.7661290785020054,3.547439814239705
0.0,0.0,2342.0,0.0,lst,0.4992575611569981,1.4443009525220687,60.0,60.0,32.0,0.0,mst,5.8942860886282125,3.592815573070099,60.0,-60.0,405.0,0.0,mst,4.187669450653858,1.5720852632483993,-60.0,60.0,0.0,0.0,mst,0.6960068277876909,4.290939072600099,-60.0,-60.0,51.0,0.0,mst,1.8519468380029112,2.8417058028040554,20.195581672149245,-36.825495509005435,371.8463204585021,26,29478.037273287315,4,1.5909452883288717,4.164783068087902
