x 1,y 1,Count 1,Bkg Count 1,Telescope 1,Dangle 1,Altitude 1,x 2,y 2,Count 2,Bkg Count 2,Telescope 2,Dangle 2,Altitude 2,x 3,y 3,Count 3,Bkg Count 3,Telescope 3,Dangle 3,Altitude 3,x 4,y 4,Count 4,Bkg Count 4,Telescope 4,Dangle 4,Altitude 4,x 5,y 5,Count 5,Bkg Count 5,Telescope 5,Dangle 5,Altitude 5,True X,True Y,True Energy Per Nucleon,True Z,True Height,Detecions,Phi,Epsilon,Theta
0.0,0.0,2069.0,44714.0,lst,5.871452729618237,2.180199654668375,60.0,60.0,0.0,4076.0,mst,5.7124083045118885,3.892081307248895,60.0,-60.0,154.0,4240.0,mst,5.0629342036964164,2.283019648767968,-60.0,60.0,21.0,5026.0,mst,0.10506008134605975,3.257500588911477,-60.0,-60.0,159.0,14525.0,mst,0.426150910866732,0.845119664691498,-43.44262482491803,-97.75387703484415,656.0962563879103,26,28974.447251185942,4,1.5574793075064912,4.924968057799371
0.0,0.0,936.0,0.0,lst,1.7386988037091706,0.5429946398953588,60.0,60.0,345.0,0.0,mst,5.784708844749774,1.1283559076832481,60.0,-60.0,1090.0,0.0,mst,3.5756344491883536,1.3356189102948888,-60.0,60.0,77.0,0.0,mst,1.0268631090584055,1.8623809853673223,-60.0,-60.0,0.0,0.0,mst,2.198760541167443,1.9890224916621326,30.150883684654588,5.126806506807611,316.68035583977957,26,23574.487683565756,4,1.8218266033768447,1.1453936376642992
