x 1,y 1,Count 1,Bkg Count 1,Telescope 1,Dangle 1,Altitude 1,x 2,y 2,Count 2,Bkg Count 2,Telescope 2,Dangle 2,Altitude 2,x 3,y 3,Count 3,Bkg Count 3,Telescope 3,Dangle 3,Altitude 3,x 4,y 4,Count 4,Bkg Count 4,Telescope 4,Dangle 4,Altitude 4,x 5,y 5,Count 5,Bkg Count 5,Telescope 5,Dangle 5,Altitude 5,True X,True Y,True Energy Per Nucleon,True Z,True Height,Detecions,Phi,Epsilon,Theta
0.0,0.0,398.0,101978.0,lst,5.399383978288339,0.36310986925227356,60.0,60.0,1394.0,6987.0,mst,5.479378175883415,1.6057275264019164,60.0,-60.0,1240.0,10454.0,mst,4.17986675393861,1.3280316274171216,-60.0,60.0,1046.0,11338.0,mst,0.5163010693116903,1.2971087943690487,-60.0,-60.0,965.0,13190.0,mst,2.417253487653583,0.9211341259710536,-17.85937156135597,-14.5150142267955,752.7074471344229,26,22986.721749915534,5,1.7511202637105618,2.8452812998607295
0.0,0.0,8207.0,0.0,lst,1.0936259208434902,1.452502322615126,60.0,60.0,648.0,0.0,mst,0.2039519871352475,1.6807477465444296,60.0,-60.0,75.0,0.0,mst,2.363928046107197,0.438503225466372,-60.0,60.0,0.0,0.0,mst,0.9377048741352397,2.8250388651279073,-60.0,-60.0,82.0,0.0,mst,1.7055878972990326,2.3049385652065375,79.65448636171729,-40.54607124930662,248.91411722710302,26,20491.510037633758,4,1.4549703956122284,3.897053325450492
