x 1,y 1,Count 1,Bkg Count 1,Telescope 1,Dangle 1,Altitude 1,x 2,y 2,Count 2,Bkg Count 2,Telescope 2,Dangle 2,Altitude 2,x 3,y 3,Count 3,Bkg Count 3,Telescope 3,Dangle 3,Altitude 3,x 4,y 4,Count 4,Bkg Count 4,Telescope 4,Dangle 4,Altitude 4,x 5,y 5,Count 5,Bkg Count 5,Telescope 5,Dangle 5,Altitude 5,True X,True Y,True Energy Per Nucleon,True Z,True Height,Detecions,Phi,Epsilon,Theta
0.0,0.0,1562.0,0.0,lst,0.10017348645243629,1.0836258537740562,60.0,60.0,98.0,0.0,mst,5.81094375582841,2.587301919589368,60.0,-60.0,416.0,0.0,mst,4.557001742610589,1.108825919639933,-60.0,60.0,66.0,0.0,mst,0.5313619290450203,2.6286111225830675,-60.0,-60.0,598.0,0.0,mst,1.6993888119230989,1.25517518553595,5.858580120134604,-51.18003798516641,320.33380611464327,26,24760.34073703229,5,1.914776241274074,2.55371441967449
0.0,0.0,4319.0,142937.0,lst,2.600839361600649,1.790863944082142,60.0,60.0,36.0,45849.0,mst,4.465782640881559,0.5332780197493168,60.0,-60.0,26.0,18532.0,mst,3.3197704683090756,3.0160564048465877,-60.0,60.0,65.0,19109.0,mst,1.6172900230331568,2.3093900813588855,-60.0,-60.0,0.0,11455.0,mst,2.467927140996129,3.753780215881247,38.55739056208853,65.29318315045592,1434.3985394932533,26,33799.684680637,4,1.7111723887543464,0.5175018022496514
