x 1,y 1,Count 1,Bkg Count 1,Telescope 1,Dangle 1,Altitude 1,x 2,y 2,Count 2,Bkg Count 2,Telescope 2,Dangle 2,Altitude 2,x 3,y 3,Count 3,Bkg Count 3,Telescope 3,Dangle 3,Altitude 3,x 4,y 4,Count 4,Bkg Count 4,Telescope 4,Dangle 4,Altitude 4,x 5,y 5,Count 5,Bkg Count 5,Telescope 5,Dangle 5,Altitude 5,True X,True Y,True Energy Per Nucleon,True Z,True Height,Detecions,Phi,Epsilon,Theta
0.0,0.0,41.0,0.0,lst,3.124477507103931,0.382912290103674,60.0,60.0,1527.0,0.0,mst,5.33514427499731,1.716208603040328,60.0,-60.0,21.0,0.0,mst,3.789091630987857,2.136687315792953,-60.0,60.0,1040.0,0.0,mst,0.9616921713130241,1.7885838181914155,-60.0,-60.0,31.0,0.0,mst,2.486427440997019,2.2442507224865342,0.4667447762662107,17.720100087207243,266.6865858941844,26,24400.257993118812,5,1.893423662589003,3.501242376973012
0.0,0.0,3878.0,11062.0,lst,2.966099799526852,1.3856321089851784,60.0,60.0,115.0,2370.0,mst,4.3328811265976706,0.8314657105704745,60.0,-60.0,108.0,1122.0,mst,3.4544069944177616,2.4861953190635755,-60.0,60.0,698.0,2240.0,mst,1.8317364586225813,1.3123444693826896,-60.0,-60.0,59.0,924.0,mst,2.6485266520007347,2.744169115943934,13.320709602498937,78.46400278358098,446.0169160733432,26,24501.457428054975,5,1.2642461682988284,5.612778635202823
0.0,0.0,5730.0,264175.0,lst,2.6353421185767107,1.2376598890009538,60.0,60.0,98.0,69716.0,mst,4.447050099289148,0.4273494508642897,60.0,-60.0,132.0,23495.0,mst,3.3166792545935695,2.1474558968734487,-60.0,60.0,911.0,33395.0,mst,1.6048373267051135,1.5882639666362635,-60.0,-60.0,0.0,14937.0,mst,2.4828447482416367,2.571564774998697,36.486038295072944,66.31497807751762,2104.461111689824,26,28663.51800089577,4,1.9226527529381154,2.334499455268491
0.0,0.0,12210.0,0.0,lst,1.6944099344779056,1.4500691587857018,60.0,60.0,336.0,0.0,mst,0.5657247370606564,0.9025046938291537,60.0,-60.0,645.0,0.0,mst,2.7296724174457623,1.2757098487375642,-60.0,60.0,0.0,0.0,mst,1.2398763836519167,2.4962762599256094,-60.0,-60.0,51.0,0.0,mst,2.0043960023709673,2.6678294063233983,91.73100212106141,11.273600107588635,346.63613990324876,26,23063.013177432447,4,1.2509652159537847,1.1015632530261914
