x 1,y 1,Count 1,Bkg Count 1,Telescope 1,Dangle 1,Altitude 1,x 2,y 2,Count 2,Bkg Count 2,Telescope 2,Dangle 2,Altitude 2,x 3,y 3,Count 3,Bkg Count 3,Telescope 3,Dangle 3,Altitude 3,x 4,y 4,Count 4,Bkg Count 4,Telescope 4,Dangle 4,Altitude 4,x 5,y 5,Count 5,Bkg Count 5,Telescope 5,Dangle 5,Altitude 5,True X,True Y,True Energy Per Nucleon,True Z,True Height,Detecions,Phi,Epsilon,Theta
0.0,0.0,1873.0,70638.0,lst,3.396965595058538,0.893839814501934,60.0,60.0,343.0,8950.0,mst,5.03582612479547,1.670090879660765,60.0,-60.0,50.0,8411.0,mst,3.7834218111068325,2.7615503478414367,-60.0,60.0,492.0,10306.0,mst,1.1183917389465066,1.3568360558754924,-60.0,-60.0,77.0,6202.0,mst,2.665217721116255,2.671125238663314,-9.58717384302426,36.18407973475175,689.5381453631014,26,31865.236126973992,5,1.2708659202517456,4.979819126455787
0.0,0.0,2512.0,43961.0,lst,1.944682325481261,1.1174510957162047,60.0,60.0,279.0,8870.0,mst,6.02491413144795,0.8792342056086999,60.0,-60.0,592.0,7491.0,mst,3.2664067380236923,1.7272160842471938,-60.0,60.0,317.0,4375.0,mst,1.2201997657785655,2.4123892909879774,-60.0,-60.0,24.0,3430.0,mst,2.2049115787270273,2.832182176375076,49.41259913372636,19.04613696108612,577.1349481814358,26,29248.33819898025,5,1.8192875640118384,0.850023055551369
0.0,0.0,1264.0,280610.0,lst,6.067603055858176,0.9506331372731673,60.0,60.0,40.0,23907.0,mst,5.655855997021667,3.1682859445588027,60.0,-60.0,0.0,30697.0,mst,4.347091083668035,1.9777729443125391,-60.0,60.0,52.0,29762.0,mst,0.5212805668758635,2.983605238482376,-60.0,-60.0,480.0,31429.0,mst,2.015587727422693,1.6486553310470544,-6.829046685372788,-33.65130904737316,1575.1132430373486,26,37008.40970025154,4,1.4558293813138516,5.5017764469505295
