x 1,y 1,Count 1,Bkg Count 1,Telescope 1,Dangle 1,Altitude 1,x 2,y 2,Count 2,Bkg Count 2,Telescope 2,Dangle 2,Altitude 2,x 3,y 3,Count 3,Bkg Count 3,Telescope 3,Dangle 3,Altitude 3,x 4,y 4,Count 4,Bkg Count 4,Telescope 4,Dangle 4,Altitude 4,x 5,y 5,Count 5,Bkg Count 5,Telescope 5,Dangle 5,Altitude 5,True X,True Y,True Energy Per Nucleon,True Z,True Height,Detecions,Phi,Epsilon,Theta
0.0,0.0,12853.0,9994.0,lst,2.279475877343694,1.7690154161887723,60.0,60.0,65.0,3446.0,mst,1.9773544358256094,0.38671442707984544,60.0,-60.0,172.0,1702.0,mst,2.9913407750929837,2.246820276419884,-60.0,60.0,48.0,1768.0,mst,1.6425477120748722,2.289903148565648,-60.0,-60.0,0.0,1040.0,mst,2.330886458474291,3.1910523419421937,81.17632434565814,69.22292917406537,463.472507785682,26,25008.68481994536,4,1.8923574314849685,1.181062388871311
0.0,0.0,1056.0,231016.0,lst,6.23359596165059,0.7475395350866246,60.0,60.0,0.0,19416.0,mst,5.690706509260562,2.6214638834996458,60.0,-60.0,102.0,27067.0,mst,4.273096532416567,1.6200933718435788,-60.0,60.0,63.0,20992.0,mst,0.5724943334437272,2.601620885075527,-60.0,-60.0,1104.0,24902.0,mst,2.0341195517082227,1.5907453196366235,-1.1961570412323965,-30.75371887691989,1171.5539814054246,26,33680.987045948306,4,1.6894475042860022,5.329548546886422
0.0,0.0,1240.0,6574.0,lst,3.9846957199865947,1.8537410580796712,60.0,60.0,82.0,1092.0,mst,4.5339986462441715,2.290112820412528,60.0,-60.0,0.0,497.0,mst,3.9629738818984337,3.030285525965031,-60.0,60.0,473.0,1974.0,mst,4.1072646685584795,0.68888045037767,-60.0,-60.0,49.0,1195.0,mst,3.4030406410411027,2.113426372507496,-100.89019792287687,88.36552190830534,452.22187118658627,26,22357.156125314155,4,1.2468712006517733,3.668867928245597
0.0,0.0,0.0,7180.0,lst,4.242786010822475,1.692078797570008,60.0,60.0,62.0,1510.0,mst,4.756190856661412,2.395377023590453,60.0,-60.0,21.0,1034.0,mst,4.114930096742924,2.7853513712031353,-60.0,60.0,302.0,3770.0,mst,4.837293469578163,0.7424721194497477,-60.0,-60.0,927.0,1938.0,mst,3.56104418104431,1.6533115325749852,-111.85999392327122,54.795647884350416,469.2239651249122,26,21156.003577194788,4,1.204423504659319,2.528373761903105
