x 1,y 1,Count 1,Bkg Count 1,Telescope 1,Dangle 1,Altitude 1,x 2,y 2,Count 2,Bkg Count 2,Telescope 2,Dangle 2,Altitude 2,x 3,y 3,Count 3,Bkg Count 3,Telescope 3,Dangle 3,Altitude 3,x 4,y 4,Count 4,Bkg Count 4,Telescope 4,Dangle 4,Altitude 4,x 5,y 5,Count 5,Bkg Count 5,Telescope 5,Dangle 5,Altitude 5,True X,True Y,True Energy Per Nucleon,True Z,True Height,Detecions,Phi,Epsilon,Theta
0.0,0.0,1225.0,208506.0,lst,5.8389733870664315,1.8092278046129346,60.0,60.0,0.0,13942.0,mst,5.623803744214154,4.89643113621826,60.0,-60.0,61.0,24678.0,mst,4.515712742069752,2.9795419511243098,-60.0,60.0,23.0,21445.0,mst,0.36769258613728834,4.0292917484395705,-60.0,-60.0,219.0,37220.0,mst,1.9650834248133735,1.3851740913662605,-21.49729085208952,-43.542956084526935,1504.9259979624314,26,41661.29053211169,4,1.9096181353112618,2.600242493910532
0.0,0.0,1600.0,0.0,lst,3.499486698723405,1.2514521960315634,60.0,60.0,187.0,0.0,mst,4.851471075876741,1.8758158701711598,60.0,-60.0,39.0,0.0,mst,3.778635348158522,3.196139303223617,-60.0,60.0,265.0,0.0,mst,1.3098230461167117,0.9809334854569755,-60.0,-60.0,0.0,0.0,mst,2.7823374952840294,2.793235300602157,-19.17846524413531,49.07004617561779,282.43145398660585,26,24774.858772712258,4,1.4080228613630505,6.061294818237525
