x 1,y 1,Count 1,Bkg Count 1,Telescope 1,Dangle 1,Altitude 1,x 2,y 2,Count 2,Bkg Count 2,Telescope 2,Dangle 2,Altitude 2,x 3,y 3,Count 3,Bkg Count 3,Telescope 3,Dangle 3,Altitude 3,x 4,y 4,Count 4,Bkg Count 4,Telescope 4,Dangle 4,Altitude 4,x 5,y 5,Count 5,Bkg Count 5,Telescope 5,Dangle 5,Altitude 5,True X,True Y,True Energy Per Nucleon,True Z,True Height,Detecions,Phi,Epsilon,Theta
0.0,0.0,831.0,65648.0,lst,1.1964400053749402,0.6443513276460054,60.0,60.0,465.0,7035.0,mst,5.833578747813948,1.6945969074789229,60.0,-60.0,655.0,8287.0,mst,3.722369016943985,1.3461789775195885,-60.0,60.0,120.0,4020.0,mst,0.8887235514494407,2.5640516761498318,-60.0,-60.0,288.0,6549.0,mst,2.077016802343661,2.362322849880581,26.076324664700536,-10.454910782600734,610.8197987055307,26,30623.26249580104,5,1.241072351448404,5.0886430816355555
0.0,0.0,99.0,0.0,lst,3.4544288094400257,0.6232311446854014,60.0,60.0,149.0,0.0,mst,5.272899289555291,2.36731606324476,60.0,-60.0,0.0,0.0,mst,3.842297788297966,3.2645183394723567,-60.0,60.0,93.0,0.0,mst,0.9140633080718978,2.085616641277501,-60.0,-60.0,30.0,0.0,mst,2.542374171088357,3.057093265534276,-5.842423857945391,18.592771409501097,382.80208082996336,26,29503.7139894485,4,1.8491939134649857,6.270631828790143
