x 1,y 1,Count 1,Bkg Count 1,Telescope 1,Dangle 1,Altitude 1,x 2,y 2,Count 2,Bkg Count 2,Telescope 2,Dangle 2,Altitude 2,x 3,y 3,Count 3,Bkg Count 3,Telescope 3,Dangle 3,Altitude 3,x 4,y 4,Count 4,Bkg Count 4,Telescope 4,Dangle 4,Altitude 4,x 5,y 5,Count 5,Bkg Count 5,Telescope 5,Dangle 5,Altitude 5,True X,True Y,True Energy Per Nucleon,True Z,True Height,Detecions,Phi,Epsilon,Theta
0.0,0.0,945.0,0.0,lst,3.5989372432608753,1.0822941351575295,60.0,60.0,82.0,0.0,mst,5.162860060585755,2.8743302356637805,60.0,-60.0,0.0,0.0,mst,3.8420112554164842,4.215345707757801,-60.0,60.0,178.0,0.0,mst,0.9315258147509875,2.285458284155568,-60.0,-60.0,31.0,0.0,mst,2.639362894581853,3.9170774876098187,-12.863673118286044,25.739500629238478,313.00619228116216,26,28226.71508669793,4,1.2126746881684385,5.1036056286025016
0.0,0.0,372.0,52907.0,lst,2.333607460673904,0.7882096402722429,60.0,60.0,257.0,10110.0,mst,5.504464478065324,1.7473122585671856,60.0,-60.0,81.0,7205.0,mst,3.6216157545791945,2.6193150858677248,-60.0,60.0,41.0,7192.0,mst,1.060435439464395,2.673546738331909,-60.0,-60.0,0.0,6444.0,mst,2.3394017995465113,3.3094691321612824,19.02670857715819,17.933177927404984,660.4441045642841,26,33779.69159053767,4,1.6419463894090136,5.3690972231182545
