x 1,y 1,Count 1,Bkg Count 1,Telescope 1,Dangle 1,Altitude 1,x 2,y 2,Count 2,Bkg Count 2,Telescope 2,Dangle 2,Altitude 2,x 3,y 3,Count 3,Bkg Count 3,Telescope 3,Dangle 3,Altitude 3,x 4,y 4,Count 4,Bkg Count 4,Telescope 4,Dangle 4,Altitude 4,x 5,y 5,Count 5,Bkg Count 5,Telescope 5,Dangle 5,Altitude 5,True X,True Y,True Energy Per Nucleon,True Z,True Height,Detecions,Phi,Epsilon,Theta
0.0,0.0,1419.0,79195.0,lst,3.052788913125936,0.7262093590121709,60.0,60.0,787.0,13658.0,mst,5.006214399865,0.9309109525029661,60.0,-60.0,92.0,8838.0,mst,3.6264783844195976,1.9629679609341528,-60.0,60.0,705.0,14624.0,mst,1.330056455239976,0.9660028008891088,-60.0,-60.0,924.0,9142.0,mst,2.594428687303431,1.9537105741914491,4.4843108553071716,44.45586758712727,803.604125720079,26,25599.113885193918,5,1.9383856851594774,0.7577027471743853
0.0,0.0,3174.0,30290.0,lst,3.8641581189707592,1.7657581755945004,60.0,60.0,202.0,5085.0,mst,4.48433311604321,2.074238812485525,60.0,-60.0,0.0,2805.0,mst,3.8918827617862317,3.0094917573699114,-60.0,60.0,314.0,10343.0,mst,3.6990995952011185,0.5411023115868094,-60.0,-60.0,242.0,4729.0,mst,3.2541433572907192,2.28619799387947,-79.91398156422618,92.6520395563191,647.3898249044588,26,24737.755143217448,4,1.9359604082103277,4.270604590119046
