x 1,y 1,Count 1,Bkg Count 1,Telescope 1,Dangle 1,Altitude 1,x 2,y 2,Count 2,Bkg Count 2,Telescope 2,Dangle 2,Altitude 2,x 3,y 3,Count 3,Bkg Count 3,Telescope 3,Dangle 3,Altitude 3,x 4,y 4,Count 4,Bkg Count 4,Telescope 4,Dangle 4,Altitude 4,x 5,y 5,Count 5,Bkg Count 5,Telescope 5,Dangle 5,Altitude 5,True X,True Y,True Energy Per Nucleon,True Z,True Height,Detecions,Phi,Epsilon,Theta
0.0,0.0,1386.0,40015.0,lst,2.167286138138296,1.038522300723006,60.0,60.0,360.0,8968.0,mst,5.660807131125385,1.300871750212564,60.0,-60.0,0.0,4747.0,mst,3.4814456996208585,2.32525596009124,-60.0,60.0,75.0,4334.0,mst,1.175665264158029,2.679699112822781,-60.0,-60.0,21.0,4051.0,mst,2.2971582069323113,3.3016811568407176,31.83066562162543,20.62694761786338,567.3544233651235,26,31741.021554072806,4,1.4189693530058998,0.3273693529028655
0.0,0.0,5740.0,149416.0,lst,0.8421717345120316,1.6359379588351568,60.0,60.0,61.0,9746.0,mst,6.068123453040783,2.9164648190527154,60.0,-60.0,182.0,23829.0,mst,3.8181359232810275,0.9475624774350697,-60.0,60.0,0.0,9946.0,mst,0.7974593615913455,4.171153382911525,-60.0,-60.0,52.0,14643.0,mst,1.7974347806725366,3.12764143426239,40.625057566434066,-35.23256907212915,1034.6145019992684,26,36736.97938051525,4,1.599693353444547,0.6256648771223927
