x 1,y 1,Count 1,Bkg Count 1,Telescope 1,Dangle 1,Altitude 1,x 2,y 2,Count 2,Bkg Count 2,Telescope 2,Dangle 2,Altitude 2,x 3,y 3,Count 3,Bkg Count 3,Telescope 3,Dangle 3,Altitude 3,x 4,y 4,Count 4,Bkg Count 4,Telescope 4,Dangle 4,Altitude 4,x 5,y 5,Count 5,Bkg Count 5,Telescope 5,Dangle 5,Altitude 5,True X,True Y,True Energy Per Nucleon,True Z,True Height,Detecions,Phi,Epsilon,Theta
0.0,0.0,1409.0,144625.0,lst,1.9956744785691842,0.9352538145383159,60.0,60.0,423.0,23214.0,mst,5.746671510648256,1.4071576043565304,60.0,-60.0,477.0,20754.0,mst,3.4788044605223907,2.1326946948747936,-60.0,60.0,33.0,11062.0,mst,1.112361344893168,2.7047497580216024,-60.0,-60.0,52.0,11540.0,mst,2.2351023045226626,3.1458258999352973,32.66612692416848,14.838459773447823,962.6423558790018,26,34524.90290245161,5,1.4622967924512773,1.1999526177039177
0.0,0.0,465.0,223448.0,lst,0.3746964257502392,0.4390166460109978,60.0,60.0,2178.0,17243.0,mst,5.750677737997172,1.5972233587844902,60.0,-60.0,227.0,28938.0,mst,4.111027133361722,0.9874885290394193,-60.0,60.0,0.0,13711.0,mst,0.7036058955291435,1.786873671043735,-60.0,-60.0,659.0,10999.0,mst,2.036741620062814,1.2656524296164617,9.85679834648434,-25.234557619435066,1153.908879720753,26,25262.68655135172,4,1.621822920302272,1.428573841358674
0.0,0.0,3379.0,100700.0,lst,2.7516453434588564,0.8800992772529294,60.0,60.0,166.0,16373.0,mst,4.8124638249307345,0.5545594121565818,60.0,-60.0,1738.0,8217.0,mst,3.452001235362874,1.822286713299321,-60.0,60.0,1226.0,12206.0,mst,1.5605711813439367,1.1874132923859388,-60.0,-60.0,363.0,6541.0,mst,2.509246936649615,2.12078324846914,21.90930585214744,56.30636959739087,788.7054500382042,26,22924.268121209185,5,1.3313711684115273,0.10680497605248322
