x 1,y 1,Count 1,Bkg Count 1,Telescope 1,Dangle 1,Altitude 1,x 2,y 2,Count 2,Bkg Count 2,Telescope 2,Dangle 2,Altitude 2,x 3,y 3,Count 3,Bkg Count 3,Telescope 3,Dangle 3,Altitude 3,x 4,y 4,Count 4,Bkg Count 4,Telescope 4,Dangle 4,Altitude 4,x 5,y 5,Count 5,Bkg Count 5,Telescope 5,Dangle 5,Altitude 5,True X,True Y,True Energy Per Nucleon,True Z,True Height,Detecions,Phi,Epsilon,Theta
0.0,0.0,1878.0,36209.0,lst,3.638071764274296,2.110408098279693,60.0,60.0,157.0,7729.0,mst,4.3005789048280025,2.1281208159220935,60.0,-60.0,0.0,3941.0,mst,3.76116060438561,3.4644956500903845,-60.0,60.0,410.0,12687.0,mst,3.1479096040926,0.857537929162497,-60.0,-60.0,21.0,6212.0,mst,3.1338107297550755,2.8621536623529686,-60.509813310158876,113.16207219290834,762.5527921213849,26,25053.915384959953,4,1.8274770860688603,6.229431037140617
0.0,0.0,1943.0,56358.0,lst,3.3377985003378026,1.2788546901921358,60.0,60.0,926.0,6562.0,mst,4.814830003566195,1.6496191625917935,60.0,-60.0,27.0,3920.0,mst,3.729784020455483,3.1523856029788977,-60.0,60.0,352.0,10324.0,mst,1.404100233618662,1.2116169194741204,-60.0,-60.0,43.0,5053.0,mst,2.709442270617437,2.9609924358853172,-10.82905450227247,52.39860750459715,636.0329269036899,26,31265.741569716876,5,1.3638223060604715,4.991582723356114
0.0,0.0,4877.0,93080.0,lst,1.6416293919239282,1.4370471039136865,60.0,60.0,375.0,15129.0,mst,0.03694520621948967,1.3104498401660771,60.0,-60.0,728.0,19965.0,mst,3.0839331935522853,1.4712878490939674,-60.0,60.0,0.0,10143.0,mst,1.1521383435111177,3.1130368227548866,-60.0,-60.0,24.0,7662.0,mst,2.0305574985896433,3.1706020189270845,62.282625186404914,3.474651345234861,874.7630754101439,26,31937.407306064488,4,1.5238627397599513,4.4454768982920365
0.0,0.0,6731.0,85713.0,lst,5.920688038676994,1.4475744674153697,60.0,60.0,0.0,12229.0,mst,5.719717534759998,2.6356808891570274,60.0,-60.0,792.0,19426.0,mst,5.029328950129043,1.4603936282934036,-60.0,60.0,190.0,9669.0,mst,0.15975761921718057,2.26313796513576,-60.0,-60.0,317.0,29904.0,mst,0.6609444126302301,0.5803882635019754,-34.97986909973848,-91.56972628540439,1269.0864565386426,26,23488.117658336494,4,1.4423764403801373,5.953413668303072
