x 1,y 1,Count 1,Bkg Count 1,Telescope 1,Dangle 1,Altitude 1,x 2,y 2,Count 2,Bkg Count 2,Telescope 2,Dangle 2,Altitude 2,x 3,y 3,Count 3,Bkg Count 3,Telescope 3,Dangle 3,Altitude 3,x 4,y 4,Count 4,Bkg Count 4,Telescope 4,Dangle 4,Altitude 4,x 5,y 5,Count 5,Bkg Count 5,Telescope 5,Dangle 5,Altitude 5,True X,True Y,True Energy Per Nucleon,True Z,True Height,Detecions,Phi,Epsilon,Theta
0.0,0.0,354.0,782030.0,lst,1.9480076695999604,0.5315870987029266,60.0,60.0,387.0,53732.0,mst,5.630713750858136,1.636816807827846,60.0,-60.0,0.0,55943.0,mst,3.6566760654665154,1.964184809806564,-60.0,60.0,25.0,46878.0,mst,0.9949153144574148,2.3263269282883656,-60.0,-60.0,54.0,41890.0,mst,2.2896325637059283,2.5708958031536144,20.600036574231126,8.057679641805237,2828.038796160863,26,35848.63757173745,4,1.763609907484388,1.5863252100836511
0.0,0.0,571.0,148721.0,lst,3.329972275324474,0.5637822630950442,60.0,60.0,570.0,17467.0,mst,5.050086472254923,1.09781288608803,60.0,-60.0,2289.0,12319.0,mst,3.7712575772563506,1.8116850365398858,-60.0,60.0,578.0,19301.0,mst,1.118651570598256,0.896177266232163,-60.0,-60.0,759.0,12224.0,mst,2.641528352485654,1.6921108740382091,-7.131698363321334,35.321800730185174,990.9520673422043,26,23997.449329388193,5,1.7199536467901795,6.192086817608928
0.0,0.0,8662.0,6498.0,lst,1.8824670031949338,1.5425433555905952,60.0,60.0,322.0,1887.0,mst,0.5443208313185759,0.6782306414724236,60.0,-60.0,1088.0,1216.0,mst,2.8983779902453257,1.5757335082803583,-60.0,60.0,51.0,663.0,mst,1.3093916728359296,2.6184334948097687,-60.0,-60.0,0.0,556.0,mst,2.1185442284498954,2.984013016777243,80.49490499908069,26.2843275790255,427.688330879473,26,24857.10092596083,4,1.9392622438064993,4.855080803524742
