x 1,y 1,Count 1,Bkg Count 1,Telescope 1,Dangle 1,Altitude 1,x 2,y 2,Count 2,Bkg Count 2,Telescope 2,Dangle 2,Altitude 2,x 3,y 3,Count 3,Bkg Count 3,Telescope 3,Dangle 3,Altitude 3,x 4,y 4,Count 4,Bkg Count 4,Telescope 4,Dangle 4,Altitude 4,x 5,y 5,Count 5,Bkg Count 5,Telescope 5,Dangle 5,Altitude 5,True X,True Y,True Energy Per Nucleon,True Z,True Height,Detecions,Phi,Epsilon,Theta
0.0,0.0,1170.0,418643.0,lst,3.8798464997831084,0.7664565281630482,60.0,60.0,363.0,30590.0,mst,5.1082212390105575,1.9798034949803647,60.0,-60.0,41.0,27645.0,mst,3.9245183279046727,2.659723030378989,-60.0,60.0,258.0,56266.0,mst,0.8181405562879585,1.1712177378136177,-60.0,-60.0,0.0,34246.0,mst,2.734733793256843,2.1715835740984204,-22.92692114255341,24.939572101727492,1997.7796945220653,26,34097.635011562255,4,1.3232220044117065,5.091744403587404
0.0,0.0,21608.0,90540.0,lst,4.796511266102373,1.4175601969958633,60.0,60.0,147.0,7699.0,mst,5.081634728188174,2.277315099442506,60.0,-60.0,50.0,11710.0,mst,4.458735505945911,2.1691860422496925,-60.0,60.0,1139.0,23709.0,mst,5.5422144590354385,1.1394459278945084,-60.0,-60.0,1067.0,23322.0,mst,4.045628926543142,0.9274892125711441,-124.22416665628377,-11.277703996028748,1577.4992279033625,26,20355.119187236123,5,1.1918329931495233,4.447082495630335
