x 1,y 1,Count 1,Bkg Count 1,Telescope 1,Dangle 1,Altitude 1,x 2,y 2,Count 2,Bkg Count 2,Telescope 2,Dangle 2,Altitude 2,x 3,y 3,Count 3,Bkg Count 3,Telescope 3,Dangle 3,Altitude 3,x 4,y 4,Count 4,Bkg Count 4,Telescope 4,Dangle 4,Altitude 4,x 5,y 5,Count 5,Bkg Count 5,Telescope 5,Dangle 5,Altitude 5,True X,True Y,True Energy Per Nucleon,True Z,True Height,Detecions,Phi,Epsilon,Theta
0.0,0.0,1857.0,10926.0,lst,4.895724920856121,0.7473161485569818,60.0,60.0,204.0,1249.0,mst,5.291423209510213,2.0564652498112705,60.0,-60.0,323.0,1162.0,mst,4.243097256090201,2.0421349868741765,-60.0,60.0,755.0,2255.0,mst,0.24073020360423886,1.1432483806346059,-60.0,-60.0,275.0,2165.0,mst,2.833467152809928,0.9974124503116081,-43.59207247131906,-7.801639354547746,439.91720755420533,26,25332.422370443426,5,1.9257689369572915,6.105813414451002
0.0,0.0,157.0,7923.0,lst,1.567058935860458,1.2723119092108461,60.0,60.0,501.0,1004.0,mst,6.215944680011124,1.391922147689569,60.0,-60.0,472.0,1036.0,mst,3.214785988402076,1.338187093327771,-60.0,60.0,47.0,591.0,mst,1.0939043675330407,2.9858392754185337,-60.0,-60.0,30.0,693.0,mst,2.037138848505031,2.942108672924204,56.235263696238974,-1.1474800938896408,422.3665790346075,26,27540.080332304693,5,1.5873044096060231,1.8224740743336816
0.0,0.0,1732.0,176115.0,lst,4.255119596843129,1.5309596376924164,60.0,60.0,105.0,14416.0,mst,4.942310902304817,2.698821998895316,60.0,-60.0,0.0,18266.0,mst,4.088588679877546,3.279560962477978,-60.0,60.0,51.0,66875.0,mst,6.069940868669763,0.6149036176230351,-60.0,-60.0,142.0,26441.0,mst,3.193654145985911,1.9353189398416994,-66.01136883317653,31.458731218431524,1667.3403405794513,26,31601.976389242333,4,1.7143997707178866,0.4384135840405121
