x 1,y 1,Count 1,Bkg Count 1,Telescope 1,Dangle 1,Altitude 1,x 2,y 2,Count 2,Bkg Count 2,Telescope 2,Dangle 2,Altitude 2,x 3,y 3,Count 3,Bkg Count 3,Telescope 3,Dangle 3,Altitude 3,x 4,y 4,Count 4,Bkg Count 4,Telescope 4,Dangle 4,Altitude 4,x 5,y 5,Count 5,Bkg Count 5,Telescope 5,Dangle 5,Altitude 5,True X,True Y,True Energy Per Nucleon,True Z,True Height,Detecions,Phi,Epsilon,Theta
0.0,0.0,1061.0,37078.0,lst,4.300401643414741,0.8469819342439102,60.0,60.0,240.0,3557.0,mst,5.18249887303778,2.594473912918152,60.0,-60.0,60.0,2510.0,mst,4.045371700487306,2.875017532263281,-60.0,60.0,336.0,5328.0,mst,0.5385606652732035,1.369099849026536,-60.0,-60.0,712.0,4500.0,mst,2.7667749223589277,1.8560422962053151,-31.678813141381283,13.233408550862691,512.0303398876387,26,30137.1760515172,5,1.8355835606678448,2.5032343618759954
0.0,0.0,0.0,117536.0,lst,2.754278141609076,None,60.0,60.0,950.0,15523.0,mst,5.43587410759077,1.2308848788170217,60.0,-60.0,1151.0,14072.0,mst,3.7982472674764325,1.5170279822944959,-60.0,60.0,793.0,9046.0,mst,0.9352403961790381,1.3527260707703153,-60.0,-60.0,2264.0,12575.0,mst,2.4145676705776498,1.6170210695084402,4.676256446819508,11.741064030623647,833.0432689435372,26,25790.6737164208,4,1.5623673061536847,0.4538142962436637
