x 1,y 1,Count 1,Bkg Count 1,Telescope 1,Dangle 1,Altitude 1,x 2,y 2,Count 2,Bkg Count 2,Telescope 2,Dangle 2,Altitude 2,x 3,y 3,Count 3,Bkg Count 3,Telescope 3,Dangle 3,Altitude 3,x 4,y 4,Count 4,Bkg Count 4,Telescope 4,Dangle 4,Altitude 4,x 5,y 5,Count 5,Bkg Count 5,Telescope 5,Dangle 5,Altitude 5,True X,True Y,True Energy Per Nucleon,True Z,True Height,Detecions,Phi,Epsilon,Theta
0.0,0.0,1676.0,65332.0,lst,2.2750556601366956,0.5936678783426201,60.0,60.0,175.0,12038.0,mst,5.582273771079296,0.7592944338587491,60.0,-60.0,832.0,9434.0,mst,3.5082180082721486,1.4128990017044727,-60.0,60.0,1336.0,7870.0,mst,1.2025582082865065,1.5142974763543722,-60.0,-60.0,447.0,5301.0,mst,2.337148820790825,1.9131864317130176,28.75839250804222,24.823673985164277,659.8521829822763,26,24056.25459555814,5,1.7139722608788843,2.0703080442526307
0.0,0.0,29.0,77223.0,lst,2.788691365186965,0.36203589753708215,60.0,60.0,681.0,6890.0,mst,5.392159793487848,1.4641596373592938,60.0,-60.0,0.0,6675.0,mst,3.761504235138972,1.95406215801104,-60.0,60.0,1141.0,7392.0,mst,0.9656422289819777,1.663465351078149,-60.0,-60.0,98.0,5126.0,mst,2.426658517963453,2.1055831618614578,5.851830753572841,16.198068824801,632.0104938206596,26,29137.281736609486,4,1.5328050328959963,2.431834129259986
0.0,0.0,2340.0,0.0,lst,0.37414637982966653,1.1625798828829266,60.0,60.0,32.0,0.0,mst,5.966482833618464,2.364635340733326,60.0,-60.0,333.0,0.0,mst,4.682931265855314,0.7368764786928571,-60.0,60.0,71.0,0.0,mst,0.6125550465869845,2.671512346414397,-60.0,-60.0,1288.0,0.0,mst,1.5847521158211055,1.5096966473654192,22.645491683456896,-58.59123960641173,314.8577275147954,26,24071.868882234656,5,1.2942057397110787,1.2784000455823028
