x 1,y 1,Count 1,Bkg Count 1,Telescope 1,Dangle 1,Altitude 1,x 2,y 2,Count 2,Bkg Count 2,Telescope 2,Dangle 2,Altitude 2,x 3,y 3,Count 3,Bkg Count 3,Telescope 3,Dangle 3,Altitude 3,x 4,y 4,Count 4,Bkg Count 4,Telescope 4,Dangle 4,Altitude 4,x 5,y 5,Count 5,Bkg Count 5,Telescope 5,Dangle 5,Altitude 5,True X,True Y,True Energy Per Nucleon,True Z,True Height,Detecions,Phi,Epsilon,Theta
0.0,0.0,1989.0,21895.0,lst,1.720874444261491,1.0760500238924298,60.0,60.0,390.0,4611.0,mst,0.007457234125248015,0.8504684189143024,60.0,-60.0,686.0,2053.0,mst,3.128258360967113,1.187468533245865,-60.0,60.0,0.0,2185.0,mst,1.1573994425601621,2.242779728011279,-60.0,-60.0,80.0,1704.0,mst,2.0956705850522437,2.4076205760322438,61.121350754840705,9.87491835887809,490.4206507595719,26,24750.59310900463,4,1.3219500703070015,4.578666903471072
0.0,0.0,584.0,55685.0,lst,2.390542163902317,0.4156365135341609,60.0,60.0,245.0,6548.0,mst,5.477149990564214,0.935341401297591,60.0,-60.0,774.0,7498.0,mst,3.654300583427145,1.5139409356010114,-60.0,60.0,1667.0,5950.0,mst,1.0863125010768446,1.3473562675056832,-60.0,-60.0,0.0,6430.0,mst,2.36079062851792,1.8049022837890496,17.728895315812593,19.732322103717706,610.9063546456571,26,24789.42554859936,4,1.8475065862651476,0.4773755352039988
0.0,0.0,2462.0,15231.0,lst,0.24840081958685645,0.9077639213025425,60.0,60.0,126.0,1325.0,mst,5.885179918140405,2.079802982023973,60.0,-60.0,500.0,1828.0,mst,4.487663755798904,0.8296038879105164,-60.0,60.0,31.0,1328.0,mst,0.5887912883458404,2.344542730776541,-60.0,-60.0,562.0,2112.0,mst,1.70260504258603,1.3460660261437032,12.610028788453576,-49.77078419621054,450.1840263167411,26,25511.87042323092,5,1.8255273180331661,5.415883869585723
0.0,0.0,1061.0,174975.0,lst,1.4598806980525192,0.6305375853229941,60.0,60.0,992.0,14954.0,mst,5.825148162189713,1.5742130475093858,60.0,-60.0,664.0,18809.0,mst,3.6673927964468502,1.453027241174998,-60.0,60.0,94.0,14411.0,mst,0.9355195712198282,2.410880029175506,-60.0,-60.0,0.0,14586.0,mst,2.143184943138327,2.330855235635658,28.10197478536662,-3.5450770451440974,943.9109199654661,26,31664.607881233627,4,1.4461238527188518,6.094421608928381
