x 1,y 1,Count 1,Bkg Count 1,Telescope 1,Dangle 1,Altitude 1,x 2,y 2,Count 2,Bkg Count 2,Telescope 2,Dangle 2,Altitude 2,x 3,y 3,Count 3,Bkg Count 3,Telescope 3,Dangle 3,Altitude 3,x 4,y 4,Count 4,Bkg Count 4,Telescope 4,Dangle 4,Altitude 4,x 5,y 5,Count 5,Bkg Count 5,Telescope 5,Dangle 5,Altitude 5,True X,True Y,True Energy Per Nucleon,True Z,True Height,Detecions,Phi,Epsilon,Theta
0.0,0.0,4628.0,33681.0,lst,1.3967168023048295,1.2852072374397614,60.0,60.0,936.0,6613.0,mst,0.23615428782677692,1.2602850232008946,60.0,-60.0,256.0,8664.0,mst,2.800917197434877,0.8252309931956718,-60.0,60.0,21.0,3684.0,mst,1.078196184374029,2.5789992864420666,-60.0,-60.0,0.0,3459.0,mst,1.8942780754699649,2.410162358632268,77.13064714941368,-13.243932785057098,586.5059285171819,26,24827.65524896902,4,1.7058005772890399,1.5279698083398427
0.0,0.0,4462.0,78503.0,lst,3.77195264093079,1.4035380252032705,60.0,60.0,403.0,12563.0,mst,4.794663377171852,2.027532281591577,60.0,-60.0,0.0,7144.0,mst,3.8529020587558374,3.2040405671323304,-60.0,60.0,28.0,15297.0,mst,1.2841376698499714,0.48619285977276866,-60.0,-60.0,119.0,8754.0,mst,2.921640629031251,2.526487671217126,-37.94845254596244,52.967700993209746,809.0922158012589,26,30860.284217181605,4,1.8560742122124478,5.777331735408404
0.0,0.0,621.0,128481.0,lst,4.173386846566066,1.0839956924050564,60.0,60.0,24.0,9862.0,mst,5.198282625929872,3.55998293568228,60.0,-60.0,0.0,10353.0,mst,3.9955712888010795,4.196811600011692,-60.0,60.0,272.0,15770.0,mst,0.6565689060723112,2.0952815919088663,-60.0,-60.0,57.0,14456.0,mst,2.730670374839301,3.047209716982196,-25.377912661908397,15.011040224995298,776.9528768588276,26,37020.531210686786,4,1.6174700707191145,2.7492567570357713
