x 1,y 1,Count 1,Bkg Count 1,Telescope 1,Dangle 1,Altitude 1,x 2,y 2,Count 2,Bkg Count 2,Telescope 2,Dangle 2,Altitude 2,x 3,y 3,Count 3,Bkg Count 3,Telescope 3,Dangle 3,Altitude 3,x 4,y 4,Count 4,Bkg Count 4,Telescope 4,Dangle 4,Altitude 4,x 5,y 5,Count 5,Bkg Count 5,Telescope 5,Dangle 5,Altitude 5,True X,True Y,True Energy Per Nucleon,True Z,True Height,Detecions,Phi,Epsilon,Theta
0.0,0.0,1091.0,110406.0,lst,5.705758252054755,1.1948414694821645,60.0,60.0,0.0,11439.0,mst,5.563435001440006,3.759232266808136,60.0,-60.0,40.0,15414.0,mst,4.3847433884004134,2.7390954572598374,-60.0,60.0,56.0,14568.0,mst,0.3903590750243295,2.8305041642262925,-60.0,-60.0,156.0,24068.0,mst,2.1906969090812107,1.3158092116708282,-21.915496242628336,-33.46620747218138,977.8045790940326,26,37070.57394753207,4,1.1944192184870905,1.1356472454766977
0.0,0.0,2259.0,0.0,lst,5.611373329404346,0.9384068283807454,60.0,60.0,0.0,0.0,mst,5.540095877748682,2.8031696578584007,60.0,-60.0,252.0,0.0,mst,4.404264410672718,1.9781528938982635,-60.0,60.0,275.0,0.0,mst,0.3559104317451666,2.2204100423622597,-60.0,-60.0,373.0,0.0,mst,2.2429570137966888,0.9684000840424023,-26.17528788540227,-32.69229890253783,266.4519920571584,26,23909.170811062268,4,1.3710557717335508,4.205505105074227
