x 1,y 1,Count 1,Bkg Count 1,Telescope 1,Dangle 1,Altitude 1,x 2,y 2,Count 2,Bkg Count 2,Telescope 2,Dangle 2,Altitude 2,x 3,y 3,Count 3,Bkg Count 3,Telescope 3,Dangle 3,Altitude 3,x 4,y 4,Count 4,Bkg Count 4,Telescope 4,Dangle 4,Altitude 4,x 5,y 5,Count 5,Bkg Count 5,Telescope 5,Dangle 5,Altitude 5,True X,True Y,True Energy Per Nucleon,True Z,True Height,Detecions,Phi,Epsilon,Theta
0.0,0.0,2685.0,19524.0,lst,4.835640273432274,1.6705498504658132,60.0,60.0,24.0,1491.0,mst,5.155759359710934,2.991397079677825,60.0,-60.0,70.0,1647.0,mst,4.421599153824629,2.8516984874810407,-60.0,60.0,893.0,3946.0,mst,5.852208802778721,1.4030214929888043,-60.0,-60.0,358.0,3893.0,mst,3.762922762830168,1.0254074464427887,-93.04943078730673,-12.437770557640079,508.5760966202477,26,25377.41249398844,5,1.5325915051715866,3.9750158453803532
0.0,0.0,2145.0,0.0,lst,3.675005742513967,1.2792861333008663,60.0,60.0,67.0,0.0,mst,4.991371597265,2.567195948799087,60.0,-60.0,0.0,0.0,mst,3.8494338437842175,3.8203173890398414,-60.0,60.0,338.0,0.0,mst,1.0228786340292433,1.3944578461422923,-60.0,-60.0,41.0,0.0,mst,2.7746387645604,3.1753825442826638,-21.71714886904371,36.79989886032277,353.22524738164367,26,28623.840003197274,4,1.7893158682861467,3.9938238221130575
