x 1,y 1,Count 1,Bkg Count 1,Telescope 1,Dangle 1,Altitude 1,x 2,y 2,Count 2,Bkg Count 2,Telescope 2,Dangle 2,Altitude 2,x 3,y 3,Count 3,Bkg Count 3,Telescope 3,Dangle 3,Altitude 3,x 4,y 4,Count 4,Bkg Count 4,Telescope 4,Dangle 4,Altitude 4,x 5,y 5,Count 5,Bkg Count 5,Telescope 5,Dangle 5,Altitude 5,True X,True Y,True Energy Per Nucleon,True Z,True Height,Detecions,Phi,Epsilon,Theta
0.0,0.0,2172.0,41616.0,lst,1.6165213336493165,1.3657198978418454,60.0,60.0,539.0,6349.0,mst,0.1207061968652445,1.1595932953632282,60.0,-60.0,700.0,7125.0,mst,3.0313011029887766,1.249877809263014,-60.0,60.0,80.0,2662.0,mst,1.1473940629124233,2.7670195855165653,-60.0,-60.0,92.0,3755.0,mst,2.0273827991979,2.8303399059995917,66.88441205724658,2.8765081954157665,563.5363819651219,26,27683.863443673592,5,1.590579307802744,1.4816986307907505
0.0,0.0,2046.0,2640.0,lst,1.0888902731412617,0.7251613284824907,60.0,60.0,449.0,503.0,mst,5.99082134768443,1.4635801677341074,60.0,-60.0,318.0,653.0,mst,3.663111042143467,0.8201381291179276,-60.0,60.0,297.0,225.0,mst,0.8904199512364914,2.216063135493896,-60.0,-60.0,354.0,343.0,mst,1.9671311264745648,1.8650999657492517,36.181941691844685,-18.97759521842866,400.9290284339384,26,24227.642990681237,5,1.7082139559383218,3.9932582061185347
