x 1,y 1,Count 1,Bkg Count 1,Telescope 1,Dangle 1,Altitude 1,x 2,y 2,Count 2,Bkg Count 2,Telescope 2,Dangle 2,Altitude 2,x 3,y 3,Count 3,Bkg Count 3,Telescope 3,Dangle 3,Altitude 3,x 4,y 4,Count 4,Bkg Count 4,Telescope 4,Dangle 4,Altitude 4,x 5,y 5,Count 5,Bkg Count 5,Telescope 5,Dangle 5,Altitude 5,True X,True Y,True Energy Per Nucleon,True Z,True Height,Detecions,Phi,Epsilon,Theta
0.0,0.0,2983.0,177751.0,lst,5.611277151270323,1.4022717483276195,60.0,60.0,0.0,17239.0,mst,5.537685015861795,4.085754687608418,60.0,-60.0,38.0,25052.0,mst,4.444288950505256,2.957580145647223,-60.0,60.0,22.0,16184.0,mst,0.3309212556240606,3.144576217530949,-60.0,-60.0,403.0,38108.0,mst,2.2342284718841694,1.333747643900768,-27.724400387072265,-34.602069128338755,1328.7710773265153,26,39334.7771330277,4,1.33704860902753,0.13439866093256136
0.0,0.0,2230.0,44770.0,lst,1.0820910695046602,1.3157561481028395,60.0,60.0,253.0,7203.0,mst,6.139164662430316,2.1002052441218924,60.0,-60.0,361.0,8890.0,mst,3.482452159780978,0.9131463922924554,-60.0,60.0,0.0,5372.0,mst,0.8944538152522976,3.392452872212294,-60.0,-60.0,21.0,6247.0,mst,1.9136995570477655,2.7501510119229193,47.74803349706127,-24.047996403686682,633.558952434194,26,31445.537203821536,4,1.3557941137864178,3.273962309444234
0.0,0.0,134.0,9115.0,lst,2.561964521347532,2.3480412610094796,60.0,60.0,428.0,2425.0,mst,2.917203954501474,0.9254522429467964,60.0,-60.0,30.0,1128.0,mst,3.066327733016244,3.0208372400294934,-60.0,60.0,69.0,1635.0,mst,1.928099896458873,2.561246835656337,-60.0,-60.0,0.0,894.0,mst,2.4911547668236644,3.86807413250832,72.10934419458582,110.93028995424697,460.4165635345534,26,25618.691148723126,4,1.3613253763332962,3.3819604583816263
0.0,0.0,0.0,131572.0,lst,3.904175392535493,None,60.0,60.0,1123.0,11834.0,mst,5.347997173504391,1.6288976329738776,60.0,-60.0,505.0,13746.0,mst,3.9424762141356267,2.0803117538986724,-60.0,60.0,573.0,13641.0,mst,0.7735936356233837,1.338331855378212,-60.0,-60.0,753.0,9836.0,mst,2.5212007691475495,1.8196471819595537,-9.491570394881165,10.01827184849671,836.5036742248778,26,30480.386247968945,4,1.9514340911437051,0.023553345471219348
