x 1,y 1,Count 1,Bkg Count 1,Telescope 1,Dangle 1,Altitude 1,x 2,y 2,Count 2,Bkg Count 2,Telescope 2,Dangle 2,Altitude 2,x 3,y 3,Count 3,Bkg Count 3,Telescope 3,Dangle 3,Altitude 3,x 4,y 4,Count 4,Bkg Count 4,Telescope 4,Dangle 4,Altitude 4,x 5,y 5,Count 5,Bkg Count 5,Telescope 5,Dangle 5,Altitude 5,True X,True Y,True Energy Per Nucleon,True Z,True Height,Detecions,Phi,Epsilon,Theta
0.0,0.0,5086.0,205177.0,lst,1.8084239224959742,1.279010609375077,60.0,60.0,284.0,45816.0,mst,0.2752935510499497,0.7428706056044169,60.0,-60.0,518.0,23729.0,mst,2.9744702839643393,1.4156126439593986,-60.0,60.0,50.0,17382.0,mst,1.2564533468768222,2.350909318279096,-60.0,-60.0,26.0,16068.0,mst,2.0975622915649006,2.6901786915242676,72.6142818528107,17.632264590828015,1704.2171768357134,26,28089.077628259605,5,1.2824463241053692,0.23060417650509243
0.0,0.0,2604.0,190930.0,lst,0.7245011396500266,1.4982655977298203,60.0,60.0,200.0,17565.0,mst,6.077325873089395,2.67743827846692,60.0,-60.0,76.0,43510.0,mst,4.070015948453524,0.6422243018927776,-60.0,60.0,0.0,10918.0,mst,0.7560947890967907,3.608088303457771,-60.0,-60.0,124.0,24009.0,mst,1.713345686110748,2.5210459791935786,39.3924737913392,-44.54939271128151,1310.9756180964484,26,34577.91254110178,4,1.5097226101668086,1.8985478530827398
