x 1,y 1,Count 1,Bkg Count 1,Telescope 1,Dangle 1,Altitude 1,x 2,y 2,Count 2,Bkg Count 2,Telescope 2,Dangle 2,Altitude 2,x 3,y 3,Count 3,Bkg Count 3,Telescope 3,Dangle 3,Altitude 3,x 4,y 4,Count 4,Bkg Count 4,Telescope 4,Dangle 4,Altitude 4,x 5,y 5,Count 5,Bkg Count 5,Telescope 5,Dangle 5,Altitude 5,True X,True Y,True Energy Per Nucleon,True Z,True Height,Detecions,Phi,Epsilon,Theta
0.0,0.0,138.0,0.0,lst,0.7960153191991608,0.36716221250264136,60.0,60.0,2403.0,0.0,mst,5.728324795714266,1.594409828810487,60.0,-60.0,704.0,0.0,mst,3.9361271047788287,1.0523548967708494,-60.0,60.0,200.0,0.0,mst,0.8095530686068486,1.9179207314395115,-60.0,-60.0,1567.0,0.0,mst,2.1059758975742353,1.4521983224843222,14.331849630305442,-14.115314948929921,328.1026587271884,26,23689.344493153636,5,1.1873149114076678,3.192935092288614
0.0,0.0,274.0,67920.0,lst,0.8306404782957253,0.4320413492581568,60.0,60.0,686.0,6108.0,mst,5.745014010324565,1.7857554885262046,60.0,-60.0,607.0,7404.0,mst,3.899283706183424,1.3490721369676721,-60.0,60.0,319.0,6441.0,mst,0.7893309403440645,2.222668425023345,-60.0,-60.0,499.0,7510.0,mst,2.1021000532043557,1.8914230934337388,15.672170121125305,-14.496351101108928,610.7330311369914,26,29258.178370064044,5,1.7592050020410086,5.83340556477093
