x 1,y 1,Count 1,Bkg Count 1,Telescope 1,Dangle 1,Altitude 1,x 2,y 2,Count 2,Bkg Count 2,Telescope 2,Dangle 2,Altitude 2,x 3,y 3,Count 3,Bkg Count 3,Telescope 3,Dangle 3,Altitude 3,x 4,y 4,Count 4,Bkg Count 4,Telescope 4,Dangle 4,Altitude 4,x 5,y 5,Count 5,Bkg Count 5,Telescope 5,Dangle 5,Altitude 5,True X,True Y,True Energy Per Nucleon,True Z,True Height,Detecions,Phi,Epsilon,Theta
0.0,0.0,0.0,396989.0,lst,3.6835434292223432,None,60.0,60.0,22.0,29459.0,mst,5.4749163379205426,2.516936034493825,60.0,-60.0,78.0,26769.0,mst,3.924581238349388,2.5913571420282753,-60.0,60.0,84.0,24597.0,mst,0.7873672877230946,2.4034527061604822,-60.0,-60.0,93.0,26310.0,mst,2.386040460750141,2.5047841769839563,-1.4597926524842535,2.368512338051403,1451.3373418361182,26,37904.45536183108,4,1.4246795270301746,2.0051556057442004
0.0,0.0,1696.0,223371.0,lst,4.837310064356716,0.6244864005932249,60.0,60.0,0.0,17482.0,mst,5.2681337773688455,1.8622482177894693,60.0,-60.0,1652.0,23896.0,mst,4.228945154779217,1.7636872797680885,-60.0,60.0,643.0,36098.0,mst,0.2789172741622153,1.0453921292231434,-60.0,-60.0,481.0,44542.0,mst,2.8062181919700784,0.8850360829089994,-41.09846427984645,-5.073255606074014,1471.118598651895,26,24361.690916480224,4,1.7136374665542171,3.140998274634856
0.0,0.0,685.0,37710.0,lst,5.030652316827659,0.8499276890647688,60.0,60.0,42.0,2927.0,mst,5.392446036913101,3.4329658629719284,60.0,-60.0,0.0,3200.0,mst,4.179610409563963,2.9430176084376014,-60.0,60.0,85.0,4805.0,mst,0.43295330189305864,2.5877853553223322,-60.0,-60.0,448.0,5336.0,mst,2.5522512351046154,1.8878970365556271,-27.085683685038802,-9.543012443991046,525.3543171666067,26,32740.17985150492,4,1.9503358418729984,4.092977752295972
0.0,0.0,0.0,19030.0,lst,0.7059183609837205,None,60.0,60.0,262.0,1786.0,mst,5.628134734444274,2.117190160676046,60.0,-60.0,605.0,1883.0,mst,3.9387756573639754,1.7709424973265946,-60.0,60.0,72.0,1523.0,mst,0.7694139205828056,2.228181284614645,-60.0,-60.0,400.0,1837.0,mst,2.2133745542973737,1.954026138946098,7.209204367280535,-8.25630417271509,442.28215823736366,26,28921.534179444796,4,1.838637208450877,1.7178881330139426
