x 1,y 1,Count 1,Bkg Count 1,Telescope 1,Dangle 1,Altitude 1,x 2,y 2,Count 2,Bkg Count 2,Telescope 2,Dangle 2,Altitude 2,x 3,y 3,Count 3,Bkg Count 3,Telescope 3,Dangle 3,Altitude 3,x 4,y 4,Count 4,Bkg Count 4,Telescope 4,Dangle 4,Altitude 4,x 5,y 5,Count 5,Bkg Count 5,Telescope 5,Dangle 5,Altitude 5,True X,True Y,True Energy Per Nucleon,True Z,True Height,Detecions,Phi,Epsilon,Theta
0.0,0.0,3736.0,64351.0,lst,1.181706501075488,1.308745475845955,60.0,60.0,1295.0,11879.0,mst,0.13621846271866248,1.5019606200321909,60.0,-60.0,209.0,18521.0,mst,2.7659090784703992,0.5584471775243727,-60.0,60.0,0.0,6073.0,mst,0.9744159039942234,2.679291059532879,-60.0,-60.0,223.0,9678.0,mst,1.7962510044832554,2.271724505915745,72.32502910426584,-28.741323874115892,859.2962570611596,26,25803.760087558287,4,1.5448105248799666,0.2861185905208809
0.0,0.0,4327.0,191450.0,lst,6.14673065230918,1.8494283832012153,60.0,60.0,0.0,14802.0,mst,5.857148013542082,3.1910579115279556,60.0,-60.0,711.0,49955.0,mst,5.261654512476168,1.5099859529584685,-60.0,60.0,24.0,12748.0,mst,0.28720440605637204,2.9658540920605394,-60.0,-60.0,686.0,62124.0,mst,0.8206579253438119,1.0747518646588725,-14.110388304444399,-103.23015389213876,2773.611452329284,26,27965.691670973898,4,1.2634031425773717,2.713947264992329
0.0,0.0,1219.0,20196.0,lst,1.642302893991366,0.5850835897480876,60.0,60.0,575.0,2648.0,mst,5.852873592580011,1.1824920380847415,60.0,-60.0,340.0,2531.0,mst,3.558251550846206,1.2122756041787197,-60.0,60.0,616.0,1375.0,mst,0.9873692232014546,1.9726437655056774,-60.0,-60.0,0.0,2543.0,mst,2.160408778123697,2.0129542672231517,32.373280308021066,1.808689771030913,465.6884025348114,26,25347.873760376253,4,1.4806183978211316,4.130747300995041
0.0,0.0,1597.0,122637.0,lst,6.1799517369489205,0.8811682579944722,60.0,60.0,0.0,10394.0,mst,5.731254668486084,2.433477688961024,60.0,-60.0,548.0,16762.0,mst,4.485371719559889,1.3217571545913396,-60.0,60.0,88.0,11460.0,mst,0.49414154664251025,2.322292077024844,-60.0,-60.0,755.0,25213.0,mst,1.8372242835112778,1.1078683272730225,-4.703194012883586,-45.052698360902994,962.5741544848406,26,29410.2153179842,4,1.748473250357752,2.176262872281812
