x 1,y 1,Count 1,Bkg Count 1,Telescope 1,Dangle 1,Altitude 1,x 2,y 2,Count 2,Bkg Count 2,Telescope 2,Dangle 2,Altitude 2,x 3,y 3,Count 3,Bkg Count 3,Telescope 3,Dangle 3,Altitude 3,x 4,y 4,Count 4,Bkg Count 4,Telescope 4,Dangle 4,Altitude 4,x 5,y 5,Count 5,Bkg Count 5,Telescope 5,Dangle 5,Altitude 5,True X,True Y,True Energy Per Nucleon,True Z,True Height,Detecions,Phi,Epsilon,Theta
0.0,0.0,2332.0,86165.0,lst,0.6036682151173886,0.8385725041828739,60.0,60.0,665.0,8776.0,mst,6.003164789471057,1.7659196834163995,60.0,-60.0,268.0,17558.0,mst,4.198240228344203,0.5543729877986051,-60.0,60.0,0.0,6792.0,mst,0.7159116354799147,2.2363792412873513,-60.0,-60.0,268.0,11002.0,mst,1.7699286264765646,1.4601295348036396,29.21661063611046,-42.002763982835745,722.3825003007446,26,25245.313491010063,4,1.3173413483387488,3.266900864048436
0.0,0.0,3283.0,32800.0,lst,4.706671720324205,1.3056596304924444,60.0,60.0,0.0,2471.0,mst,5.166708019416058,3.0249387846441667,60.0,-60.0,76.0,3265.0,mst,4.25520621202649,2.870978097661485,-60.0,60.0,471.0,6225.0,mst,0.0038514862059947645,1.380704222331872,-60.0,-60.0,580.0,5267.0,mst,3.1390262964857074,1.231366446868004,-59.95840749072711,0.05811242227116509,524.9768308336033,26,29357.20854709286,4,1.2443853941690164,3.0925818005390786
