x 1,y 1,Count 1,Bkg Count 1,Telescope 1,Dangle 1,Altitude 1,x 2,y 2,Count 2,Bkg Count 2,Telescope 2,Dangle 2,Altitude 2,x 3,y 3,Count 3,Bkg Count 3,Telescope 3,Dangle 3,Altitude 3,x 4,y 4,Count 4,Bkg Count 4,Telescope 4,Dangle 4,Altitude 4,x 5,y 5,Count 5,Bkg Count 5,Telescope 5,Dangle 5,Altitude 5,True X,True Y,True Energy Per Nucleon,True Z,True Height,Detecions,Phi,Epsilon,Theta
0.0,0.0,2883.0,87079.0,lst,1.5371765830850768,1.467696669318261,60.0,60.0,402.0,22309.0,mst,6.263006642413231,1.4984374077527862,60.0,-60.0,635.0,16479.0,mst,3.152171414247197,1.312785172127441,-60.0,60.0,25.0,9864.0,mst,1.0867891208119695,3.369228296358639,-60.0,-60.0,0.0,10141.0,mst,2.0202857208769296,3.2410948228631034,59.04621065962411,-2.5903259464382415,877.0540396501322,26,33247.5453073775,4,1.202692291131583,4.334986354045256
0.0,0.0,5293.0,3779.0,lst,5.550652689675141,1.0526231674155513,60.0,60.0,124.0,387.0,mst,5.541538945084715,2.3017025403028035,60.0,-60.0,2723.0,522.0,mst,4.654375805484063,1.6434037834536905,-60.0,60.0,241.0,380.0,mst,0.11640874160939894,1.7056624647775618,-60.0,-60.0,0.0,1129.0,mst,2.0984139005199967,None,-47.47616007886714,-52.601675296257895,408.80019786290967,26,23056.361595980055,4,1.2685938132112502,5.748044871175568
0.0,0.0,998.0,54616.0,lst,3.328285478566543,0.6342602781260263,60.0,60.0,971.0,10481.0,mst,5.107250719892255,1.3677790752834986,60.0,-60.0,99.0,7533.0,mst,3.7592612599192723,2.181528606874137,-60.0,60.0,760.0,7415.0,mst,1.1090238860908717,1.2420957902249308,-60.0,-60.0,22.0,6294.0,mst,2.6077573137587446,2.107673158019948,-6.0988845880668805,32.32346919070844,665.7168073349644,26,28773.815021752922,5,1.8230010487788237,4.2593674909339505
0.0,0.0,7145.0,86049.0,lst,2.7970292467879143,1.3704967995214377,60.0,60.0,214.0,22353.0,mst,4.166616893781728,0.5811404620896169,60.0,-60.0,175.0,10029.0,mst,3.3525660585359267,2.3429331487603036,-60.0,60.0,1470.0,12064.0,mst,1.780942547877831,1.4868051324944105,-60.0,-60.0,82.0,8384.0,mst,2.5560009588743995,2.696240714913856,30.051897788440385,78.25783235740195,943.4957022553024,26,25678.085447734684,5,1.770409713236722,0.544954726586444
