x 1,y 1,Count 1,Bkg Count 1,Telescope 1,Dangle 1,Altitude 1,x 2,y 2,Count 2,Bkg Count 2,Telescope 2,Dangle 2,Altitude 2,x 3,y 3,Count 3,Bkg Count 3,Telescope 3,Dangle 3,Altitude 3,x 4,y 4,Count 4,Bkg Count 4,Telescope 4,Dangle 4,Altitude 4,x 5,y 5,Count 5,Bkg Count 5,Telescope 5,Dangle 5,Altitude 5,True X,True Y,True Energy Per Nucleon,True Z,True Height,Detecions,Phi,Epsilon,Theta
0.0,0.0,10472.0,63058.0,lst,4.999112258957189,1.4228045859552472,60.0,60.0,0.0,3560.0,mst,5.227556435841134,2.539186093929929,60.0,-60.0,111.0,5419.0,mst,4.482577388941434,2.2622161737963795,-60.0,60.0,786.0,10560.0,mst,5.887573221963434,1.3259750431585016,-60.0,-60.0,562.0,9533.0,mst,3.9761171463154565,0.6779445264789932,-96.36131769583592,-27.555086108496496,736.4187037000678,26,21715.071182246014,4,1.2282552939070486,1.9527190307811422
0.0,0.0,1106.0,66421.0,lst,0.4500195524052202,0.8363506006225324,60.0,60.0,75.0,7952.0,mst,5.838161586285279,2.315648397142542,60.0,-60.0,349.0,10979.0,mst,4.167971373046413,1.1702003544142872,-60.0,60.0,0.0,6240.0,mst,0.6860917944903324,2.6989249663836,-60.0,-60.0,391.0,6209.0,mst,1.924248535386317,1.8285346150572412,15.811995257621675,-32.53323577745229,649.3891204498601,26,30325.611597669013,4,1.444414393457847,2.3472935840209046
