x 1,y 1,Count 1,Bkg Count 1,Telescope 1,Dangle 1,Altitude 1,x 2,y 2,Count 2,Bkg Count 2,Telescope 2,Dangle 2,Altitude 2,x 3,y 3,Count 3,Bkg Count 3,Telescope 3,Dangle 3,Altitude 3,x 4,y 4,Count 4,Bkg Count 4,Telescope 4,Dangle 4,Altitude 4,x 5,y 5,Count 5,Bkg Count 5,Telescope 5,Dangle 5,Altitude 5,True X,True Y,True Energy Per Nucleon,True Z,True Height,Detecions,Phi,Epsilon,Theta
0.0,0.0,3504.0,2728.0,lst,0.5132108106481285,1.7308244954620196,60.0,60.0,21.0,266.0,mst,6.060625873348322,3.2270163957923916,60.0,-60.0,120.0,673.0,mst,4.641199231768549,0.7593888402583395,-60.0,60.0,0.0,257.0,mst,0.6811677388081896,3.921999769670811,-60.0,-60.0,88.0,424.0,mst,1.5793305289087651,2.3917873176697864,33.04992078356915,-58.26261173018659,403.4594501965022,26,29096.643105934145,4,1.8405978195429327,1.2396088451383378
0.0,0.0,4041.0,0.0,lst,2.9486600596889945,1.3115016474131318,60.0,60.0,303.0,0.0,mst,4.371652585477352,0.8316983595549847,60.0,-60.0,0.0,0.0,mst,3.4774249994967126,2.439660415773322,-60.0,60.0,971.0,0.0,mst,1.7854647167631106,1.2689848141239584,-60.0,-60.0,41.0,0.0,mst,2.6551152863301746,2.5933353260874763,14.177255774584353,76.70785721431278,323.34174873175874,26,22317.75893916859,4,1.5328127293396174,0.6731555584006492
0.0,0.0,2335.0,137789.0,lst,1.4831300065807946,1.2097257491599775,60.0,60.0,471.0,23758.0,mst,6.112740717731739,1.7122356686407014,60.0,-60.0,418.0,25282.0,mst,3.348484479261628,1.3718418749621886,-60.0,60.0,0.0,11625.0,mst,1.0460920555513469,3.2508866698772354,-60.0,-60.0,26.0,11652.0,mst,2.019104878566634,2.9953472603480913,48.47249231436848,-4.428085350032433,1032.5577087113359,26,34653.123486498866,4,1.2629472064177876,3.0428663490153682
