x 1,y 1,Count 1,Bkg Count 1,Telescope 1,Dangle 1,Altitude 1,x 2,y 2,Count 2,Bkg Count 2,Telescope 2,Dangle 2,Altitude 2,x 3,y 3,Count 3,Bkg Count 3,Telescope 3,Dangle 3,Altitude 3,x 4,y 4,Count 4,Bkg Count 4,Telescope 4,Dangle 4,Altitude 4,x 5,y 5,Count 5,Bkg Count 5,Telescope 5,Dangle 5,Altitude 5,True X,True Y,True Energy Per Nucleon,True Z,True Height,Detecions,Phi,Epsilon,Theta
0.0,0.0,136.0,0.0,lst,3.3210036538222774,0.41080320938432086,60.0,60.0,285.0,0.0,mst,5.2805038976643415,1.6873489113681515,60.0,-60.0,211.0,0.0,mst,3.8240686498968404,2.20973386146168,-60.0,60.0,1021.0,0.0,mst,0.9361630711772987,1.459337562785681,-60.0,-60.0,425.0,0.0,mst,2.511497341692898,2.0173604670509335,-3.1887099412244027,18.99891810394874,282.6284598224817,26,24353.48866088068,5,1.864040008591026,1.9806868978175374
0.0,0.0,3599.0,0.0,lst,3.9201087329792754,1.4260147420386529,60.0,60.0,259.0,0.0,mst,4.821246244121739,2.13760706895268,60.0,-60.0,30.0,0.0,mst,3.92846056652191,3.20316944119844,-60.0,60.0,0.0,0.0,mst,0.8103735831263332,0.34109118747651074,-60.0,-60.0,40.0,0.0,mst,3.028939766826544,2.3469697405813115,-47.51411521358369,48.21565199526481,297.44493342233585,26,24440.167086985446,4,1.9515901367279223,6.165409814615772
0.0,0.0,5935.0,26415.0,lst,5.15885432461409,1.2551898203114902,60.0,60.0,36.0,2396.0,mst,5.348087327232499,2.655926916905281,60.0,-60.0,68.0,2449.0,mst,4.508973059831132,2.176871938405815,-60.0,60.0,5629.0,3802.0,mst,6.171422635982793,1.573800951967395,-60.0,-60.0,95.0,5970.0,mst,3.5019425965865523,0.4545401828419911,-69.66804038174583,-34.2231388903878,526.0387593737267,26,24289.533667807566,5,1.6672096744849871,4.268002647300709
