x 1,y 1,Count 1,Bkg Count 1,Telescope 1,Dangle 1,Altitude 1,x 2,y 2,Count 2,Bkg Count 2,Telescope 2,Dangle 2,Altitude 2,x 3,y 3,Count 3,Bkg Count 3,Telescope 3,Dangle 3,Altitude 3,x 4,y 4,Count 4,Bkg Count 4,Telescope 4,Dangle 4,Altitude 4,x 5,y 5,Count 5,Bkg Count 5,Telescope 5,Dangle 5,Altitude 5,True X,True Y,True Energy Per Nucleon,True Z,True Height,Detecions,Phi,Epsilon,Theta
0.0,0.0,1465.0,108187.0,lst,5.901371092052141,2.126951999528841,60.0,60.0,0.0,6584.0,mst,5.761078136250509,3.3121941165522415,60.0,-60.0,1154.0,27884.0,mst,5.269081638679368,2.0331209285995806,-60.0,60.0,35.0,14032.0,mst,0.038407512000087005,2.8516551522002485,-60.0,-60.0,1056.0,72157.0,mst,0.07879547904330989,1.0654459352102008,-54.729769749996606,-131.33188398004202,2725.9329884172594,26,25292.748248369277,4,1.841446676534165,0.05063044402797462
0.0,0.0,2843.0,35026.0,lst,1.4461901042154595,1.1636859993274657,60.0,60.0,809.0,8653.0,mst,6.141182535509303,1.5667639590355487,60.0,-60.0,546.0,8398.0,mst,3.3334603961882388,1.267570452541913,-60.0,60.0,0.0,3980.0,mst,1.028411626554112,2.9740356844316063,-60.0,-60.0,31.0,4910.0,mst,2.02003400283816,2.8482060073843436,50.21912056373836,-6.334503338933786,591.1501482934057,26,29985.484850669152,4,1.5495845591573825,3.0011812966326232
0.0,0.0,2963.0,0.0,lst,4.843569766439937,1.1251152096462305,60.0,60.0,0.0,0.0,mst,5.251632827787007,2.874469452403042,60.0,-60.0,22.0,0.0,mst,4.269594447176097,2.796511350076801,-60.0,60.0,364.0,0.0,mst,0.15665440633600725,1.451439906327068,-60.0,-60.0,327.0,0.0,mst,2.9505426192263657,1.2356658608127797,-49.25525389657311,-6.498239207754665,284.76815907427505,26,24637.73049137224,4,1.2847004254187846,0.8831035968931248
0.0,0.0,4064.0,18229.0,lst,3.3944300974,1.493348799036637,60.0,60.0,910.0,2197.0,mst,4.727337096601717,1.8272636997206244,60.0,-60.0,0.0,1372.0,mst,3.693393479232623,3.4124026983150024,-60.0,60.0,388.0,4077.0,mst,1.5522357403544118,1.0733546450568745,-60.0,-60.0,24.0,1545.0,mst,2.7863913745642774,3.0980418751844305,-15.387659809683896,59.325065964030784,465.33541770461227,26,29181.081574744872,4,1.7443526712149433,6.174295119648572
