x 1,y 1,Count 1,Bkg Count 1,Telescope 1,Dangle 1,Altitude 1,x 2,y 2,Count 2,Bkg Count 2,Telescope 2,Dangle 2,Altitude 2,x 3,y 3,Count 3,Bkg Count 3,Telescope 3,Dangle 3,Altitude 3,x 4,y 4,Count 4,Bkg Count 4,Telescope 4,Dangle 4,Altitude 4,x 5,y 5,Count 5,Bkg Count 5,Telescope 5,Dangle 5,Altitude 5,True X,True Y,True Energy Per Nucleon,True Z,True Height,Detecions,Phi,Epsilon,Theta
0.0,0.0,745.0,51367.0,lst,5.6111163180595165,0.8687534802329178,60.0,60.0,49.0,4586.0,mst,5.511224798571698,3.1581792271607245,60.0,-60.0,260.0,5979.0,mst,4.299508700278559,2.358727510072404,-60.0,60.0,221.0,4324.0,mst,0.42962420038885457,2.4644969686490037,-60.0,-60.0,704.0,6199.0,mst,2.2924416991364236,1.365241515076143,-19.831310439929695,-25.646740656293815,590.5225395396689,26,31999.597427305438,5,1.3281161580069056,1.7327060976250137
0.0,0.0,489.0,237623.0,lst,5.977447925148872,0.6694713007901097,60.0,60.0,31.0,13061.0,mst,5.602767614589439,2.46903190988499,60.0,-60.0,1097.0,15444.0,mst,4.2987029242011054,1.5496946649963432,-60.0,60.0,113.0,17177.0,mst,0.5074447051607971,2.13781181921741,-60.0,-60.0,539.0,25562.0,mst,2.1208273985638355,1.1226493637581052,-10.094602725756289,-29.443872428324198,1183.3514779052764,26,31632.210516996336,5,1.9423007059587614,2.62816318698598
0.0,0.0,226.0,0.0,lst,0.612200577245196,1.719972451349339,60.0,60.0,102.0,0.0,mst,6.281135200466327,2.455297950658754,60.0,-60.0,43.0,0.0,mst,6.173486103616543,0.38676032971513036,-60.0,60.0,0.0,0.0,mst,0.689086882218643,3.1550510188667547,-60.0,-60.0,239.0,0.0,mst,1.3879327454701942,2.078950839706752,57.614309814709486,-81.51676205593125,373.5257095161801,26,24716.68662820544,4,1.8801017310658135,0.7098389783844496
0.0,0.0,2091.0,0.0,lst,0.8961426330042194,1.5087644370641224,60.0,60.0,73.0,0.0,mst,6.015803055141041,2.9881650784578224,60.0,-60.0,204.0,0.0,mst,3.80279798717007,1.1074433919362578,-60.0,60.0,0.0,0.0,mst,0.830230405502901,4.248354779009242,-60.0,-60.0,36.0,0.0,mst,1.8657526788483079,3.0672827285992597,36.24699311641146,-28.95318826770253,236.22804938539034,26,24480.161508747453,4,1.9509798852016962,3.37075585411549
