x 1,y 1,Count 1,Bkg Count 1,Telescope 1,Dangle 1,Altitude 1,x 2,y 2,Count 2,Bkg Count 2,Telescope 2,Dangle 2,Altitude 2,x 3,y 3,Count 3,Bkg Count 3,Telescope 3,Dangle 3,Altitude 3,x 4,y 4,Count 4,Bkg Count 4,Telescope 4,Dangle 4,Altitude 4,x 5,y 5,Count 5,Bkg Count 5,Telescope 5,Dangle 5,Altitude 5,True X,True Y,True Energy Per Nucleon,True Z,True Height,Detecions,Phi,Epsilon,Theta
0.0,0.0,3271.0,24579.0,lst,3.972890874344245,1.223615024967674,60.0,60.0,226.0,3128.0,mst,4.879696263512113,2.042559610185058,60.0,-60.0,0.0,2179.0,mst,3.9371258666382403,2.9295379257052123,-60.0,60.0,97.0,6177.0,mst,0.6818879826206965,0.45216165511633216,-60.0,-60.0,102.0,3237.0,mst,2.993577360747394,2.110972047671021,-45.41403411529447,41.85547033191813,521.5612868154122,26,27622.23065339927,4,1.2851193699154606,5.892932590954996
0.0,0.0,1311.0,220249.0,lst,0.2986202283062192,1.0359365333026134,60.0,60.0,63.0,19134.0,mst,5.808723574877079,2.9488700564538313,60.0,-60.0,480.0,39054.0,mst,4.258192506805515,1.4770850335275414,-60.0,60.0,0.0,18095.0,mst,0.646513012655639,3.2447935007256326,-60.0,-60.0,493.0,29875.0,mst,1.8866023209417266,2.0402053270357605,11.648212007570038,-36.644650540035826,1460.2832074369555,26,36543.90853553847,4,1.4320475026944723,2.0023583737878687
0.0,0.0,1413.0,206874.0,lst,2.136934646800065,0.9711636546605457,60.0,60.0,268.0,37848.0,mst,5.690327282546546,1.2377192174961615,60.0,-60.0,50.0,29480.0,mst,3.466141338538188,2.299289231388332,-60.0,60.0,0.0,24679.0,mst,1.1504478554862614,2.4812822375050985,-60.0,-60.0,30.0,19385.0,mst,2.2882302858788157,3.1535377589084383,32.02347002291032,20.5413362358278,1587.1765594684307,26,36436.89281232942,4,1.853238387822723,0.7749164323938812
