x 1,y 1,Count 1,Bkg Count 1,Telescope 1,Dangle 1,Altitude 1,x 2,y 2,Count 2,Bkg Count 2,Telescope 2,Dangle 2,Altitude 2,x 3,y 3,Count 3,Bkg Count 3,Telescope 3,Dangle 3,Altitude 3,x 4,y 4,Count 4,Bkg Count 4,Telescope 4,Dangle 4,Altitude 4,x 5,y 5,Count 5,Bkg Count 5,Telescope 5,Dangle 5,Altitude 5,True X,True Y,True Energy Per Nucleon,True Z,True Height,Detecions,Phi,Epsilon,Theta
0.0,0.0,3742.0,236128.0,lst,2.838676364211205,1.3005172356762023,60.0,60.0,417.0,70218.0,mst,4.848952828927032,1.016507191469501,60.0,-60.0,33.0,22760.0,mst,3.512303902253506,2.8370090673230273,-60.0,60.0,568.0,46262.0,mst,1.479509299196703,1.7866900637725744,-60.0,-60.0,0.0,21238.0,mst,2.547020072069909,3.208734416532262,16.667515796365763,54.0119786429548,2100.0656958870245,26,33931.868563614466,4,1.555149476517979,2.278364673632654
0.0,0.0,3659.0,23240.0,lst,4.776488657828274,1.3754588693434784,60.0,60.0,0.0,2079.0,mst,5.219807597942712,3.262142150532481,60.0,-60.0,25.0,1980.0,mst,4.262696896075205,3.190462591571001,-60.0,60.0,899.0,2023.0,mst,0.0486768802149077,1.6162581706804628,-60.0,-60.0,393.0,3929.0,mst,3.0758223930444757,1.4291850949828158,-56.07715908907811,-3.8904269986324493,478.33546720983065,26,29821.77535899658,4,1.7815305778469672,4.96498134998978
0.0,0.0,1078.0,34003.0,lst,3.554147067274171,0.6332565855231064,60.0,60.0,1476.0,2767.0,mst,5.1255128884428665,1.4596270480781532,60.0,-60.0,222.0,2223.0,mst,3.8298573709749273,2.3092433661026877,-60.0,60.0,407.0,4260.0,mst,0.9811960117005356,1.1118324872763463,-60.0,-60.0,0.0,3355.0,mst,2.6543713702988163,2.0870815686493387,-12.37939840645683,28.418131135782573,499.95386660227524,26,27700.658690627006,4,1.2111458946207334,5.9156896709541655
