x 1,y 1,Count 1,Bkg Count 1,Telescope 1,Dangle 1,Altitude 1,x 2,y 2,Count 2,Bkg Count 2,Telescope 2,Dangle 2,Altitude 2,x 3,y 3,Count 3,Bkg Count 3,Telescope 3,Dangle 3,Altitude 3,x 4,y 4,Count 4,Bkg Count 4,Telescope 4,Dangle 4,Altitude 4,x 5,y 5,Count 5,Bkg Count 5,Telescope 5,Dangle 5,Altitude 5,True X,True Y,True Energy Per Nucleon,True Z,True Height,Detecions,Phi,Epsilon,Theta
0.0,0.0,2374.0,94833.0,lst,2.9103704462524274,1.2828326890497406,60.0,60.0,345.0,17624.0,mst,4.672139012535343,0.9210376418635692,60.0,-60.0,128.0,8611.0,mst,3.4765842454518365,2.5659645778146714,-60.0,60.0,209.0,18698.0,mst,1.5969789808434989,1.6289759712939238,-60.0,-60.0,21.0,8526.0,mst,2.5882462757240012,2.89959646358144,15.885888906110608,62.37543996108988,901.4308807535443,26,31674.85210823707,5,1.2091590580396214,3.333637075248182
0.0,0.0,2753.0,49071.0,lst,5.7327553590114935,1.2699215969727757,60.0,60.0,0.0,5170.0,mst,5.605451442519028,3.335891482633039,60.0,-60.0,58.0,9829.0,mst,4.52370508077305,2.279542038578817,-60.0,60.0,34.0,7124.0,mst,0.32379203162269843,2.7298339292500224,-60.0,-60.0,164.0,11419.0,mst,2.0059565576926066,1.020852680748886,-26.560031452166584,-44.476873854008986,688.1044193697012,26,33338.426725005505,4,1.2112318912454862,5.888860468797728
0.0,0.0,1214.0,96089.0,lst,2.9702900694969543,0.7201083098754446,60.0,60.0,818.0,13210.0,mst,5.174070056968562,1.2803298856566792,60.0,-60.0,74.0,7292.0,mst,3.674098158539623,2.36760587534864,-60.0,60.0,773.0,10929.0,mst,1.1858859357669376,1.4449760935379081,-60.0,-60.0,0.0,8224.0,mst,2.546662608816267,2.4065746874620504,6.170454355261256,33.41508133779314,690.1511266105663,26,29966.22409702814,4,1.2759610838469393,0.8177443670240893
