x 1,y 1,Count 1,Bkg Count 1,Telescope 1,Dangle 1,Altitude 1,x 2,y 2,Count 2,Bkg Count 2,Telescope 2,Dangle 2,Altitude 2,x 3,y 3,Count 3,Bkg Count 3,Telescope 3,Dangle 3,Altitude 3,x 4,y 4,Count 4,Bkg Count 4,Telescope 4,Dangle 4,Altitude 4,x 5,y 5,Count 5,Bkg Count 5,Telescope 5,Dangle 5,Altitude 5,True X,True Y,True Energy Per Nucleon,True Z,True Height,Detecions,Phi,Epsilon,Theta
0.0,0.0,4462.0,22917.0,lst,0.2663826111820333,1.4208294887024302,60.0,60.0,94.0,3364.0,mst,6.001296797081653,2.553391256408964,60.0,-60.0,318.0,3594.0,mst,5.1259961536856204,0.7658742033902645,-60.0,60.0,45.0,2298.0,mst,0.5438036243221214,2.854861018228799,-60.0,-60.0,664.0,3892.0,mst,1.3620170520418893,1.479438223237124,21.252217077111766,-76.50412397430361,539.9706527664654,26,25807.587832432433,5,1.6702267869878882,3.032359688575682
0.0,0.0,2366.0,213971.0,lst,2.5542017042156906,1.3733900617356358,60.0,60.0,382.0,58688.0,mst,5.239396704714628,0.9928179785082702,60.0,-60.0,37.0,20510.0,mst,3.4484158597657273,2.8951350032684626,-60.0,60.0,163.0,28653.0,mst,1.3723641043918515,2.4283612263075933,-60.0,-60.0,0.0,17314.0,mst,2.4388050337772187,3.6418238222322303,28.260013561709684,41.790975484440025,1665.8266858236216,26,36692.60956278154,4,1.5001572065986684,6.180775978021211
0.0,0.0,6195.0,69345.0,lst,3.1572415142490127,1.3568157769696212,60.0,60.0,581.0,16060.0,mst,4.293154371563813,1.0373776382193054,60.0,-60.0,82.0,7338.0,mst,3.521345828770626,2.484015729109553,-60.0,60.0,211.0,15579.0,mst,1.996636525622017,1.018565889926684,-60.0,-60.0,138.0,6632.0,mst,2.761535034665203,2.4648817284357327,-1.7723151771400012,86.44531186046586,880.0801698526894,26,24231.358868723113,5,1.6015858662128484,3.603478349032786
0.0,0.0,1721.0,4567.0,lst,3.4728636840322835,1.3954598639781028,60.0,60.0,622.0,813.0,mst,4.745883962234863,1.848148915258755,60.0,-60.0,0.0,592.0,mst,3.7246601157689434,3.2411431054853304,-60.0,60.0,333.0,1242.0,mst,1.523523224126041,0.8753701175833409,-60.0,-60.0,45.0,669.0,mst,2.809608579018436,2.7617856614437675,-19.63957415172868,58.003765669230404,413.64387704670617,26,27648.571225744327,4,1.2831645837884464,1.3473628082741331
