x 1,y 1,Count 1,Bkg Count 1,Telescope 1,Dangle 1,Altitude 1,x 2,y 2,Count 2,Bkg Count 2,Telescope 2,Dangle 2,Altitude 2,x 3,y 3,Count 3,Bkg Count 3,Telescope 3,Dangle 3,Altitude 3,x 4,y 4,Count 4,Bkg Count 4,Telescope 4,Dangle 4,Altitude 4,x 5,y 5,Count 5,Bkg Count 5,Telescope 5,Dangle 5,Altitude 5,True X,True Y,True Energy Per Nucleon,True Z,True Height,Detecions,Phi,Epsilon,Theta
0.0,0.0,844.0,0.0,lst,2.6533046888474607,2.2103453289910737,60.0,60.0,215.0,0.0,mst,3.1902374047008784,0.8943099349376178,60.0,-60.0,21.0,0.0,mst,3.156659134999144,3.149948929559231,-60.0,60.0,217.0,0.0,mst,1.9490494794580233,2.1979058572258237,-60.0,-60.0,0.0,0.0,mst,2.546495333423734,3.6757214443295796,57.21012231908236,106.00182632691116,306.564915549779,26,23868.77820863463,4,1.9527841178127643,1.1416527154345435
0.0,0.0,2710.0,0.0,lst,3.5485565424243117,1.0634786208597937,60.0,60.0,0.0,0.0,mst,4.87800092911535,1.6950605542459902,60.0,-60.0,31.0,0.0,mst,3.774935277998353,2.831602832111769,-60.0,60.0,354.0,0.0,mst,1.2569838740138182,0.9053848138067861,-60.0,-60.0,157.0,0.0,mst,2.7739429009399537,2.411673694678718,-19.405048114762366,46.90623999474619,326.58258072349264,26,24986.785477980626,4,1.6102463149522734,3.117777134275819
0.0,0.0,506.0,28019.0,lst,0.6656535691328507,2.1680290766050723,60.0,60.0,48.0,4946.0,mst,0.1838279672645645,2.6170778217796458,60.0,-60.0,552.0,14464.0,mst,0.49969708180858513,0.9210134838188699,-60.0,60.0,0.0,3036.0,mst,0.707832701994508,3.4153880396975205,-60.0,-60.0,188.0,6656.0,mst,1.2175018405138764,2.3757914588491533,89.88084558770706,-114.39217214509385,770.6765411938416,26,23020.273047736246,4,1.6910007230630915,5.349185813016639
