x 1,y 1,Count 1,Bkg Count 1,Telescope 1,Dangle 1,Altitude 1,x 2,y 2,Count 2,Bkg Count 2,Telescope 2,Dangle 2,Altitude 2,x 3,y 3,Count 3,Bkg Count 3,Telescope 3,Dangle 3,Altitude 3,x 4,y 4,Count 4,Bkg Count 4,Telescope 4,Dangle 4,Altitude 4,x 5,y 5,Count 5,Bkg Count 5,Telescope 5,Dangle 5,Altitude 5,True X,True Y,True Energy Per Nucleon,True Z,True Height,Detecions,Phi,Epsilon,Theta
0.0,0.0,969.0,131889.0,lst,3.747709362461725,0.6641458782875945,60.0,60.0,1538.0,18166.0,mst,4.969596801536078,1.3009964060852783,60.0,-60.0,349.0,15163.0,mst,3.8559867643724575,1.9615706031379385,-60.0,60.0,475.0,25289.0,mst,0.9875097681579466,0.5542928234365105,-60.0,-60.0,622.0,16061.0,mst,2.7896789135711115,1.4968021351709972,-24.131988087563613,36.188194944606096,1119.7215545753165,26,24052.235449479533,5,1.192243091093329,0.9493247814130548
0.0,0.0,2326.0,94684.0,lst,5.603110279199686,0.9029323475547121,60.0,60.0,56.0,7044.0,mst,5.533065991852913,2.527932180433661,60.0,-60.0,2335.0,8554.0,mst,4.44900083389817,1.7401664678167441,-60.0,60.0,650.0,8966.0,mst,0.30528833742533007,1.989963883840823,-60.0,-60.0,237.0,15936.0,mst,2.239821783203382,0.7638562585400468,-29.4957410365667,-35.99934956099344,765.0175481249453,26,29050.432343403045,5,1.31528735430466,3.9073124955590535
0.0,0.0,4436.0,379206.0,lst,2.0016340223054545,1.493537568514986,60.0,60.0,97.0,64319.0,mst,0.4052208557766449,0.5480878469170133,60.0,-60.0,570.0,49845.0,mst,3.0269777394497765,1.8023480170985615,-60.0,60.0,28.0,29339.0,mst,1.3640701921676555,2.505631791037089,-60.0,-60.0,0.0,16401.0,mst,2.1847758782101976,3.0751771747597956,71.63145615420825,33.50146485343245,2928.4632480202094,26,29878.657313679934,4,1.353136259565217,0.3354413203629831
