x 1,y 1,Count 1,Bkg Count 1,Telescope 1,Dangle 1,Altitude 1,x 2,y 2,Count 2,Bkg Count 2,Telescope 2,Dangle 2,Altitude 2,x 3,y 3,Count 3,Bkg Count 3,Telescope 3,Dangle 3,Altitude 3,x 4,y 4,Count 4,Bkg Count 4,Telescope 4,Dangle 4,Altitude 4,x 5,y 5,Count 5,Bkg Count 5,Telescope 5,Dangle 5,Altitude 5,True X,True Y,True Energy Per Nucleon,True Z,True Height,Detecions,Phi,Epsilon,Theta
0.0,0.0,4823.0,172084.0,lst,4.146636776940398,1.9075271189732286,60.0,60.0,56.0,20306.0,mst,4.756503933363925,2.816879923014176,60.0,-60.0,0.0,11571.0,mst,4.03725782678576,3.5608722161909956,-60.0,60.0,112.0,77320.0,mst,4.986983569680989,0.4754355767787162,-60.0,-60.0,159.0,24657.0,mst,3.3394579430411833,2.2959859273340197,-82.82563226570363,53.971106113984376,1771.0837234079947,26,32517.460565355526,4,1.211740930254784,4.0400796334923506
0.0,0.0,1459.0,39752.0,lst,5.15913587723294,1.1355873055103065,60.0,60.0,0.0,4186.0,mst,5.3838739701812655,3.5253372831614422,60.0,-60.0,33.0,3937.0,mst,4.29598494911202,3.2681388468670516,-60.0,60.0,145.0,4764.0,mst,0.3139219553003122,2.3257696779903028,-60.0,-60.0,401.0,5375.0,mst,2.614821897524701,1.6581262673416746,-34.83479821474023,-16.132784771248623,537.5148206513837,26,32833.552257522824,4,1.1949857301315598,6.072929096841707
0.0,0.0,1986.0,87737.0,lst,2.2279055948937723,1.2355926349976567,60.0,60.0,200.0,13993.0,mst,5.63874838092292,1.129370116904737,60.0,-60.0,264.0,7301.0,mst,3.4024749105026224,2.425037563346615,-60.0,60.0,74.0,7228.0,mst,1.2381350449817297,2.8472554661914553,-60.0,-60.0,0.0,6313.0,mst,2.310442111928376,3.5602471267982003,35.41178653232012,27.296926641281658,712.2204562581995,26,33779.232824145736,4,1.3202621414099864,3.8095488394789823
0.0,0.0,2501.0,54366.0,lst,5.464984736400077,1.7926023694630084,60.0,60.0,0.0,4895.0,mst,5.493201767927535,4.354748249561597,60.0,-60.0,25.0,6605.0,mst,4.546633980895297,3.204263607963913,-60.0,60.0,59.0,6649.0,mst,0.16147300763719571,3.0865455784889773,-60.0,-60.0,113.0,12888.0,mst,2.4390044485630273,0.7681263508726703,-43.3765218713048,-40.41306998380438,643.6362930402481,26,33712.27416376814,4,1.6036005650619953,3.945878206086282
