x 1,y 1,Count 1,Bkg Count 1,Telescope 1,Dangle 1,Altitude 1,x 2,y 2,Count 2,Bkg Count 2,Telescope 2,Dangle 2,Altitude 2,x 3,y 3,Count 3,Bkg Count 3,Telescope 3,Dangle 3,Altitude 3,x 4,y 4,Count 4,Bkg Count 4,Telescope 4,Dangle 4,Altitude 4,x 5,y 5,Count 5,Bkg Count 5,Telescope 5,Dangle 5,Altitude 5,True X,True Y,True Energy Per Nucleon,True Z,True Height,Detecions,Phi,Epsilon,Theta
0.0,0.0,4636.0,0.0,lst,3.7316653827205184,1.8449004783022669,60.0,60.0,334.0,0.0,mst,4.55128893810068,2.228393621204874,60.0,-60.0,0.0,0.0,mst,3.826045814371368,3.4200124076984517,-60.0,60.0,34.0,0.0,mst,2.883024505806154,0.37381192496008536,-60.0,-60.0,108.0,0.0,mst,3.068437087701201,2.6414540260045394,-54.69506586038885,79.32513232299695,350.20928352699696,26,24368.62077253529,4,1.502583653062548,1.073839468209592
0.0,0.0,2768.0,2252.0,lst,0.7716835243575224,1.3319071584033895,60.0,60.0,224.0,333.0,mst,6.189484080948035,2.1040326564488097,60.0,-60.0,0.0,509.0,mst,3.9721744615582284,None,-60.0,60.0,27.0,196.0,mst,0.7887165867776788,2.9599562877126653,-60.0,-60.0,684.0,245.0,mst,1.6599607463971073,2.1010211917975035,49.26156721765963,-50.00035101621239,398.6847966518644,26,25465.954273561634,4,1.6943725690656581,0.8277328549051775
0.0,0.0,2642.0,40474.0,lst,2.5764773505704497,1.3493709307096131,60.0,60.0,170.0,9005.0,mst,5.075319666355086,0.7011856736686397,60.0,-60.0,77.0,4247.0,mst,3.3723480600568045,2.666471768650942,-60.0,60.0,145.0,5508.0,mst,1.4755243695900588,2.046104857918527,-60.0,-60.0,0.0,3395.0,mst,2.4515025935640584,3.280511801151881,30.839289797589288,49.46042205053101,590.1895336573136,26,30146.43079388898,4,1.8267182593591904,0.2711508216115693
