x 1,y 1,Count 1,Bkg Count 1,Telescope 1,Dangle 1,Altitude 1,x 2,y 2,Count 2,Bkg Count 2,Telescope 2,Dangle 2,Altitude 2,x 3,y 3,Count 3,Bkg Count 3,Telescope 3,Dangle 3,Altitude 3,x 4,y 4,Count 4,Bkg Count 4,Telescope 4,Dangle 4,Altitude 4,x 5,y 5,Count 5,Bkg Count 5,Telescope 5,Dangle 5,Altitude 5,True X,True Y,True Energy Per Nucleon,True Z,True Height,Detecions,Phi,Epsilon,Theta
0.0,0.0,6266.0,10860.0,lst,4.797882289911926,1.3247717505710566,60.0,60.0,137.0,955.0,mst,5.161365029087558,2.548779922089429,60.0,-60.0,37.0,923.0,mst,4.340286519423497,2.3731542960220446,-60.0,60.0,276.0,2146.0,mst,5.9442500038499775,1.2012331687472058,-60.0,-60.0,730.0,2173.0,mst,3.55401103871819,0.8824133963582916,-82.4543883299626,-6.3700226201835335,452.18992878115415,26,24425.510910365716,5,1.2145719955605994,3.507418721972315
0.0,0.0,7676.0,39583.0,lst,5.768601042308417,1.2260239385630292,60.0,60.0,106.0,4154.0,mst,5.654519824313509,2.3160782869830783,60.0,-60.0,2284.0,5663.0,mst,4.889975624920286,1.3805804584527808,-60.0,60.0,451.0,4609.0,mst,0.11811094076451821,1.8682466132607807,-60.0,-60.0,48.0,20039.0,mst,0.737975690210027,0.3427143600765856,-42.64398633259542,-78.69872917707497,714.7083674924188,26,20441.577280407,5,1.8053558374509557,2.681637811700414
0.0,0.0,0.0,185606.0,lst,5.814251157421685,0.300875576218983,60.0,60.0,444.0,16346.0,mst,5.555256876139982,1.8248207244763928,60.0,-60.0,1372.0,15669.0,mst,4.139385236526685,1.489426385647488,-60.0,60.0,1119.0,18484.0,mst,0.6041870295335917,1.6928287447965613,-60.0,-60.0,623.0,20726.0,mst,2.276901524154112,1.3151715408505775,-7.714135732564273,-15.073608859815351,1108.7935257197994,26,28946.86164484998,4,1.7980688518479753,5.632714196447144
0.0,0.0,3039.0,42518.0,lst,4.20794131583603,1.2671361906661551,60.0,60.0,0.0,7358.0,mst,4.916125080001489,2.345794068254429,60.0,-60.0,25.0,4289.0,mst,4.027566720297234,2.7853911932846103,-60.0,60.0,66.0,14009.0,mst,0.023318674990400145,0.4963063187797697,-60.0,-60.0,3310.0,7794.0,mst,3.156122088154838,1.6291369480908744,-59.3649755714935,34.292698238586155,671.8039243172337,26,28020.352215175448,4,1.9433302423789183,2.4391857595937694
