x 1,y 1,Count 1,Bkg Count 1,Telescope 1,Dangle 1,Altitude 1,x 2,y 2,Count 2,Bkg Count 2,Telescope 2,Dangle 2,Altitude 2,x 3,y 3,Count 3,Bkg Count 3,Telescope 3,Dangle 3,Altitude 3,x 4,y 4,Count 4,Bkg Count 4,Telescope 4,Dangle 4,Altitude 4,x 5,y 5,Count 5,Bkg Count 5,Telescope 5,Dangle 5,Altitude 5,True X,True Y,True Energy Per Nucleon,True Z,True Height,Detecions,Phi,Epsilon,Theta
0.0,0.0,1530.0,2238.0,lst,5.9387511605950785,1.015630753038426,60.0,60.0,39.0,213.0,mst,5.653880003333769,2.9710909010948696,60.0,-60.0,84.0,313.0,mst,4.451888928056768,1.7577745357289258,-60.0,60.0,69.0,266.0,mst,0.40463303240465226,2.539462162584988,-60.0,-60.0,444.0,353.0,mst,1.958785934107704,1.0255652393044659,-14.504146069389492,-40.9607605975786,397.52823831642525,26,27502.403704821732,5,1.9199218514664984,2.4838825670354843
0.0,0.0,1090.0,48705.0,lst,5.902753677429976,1.9808265202132938,60.0,60.0,0.0,4069.0,mst,5.7165694868501955,3.9263352447646147,60.0,-60.0,26.0,10905.0,mst,4.92484184121986,2.2473614605764616,-60.0,60.0,23.0,5989.0,mst,0.21332121291416434,3.1939016834847442,-60.0,-60.0,215.0,20207.0,mst,0.963154822125974,0.7627777678498292,-30.921081177722073,-79.78768274528765,805.0569075603404,26,32200.43496390884,4,1.217080531749331,1.5940751691629476
0.0,0.0,2686.0,0.0,lst,2.4254618314402867,1.4653618943557962,60.0,60.0,53.0,0.0,mst,5.363137511883862,0.621278902331734,60.0,-60.0,81.0,0.0,mst,3.3353052346210017,2.6208027639916063,-60.0,60.0,313.0,0.0,mst,1.4249119992495711,2.47834153722462,-60.0,-60.0,0.0,0.0,mst,2.395438781895655,3.516538094493267,39.603856823684254,44.70976940475907,294.1285337322251,26,25639.700276726482,4,1.7734916930321993,2.4324677273469746
0.0,0.0,316.0,258794.0,lst,3.246550744068528,0.5394435487893885,60.0,60.0,232.0,37034.0,mst,5.247637244044605,1.6282848787571658,60.0,-60.0,0.0,17285.0,mst,3.7807041577148346,2.3524906201222495,-60.0,60.0,1097.0,36899.0,mst,1.0076773773280587,1.5456277281184567,-60.0,-60.0,186.0,26949.0,mst,2.5366968793930478,2.3102864051591823,-2.1269670677641273,23.844178962716143,1521.8168499261237,26,32830.14867453823,4,1.5438467467795447,3.1862584624913253
