x 1,y 1,Count 1,Telescope 1,Dangle 1,Altitude 1,x 2,y 2,Count 2,Telescope 2,Dangle 2,Altitude 2,x 3,y 3,Count 3,Telescope 3,Dangle 3,Altitude 3,x 4,y 4,Count 4,Telescope 4,Dangle 4,Altitude 4,x 5,y 5,Count 5,Telescope 5,Dangle 5,Altitude 5,True X,True Y,True Energy Per Nucleon,True Z,True Height,Detecions,Phi,Epsilon,Theta
0.0,0.0,6032.363462565724,lst,3.007152589158384,0.13327688729682646,60.0,60.0,1111.8611645991637,mst,5.444011853052889,1.4540664352765988,60.0,-60.0,892.1268419995109,mst,3.8516762880230675,1.5294740670891005,-60.0,60.0,1114.882528344455,mst,0.854259583678437,1.4287429793658655,-60.0,-60.0,1287.9241130794976,mst,2.4197735991946066,1.4971870761735306,0.9739014086392501,7.618140901932605,1931.4189967242976,26,28925.561723086506,4,1.9162378566690854,2.5094656905660524
0.0,0.0,2362.5600611952786,lst,5.4807112281981665,None,60.0,60.0,739.0322541701947,mst,5.496928725719585,1.5653388287598973,60.0,-60.0,1043.3974677687963,mst,3.969027129436432,1.4963235057874793,-60.0,60.0,693.1713752931183,mst,0.7538340182606152,1.5752239537536135,-60.0,-60.0,661.4637555282599,mst,2.3643682231107532,1.5154697565700403,-2.574711750363093,-2.4531111150759557,951.8573770862047,26,28371.89996732317,4,1.3067539993972432,4.71028703834059
0.0,0.0,1694.599536677921,lst,2.1549403506487197,0.19487820307391257,60.0,60.0,822.648776594665,mst,5.52990257843765,1.2075629813268594,60.0,-60.0,923.606694624939,mst,3.7486037225186903,1.2923040002735369,-60.0,60.0,1063.6766290054732,mst,0.9420227075124638,1.4465299285956787,-60.0,-60.0,1284.7758915411787,mst,2.3117484627978824,1.4999954128424864,11.933775469542553,7.5183407328921135,647.6837679072181,26,25395.1487514008,4,1.233672636668307,2.6897059469987594
0.0,0.0,2257.8025278998607,lst,5.0958523755680005,0.6668180081710059,60.0,60.0,43.065626003886834,mst,5.369284262709871,None,60.0,-60.0,311.8248259581936,mst,4.323068881953609,1.6295726266242894,-60.0,60.0,802.0457729165944,mst,0.2370153224069023,1.1851431441930842,-60.0,-60.0,429.21562958175804,mst,2.7271909827535636,0.6904077578516855,-40.77640256707778,-16.875108527730106,453.7780151273723,26,21924.99649742037,4,1.6935464521708377,2.5283854497552807
