x 1,y 1,Count 1,Bkg Count 1,Telescope 1,Dangle 1,Altitude 1,x 2,y 2,Count 2,Bkg Count 2,Telescope 2,Dangle 2,Altitude 2,x 3,y 3,Count 3,Bkg Count 3,Telescope 3,Dangle 3,Altitude 3,x 4,y 4,Count 4,Bkg Count 4,Telescope 4,Dangle 4,Altitude 4,x 5,y 5,Count 5,Bkg Count 5,Telescope 5,Dangle 5,Altitude 5,True X,True Y,True Energy Per Nucleon,True Z,True Height,Detecions,Phi,Epsilon,Theta
0.0,0.0,5805.0,27014.0,lst,0.43450043806635047,1.2487202857767985,60.0,60.0,273.0,3771.0,mst,6.066878350309566,2.1701753284966525,60.0,-60.0,149.0,6753.0,mst,5.005751245070067,0.4823515809647425,-60.0,60.0,40.0,2640.0,mst,0.6111162083022276,2.564889883942056,-60.0,-60.0,1998.0,4790.0,mst,1.4918373355113423,1.4810220568222574,31.161626029863697,-68.79259302027562,541.8208392255822,26,24162.89132577439,5,1.7029015690126408,2.222953863093721
0.0,0.0,2202.0,81682.0,lst,3.9436290863567764,0.7159273321007653,60.0,60.0,1239.0,8118.0,mst,5.0210562480247605,1.6108553947431923,60.0,-60.0,111.0,6773.0,mst,3.9233517554187602,2.131862629855563,-60.0,60.0,386.0,11971.0,mst,0.7620524971883286,0.6988879066903491,-60.0,-60.0,1812.0,8391.0,mst,2.8414769642098174,1.5855859407066997,-30.988671519776418,30.376342370277712,705.1386312971679,26,25471.482762793912,5,1.6807702731442287,3.6091394549807614
0.0,0.0,945.0,7637.0,lst,1.7323785258318887,0.6299179986335071,60.0,60.0,485.0,996.0,mst,5.848053448489923,1.1248029946787677,60.0,-60.0,805.0,798.0,mst,3.518031344724151,1.3035478389883097,-60.0,60.0,282.0,694.0,mst,1.0585066008624708,2.0174447147932524,-60.0,-60.0,298.0,672.0,mst,2.1844185140413614,2.143722250052861,34.45025647296103,5.432350864925155,413.09522842949934,26,25097.34730848205,5,1.5203533391693693,5.98388454782344
