x 1,y 1,Count 1,Bkg Count 1,Telescope 1,Dangle 1,Altitude 1,x 2,y 2,Count 2,Bkg Count 2,Telescope 2,Dangle 2,Altitude 2,x 3,y 3,Count 3,Bkg Count 3,Telescope 3,Dangle 3,Altitude 3,x 4,y 4,Count 4,Bkg Count 4,Telescope 4,Dangle 4,Altitude 4,x 5,y 5,Count 5,Bkg Count 5,Telescope 5,Dangle 5,Altitude 5,True X,True Y,True Energy Per Nucleon,True Z,True Height,Detecions,Phi,Epsilon,Theta
0.0,0.0,90.0,137204.0,lst,6.143843305749411,0.5101423243370358,60.0,60.0,97.0,10829.0,mst,5.628426260576048,2.7337704366346567,60.0,-60.0,0.0,17959.0,mst,4.1377257918959796,2.0892295722915364,-60.0,60.0,56.0,12844.0,mst,0.6189218142137245,2.6952511234646908,-60.0,-60.0,416.0,9530.0,mst,2.1803179297490973,2.0029229635837447,-2.661266526530568,-18.912730199696057,912.5844072519227,26,35213.72849752298,4,1.3531783155585904,5.7773355237140365
0.0,0.0,3104.0,24047.0,lst,2.0321527246210294,1.15047336421981,60.0,60.0,203.0,5536.0,mst,6.043986809626683,0.7345656919966408,60.0,-60.0,302.0,2245.0,mst,3.2353167020577187,1.8158022320427227,-60.0,60.0,142.0,2931.0,mst,1.2862511826320142,2.267892815806013,-60.0,-60.0,0.0,2906.0,mst,2.2229829055700248,2.778334247203581,51.859919224847005,26.433051717076467,512.4821912456465,26,28616.901323578793,4,1.9170737145266155,1.5836284045716704
0.0,0.0,431.0,192930.0,lst,1.9075167506401454,0.43334798061076274,60.0,60.0,754.0,22249.0,mst,5.666646108570939,1.0517743353511553,60.0,-60.0,1130.0,16966.0,mst,3.6395729466068967,1.2655510757799768,-60.0,60.0,854.0,18630.0,mst,1.0135114952015785,1.6361310762328733,-60.0,-60.0,33.0,13771.0,mst,2.251754127035715,1.7707177792639976,22.995710930165814,8.007886204240947,1052.5480531119879,26,25911.13484015212,5,1.5038184524304536,3.7642232131984135
