x 1,y 1,Count 1,Bkg Count 1,Telescope 1,Dangle 1,Altitude 1,x 2,y 2,Count 2,Bkg Count 2,Telescope 2,Dangle 2,Altitude 2,x 3,y 3,Count 3,Bkg Count 3,Telescope 3,Dangle 3,Altitude 3,x 4,y 4,Count 4,Bkg Count 4,Telescope 4,Dangle 4,Altitude 4,x 5,y 5,Count 5,Bkg Count 5,Telescope 5,Dangle 5,Altitude 5,True X,True Y,True Energy Per Nucleon,True Z,True Height,Detecions,Phi,Epsilon,Theta
0.0,0.0,2638.0,13895.0,lst,4.77037181905415,0.9394507536014446,60.0,60.0,737.0,2025.0,mst,5.167697461300889,2.005043668145074,60.0,-60.0,806.0,1998.0,mst,4.291384018830835,1.9286860585017274,-60.0,60.0,543.0,4289.0,mst,6.18248978944192,0.9410628140218755,-60.0,-60.0,472.0,4704.0,mst,3.2491853202284564,0.8159998492393566,-66.42769086641476,-2.9429929211267165,485.16589381665625,26,21758.166235533925,5,1.3202309325064563,3.630836978480084
0.0,0.0,1902.0,42225.0,lst,4.662164798872835,1.0179824542863924,60.0,60.0,24.0,3312.0,mst,5.219390244866853,3.00863611235425,60.0,-60.0,0.0,3778.0,mst,4.132913951675193,3.0217936243270964,-60.0,60.0,128.0,5050.0,mst,0.3398195314885082,1.5966869084953093,-60.0,-60.0,82.0,5115.0,mst,2.8309154211098884,1.6461303232928823,-39.57685933942862,1.883721545197659,553.9927527441184,26,31143.14124409054,4,1.7460170753803432,2.444393973154483
