x 1,y 1,Count 1,Bkg Count 1,Telescope 1,Dangle 1,Altitude 1,x 2,y 2,Count 2,Bkg Count 2,Telescope 2,Dangle 2,Altitude 2,x 3,y 3,Count 3,Bkg Count 3,Telescope 3,Dangle 3,Altitude 3,x 4,y 4,Count 4,Bkg Count 4,Telescope 4,Dangle 4,Altitude 4,x 5,y 5,Count 5,Bkg Count 5,Telescope 5,Dangle 5,Altitude 5,True X,True Y,True Energy Per Nucleon,True Z,True Height,Detecions,Phi,Epsilon,Theta
0.0,0.0,2768.0,446014.0,lst,2.9263892477048294,1.0708490862454594,60.0,60.0,449.0,67671.0,mst,4.870619031394264,0.991437537319148,60.0,-60.0,167.0,25418.0,mst,3.547096008734877,2.472981642412187,-60.0,60.0,514.0,50544.0,mst,1.436868440706235,1.4508301139656057,-60.0,-60.0,0.0,23296.0,mst,2.5667696063028527,2.70392198996163,11.136156887816924,51.29804813816608,2401.625237068736,26,31025.45555406491,4,1.6087433318077096,4.740348130228225
0.0,0.0,410.0,93759.0,lst,1.8422522083446338,0.6320029712821629,60.0,60.0,0.0,14355.0,mst,5.692639071579374,1.5781131505910548,60.0,-60.0,121.0,13077.0,mst,3.64449643738263,1.8665149604803595,-60.0,60.0,71.0,10291.0,mst,1.0024169596271753,2.468112211605713,-60.0,-60.0,48.0,8017.0,mst,2.234021983594076,2.6556131687910205,24.794994593341016,6.699236324065993,729.6656232603422,26,32073.04244738638,4,1.5849764269632631,1.30927192631481
0.0,0.0,964.0,563675.0,lst,5.022931447421938,0.4637983008217829,60.0,60.0,447.0,34433.0,mst,5.378840310988597,1.9693242597767215,60.0,-60.0,241.0,43775.0,mst,4.18416181600184,1.7625926182176106,-60.0,60.0,1128.0,54234.0,mst,0.48923316276043693,1.4558618283062768,-60.0,-60.0,614.0,63637.0,mst,2.549083175032271,1.168974662013789,-24.827513448579296,-8.048254569486147,3230.827677932836,26,29499.68513910487,5,1.8178999628171388,4.323790198056238
