x 1,y 1,Count 1,Bkg Count 1,Telescope 1,Dangle 1,Altitude 1,x 2,y 2,Count 2,Bkg Count 2,Telescope 2,Dangle 2,Altitude 2,x 3,y 3,Count 3,Bkg Count 3,Telescope 3,Dangle 3,Altitude 3,x 4,y 4,Count 4,Bkg Count 4,Telescope 4,Dangle 4,Altitude 4,x 5,y 5,Count 5,Bkg Count 5,Telescope 5,Dangle 5,Altitude 5,True X,True Y,True Energy Per Nucleon,True Z,True Height,Detecions,Phi,Epsilon,Theta
0.0,0.0,3731.0,160531.0,lst,0.31085300418838974,0.9522790837094851,60.0,60.0,95.0,16713.0,mst,5.945736666774745,1.978991301134369,60.0,-60.0,332.0,40391.0,mst,4.6179868147531495,0.65460245821179,-60.0,60.0,211.0,16167.0,mst,0.6099514138129608,2.261694512393112,-60.0,-60.0,494.0,23147.0,mst,1.6131510237924194,1.2620724932165952,18.777349636429506,-56.59428766332775,1252.7266340407573,26,25058.881231210464,5,1.5447681525966879,2.5700430816172615
0.0,0.0,0.0,530440.0,lst,2.867992297981156,None,60.0,60.0,752.0,49578.0,mst,5.409175704942958,1.4869335171063225,60.0,-60.0,1336.0,42220.0,mst,3.7985416061251347,1.9174647635175626,-60.0,60.0,1528.0,47344.0,mst,0.9271952903530094,1.655747268497656,-60.0,-60.0,273.0,38948.0,mst,2.422474477858773,2.040005848169168,3.353370593831272,13.03285961641285,2560.7282799142013,26,32117.294708503876,4,1.3476319695983383,5.384600127253895
