x 1,y 1,Count 1,Bkg Count 1,Telescope 1,Dangle 1,Altitude 1,x 2,y 2,Count 2,Bkg Count 2,Telescope 2,Dangle 2,Altitude 2,x 3,y 3,Count 3,Bkg Count 3,Telescope 3,Dangle 3,Altitude 3,x 4,y 4,Count 4,Bkg Count 4,Telescope 4,Dangle 4,Altitude 4,x 5,y 5,Count 5,Bkg Count 5,Telescope 5,Dangle 5,Altitude 5,True X,True Y,True Energy Per Nucleon,True Z,True Height,Detecions,Phi,Epsilon,Theta
0.0,0.0,1226.0,152610.0,lst,3.41172353969167,1.023486652036337,60.0,60.0,484.0,27879.0,mst,4.909487428005912,1.677595166135089,60.0,-60.0,0.0,15901.0,mst,3.7294097674134394,2.7721391221224314,-60.0,60.0,407.0,23800.0,mst,1.2985658225520675,1.1719214096608535,-60.0,-60.0,39.0,14801.0,mst,2.7522575364347053,2.528622458966231,-12.04273972601274,45.953724362646966,1160.692372478845,26,33401.29859400781,4,1.250905302609653,3.368537909783391
0.0,0.0,7060.0,24038.0,lst,6.038906336581089,1.6491940231826985,60.0,60.0,0.0,3740.0,mst,5.765200414185596,3.1867985035739963,60.0,-60.0,754.0,5775.0,mst,4.9913908666681515,1.6298293966340258,-60.0,60.0,25.0,3735.0,mst,0.2607614331654825,2.8704597476065565,-60.0,-60.0,268.0,8392.0,mst,1.0566256348180871,0.8725134214838299,-21.286892169495218,-82.06143812681529,601.903151254459,26,27654.951300591983,4,1.4959741754423255,4.736544121860263
0.0,0.0,2995.0,79818.0,lst,0.07198700628939853,1.061984972864266,60.0,60.0,47.0,5310.0,mst,5.79902469166221,2.7245460314577303,60.0,-60.0,554.0,14428.0,mst,4.503226775079787,1.3215166059545584,-60.0,60.0,30.0,5899.0,mst,0.5107798823867676,2.811127333521836,-60.0,-60.0,361.0,12004.0,mst,1.7491845799669907,1.4514142113230102,3.278306400262352,-47.42716507889277,730.6587351622381,26,30790.511194948333,5,1.474047899483062,4.005257389082486
0.0,0.0,2895.0,78106.0,lst,2.339869312386852,1.007903091423683,60.0,60.0,187.0,10811.0,mst,5.513854991907559,0.8159838776492185,60.0,-60.0,330.0,8654.0,mst,3.421433428320753,2.092802479760901,-60.0,60.0,0.0,6201.0,mst,1.2757648425303565,2.1322492286717027,-60.0,-60.0,34.0,6026.0,mst,2.3551852094797248,2.8613920915059254,34.07379403315559,32.7012183011106,691.597009339553,26,29815.371841264157,4,1.627397355158855,0.2365957352558724
