x 1,y 1,Count 1,Bkg Count 1,Telescope 1,Dangle 1,Altitude 1,x 2,y 2,Count 2,Bkg Count 2,Telescope 2,Dangle 2,Altitude 2,x 3,y 3,Count 3,Bkg Count 3,Telescope 3,Dangle 3,Altitude 3,x 4,y 4,Count 4,Bkg Count 4,Telescope 4,Dangle 4,Altitude 4,x 5,y 5,Count 5,Bkg Count 5,Telescope 5,Dangle 5,Altitude 5,True X,True Y,True Energy Per Nucleon,True Z,True Height,Detecions,Phi,Epsilon,Theta
0.0,0.0,1556.0,61007.0,lst,5.980804892195946,1.074145981677285,60.0,60.0,116.0,6520.0,mst,5.725830757238051,2.284174279992495,60.0,-60.0,595.0,13653.0,mst,4.795872370758642,1.305072817707874,-60.0,60.0,263.0,7376.0,mst,0.29650464934601545,1.987889508471434,-60.0,-60.0,307.0,15143.0,mst,1.3486199905332563,0.6225896102316733,-22.027817633290297,-68.37067781950982,762.9390517903738,26,25904.20435638081,5,1.204733763998912,0.012451830767794454
0.0,0.0,1437.0,122821.0,lst,1.6766878672983492,1.0375925900060914,60.0,60.0,401.0,24628.0,mst,6.008120067605672,1.3230971917947092,60.0,-60.0,784.0,19604.0,mst,3.375278694989468,1.531768969623386,-60.0,60.0,32.0,11983.0,mst,1.097959051572202,2.743866935072711,-60.0,-60.0,82.0,13338.0,mst,2.1318386326276157,2.8309711279353027,44.372714617802444,4.260894084584663,1085.4640214298568,26,32440.765389551645,5,1.5849046838131065,4.095939081291559
0.0,0.0,3070.0,20178.0,lst,0.4175693247267212,1.3163830638601413,60.0,60.0,0.0,2412.0,mst,5.980086364362833,2.6328504772566195,60.0,-60.0,173.0,5333.0,mst,4.569487189022481,0.7916876433934062,-60.0,60.0,24.0,2155.0,mst,0.6347137019599708,3.139841366085047,-60.0,-60.0,371.0,3820.0,mst,1.6403227346003317,1.8645594553435754,24.444585137232792,-54.52194174877529,496.0018596275157,26,28503.407250636905,4,1.543471465944608,5.034628867992479
0.0,0.0,2081.0,82820.0,lst,1.592838089443472,1.184285032209145,60.0,60.0,594.0,12080.0,mst,6.167080184522756,1.2541300679720064,60.0,-60.0,519.0,12962.0,mst,3.2757021909271082,1.3309306911183318,-60.0,60.0,73.0,5338.0,mst,1.0694956327758827,2.8189198555030894,-60.0,-60.0,24.0,8159.0,mst,2.070507916186031,2.8714663529017606,52.708205088716284,1.125264477107038,747.814689657973,26,30832.92844945277,5,1.275453008704158,5.028093855803763
