x 1,y 1,Count 1,Bkg Count 1,Telescope 1,Dangle 1,Altitude 1,x 2,y 2,Count 2,Bkg Count 2,Telescope 2,Dangle 2,Altitude 2,x 3,y 3,Count 3,Bkg Count 3,Telescope 3,Dangle 3,Altitude 3,x 4,y 4,Count 4,Bkg Count 4,Telescope 4,Dangle 4,Altitude 4,x 5,y 5,Count 5,Bkg Count 5,Telescope 5,Dangle 5,Altitude 5,True X,True Y,True Energy Per Nucleon,True Z,True Height,Detecions,Phi,Epsilon,Theta
0.0,0.0,6532.0,10401.0,lst,3.545512983301818,1.6279852919207154,60.0,60.0,1251.0,1289.0,mst,4.46841910892018,1.7915039032182383,60.0,-60.0,0.0,660.0,mst,3.733793032902287,3.122853819144329,-60.0,60.0,162.0,2813.0,mst,2.289023160093968,0.6139445575837604,-60.0,-60.0,90.0,937.0,mst,2.966622251976417,2.6317029851505263,-34.60695263901576,82.61652711709641,440.14865182372426,26,25110.67797655232,4,1.5305121940802167,1.1082982795351526
0.0,0.0,966.0,134488.0,lst,2.038903399066498,0.6425401658802841,60.0,60.0,559.0,25215.0,mst,5.744724961215036,0.9312889063862128,60.0,-60.0,1333.0,17807.0,mst,3.4648957438486936,1.416902321566965,-60.0,60.0,1248.0,16306.0,mst,1.1425068318090883,1.7737344339713894,-60.0,-60.0,117.0,11730.0,mst,2.263156598029689,2.049694568833546,33.36217304527844,16.622198334542418,1003.1033919081228,26,27972.05807796558,5,1.8590533386295907,1.9461227245021777
