x 1,y 1,Count 1,Bkg Count 1,Telescope 1,Dangle 1,Altitude 1,x 2,y 2,Count 2,Bkg Count 2,Telescope 2,Dangle 2,Altitude 2,x 3,y 3,Count 3,Bkg Count 3,Telescope 3,Dangle 3,Altitude 3,x 4,y 4,Count 4,Bkg Count 4,Telescope 4,Dangle 4,Altitude 4,x 5,y 5,Count 5,Bkg Count 5,Telescope 5,Dangle 5,Altitude 5,True X,True Y,True Energy Per Nucleon,True Z,True Height,Detecions,Phi,Epsilon,Theta
0.0,0.0,3512.0,34018.0,lst,4.155789302428916,1.7274514445326459,60.0,60.0,22.0,3379.0,mst,4.9520561352530965,3.232424183974373,60.0,-60.0,0.0,2688.0,mst,4.023891038268693,4.207749137082324,-60.0,60.0,241.0,7145.0,mst,0.32287865040233465,0.8341386392133997,-60.0,-60.0,23.0,4312.0,mst,3.0269478452293974,2.738914561450074,-50.29310011802468,32.05243531800056,548.2483789031534,26,32167.423236632785,4,1.8085215416666522,6.0645208091177025
0.0,0.0,3705.0,125.0,lst,2.4784847191032253,2.1070444879836634,60.0,60.0,92.0,50.0,mst,2.927966214125639,0.4891853695959025,60.0,-60.0,38.0,0.0,mst,3.107502184562532,2.8343154332154037,-60.0,60.0,185.0,22.0,mst,1.7576201548676151,2.461469961324823,-60.0,-60.0,0.0,0.0,mst,2.436801127183873,3.759751804022753,65.54397834239387,84.08351527930034,388.63239807795145,26,25572.24545396639,4,1.2085641071938522,5.7015428537855755
0.0,0.0,519.0,24800.0,lst,0.9005828074003355,0.833939776328912,60.0,60.0,70.0,3617.0,mst,5.823765998147196,2.664991507116918,60.0,-60.0,351.0,3032.0,mst,3.876203832436038,1.6638238882319558,-60.0,60.0,40.0,2373.0,mst,0.8039447467659581,3.456735442642098,-60.0,-60.0,120.0,3047.0,mst,2.0695478631252073,2.6771784280729167,21.055089117311553,-16.84101838090922,486.8673748828482,26,31664.781522218374,5,1.2485863226683265,3.1499562098510525
0.0,0.0,800.0,48146.0,lst,2.6536234798785805,0.665083766136447,60.0,60.0,668.0,7835.0,mst,5.332812688228146,1.2621660567097126,60.0,-60.0,64.0,5694.0,mst,3.6167112754739463,2.1900638182213514,-60.0,60.0,497.0,4736.0,mst,1.1428232313361273,1.7764190524178145,-60.0,-60.0,22.0,4422.0,mst,2.4309399786096564,2.5396571433346002,14.412885148148575,26.717673117706,567.4390617526059,26,29597.31286255637,5,1.3859320101078314,1.2323368799100078
