x 1,y 1,Count 1,Bkg Count 1,Telescope 1,Dangle 1,Altitude 1,x 2,y 2,Count 2,Bkg Count 2,Telescope 2,Dangle 2,Altitude 2,x 3,y 3,Count 3,Bkg Count 3,Telescope 3,Dangle 3,Altitude 3,x 4,y 4,Count 4,Bkg Count 4,Telescope 4,Dangle 4,Altitude 4,x 5,y 5,Count 5,Bkg Count 5,Telescope 5,Dangle 5,Altitude 5,True X,True Y,True Energy Per Nucleon,True Z,True Height,Detecions,Phi,Epsilon,Theta
0.0,0.0,4843.0,0.0,lst,1.6362914205449417,1.2774901099297904,60.0,60.0,364.0,0.0,mst,0.0617607439802336,1.1824654403254893,60.0,-60.0,370.0,0.0,mst,3.079341377622415,1.2635780174096873,-60.0,60.0,0.0,0.0,mst,1.134058542410682,2.7766688143722624,-60.0,-60.0,33.0,0.0,mst,2.0543953294170696,2.7768811824748956,62.669327558075395,4.422183864630227,246.07383919130203,26,22700.6141778771,4,1.2809220843261944,3.5148641980546804
0.0,0.0,1468.0,34063.0,lst,6.103145482298242,1.094683482206644,60.0,60.0,0.0,2973.0,mst,5.693507709187669,3.0935396611702908,60.0,-60.0,542.0,3258.0,mst,4.475839773172142,1.8367495180632987,-60.0,60.0,72.0,2914.0,mst,0.4655890559938212,2.8238192623498377,-60.0,-60.0,452.0,5070.0,mst,1.8894950831165227,1.3903354402562536,-8.10789811775183,-43.006173751686305,517.2956493977749,26,30768.149254361833,4,1.286353695262053,0.5199025573490321
0.0,0.0,3152.0,59095.0,lst,4.291157098036695,1.2944175743231903,60.0,60.0,151.0,5476.0,mst,4.986725293620818,2.4172243013434143,60.0,-60.0,0.0,6184.0,mst,4.084852227642423,2.929512306503496,-60.0,60.0,301.0,17122.0,mst,0.028502108797808547,0.6627466694582119,-60.0,-60.0,867.0,7825.0,mst,3.1307703327303757,1.801625607562398,-58.42498093253636,25.89866425529766,685.4010675373223,26,29323.190531999513,4,1.3034818054620951,5.847686305796644
