x 1,y 1,Count 1,Bkg Count 1,Telescope 1,Dangle 1,Altitude 1,x 2,y 2,Count 2,Bkg Count 2,Telescope 2,Dangle 2,Altitude 2,x 3,y 3,Count 3,Bkg Count 3,Telescope 3,Dangle 3,Altitude 3,x 4,y 4,Count 4,Bkg Count 4,Telescope 4,Dangle 4,Altitude 4,x 5,y 5,Count 5,Bkg Count 5,Telescope 5,Dangle 5,Altitude 5,True X,True Y,True Energy Per Nucleon,True Z,True Height,Detecions,Phi,Epsilon,Theta
0.0,0.0,4301.0,30141.0,lst,1.7038598627419148,1.115357066757745,60.0,60.0,643.0,4897.0,mst,0.009650730644106462,0.9169180868086402,60.0,-60.0,886.0,4424.0,mst,3.1358664260396574,1.2418905788235306,-60.0,60.0,121.0,2124.0,mst,1.1659375153931164,2.344549547583611,-60.0,-60.0,0.0,1923.0,mst,2.083941750584617,2.5136049880686806,60.484544485944525,8.757261410524166,511.14896874282744,26,25765.25217708774,4,1.6647190236180263,5.483775972407263
0.0,0.0,1147.0,0.0,lst,2.954912160468125,0.6586876497798394,60.0,60.0,664.0,0.0,mst,5.131853374517515,1.0472391123383658,60.0,-60.0,301.0,0.0,mst,3.65559867772477,1.9496225749154146,-60.0,60.0,882.0,0.0,mst,1.2548207080271039,1.2517196441280154,-60.0,-60.0,0.0,0.0,mst,2.5449354561387394,2.069640770428282,6.596016342115519,37.31394128131882,254.20713291561026,26,21679.114685664288,4,1.4003431889612457,3.121080055253481
0.0,0.0,4861.0,154773.0,lst,4.095744467060221,1.602603520550276,60.0,60.0,31.0,12942.0,mst,4.898417116780743,2.783017515906276,60.0,-60.0,0.0,13910.0,mst,3.9980477474502036,3.6122257661539763,-60.0,60.0,48.0,46879.0,mst,0.272960973609207,0.5293199405756603,-60.0,-60.0,117.0,16945.0,mst,3.092915722088756,2.362496898441641,-53.83690412278355,38.57650792766279,1228.5222198811407,26,33708.71603855448,4,1.6781615207728175,1.1973742190596786
0.0,0.0,730.0,19369.0,lst,5.893599619596465,1.012361558364512,60.0,60.0,0.0,1280.0,mst,5.604648372971851,4.0775409383608885,60.0,-60.0,51.0,1655.0,mst,4.247207134090329,2.8413731709969974,-60.0,60.0,29.0,1739.0,mst,0.5270575606645915,3.5094203269184323,-60.0,-60.0,218.0,2773.0,mst,2.1870736511866067,2.051510509802284,-10.699528804030933,-25.30583375062541,446.52007626549783,26,31735.593142600806,4,1.284913290826593,2.229503853838111
