x 1,y 1,Count 1,Bkg Count 1,Telescope 1,Dangle 1,Altitude 1,x 2,y 2,Count 2,Bkg Count 2,Telescope 2,Dangle 2,Altitude 2,x 3,y 3,Count 3,Bkg Count 3,Telescope 3,Dangle 3,Altitude 3,x 4,y 4,Count 4,Bkg Count 4,Telescope 4,Dangle 4,Altitude 4,x 5,y 5,Count 5,Bkg Count 5,Telescope 5,Dangle 5,Altitude 5,True X,True Y,True Energy Per Nucleon,True Z,True Height,Detecions,Phi,Epsilon,Theta
0.0,0.0,2445.0,350471.0,lst,2.8340383409110164,0.9971307744650124,60.0,60.0,564.0,56981.0,mst,5.110388981801956,1.2150849825598478,60.0,-60.0,0.0,37522.0,mst,3.5820247848377043,2.6120805000176888,-60.0,60.0,329.0,35937.0,mst,1.2996043710907073,1.8948109107004127,-60.0,-60.0,45.0,22946.0,mst,2.504991641680609,2.9974380484844705,13.24783371678339,40.35485211024192,2150.9325620378127,26,35538.94276339129,4,1.3235412074017925,3.738551575812874
0.0,0.0,1518.0,75620.0,lst,0.0028811347693288875,0.7187963014167448,60.0,60.0,96.0,7171.0,mst,5.7426093324030285,2.1903138733779244,60.0,-60.0,533.0,12161.0,mst,4.34746476631439,1.1614970527305188,-60.0,60.0,350.0,6914.0,mst,0.5507462940354971,2.1895091713527024,-60.0,-60.0,763.0,8293.0,mst,1.9472695552016717,1.1347071667468063,0.4355070023538872,-37.45633683641104,686.1696523062584,26,27897.57858262662,5,1.2551827622209208,2.9117751554276805
