x 1,y 1,Count 1,Telescope 1,Dangle 1,Altitude 1,x 2,y 2,Count 2,Telescope 2,Dangle 2,Altitude 2,x 3,y 3,Count 3,Telescope 3,Dangle 3,Altitude 3,x 4,y 4,Count 4,Telescope 4,Dangle 4,Altitude 4,x 5,y 5,Count 5,Telescope 5,Dangle 5,Altitude 5,True X,True Y,True Energy Per Nucleon,True Z,True Height,Detecions,Phi,Epsilon,Theta
0.0,0.0,1171.2716397329561,lst,4.56348039134705,0.19057545255740077,60.0,60.0,1130.9586357956282,mst,5.406192697519428,1.3854408292555882,60.0,-60.0,1164.0635099068659,mst,4.020551978216232,1.4128696847538404,-60.0,60.0,789.0425090528943,mst,0.6853115341786078,1.0961755045553072,-60.0,-60.0,807.4987204090648,mst,2.4857164209743314,1.107330893180505,-12.870868373172954,1.75187511904997,463.95443232896986,26,21929.637453354855,4,1.7983790828483346,2.1863203511735074
