x 1,y 1,Count 1,Bkg Count 1,Telescope 1,Dangle 1,Altitude 1,x 2,y 2,Count 2,Bkg Count 2,Telescope 2,Dangle 2,Altitude 2,x 3,y 3,Count 3,Bkg Count 3,Telescope 3,Dangle 3,Altitude 3,x 4,y 4,Count 4,Bkg Count 4,Telescope 4,Dangle 4,Altitude 4,x 5,y 5,Count 5,Bkg Count 5,Telescope 5,Dangle 5,Altitude 5,True X,True Y,True Energy Per Nucleon,True Z,True Height,Detecions,Phi,Epsilon,Theta
0.0,0.0,1502.0,102869.0,lst,5.900870877516038,1.055784805022918,60.0,60.0,0.0,9116.0,mst,5.647758027931028,2.772656047599044,60.0,-60.0,692.0,16645.0,mst,4.538614711713185,1.6786486014585178,-60.0,60.0,290.0,12289.0,mst,0.36388225143654856,2.447734710512091,-60.0,-60.0,233.0,21409.0,mst,1.9152407748317244,0.954638173202637,-19.08083603090347,-45.44471358035892,894.8256163741355,26,31122.69236183699,4,1.7789446366687385,4.654772211357451
0.0,0.0,1163.0,1267.0,lst,0.6703803807085797,2.0984352306129095,60.0,60.0,37.0,210.0,mst,0.05389110607771698,2.756555098201443,60.0,-60.0,105.0,477.0,mst,0.3123862861749873,0.5876213550472292,-60.0,60.0,0.0,129.0,mst,0.7047990535052221,3.6614613470473154,-60.0,-60.0,54.0,254.0,mst,1.3637054456805995,2.4843508538313204,69.82971679349731,-90.27125589430929,399.4428659357414,26,24890.38479953587,4,1.7565931222521773,5.006332382095245
0.0,0.0,2711.0,0.0,lst,1.7592556702902375,1.0283960293940844,60.0,60.0,402.0,0.0,mst,6.200705841353541,0.962441332069336,60.0,-60.0,177.0,0.0,mst,3.190434521304703,1.2699929030488877,-60.0,60.0,306.0,0.0,mst,1.1742704450233215,2.350774929181544,-60.0,-60.0,23.0,0.0,mst,2.0990243985953723,2.4557877444337928,56.04964513895297,10.247513970812662,307.58463123697527,26,23532.588314491702,5,1.3201935890526288,2.9863181344604453
0.0,0.0,7619.0,54606.0,lst,1.8742060597056318,1.416173600331661,60.0,60.0,322.0,16122.0,mst,0.6255937371410715,0.6708962786193214,60.0,-60.0,1297.0,11092.0,mst,2.869454825951433,1.4818972226365066,-60.0,60.0,157.0,6659.0,mst,1.3678753292106063,2.372696113338772,-60.0,-60.0,32.0,5490.0,mst,2.1040220393056694,2.7033687716869528,84.5834891157383,26.988018733192433,839.9964094068436,26,24687.71163929925,5,1.6437377536582136,4.234753008019278
