x 1,y 1,Count 1,Bkg Count 1,Telescope 1,Dangle 1,Altitude 1,x 2,y 2,Count 2,Bkg Count 2,Telescope 2,Dangle 2,Altitude 2,x 3,y 3,Count 3,Bkg Count 3,Telescope 3,Dangle 3,Altitude 3,x 4,y 4,Count 4,Bkg Count 4,Telescope 4,Dangle 4,Altitude 4,x 5,y 5,Count 5,Bkg Count 5,Telescope 5,Dangle 5,Altitude 5,True X,True Y,True Energy Per Nucleon,True Z,True Height,Detecions,Phi,Epsilon,Theta
0.0,0.0,8767.0,122682.0,lst,4.743048803360806,1.556687475041709,60.0,60.0,55.0,12142.0,mst,5.082993598171453,2.725007670549054,60.0,-60.0,65.0,8921.0,mst,4.38409073107578,2.6976807465288344,-60.0,60.0,767.0,29247.0,mst,5.752280409939119,1.2055865844119589,-60.0,-60.0,845.0,42574.0,mst,3.721829643039713,1.105959542538333,-97.22863939843764,-3.9254978951458384,1564.1567603207955,26,27655.70790468866,5,1.2524376421540568,4.826685118170241
0.0,0.0,1795.0,96751.0,lst,0.7254312146761456,2.3427286343655505,60.0,60.0,23.0,15663.0,mst,0.10899717634863275,2.9744745684312424,60.0,-60.0,156.0,50948.0,mst,0.5766020587046339,0.6352758594342911,-60.0,60.0,0.0,7195.0,mst,0.7673498934033929,4.040323161031892,-60.0,-60.0,64.0,11523.0,mst,1.3840258772348337,2.7910104471983583,76.90533389283755,-86.1901150534481,1373.570402621694,26,30912.668449021774,4,1.7360963694363332,1.427284182128594
0.0,0.0,0.0,108634.0,lst,0.9281590689242323,0.37841704213225436,60.0,60.0,170.0,12338.0,mst,5.69804996098683,1.8372934386040674,60.0,-60.0,526.0,12972.0,mst,3.9064453071793053,1.4963998663331306,-60.0,60.0,266.0,8150.0,mst,0.8211038279268307,2.2263069357815346,-60.0,-60.0,644.0,9552.0,mst,2.1883660160332807,1.9600306176567746,13.549776544974094,-10.172253562498355,706.7675675900304,26,30102.849375999886,4,1.5322049148096166,4.192730560653959
