x 1,y 1,Count 1,Bkg Count 1,Telescope 1,Dangle 1,Altitude 1,x 2,y 2,Count 2,Bkg Count 2,Telescope 2,Dangle 2,Altitude 2,x 3,y 3,Count 3,Bkg Count 3,Telescope 3,Dangle 3,Altitude 3,x 4,y 4,Count 4,Bkg Count 4,Telescope 4,Dangle 4,Altitude 4,x 5,y 5,Count 5,Bkg Count 5,Telescope 5,Dangle 5,Altitude 5,True X,True Y,True Energy Per Nucleon,True Z,True Height,Detecions,Phi,Epsilon,Theta
0.0,0.0,3317.0,111148.0,lst,2.5480345067011854,1.483268051976488,60.0,60.0,181.0,22474.0,mst,5.196204265129533,1.0263754407900898,60.0,-60.0,29.0,15685.0,mst,3.4307002514275107,3.0786356690324137,-60.0,60.0,182.0,16197.0,mst,1.3770589956810182,2.5741909334024293,-60.0,-60.0,0.0,11126.0,mst,2.4166578413064848,3.8725058239275216,28.85907798619445,43.377567037881846,959.0978528785635,26,35462.85425264882,4,1.609632878265987,3.4868461517899934
0.0,0.0,9579.0,215878.0,lst,6.166909193159682,1.5356173333970846,60.0,60.0,37.0,12252.0,mst,5.853448227248135,2.616930386015683,60.0,-60.0,611.0,35970.0,mst,5.232605459100946,1.2074858166405618,-60.0,60.0,0.0,14679.0,mst,0.2947756422132862,2.562731163293474,-60.0,-60.0,534.0,42871.0,mst,0.8770392670560685,0.9658916492958745,-11.924923294329574,-101.46710627923488,1907.1682857304666,26,24648.83171246824,4,1.343185415571865,5.038349132145205
