x 1,y 1,Count 1,Bkg Count 1,Telescope 1,Dangle 1,Altitude 1,x 2,y 2,Count 2,Bkg Count 2,Telescope 2,Dangle 2,Altitude 2,x 3,y 3,Count 3,Bkg Count 3,Telescope 3,Dangle 3,Altitude 3,x 4,y 4,Count 4,Bkg Count 4,Telescope 4,Dangle 4,Altitude 4,x 5,y 5,Count 5,Bkg Count 5,Telescope 5,Dangle 5,Altitude 5,True X,True Y,True Energy Per Nucleon,True Z,True Height,Detecions,Phi,Epsilon,Theta
0.0,0.0,1784.0,117134.0,lst,1.7057846960204759,0.9762701701868641,60.0,60.0,402.0,18652.0,mst,5.903109354338919,1.3238609918988236,60.0,-60.0,1429.0,10876.0,mst,3.4224596909661775,1.6317625359950698,-60.0,60.0,57.0,11637.0,mst,1.0748661117565768,2.69778502258423,-60.0,-60.0,0.0,9774.0,mst,2.15033370951,2.8883889852889335,40.10090741409405,5.571923826006639,893.159658656401,26,32722.806675830794,4,1.2865439091840167,5.512347279969917
0.0,0.0,681.0,0.0,lst,1.184049139168112,0.6232539099628182,60.0,60.0,242.0,0.0,mst,5.845816844557829,1.6343511082968663,60.0,-60.0,537.0,0.0,mst,3.7229236131966577,1.238543224642536,-60.0,60.0,0.0,0.0,mst,0.906568169753125,2.392273576294706,-60.0,-60.0,167.0,0.0,mst,2.092009524429157,2.1549183554152114,27.823746174705718,-11.233770111427503,283.51529984714654,26,23995.634804802125,4,1.714924119978687,5.6223150431845745
0.0,0.0,4406.0,224551.0,lst,2.054590891995541,1.4633169724364543,60.0,60.0,123.0,84505.0,mst,0.3245038072715163,0.4818853135886484,60.0,-60.0,32.0,31783.0,mst,3.047412605888754,1.8082587156581067,-60.0,60.0,0.0,32162.0,mst,1.3766067810889429,2.455432897476115,-60.0,-60.0,33.0,19219.0,mst,2.209188487549822,3.006463961701138,68.54356547331872,35.62046288341668,2626.732130286054,26,29257.910372190672,4,1.5396253228062027,5.598094521700992
