x 1,y 1,Count 1,Bkg Count 1,Telescope 1,Dangle 1,Altitude 1,x 2,y 2,Count 2,Bkg Count 2,Telescope 2,Dangle 2,Altitude 2,x 3,y 3,Count 3,Bkg Count 3,Telescope 3,Dangle 3,Altitude 3,x 4,y 4,Count 4,Bkg Count 4,Telescope 4,Dangle 4,Altitude 4,x 5,y 5,Count 5,Bkg Count 5,Telescope 5,Dangle 5,Altitude 5,True X,True Y,True Energy Per Nucleon,True Z,True Height,Detecions,Phi,Epsilon,Theta
0.0,0.0,3480.0,55667.0,lst,1.8487884878055112,1.1637780021393482,60.0,60.0,424.0,7263.0,mst,6.220527204690376,0.8574041814420972,60.0,-60.0,1015.0,8956.0,mst,3.1810296783577874,1.3849882602646189,-60.0,60.0,71.0,6317.0,mst,1.2087279605672305,2.4768410467196715,-60.0,-60.0,77.0,4291.0,mst,2.1492682389360542,2.6720783698088333,57.04886323245316,15.750982040881524,654.0586555892664,26,28177.06322150335,5,1.2656172773013756,4.199190932806336
0.0,0.0,3541.0,243042.0,lst,4.158225908030209,1.3944420560242916,60.0,60.0,97.0,19583.0,mst,4.892890958125141,2.414438592044004,60.0,-60.0,0.0,18240.0,mst,4.0179731668147625,3.0628177075514627,-60.0,60.0,55.0,82952.0,mst,0.041068318107193184,0.44418524484325583,-60.0,-60.0,747.0,30707.0,mst,3.131613489639963,1.927396394437387,-59.13210532930374,36.6386485561855,2359.3454019272717,26,30721.490653866662,4,1.7309651602464273,0.2625258690801738
0.0,0.0,703.0,29487.0,lst,0.2211191565589277,0.5654749252964663,60.0,60.0,1210.0,3065.0,mst,5.782183905893501,1.7545183852858537,60.0,-60.0,546.0,3825.0,mst,4.231132480047078,0.9244011640133002,-60.0,60.0,0.0,2951.0,mst,0.6198800823661605,1.9811226958407342,-60.0,-60.0,1118.0,3585.0,mst,1.962491372294837,1.2139491579801773,7.8087742081144995,-32.202663547824045,507.6870015966923,26,24841.515569536135,4,1.2767809710310551,3.8811603019681593
