x 1,y 1,Count 1,Bkg Count 1,Telescope 1,Dangle 1,Altitude 1,x 2,y 2,Count 2,Bkg Count 2,Telescope 2,Dangle 2,Altitude 2,x 3,y 3,Count 3,Bkg Count 3,Telescope 3,Dangle 3,Altitude 3,x 4,y 4,Count 4,Bkg Count 4,Telescope 4,Dangle 4,Altitude 4,x 5,y 5,Count 5,Bkg Count 5,Telescope 5,Dangle 5,Altitude 5,True X,True Y,True Energy Per Nucleon,True Z,True Height,Detecions,Phi,Epsilon,Theta
0.0,0.0,1466.0,43141.0,lst,2.921046813206831,0.7750022170301458,60.0,60.0,564.0,8243.0,mst,4.928163770195042,0.7040054117944209,60.0,-60.0,235.0,5481.0,mst,3.564142122139516,1.790549758615669,-60.0,60.0,731.0,7498.0,mst,1.4196582122773018,1.0692240821458987,-60.0,-60.0,662.0,3618.0,mst,2.558079908118687,2.0209703152389005,11.154637713597197,49.22550202860407,594.4392995786077,26,23165.734773196764,5,1.2329186933190193,5.873206399809145
0.0,0.0,419.0,317137.0,lst,1.0339681432821366,0.6832993847551347,60.0,60.0,0.0,40696.0,mst,5.8584897171540185,1.9319284001390253,60.0,-60.0,510.0,43863.0,mst,3.8077394746284856,1.3265380009476986,-60.0,60.0,100.0,20108.0,mst,0.8581439200545905,2.646149071682483,-60.0,-60.0,201.0,22665.0,mst,2.0462811666617027,2.2493778346079227,24.510995995323384,-14.949967012139183,1536.1388733986007,26,33652.357003979494,4,1.6148763678397267,4.266124201626134
