x 1,y 1,Count 1,Bkg Count 1,Telescope 1,Dangle 1,Altitude 1,x 2,y 2,Count 2,Bkg Count 2,Telescope 2,Dangle 2,Altitude 2,x 3,y 3,Count 3,Bkg Count 3,Telescope 3,Dangle 3,Altitude 3,x 4,y 4,Count 4,Bkg Count 4,Telescope 4,Dangle 4,Altitude 4,x 5,y 5,Count 5,Bkg Count 5,Telescope 5,Dangle 5,Altitude 5,True X,True Y,True Energy Per Nucleon,True Z,True Height,Detecions,Phi,Epsilon,Theta
0.0,0.0,0.0,41656.0,lst,4.412912588340056,None,60.0,60.0,601.0,4986.0,mst,5.358542198005498,1.3223013987809795,60.0,-60.0,568.0,4525.0,mst,3.9980692707426857,1.3693530930830529,-60.0,60.0,492.0,4293.0,mst,0.69250035681668,1.0451180737663823,-60.0,-60.0,70.0,5337.0,mst,2.5383921181088858,1.1013142276604082,-14.051784874001982,4.202282876892184,548.5151731826452,26,21664.456050369176,4,1.3646635111250112,3.652992337599589
0.0,0.0,985.0,38472.0,lst,1.6206637064308858,0.5487518035185369,60.0,60.0,742.0,5093.0,mst,5.873867937054632,1.0075587462062143,60.0,-60.0,820.0,5745.0,mst,3.52984782723107,1.0545690747596304,-60.0,60.0,409.0,3494.0,mst,1.0336460420909557,1.7130054183455332,-60.0,-60.0,610.0,3698.0,mst,2.156280611730528,1.7625830013050203,35.72019484661092,1.9148168051977166,548.5952850912777,26,23961.49413182748,5,1.824567663514774,1.8110451246630555
0.0,0.0,6244.0,146201.0,lst,5.502898540397545,1.4000294820250674,60.0,60.0,27.0,13759.0,mst,5.514314757680637,2.884468820677563,60.0,-60.0,602.0,17593.0,mst,4.702957110559161,1.973675187143498,-60.0,60.0,189.0,16745.0,mst,0.04636734449084811,2.1860635122203638,-60.0,-60.0,0.0,78678.0,mst,1.9703125535571169,None,-55.49009469242601,-58.04869997399746,1562.4502631323755,26,29777.8156096623,4,1.9339603764311502,4.66561195438576
