x 1,y 1,Count 1,Bkg Count 1,Telescope 1,Dangle 1,Altitude 1,x 2,y 2,Count 2,Bkg Count 2,Telescope 2,Dangle 2,Altitude 2,x 3,y 3,Count 3,Bkg Count 3,Telescope 3,Dangle 3,Altitude 3,x 4,y 4,Count 4,Bkg Count 4,Telescope 4,Dangle 4,Altitude 4,x 5,y 5,Count 5,Bkg Count 5,Telescope 5,Dangle 5,Altitude 5,True X,True Y,True Energy Per Nucleon,True Z,True Height,Detecions,Phi,Epsilon,Theta
0.0,0.0,1018.0,198978.0,lst,4.395408859123172,0.7021726106935232,60.0,60.0,722.0,18529.0,mst,5.158799174831345,1.8714171386716878,60.0,-60.0,126.0,15564.0,mst,4.068457028277885,2.1764307890135504,-60.0,60.0,487.0,39535.0,mst,0.45078760247796673,0.8102422216310305,-60.0,-60.0,756.0,30858.0,mst,2.8336523699792364,1.277219726121204,-36.89695764512864,12.254772683460772,1456.538815811892,26,27755.638700583884,5,1.186992318452855,1.1417435460119378
0.0,0.0,5928.0,0.0,lst,1.5777367639741342,1.5168374384729748,60.0,60.0,116.0,0.0,mst,0.5091053668312179,1.142440881698854,60.0,-60.0,554.0,0.0,mst,2.6515839355331243,1.134997315494254,-60.0,60.0,59.0,0.0,mst,1.1964397722665028,2.71122486829698,-60.0,-60.0,28.0,0.0,mst,1.949543031654757,2.6546667116769846,92.86871454632873,1.1843062704745648,353.6868076139726,26,23511.08194925589,5,1.2839913833515837,2.058064496865541
0.0,0.0,3334.0,0.0,lst,1.3049955768871389,1.3864549934483554,60.0,60.0,1072.0,0.0,mst,0.18531098234745863,1.4013573335987686,60.0,-60.0,306.0,0.0,mst,2.802732664635362,0.7356593002799723,-60.0,60.0,0.0,0.0,mst,1.0388554705278414,2.7641167212516,-60.0,-60.0,93.0,0.0,mst,1.8559947606039857,2.513412261005289,74.69575265989761,-20.551440399195997,380.9814335297687,26,24172.197861822624,4,1.3040901583027755,5.240717869324591
