x 1,y 1,Count 1,Bkg Count 1,Telescope 1,Dangle 1,Altitude 1,x 2,y 2,Count 2,Bkg Count 2,Telescope 2,Dangle 2,Altitude 2,x 3,y 3,Count 3,Bkg Count 3,Telescope 3,Dangle 3,Altitude 3,x 4,y 4,Count 4,Bkg Count 4,Telescope 4,Dangle 4,Altitude 4,x 5,y 5,Count 5,Bkg Count 5,Telescope 5,Dangle 5,Altitude 5,True X,True Y,True Energy Per Nucleon,True Z,True Height,Detecions,Phi,Epsilon,Theta
0.0,0.0,3759.0,45026.0,lst,5.2777737228942705,1.1268142834815336,60.0,60.0,65.0,5138.0,mst,5.381819323086988,2.428282602302274,60.0,-60.0,622.0,5033.0,mst,4.5345661181855474,1.9742292666934773,-60.0,60.0,1681.0,6550.0,mst,6.257530052162612,1.465570463758188,-60.0,-60.0,31.0,10415.0,mst,3.2195840630056383,0.3408305321568352,-61.8418268518585,-37.89464590577302,649.9796640532941,26,24329.036712443318,5,1.284198486100226,0.729674528659189
0.0,0.0,2293.0,0.0,lst,1.0526185041467484,1.4760878032053348,60.0,60.0,74.0,0.0,mst,6.135003883991086,2.392788740708689,60.0,-60.0,105.0,0.0,mst,3.50674210293414,0.9561520967329599,-60.0,60.0,0.0,0.0,mst,0.8893638919458002,3.7815972037676477,-60.0,-60.0,24.0,0.0,mst,1.8685300607657311,3.0572418942269244,46.733734895857225,-26.686701740840775,364.8423440989671,26,28075.640591766514,4,1.420404036011472,4.021487489981142
0.0,0.0,1645.0,158838.0,lst,4.772262470297707,0.9146413020707074,60.0,60.0,136.0,15610.0,mst,5.257055189412277,2.51542660577031,60.0,-60.0,0.0,15104.0,mst,4.203020009693151,2.413382982557692,-60.0,60.0,544.0,28025.0,mst,0.24008760992587264,1.28813450898998,-60.0,-60.0,525.0,20858.0,mst,2.879134486694993,1.1429624978943387,-44.499943740254196,-2.5758084992414467,1213.5085480459106,26,30736.764907744124,4,1.2601954802054967,2.10035465832399
