x 1,y 1,Count 1,Bkg Count 1,Telescope 1,Dangle 1,Altitude 1,x 2,y 2,Count 2,Bkg Count 2,Telescope 2,Dangle 2,Altitude 2,x 3,y 3,Count 3,Bkg Count 3,Telescope 3,Dangle 3,Altitude 3,x 4,y 4,Count 4,Bkg Count 4,Telescope 4,Dangle 4,Altitude 4,x 5,y 5,Count 5,Bkg Count 5,Telescope 5,Dangle 5,Altitude 5,True X,True Y,True Energy Per Nucleon,True Z,True Height,Detecions,Phi,Epsilon,Theta
0.0,0.0,1227.0,155252.0,lst,5.849053326101049,0.9328349081815045,60.0,60.0,0.0,9513.0,mst,5.587981153683605,3.0437123789245644,60.0,-60.0,436.0,15921.0,mst,4.364387251289771,2.0906324968205823,-60.0,60.0,37.0,10521.0,mst,0.4551977846403631,2.600564942901249,-60.0,-60.0,298.0,19189.0,mst,2.116177375793998,1.3478478457030176,-15.7147913788246,-32.619542851629575,907.7319846296125,26,34133.63888920309,4,1.7651286282428762,0.14646885688821717
0.0,0.0,263.0,27379.0,lst,5.975190477689768,0.6659526542026947,60.0,60.0,21.0,3663.0,mst,5.633373686497262,2.4101338081547703,60.0,-60.0,2019.0,4442.0,mst,4.287383318469071,1.5973934299534414,-60.0,60.0,432.0,4450.0,mst,0.519647570392822,2.1831932248961143,-60.0,-60.0,659.0,3992.0,mst,2.1117929331722376,1.2855500328320328,-9.210679124498682,-29.83224356451049,518.5026913256197,26,28335.491235639398,5,1.4534572647735522,4.92164333949563
0.0,0.0,5443.0,0.0,lst,3.6904864235382324,1.3487883617574716,60.0,60.0,314.0,0.0,mst,4.691852502991803,1.7010590392130869,60.0,-60.0,0.0,0.0,mst,3.834336454768458,2.816339051738222,-60.0,60.0,63.0,0.0,mst,1.6744985789803082,0.41502576583572337,-60.0,-60.0,190.0,0.0,mst,2.9596824549757415,2.2987397272265,-37.74506775457073,62.2994621801368,381.2197160951914,26,24857.827048811974,4,1.26631463850928,5.2390882761326365
0.0,0.0,707.0,13216.0,lst,0.3621517001616725,0.7359452322929066,60.0,60.0,61.0,1138.0,mst,5.732710405034009,2.896215255854751,60.0,-60.0,185.0,1336.0,mst,4.089567782798742,1.9388356582851427,-60.0,60.0,59.0,1034.0,mst,0.6733383518927527,3.267720820911418,-60.0,-60.0,37.0,1387.0,mst,2.074098801716047,2.4746172661663635,8.319820135566715,-23.222719757953726,432.2325918981753,26,30588.64340677462,5,1.3044637850889602,5.620997560072443
