x 1,y 1,Count 1,Bkg Count 1,Telescope 1,Dangle 1,Altitude 1,x 2,y 2,Count 2,Bkg Count 2,Telescope 2,Dangle 2,Altitude 2,x 3,y 3,Count 3,Bkg Count 3,Telescope 3,Dangle 3,Altitude 3,x 4,y 4,Count 4,Bkg Count 4,Telescope 4,Dangle 4,Altitude 4,x 5,y 5,Count 5,Bkg Count 5,Telescope 5,Dangle 5,Altitude 5,True X,True Y,True Energy Per Nucleon,True Z,True Height,Detecions,Phi,Epsilon,Theta
0.0,0.0,2984.0,15007.0,lst,0.048319876582974805,1.7509032124172061,60.0,60.0,0.0,1492.0,mst,5.944012602186322,3.013194051931782,60.0,-60.0,627.0,4187.0,mst,5.321415045418644,1.2120696428970037,-60.0,60.0,27.0,1944.0,mst,0.38900458979168356,3.0504952680116078,-60.0,-60.0,1172.0,4126.0,mst,1.0374667169449834,1.2981361718229898,3.8314271938065474,-97.43919704355332,500.53137864428487,26,25548.006476900842,4,1.8231549310877284,2.908793186014792
0.0,0.0,4626.0,151936.0,lst,6.0111638189622045,1.053119172490733,60.0,60.0,48.0,11517.0,mst,5.749020988394186,2.2966080303212033,60.0,-60.0,924.0,20423.0,mst,4.77661266367737,1.2122268450511566,-60.0,60.0,0.0,15186.0,mst,0.3177513203127375,2.0439937697322916,-60.0,-60.0,311.0,30346.0,mst,1.4829543294489147,0.6573273594857296,-17.037464681427707,-64.22934925605306,1189.4905579489337,26,24697.698603917353,4,1.3746169798149352,2.341780140022595
0.0,0.0,1038.0,251137.0,lst,3.0690751345029774,0.5859227685191366,60.0,60.0,696.0,40803.0,mst,5.148608477006498,1.251581281535699,60.0,-60.0,448.0,24438.0,mst,3.705674033782611,2.0362950644890354,-60.0,60.0,858.0,25442.0,mst,1.1532169226462563,1.2600037153914145,-60.0,-60.0,267.0,18194.0,mst,2.542059406937578,2.0273696303135424,2.204740509390291,32.492388435847914,1423.2575808628678,26,29862.328671565214,5,1.2882183734334824,2.2737889179259447
0.0,0.0,2108.0,3659.0,lst,4.9804532155106305,0.7926169380494,60.0,60.0,196.0,271.0,mst,5.298450234358032,2.0900740020871,60.0,-60.0,1342.0,386.0,mst,4.313083989036484,1.7949198427596842,-60.0,60.0,613.0,502.0,mst,0.11830696837902076,1.1577465412415349,-60.0,-60.0,246.0,649.0,mst,2.9330013504179564,0.6489423874184147,-50.59478197645717,-13.96246352088383,403.3131628613422,26,22286.9673076298,5,1.917250521600783,2.595585878056782
