x 1,y 1,Count 1,Bkg Count 1,Telescope 1,Dangle 1,Altitude 1,x 2,y 2,Count 2,Bkg Count 2,Telescope 2,Dangle 2,Altitude 2,x 3,y 3,Count 3,Bkg Count 3,Telescope 3,Dangle 3,Altitude 3,x 4,y 4,Count 4,Bkg Count 4,Telescope 4,Dangle 4,Altitude 4,x 5,y 5,Count 5,Bkg Count 5,Telescope 5,Dangle 5,Altitude 5,True X,True Y,True Energy Per Nucleon,True Z,True Height,Detecions,Phi,Epsilon,Theta
0.0,0.0,3979.0,318082.0,lst,1.7200706647243387,1.3881864320070356,60.0,60.0,462.0,61325.0,mst,0.054990496773719866,1.0955915111815056,60.0,-60.0,424.0,51446.0,mst,3.091049799102595,1.5358857883132504,-60.0,60.0,37.0,29130.0,mst,1.172570003886895,2.897223699336591,-60.0,-60.0,0.0,22152.0,mst,2.082265548289977,3.118157597999306,63.25321515066091,9.346107647078298,2311.446364227884,26,33011.93017160664,4,1.7617027703696828,0.15553530550277908
0.0,0.0,1589.0,0.0,lst,4.786236490156436,1.13461965190437,60.0,60.0,28.0,0.0,mst,5.28986834816029,3.5093942585734523,60.0,-60.0,0.0,0.0,mst,4.194735132454612,3.441456342849086,-60.0,60.0,202.0,0.0,mst,0.3627840613453721,2.0525625949674513,-60.0,-60.0,211.0,0.0,mst,2.770155289791424,1.8969444612018538,-36.38836361251707,-2.8826711405891956,236.46466992495394,26,24272.088703442932,4,1.6252778693436472,0.24241295598546042
0.0,0.0,2068.0,0.0,lst,2.8329422470018963,0.7444445428746953,60.0,60.0,516.0,0.0,mst,4.980167528276255,0.6914729095139794,60.0,-60.0,0.0,0.0,mst,3.5526631717243924,1.7372314323312814,-60.0,60.0,1318.0,0.0,mst,1.420112390360968,1.117520315093885,-60.0,-60.0,342.0,0.0,mst,2.534462116732446,1.936783133850008,14.785608498316861,47.6409505378592,300.99385168806475,26,20108.558404615702,4,1.4433381934368978,0.2749660542372052
0.0,0.0,178.0,165853.0,lst,2.4277172294923934,1.7242840359331333,60.0,60.0,64.0,50977.0,mst,5.317717209086763,0.6705092419919352,60.0,-60.0,38.0,17937.0,mst,3.360505805726501,2.933956142570779,-60.0,60.0,58.0,20729.0,mst,1.420445561050696,2.9286841008064983,-60.0,-60.0,0.0,11090.0,mst,2.382772028373017,4.192817204524339,38.781401764416444,45.092518162710206,1404.5216938819885,26,37498.20614922545,4,1.2149506386469997,4.827445651178879
