x 1,y 1,Count 1,Bkg Count 1,Telescope 1,Dangle 1,Altitude 1,x 2,y 2,Count 2,Bkg Count 2,Telescope 2,Dangle 2,Altitude 2,x 3,y 3,Count 3,Bkg Count 3,Telescope 3,Dangle 3,Altitude 3,x 4,y 4,Count 4,Bkg Count 4,Telescope 4,Dangle 4,Altitude 4,x 5,y 5,Count 5,Bkg Count 5,Telescope 5,Dangle 5,Altitude 5,True X,True Y,True Energy Per Nucleon,True Z,True Height,Detecions,Phi,Epsilon,Theta
0.0,0.0,1954.0,124335.0,lst,4.0383310320895065,1.6463365666775631,60.0,60.0,32.0,12253.0,mst,4.983842303774347,3.2115240019129505,60.0,-60.0,0.0,10817.0,mst,3.9457419406348815,4.3101325887301964,-60.0,60.0,244.0,30009.0,mst,0.6474540726691772,1.085920116369253,-60.0,-60.0,32.0,12498.0,mst,2.9244769630475056,3.1439840543276922,-39.993772895674766,33.37315586941631,1018.1628429725149,26,38196.20097485252,4,1.2667838261840714,4.8641478508964155
0.0,0.0,3867.0,26373.0,lst,1.066136989681902,1.144942816984285,60.0,60.0,1608.0,4301.0,mst,0.07482756908338506,1.4386837729032151,60.0,-60.0,69.0,7029.0,mst,2.842611363569579,0.3316408694684668,-60.0,60.0,78.0,2625.0,mst,0.8976673222821353,2.3544086862853586,-60.0,-60.0,1202.0,3001.0,mst,1.7584521213346682,1.9000783764633404,66.79814640175601,-37.12189530189191,546.9009029681106,26,21978.64442146129,5,1.5614625846594867,5.480354624156395
0.0,0.0,5277.0,22708.0,lst,0.24028550568419774,1.5315352961759194,60.0,60.0,28.0,1816.0,mst,6.032006456315526,2.610426827816665,60.0,-60.0,494.0,3742.0,mst,5.386483463442704,0.8095383249960726,-60.0,60.0,0.0,2019.0,mst,0.49580738491301346,2.8135686064888703,-60.0,-60.0,1425.0,3585.0,mst,1.223068648169504,1.4110169648813649,21.772437259194987,-90.00596641171154,508.0735664799837,26,24453.05326495249,4,1.3449707044013461,2.4477894898675245
0.0,0.0,3401.0,17171.0,lst,5.175796784400367,1.4615718572803962,60.0,60.0,0.0,2449.0,mst,5.3560672698535825,3.2045164788303424,60.0,-60.0,125.0,3771.0,mst,4.456003903124925,2.6441977996252004,-60.0,60.0,466.0,4288.0,mst,6.27169596820736,1.9247526457913917,-60.0,-60.0,91.0,7067.0,mst,3.201215872617015,0.638430464954186,-61.18541273697225,-30.510782366048318,528.3720432992851,26,28322.985947308418,4,1.5659782483895928,0.13798222846482672
