x 1,y 1,Count 1,Bkg Count 1,Telescope 1,Dangle 1,Altitude 1,x 2,y 2,Count 2,Bkg Count 2,Telescope 2,Dangle 2,Altitude 2,x 3,y 3,Count 3,Bkg Count 3,Telescope 3,Dangle 3,Altitude 3,x 4,y 4,Count 4,Bkg Count 4,Telescope 4,Dangle 4,Altitude 4,x 5,y 5,Count 5,Bkg Count 5,Telescope 5,Dangle 5,Altitude 5,True X,True Y,True Energy Per Nucleon,True Z,True Height,Detecions,Phi,Epsilon,Theta
0.0,0.0,1048.0,5828.0,lst,5.3800823538614315,0.8118256151197593,60.0,60.0,267.0,570.0,mst,5.461904144067968,2.1151069824019038,60.0,-60.0,0.0,766.0,mst,4.4559611509071,1.6328281200085457,-60.0,60.0,1451.0,867.0,mst,0.1956231856023758,1.4487446116264888,-60.0,-60.0,137.0,996.0,mst,2.563321848040313,0.515878258969767,-41.67953494717389,-32.30612536317852,417.6764965624607,26,22136.947547493346,4,1.5074896369885074,2.962512109617636
0.0,0.0,3038.0,26772.0,lst,1.4484218291464566,1.849456865701765,60.0,60.0,1733.0,5789.0,mst,0.6797134909493346,1.4412672509731628,60.0,-60.0,1002.0,7467.0,mst,2.2345425132441856,1.151790651246799,-60.0,60.0,23.0,2459.0,mst,1.1771053393809545,2.976086331781134,-60.0,-60.0,27.0,3362.0,mst,1.8226330601771399,2.8417360582772355,120.03968895845657,-13.933486400539607,632.4800624560664,26,23110.532426910435,5,1.8982731609607657,4.6079882118384425
0.0,0.0,1064.0,0.0,lst,1.9905364887526442,1.0053060619675744,60.0,60.0,466.0,0.0,mst,5.736358824446762,1.579559751527258,60.0,-60.0,60.0,0.0,mst,3.509727213637461,2.318835091078622,-60.0,60.0,63.0,0.0,mst,1.1157474918606138,2.9825790397518994,-60.0,-60.0,26.0,0.0,mst,2.2485482122770217,3.424586691895295,30.8919974593031,13.794140154029208,276.2793016996838,26,25789.730531248755,5,1.5188709163463727,0.5785717490163801
