x 1,y 1,Count 1,Bkg Count 1,Telescope 1,Dangle 1,Altitude 1,x 2,y 2,Count 2,Bkg Count 2,Telescope 2,Dangle 2,Altitude 2,x 3,y 3,Count 3,Bkg Count 3,Telescope 3,Dangle 3,Altitude 3,x 4,y 4,Count 4,Bkg Count 4,Telescope 4,Dangle 4,Altitude 4,x 5,y 5,Count 5,Bkg Count 5,Telescope 5,Dangle 5,Altitude 5,True X,True Y,True Energy Per Nucleon,True Z,True Height,Detecions,Phi,Epsilon,Theta
0.0,0.0,1989.0,144543.0,lst,1.426806525731232,1.2579209615453628,60.0,60.0,701.0,27057.0,mst,0.14538755031174985,1.1833934602285507,60.0,-60.0,214.0,33739.0,mst,2.93686995932282,0.927702892405429,-60.0,60.0,0.0,13365.0,mst,1.0729684305022933,2.5733672839032757,-60.0,-60.0,36.0,16269.0,mst,1.9323441164943518,2.4693359473446916,70.59052293346542,-9.255709454194147,1359.6395122602137,26,27547.49715300988,4,1.3917931627956959,0.01510719346077523
0.0,0.0,701.0,88360.0,lst,2.190988005553518,0.712813290257913,60.0,60.0,595.0,13449.0,mst,5.5878791025492776,1.3163000345592002,60.0,-60.0,231.0,11168.0,mst,3.5687694902346956,2.083421103620786,-60.0,60.0,249.0,9661.0,mst,1.1190964208258227,2.1425677158478105,-60.0,-60.0,0.0,7460.0,mst,2.315998501087408,2.7024414657199287,24.124558019579467,17.87224311848155,730.3189351356284,26,31920.02187050264,4,1.8063435904063156,0.7628893856369996
0.0,0.0,731.0,68785.0,lst,3.750122715391491,0.5020798527341288,60.0,60.0,694.0,9662.0,mst,5.2025902371424895,1.728634014099443,60.0,-60.0,486.0,6220.0,mst,3.8846191298831334,2.080637087207659,-60.0,60.0,415.0,10921.0,mst,0.8542041114980852,1.1593506710252532,-60.0,-60.0,1710.0,9049.0,mst,2.6412541854953524,1.6861358868885084,-15.458617593913033,21.70383437604596,703.5914614783154,26,29260.800802776343,5,1.936195470206724,2.7839276928807837
