x 1,y 1,Count 1,Bkg Count 1,Telescope 1,Dangle 1,Altitude 1,x 2,y 2,Count 2,Bkg Count 2,Telescope 2,Dangle 2,Altitude 2,x 3,y 3,Count 3,Bkg Count 3,Telescope 3,Dangle 3,Altitude 3,x 4,y 4,Count 4,Bkg Count 4,Telescope 4,Dangle 4,Altitude 4,x 5,y 5,Count 5,Bkg Count 5,Telescope 5,Dangle 5,Altitude 5,True X,True Y,True Energy Per Nucleon,True Z,True Height,Detecions,Phi,Epsilon,Theta
0.0,0.0,9288.0,48945.0,lst,4.52774302410529,1.3136020403448654,60.0,60.0,149.0,4232.0,mst,4.9912307579260515,2.248653530398839,60.0,-60.0,51.0,4605.0,mst,4.237612929958128,2.419926288622029,-60.0,60.0,484.0,10165.0,mst,5.627662594136592,0.7569620781020704,-60.0,-60.0,1120.0,8550.0,mst,3.5438543396867797,1.186703518574425,-91.61371803414283,16.942113115441572,660.2734344805813,26,22051.35287704082,5,1.7264441539715443,4.99789786404538
0.0,0.0,1659.0,0.0,lst,3.880923696131501,0.8208998140197822,60.0,60.0,0.0,0.0,mst,5.097103469494096,2.005258410372917,60.0,-60.0,45.0,0.0,mst,3.926395684786922,2.730930368571579,-60.0,60.0,365.0,0.0,mst,0.8320575964192767,1.0812012499500425,-60.0,-60.0,145.0,0.0,mst,2.7556690315610726,2.1333389956478648,-24.71824905749868,27.327934606918205,267.329197602357,26,23901.52309522114,4,1.698422497804792,5.027233392455416
0.0,0.0,389.0,96427.0,lst,0.4909408239129583,0.8765735822302057,60.0,60.0,84.0,10314.0,mst,5.810017124126244,2.6837514404969562,60.0,-60.0,500.0,13046.0,mst,4.114605811940914,1.4812007765499626,-60.0,60.0,43.0,9608.0,mst,0.7092730863166115,3.120829367112177,-60.0,-60.0,488.0,12351.0,mst,1.9602977359521394,2.177851354966167,15.578232748083764,-28.244696820508068,798.0479125415499,26,33988.660216685086,5,1.386526946838647,2.5659096489364734
0.0,0.0,3281.0,0.0,lst,4.292734899862609,1.3917571545086767,60.0,60.0,100.0,0.0,mst,4.921887103785539,2.4036318439293876,60.0,-60.0,49.0,0.0,mst,4.11453247326819,2.835679846917388,-60.0,60.0,133.0,0.0,mst,5.849386979672235,0.5294991382593602,-60.0,-60.0,856.0,0.0,mst,3.272523013764761,1.6555813551018854,-72.72354618589732,32.01686790113638,339.30798867160854,26,23597.441418265204,5,1.7404068390720226,4.7304423617239735
