x 1,y 1,Count 1,Bkg Count 1,Telescope 1,Dangle 1,Altitude 1,x 2,y 2,Count 2,Bkg Count 2,Telescope 2,Dangle 2,Altitude 2,x 3,y 3,Count 3,Bkg Count 3,Telescope 3,Dangle 3,Altitude 3,x 4,y 4,Count 4,Bkg Count 4,Telescope 4,Dangle 4,Altitude 4,x 5,y 5,Count 5,Bkg Count 5,Telescope 5,Dangle 5,Altitude 5,True X,True Y,True Energy Per Nucleon,True Z,True Height,Detecions,Phi,Epsilon,Theta
0.0,0.0,3453.0,0.0,lst,4.051326136688971,1.2091134150603955,60.0,60.0,417.0,0.0,mst,4.854409556149293,1.9861626867880027,60.0,-60.0,27.0,0.0,mst,3.9863101864544754,2.7143428646772323,-60.0,60.0,0.0,0.0,mst,0.3257426222385815,0.3219400552981245,-60.0,-60.0,1017.0,0.0,mst,3.079980768116611,1.8445955001465397,-54.0377511504081,42.25068660719387,303.43681459331106,26,22772.709371639197,4,1.8759862197019626,0.13064638934003184
0.0,0.0,0.0,43650.0,lst,3.026692999177771,None,60.0,60.0,353.0,5774.0,mst,5.377529122566614,2.0079978677274246,60.0,-60.0,36.0,4616.0,mst,3.801010497526679,2.601209764591663,-60.0,60.0,511.0,4175.0,mst,0.9503432364360047,2.067364979304558,-60.0,-60.0,47.0,3649.0,mst,2.4621064681887836,2.666418400032855,1.523762705902783,15.431258446670483,536.9762997607489,26,31335.223809594405,4,1.570569166620381,4.741768581131509
0.0,0.0,1349.0,75900.0,lst,0.524355186719075,2.0580146323491992,60.0,60.0,48.0,9296.0,mst,0.04508424722311323,2.667707194209796,60.0,-60.0,714.0,33001.0,mst,0.17198287480806446,0.9092844544421741,-60.0,60.0,0.0,5967.0,mst,0.6309300516911648,3.288681323348493,-60.0,-60.0,133.0,10332.0,mst,1.1405694402521864,2.130087883121518,70.17315003439222,-120.49338957418415,1366.4205019902327,26,24164.761148638532,4,1.3705098984712998,0.5666227121518631
