x 1,y 1,Count 1,Bkg Count 1,Telescope 1,Dangle 1,Altitude 1,x 2,y 2,Count 2,Bkg Count 2,Telescope 2,Dangle 2,Altitude 2,x 3,y 3,Count 3,Bkg Count 3,Telescope 3,Dangle 3,Altitude 3,x 4,y 4,Count 4,Bkg Count 4,Telescope 4,Dangle 4,Altitude 4,x 5,y 5,Count 5,Bkg Count 5,Telescope 5,Dangle 5,Altitude 5,True X,True Y,True Energy Per Nucleon,True Z,True Height,Detecions,Phi,Epsilon,Theta
0.0,0.0,1979.0,257991.0,lst,5.622996636537958,1.2651437143901851,60.0,60.0,0.0,17427.0,mst,5.535160289281347,3.3426783235073447,60.0,-60.0,98.0,34650.0,mst,4.504341195358544,2.274632007292225,-60.0,60.0,153.0,18971.0,mst,0.2667875510932606,2.5447323456131112,-60.0,-60.0,163.0,65238.0,mst,2.159708109887875,0.8384601963394939,-31.856376039958903,-41.08254624186057,1673.9060296008956,26,34543.34362839954,4,1.5602342423622002,4.666240008137621
0.0,0.0,1543.0,146094.0,lst,5.017131905061766,0.8872492423031478,60.0,60.0,82.0,17335.0,mst,5.35658426591152,2.9271724610468066,60.0,-60.0,29.0,14686.0,mst,4.2394828946783925,2.6603908030879153,-60.0,60.0,216.0,26243.0,mst,0.3574260852814401,1.861598646618191,-60.0,-60.0,362.0,23367.0,mst,2.668218392741335,1.4092440509068742,-34.12638780433778,-9.982855498577862,1134.0304808253159,26,34248.67313105297,5,1.4651189720529127,4.078478612852198
0.0,0.0,0.0,178348.0,lst,5.74353475997222,None,60.0,60.0,392.0,15888.0,mst,5.497861767317049,2.2072208456404248,60.0,-60.0,229.0,16789.0,mst,3.9369012038562925,2.0136041051860913,-60.0,60.0,81.0,16958.0,mst,0.7757426301539541,2.373327715571002,-60.0,-60.0,120.0,16148.0,mst,2.354435678838793,2.1814632983188376,-0.6605314161238311,-1.106699599942658,998.3927910436533,26,35232.02546309716,4,1.2023843258696414,4.072747331581401
