x 1,y 1,Count 1,Bkg Count 1,Telescope 1,Dangle 1,Altitude 1,x 2,y 2,Count 2,Bkg Count 2,Telescope 2,Dangle 2,Altitude 2,x 3,y 3,Count 3,Bkg Count 3,Telescope 3,Dangle 3,Altitude 3,x 4,y 4,Count 4,Bkg Count 4,Telescope 4,Dangle 4,Altitude 4,x 5,y 5,Count 5,Bkg Count 5,Telescope 5,Dangle 5,Altitude 5,True X,True Y,True Energy Per Nucleon,True Z,True Height,Detecions,Phi,Epsilon,Theta
0.0,0.0,2821.0,51284.0,lst,5.145430645138947,1.139974643138561,60.0,60.0,0.0,4795.0,mst,5.375275054034266,2.797333733409802,60.0,-60.0,71.0,5694.0,mst,4.395759739909331,2.414733641960103,-60.0,60.0,1412.0,6846.0,mst,0.1150292929532909,1.664896645946735,-60.0,-60.0,259.0,10495.0,mst,2.899318535271893,0.7980215293363389,-51.20950954379454,-23.170901491537805,628.3339158090067,26,29050.961912577448,4,1.3433072519415057,0.06955208398153975
0.0,0.0,4794.0,0.0,lst,1.3252267604478833,1.296213714199723,60.0,60.0,1099.0,0.0,mst,0.05997824586760104,1.4845408205204147,60.0,-60.0,382.0,0.0,mst,3.0800539903150823,0.9067900503594137,-60.0,60.0,42.0,0.0,mst,1.020279218163166,2.8753922207556446,-60.0,-60.0,0.0,0.0,mst,1.914935762446857,2.6159702724504057,63.17366887747181,-15.149999584631644,298.1523279909938,26,23844.549765630498,4,1.6735534478449952,0.32282806177582857
0.0,0.0,2919.0,41851.0,lst,3.340992849536191,0.9258797846087761,60.0,60.0,785.0,5811.0,mst,4.958380853225801,1.443570488968016,60.0,-60.0,108.0,3138.0,mst,3.7192633624755893,2.5456374849401247,-60.0,60.0,227.0,8023.0,mst,1.2516296069481756,1.0943190922315287,-60.0,-60.0,143.0,4167.0,mst,2.661828803578285,2.398891933575428,-8.672444939731719,43.7144739186341,553.7560203163376,26,28184.180738630694,5,1.4801174840649738,1.2201055607232856
0.0,0.0,966.0,0.0,lst,0.47452735212698727,0.6947090997730049,60.0,60.0,220.0,0.0,mst,5.811531579849231,2.0603663465828475,60.0,-60.0,425.0,0.0,mst,4.144675129367918,1.0871625598660906,-60.0,60.0,352.0,0.0,mst,0.7051787265244689,2.3184518052981278,-60.0,-60.0,2335.0,0.0,mst,1.920584177894868,1.592551103990082,16.187186114146016,-31.29086800937816,345.3667137369391,26,25334.682600839125,5,1.3042073900085278,1.3824101197190075
