x 1,y 1,Count 1,Bkg Count 1,Telescope 1,Dangle 1,Altitude 1,x 2,y 2,Count 2,Bkg Count 2,Telescope 2,Dangle 2,Altitude 2,x 3,y 3,Count 3,Bkg Count 3,Telescope 3,Dangle 3,Altitude 3,x 4,y 4,Count 4,Bkg Count 4,Telescope 4,Dangle 4,Altitude 4,x 5,y 5,Count 5,Bkg Count 5,Telescope 5,Dangle 5,Altitude 5,True X,True Y,True Energy Per Nucleon,True Z,True Height,Detecions,Phi,Epsilon,Theta
0.0,0.0,2796.0,0.0,lst,1.7637891445391845,0.956316759626587,60.0,60.0,604.0,0.0,mst,6.263557791036006,0.8107808461692401,60.0,-60.0,1150.0,0.0,mst,3.1376734242198285,1.1512878192991274,-60.0,60.0,262.0,0.0,mst,1.1881909896475074,2.0654718284271123,-60.0,-60.0,100.0,0.0,mst,2.102561708655368,2.2047307104085703,58.899570119896,11.490015462751842,351.9374608734092,26,22580.08395609049,5,1.374012673970272,2.077353445566979
0.0,0.0,969.0,0.0,lst,4.949466646680949,0.6445030792487192,60.0,60.0,285.0,0.0,mst,5.3483805848102755,2.1306360899630423,60.0,-60.0,507.0,0.0,mst,4.207587643115933,2.0017415605993043,-60.0,60.0,667.0,0.0,mst,0.35957017038372996,1.2316013012917837,-60.0,-60.0,524.0,0.0,mst,2.6918698852416205,1.0301467875907615,-33.749729297569175,-8.003336138907542,314.02221917904285,26,23485.03953799887,5,1.8988735610275638,1.300402969724422
