x 1,y 1,Count 1,Bkg Count 1,Telescope 1,Dangle 1,Altitude 1,x 2,y 2,Count 2,Bkg Count 2,Telescope 2,Dangle 2,Altitude 2,x 3,y 3,Count 3,Bkg Count 3,Telescope 3,Dangle 3,Altitude 3,x 4,y 4,Count 4,Bkg Count 4,Telescope 4,Dangle 4,Altitude 4,x 5,y 5,Count 5,Bkg Count 5,Telescope 5,Dangle 5,Altitude 5,True X,True Y,True Energy Per Nucleon,True Z,True Height,Detecions,Phi,Epsilon,Theta
0.0,0.0,3873.0,0.0,lst,3.7668321811124907,1.3131777240844267,60.0,60.0,402.0,0.0,mst,4.755424602114798,1.966782150908762,60.0,-60.0,26.0,0.0,mst,3.8526486116770657,2.9052649594267805,-60.0,60.0,0.0,0.0,mst,1.3705778920731349,0.36242224852575,-60.0,-60.0,346.0,0.0,mst,2.963288850985874,2.153710358500774,-41.393279272171114,55.95633341181059,298.1451733532856,26,23587.623969198656,4,1.8433173885906668,2.410255004152856
0.0,0.0,1840.0,111332.0,lst,6.063368436703911,0.9581227120352324,60.0,60.0,32.0,11215.0,mst,5.697332124690816,2.6477118034478373,60.0,-60.0,1036.0,14686.0,mst,4.487620767018244,1.5028755364435977,-60.0,60.0,78.0,10971.0,mst,0.4502784848791595,2.454178906504131,-60.0,-60.0,411.0,16138.0,mst,1.8924986556919206,1.1330210796742097,-8.979805523380321,-43.970716066561934,935.465261565256,26,30581.540856560794,5,1.5706344149736298,5.479325040884873
0.0,0.0,2816.0,0.0,lst,5.180969286027152,0.9270030013741439,60.0,60.0,0.0,0.0,mst,5.373046766746073,2.303289036905117,60.0,-60.0,49.0,0.0,mst,4.403238322127554,1.9089911790757272,-60.0,60.0,326.0,0.0,mst,0.12668488889058116,1.469172610095191,-60.0,-60.0,195.0,0.0,mst,2.8319098704841648,0.6391934996571356,-48.620206079831306,-25.3388711696697,354.51075664738426,26,23395.939503944006,4,1.3501668614514304,4.708737927521701
