x 1,y 1,Count 1,Bkg Count 1,Telescope 1,Dangle 1,Altitude 1,x 2,y 2,Count 2,Bkg Count 2,Telescope 2,Dangle 2,Altitude 2,x 3,y 3,Count 3,Bkg Count 3,Telescope 3,Dangle 3,Altitude 3,x 4,y 4,Count 4,Bkg Count 4,Telescope 4,Dangle 4,Altitude 4,x 5,y 5,Count 5,Bkg Count 5,Telescope 5,Dangle 5,Altitude 5,True X,True Y,True Energy Per Nucleon,True Z,True Height,Detecions,Phi,Epsilon,Theta
0.0,0.0,1663.0,72761.0,lst,4.126652641913901,1.3312553101586,60.0,60.0,75.0,9243.0,mst,4.965898059297404,2.6085954449453586,60.0,-60.0,0.0,8738.0,mst,3.9884305372211126,3.3051441802304935,-60.0,60.0,243.0,19700.0,mst,0.4230922831492738,0.8276980147070024,-60.0,-60.0,183.0,12201.0,mst,2.990627929856751,2.2854168735893214,-47.30546331304642,31.844879994918728,809.5408814238042,26,33875.709466485016,4,1.1936645348308508,4.336204962741762
0.0,0.0,9989.0,14667.0,lst,0.5851164822346114,1.545509999553223,60.0,60.0,0.0,1598.0,mst,6.237640699287859,2.208835839624843,60.0,-60.0,76.0,4946.0,mst,6.069728255756181,0.3900678362483319,-60.0,60.0,25.0,1094.0,mst,0.6647674808911699,2.8211884717124014,-60.0,-60.0,1658.0,1953.0,mst,1.375959984418585,1.7782049721868876,54.698095356925336,-84.51193816160793,474.3567368595957,26,22411.19876354736,4,1.638985664643175,3.3110303676134
