x 1,y 1,Count 1,Bkg Count 1,Telescope 1,Dangle 1,Altitude 1,x 2,y 2,Count 2,Bkg Count 2,Telescope 2,Dangle 2,Altitude 2,x 3,y 3,Count 3,Bkg Count 3,Telescope 3,Dangle 3,Altitude 3,x 4,y 4,Count 4,Bkg Count 4,Telescope 4,Dangle 4,Altitude 4,x 5,y 5,Count 5,Bkg Count 5,Telescope 5,Dangle 5,Altitude 5,True X,True Y,True Energy Per Nucleon,True Z,True Height,Detecions,Phi,Epsilon,Theta
0.0,0.0,1029.0,81897.0,lst,5.341566414110495,0.9105176518733117,60.0,60.0,50.0,7876.0,mst,5.456220280360014,2.986276435838306,60.0,-60.0,101.0,10552.0,mst,4.3067258440591045,2.4693438815837676,-60.0,60.0,504.0,10812.0,mst,0.3516143463758325,2.052918170795631,-60.0,-60.0,357.0,14294.0,mst,2.4503630396145923,1.1748240549233449,-29.822961445471094,-22.187631912123024,780.5837631211625,26,32824.542282056005,5,1.877009727209461,0.7661016691671944
0.0,0.0,4795.0,0.0,lst,1.5061600948839702,1.3919756219768271,60.0,60.0,620.0,0.0,mst,0.0877716002000727,1.369941452288738,60.0,-60.0,478.0,0.0,mst,3.038544723937827,1.2087372851509077,-60.0,60.0,0.0,0.0,mst,1.1137310725783978,3.015733162638917,-60.0,-60.0,34.0,0.0,mst,2.007152976186678,2.949674984011611,65.48784992081633,-3.8797541464639664,280.82162033530113,26,23970.76612629995,4,1.4973671262523116,1.7035029242277338
0.0,0.0,1176.0,38813.0,lst,4.851284266213851,0.5733005545327383,60.0,60.0,0.0,3636.0,mst,5.29851834809252,1.9105742963753867,60.0,-60.0,1128.0,3350.0,mst,4.162034181442765,1.8767630891881484,-60.0,60.0,623.0,5222.0,mst,0.39045271898034867,1.180817626487022,-60.0,-60.0,464.0,5636.0,mst,2.683802685586485,1.0665258494001935,-33.250107019130596,-4.148028265603642,543.586638389268,26,25281.928307047212,4,1.7472322487612082,5.661135196580894
