x 1,y 1,Count 1,Bkg Count 1,Telescope 1,Dangle 1,Altitude 1,x 2,y 2,Count 2,Bkg Count 2,Telescope 2,Dangle 2,Altitude 2,x 3,y 3,Count 3,Bkg Count 3,Telescope 3,Dangle 3,Altitude 3,x 4,y 4,Count 4,Bkg Count 4,Telescope 4,Dangle 4,Altitude 4,x 5,y 5,Count 5,Bkg Count 5,Telescope 5,Dangle 5,Altitude 5,True X,True Y,True Energy Per Nucleon,True Z,True Height,Detecions,Phi,Epsilon,Theta
0.0,0.0,0.0,43371.0,lst,2.742372542163238,None,60.0,60.0,187.0,4610.0,mst,5.426142102079089,2.489857214384372,60.0,-60.0,28.0,4674.0,mst,3.787524754368305,2.9752298536472765,-60.0,60.0,77.0,3879.0,mst,0.9391213284208599,2.8069531669246253,-60.0,-60.0,58.0,3604.0,mst,2.397155005798992,3.251107362691955,5.278951780067786,12.530329664691294,515.8518596284867,26,32840.39201529388,4,1.8383320740327638,3.6110418485980578
0.0,0.0,2988.0,101703.0,lst,3.182717413639294,1.1812209344248434,60.0,60.0,980.0,23293.0,mst,4.548022265345865,1.0587259907302136,60.0,-60.0,100.0,8583.0,mst,3.603568238986022,2.403430733414307,-60.0,60.0,384.0,24873.0,mst,1.7548368918437205,0.9768454445955467,-60.0,-60.0,0.0,14117.0,mst,2.7155579961822447,2.3774540469938987,-2.2221655927787936,70.59213376969493,1028.741133379293,26,25909.411147238596,4,1.5828586900450563,4.353066254501731
0.0,0.0,11948.0,13138.0,lst,4.583421418632901,1.6479027508365818,60.0,60.0,0.0,1664.0,mst,5.017828305493986,2.7567637386012303,60.0,-60.0,23.0,1397.0,mst,4.292608888335673,2.935761499758869,-60.0,60.0,822.0,2562.0,mst,5.652709453836905,1.0385682123671218,-60.0,-60.0,877.0,2631.0,mst,3.617574900855785,1.3777995342269247,-96.40573746937474,10.52802873248794,477.46904211822505,26,25226.01624136547,4,1.8218248627271623,5.2801546352321544
0.0,0.0,2694.0,127252.0,lst,4.523943619271156,0.795394072557951,60.0,60.0,0.0,11489.0,mst,5.184103472600062,2.087983401181165,60.0,-60.0,155.0,17444.0,mst,4.119392839161025,2.2600285671049516,-60.0,60.0,719.0,23396.0,mst,0.3017536818511867,0.9984025122455255,-60.0,-60.0,1005.0,23404.0,mst,2.912678359776949,1.2685697631628687,-43.57554821067828,8.267029877552943,992.5050720094838,26,27565.99003244856,4,1.6708500051911397,0.10557638436647995
