x 1,y 1,Count 1,Bkg Count 1,Telescope 1,Dangle 1,Altitude 1,x 2,y 2,Count 2,Bkg Count 2,Telescope 2,Dangle 2,Altitude 2,x 3,y 3,Count 3,Bkg Count 3,Telescope 3,Dangle 3,Altitude 3,x 4,y 4,Count 4,Bkg Count 4,Telescope 4,Dangle 4,Altitude 4,x 5,y 5,Count 5,Bkg Count 5,Telescope 5,Dangle 5,Altitude 5,True X,True Y,True Energy Per Nucleon,True Z,True Height,Detecions,Phi,Epsilon,Theta
0.0,0.0,254.0,499158.0,lst,3.9203254262668468,0.33345202378013655,60.0,60.0,995.0,31257.0,mst,5.243796848777037,1.2454042291333285,60.0,-60.0,1444.0,25474.0,mst,3.9288110316127955,1.5941847829104294,-60.0,60.0,553.0,46604.0,mst,0.7782287006739133,0.97795246902057,-60.0,-60.0,1317.0,36954.0,mst,2.6064292935204616,1.3893871597534921,-15.447433654497814,15.744431676969981,2007.1303388441218,26,25745.36337596483,5,1.2302040923519237,5.2055791530058695
0.0,0.0,2318.0,0.0,lst,5.796941604530331,0.9507725599174067,60.0,60.0,0.0,0.0,mst,5.592177952217587,2.629264772648007,60.0,-60.0,342.0,0.0,mst,4.478668876710297,1.7800807230747229,-60.0,60.0,76.0,0.0,mst,0.358331288239644,2.1936530465772694,-60.0,-60.0,392.0,0.0,mst,2.0584017926911216,0.9467222127044613,-22.419191389155074,-40.79940918391854,314.4386440373696,26,25242.024840400674,4,1.261316198238445,5.930792819927079
0.0,0.0,2153.0,252011.0,lst,2.5147977961380383,1.1991092843188993,60.0,60.0,195.0,62685.0,mst,5.201809713418618,0.6979547331774438,60.0,-60.0,331.0,25096.0,mst,3.413090594468815,2.337050251459842,-60.0,60.0,577.0,29726.0,mst,1.4309323871608872,2.0258140380558043,-60.0,-60.0,0.0,15856.0,mst,2.4104029210704647,3.0176326813594128,32.39645619593347,45.401407542371174,1831.7699292847585,26,32757.20520196259,4,1.7719172361637645,2.67423670857163
0.0,0.0,1259.0,30065.0,lst,5.296352099445165,1.0227408874370842,60.0,60.0,22.0,2570.0,mst,5.423482756529128,3.303144666441273,60.0,-60.0,59.0,2667.0,mst,4.300324589289199,2.6819564132847087,-60.0,60.0,285.0,3000.0,mst,0.3644338021645711,2.307363125142532,-60.0,-60.0,418.0,2279.0,mst,2.5160354397250875,1.3105576919675963,-30.601509282797338,-20.309501389586927,481.37062176342687,26,30413.586623356972,5,1.414830643674721,2.4498734373128914
