x 1,y 1,Count 1,Bkg Count 1,Telescope 1,Dangle 1,Altitude 1,x 2,y 2,Count 2,Bkg Count 2,Telescope 2,Dangle 2,Altitude 2,x 3,y 3,Count 3,Bkg Count 3,Telescope 3,Dangle 3,Altitude 3,x 4,y 4,Count 4,Bkg Count 4,Telescope 4,Dangle 4,Altitude 4,x 5,y 5,Count 5,Bkg Count 5,Telescope 5,Dangle 5,Altitude 5,True X,True Y,True Energy Per Nucleon,True Z,True Height,Detecions,Phi,Epsilon,Theta
0.0,0.0,2084.0,15438.0,lst,1.8743696634988032,1.1456290415911836,60.0,60.0,287.0,3146.0,mst,6.087553159312456,0.9486788844782745,60.0,-60.0,1304.0,3946.0,mst,3.2769744637405096,1.6715424543855988,-60.0,60.0,57.0,2133.0,mst,1.1818923072432057,2.5157962877420847,-60.0,-60.0,0.0,1803.0,mst,2.1786489813924774,2.8755150329184205,50.43218334676081,16.166368056223888,475.51384098818914,26,27967.197837057913,4,1.718429683445288,0.8125025347935653
0.0,0.0,5693.0,32794.0,lst,3.968103079585077,1.038004449561611,60.0,60.0,578.0,2918.0,mst,4.8365748679842,1.6760160405069728,60.0,-60.0,206.0,3010.0,mst,3.957500367349961,2.3004786508408204,-60.0,60.0,0.0,7406.0,mst,0.5767706906902202,None,-60.0,-60.0,2711.0,4056.0,mst,3.0632507436524774,1.612755364268619,-51.28663473380121,46.357995570807674,522.9639704579092,26,22581.517743164,4,1.4276220399507604,5.204240283398322
0.0,0.0,3955.0,25078.0,lst,3.689633108758685,1.0875108299774952,60.0,60.0,3095.0,3785.0,mst,4.707645274750099,1.5594976712327937,60.0,-60.0,0.0,2336.0,mst,3.8440788771827634,2.4028232053336165,-60.0,60.0,57.0,5996.0,mst,1.5566694106623946,0.3861279038665363,-60.0,-60.0,881.0,3383.0,mst,2.92463466122777,1.892431934846467,-36.49691577155345,59.91949561741447,539.425857590972,26,25198.71919480324,4,1.9143545878911925,3.3107717769697187
0.0,0.0,2024.0,116390.0,lst,5.058880721699026,0.6863549166863476,60.0,60.0,0.0,11185.0,mst,5.3256276932904285,1.8151172735413708,60.0,-60.0,3010.0,12669.0,mst,4.314766333240467,1.5373477197264187,-60.0,60.0,459.0,21638.0,mst,0.1635141790788433,1.1487146675990676,-60.0,-60.0,212.0,30642.0,mst,2.8372067518318387,0.6646467657030871,-46.96685605174332,-16.546841801029274,1080.4838446884298,26,23982.437081693195,4,1.9397973174591283,4.509706374276079
