x 1,y 1,Count 1,Bkg Count 1,Telescope 1,Dangle 1,Altitude 1,x 2,y 2,Count 2,Bkg Count 2,Telescope 2,Dangle 2,Altitude 2,x 3,y 3,Count 3,Bkg Count 3,Telescope 3,Dangle 3,Altitude 3,x 4,y 4,Count 4,Bkg Count 4,Telescope 4,Dangle 4,Altitude 4,x 5,y 5,Count 5,Bkg Count 5,Telescope 5,Dangle 5,Altitude 5,True X,True Y,True Energy Per Nucleon,True Z,True Height,Detecions,Phi,Epsilon,Theta
0.0,0.0,1649.0,71998.0,lst,1.0821336430167212,1.0051190270080412,60.0,60.0,820.0,9522.0,mst,6.138138731020955,1.573944206005212,60.0,-60.0,202.0,10464.0,mst,3.4852597573520194,0.6681367499125743,-60.0,60.0,61.0,6576.0,mst,0.8793830986547707,2.5070771425248926,-60.0,-60.0,109.0,7989.0,mst,1.8722106610677072,2.0828285280457037,48.046640819277286,-26.345775261920025,770.4764353661585,26,27704.902063880007,5,1.3744541161768455,0.09989834030203328
0.0,0.0,5416.0,0.0,lst,4.223671583807974,1.3975190218699725,60.0,60.0,21.0,0.0,mst,4.902428055723514,2.450021472539895,60.0,-60.0,29.0,0.0,mst,4.056000591008486,2.978346104313742,-60.0,60.0,70.0,0.0,mst,6.040273633387167,0.5041069865600977,-60.0,-60.0,295.0,0.0,mst,3.2018957605713205,1.8430665426420134,-66.16880644293076,35.3956757969338,378.77163542666835,26,25976.747167375943,5,1.2718462584324497,4.091098077314654
0.0,0.0,277.0,24175.0,lst,3.4865401811327237,0.5447710311233613,60.0,60.0,106.0,2791.0,mst,5.271691966528145,2.0909444636804086,60.0,-60.0,27.0,2030.0,mst,3.8518860496517204,2.7174204554874746,-60.0,60.0,552.0,3762.0,mst,0.914789869927508,1.6682967125824433,-60.0,-60.0,172.0,1917.0,mst,2.545401747826666,2.3709936250078263,-7.029214270005468,19.440657443249876,477.2349074004761,26,30026.068785449017,5,1.8297068713707856,1.7116752052019353
0.0,0.0,3228.0,0.0,lst,5.207003339995465,1.2780775571631895,60.0,60.0,24.0,0.0,mst,5.38295940264447,2.914817190548652,60.0,-60.0,74.0,0.0,mst,4.459447669548399,2.4847346875410286,-60.0,60.0,907.0,0.0,mst,0.037237827901082717,1.7275366870844961,-60.0,-60.0,78.0,0.0,mst,3.0452292151442704,0.627494100822504,-56.75556663588523,-30.36000029469129,308.4005925519542,26,24624.403247160542,5,1.8957725238767416,0.21431522349343746
