x 1,y 1,Count 1,Bkg Count 1,Telescope 1,Dangle 1,Altitude 1,x 2,y 2,Count 2,Bkg Count 2,Telescope 2,Dangle 2,Altitude 2,x 3,y 3,Count 3,Bkg Count 3,Telescope 3,Dangle 3,Altitude 3,x 4,y 4,Count 4,Bkg Count 4,Telescope 4,Dangle 4,Altitude 4,x 5,y 5,Count 5,Bkg Count 5,Telescope 5,Dangle 5,Altitude 5,True X,True Y,True Energy Per Nucleon,True Z,True Height,Detecions,Phi,Epsilon,Theta
0.0,0.0,1034.0,33954.0,lst,2.946651521274794,0.9076291257604862,60.0,60.0,369.0,4907.0,mst,5.098041841897007,1.2944259513255192,60.0,-60.0,108.0,1945.0,mst,3.63090050978694,2.545348081069859,-60.0,60.0,201.0,3299.0,mst,1.2852320351477888,1.7609409184569107,-60.0,-60.0,39.0,2103.0,mst,2.5464254088718756,2.835165213983841,7.558849432636578,38.54423084695421,491.9353591177344,26,29594.99430261582,5,1.873389833765308,4.326060629477905
0.0,0.0,1942.0,11017.0,lst,2.6190350189330376,1.2344567575256111,60.0,60.0,217.0,1607.0,mst,5.0658855343580695,0.8322268171221784,60.0,-60.0,161.0,1045.0,mst,3.438177339972644,2.5993990162809606,-60.0,60.0,560.0,1618.0,mst,1.437097397546274,2.0078890579185713,-60.0,-60.0,0.0,823.0,mst,2.456448921079438,3.165335309464988,26.041280929545422,46.98158475724895,433.5566948772495,26,28168.077632090073,4,1.4464708354809517,1.534765377729989
0.0,0.0,1974.0,463521.0,lst,0.14559272567482046,0.9856729995704461,60.0,60.0,0.0,31595.0,mst,5.809053056847836,2.64323110744425,60.0,-60.0,331.0,72888.0,mst,4.408687393154907,1.269789024199288,-60.0,60.0,57.0,22776.0,mst,0.5688489137927161,2.760116761692048,-60.0,-60.0,735.0,51232.0,mst,1.8301794118431702,1.5452150245260377,6.305949101402064,-42.76069807352327,2449.0830386188118,26,33553.050283605706,4,1.7038873058875703,2.3550434927059296
