x 1,y 1,Count 1,Bkg Count 1,Telescope 1,Dangle 1,Altitude 1,x 2,y 2,Count 2,Bkg Count 2,Telescope 2,Dangle 2,Altitude 2,x 3,y 3,Count 3,Bkg Count 3,Telescope 3,Dangle 3,Altitude 3,x 4,y 4,Count 4,Bkg Count 4,Telescope 4,Dangle 4,Altitude 4,x 5,y 5,Count 5,Bkg Count 5,Telescope 5,Dangle 5,Altitude 5,True X,True Y,True Energy Per Nucleon,True Z,True Height,Detecions,Phi,Epsilon,Theta
0.0,0.0,2960.0,179.0,lst,2.334280859310509,1.1416666969690594,60.0,60.0,58.0,43.0,mst,5.586853330486387,0.4104944420491192,60.0,-60.0,575.0,28.0,mst,3.2701664195840165,1.9040833855433519,-60.0,60.0,578.0,21.0,mst,1.4247138705776534,1.9310473571490145,-60.0,-60.0,35.0,23.0,mst,2.3549064306031484,2.7058960782573056,46.268985265449686,43.503017763502186,388.7015650552348,26,24738.660364616502,5,1.7734331548360194,1.3263293835540029
0.0,0.0,765.0,110115.0,lst,3.5640176117259075,1.668177036760102,60.0,60.0,278.0,18357.0,mst,4.482706801742895,1.8549658772981783,60.0,-60.0,0.0,10997.0,mst,3.7486560814909535,3.2031343662886744,-60.0,60.0,143.0,43668.0,mst,2.3161377041960822,0.6147962707658395,-60.0,-60.0,72.0,12649.0,mst,2.97463107571626,2.7095959191968824,-36.128931187807495,81.43730270131113,1254.7741509517268,26,28930.86395077097,4,1.6985312181066188,6.041752943887978
