x 1,y 1,Count 1,Bkg Count 1,Telescope 1,Dangle 1,Altitude 1,x 2,y 2,Count 2,Bkg Count 2,Telescope 2,Dangle 2,Altitude 2,x 3,y 3,Count 3,Bkg Count 3,Telescope 3,Dangle 3,Altitude 3,x 4,y 4,Count 4,Bkg Count 4,Telescope 4,Dangle 4,Altitude 4,x 5,y 5,Count 5,Bkg Count 5,Telescope 5,Dangle 5,Altitude 5,True X,True Y,True Energy Per Nucleon,True Z,True Height,Detecions,Phi,Epsilon,Theta
0.0,0.0,3725.0,56387.0,lst,1.9277137490350547,0.8356665762153381,60.0,60.0,382.0,11369.0,mst,6.071367639460104,0.6927921972944104,60.0,-60.0,740.0,13183.0,mst,3.2546495808602316,1.219544501887232,-60.0,60.0,0.0,7381.0,mst,1.231912442180035,1.8381397056854365,-60.0,-60.0,231.0,7446.0,mst,2.1747185092893084,2.048316347779875,51.43919523103034,19.26330626269211,737.4919259519364,26,25422.896973957024,4,1.903625849036102,2.4017961949577193
0.0,0.0,285.0,76201.0,lst,6.040667576925626,0.5784345631907203,60.0,60.0,0.0,7707.0,mst,5.610743760951794,2.7930007357896547,60.0,-60.0,687.0,9477.0,mst,4.170769578019318,2.0296089172132517,-60.0,60.0,119.0,7026.0,mst,0.5827230767451711,2.496044874012705,-60.0,-60.0,840.0,11929.0,mst,2.175659624895499,1.6800365249777776,-5.069683890642779,-21.468331538082566,694.3866728245961,26,33005.877811096616,4,1.8716734461148317,1.6909355716314902
