x 1,y 1,Count 1,Bkg Count 1,Telescope 1,Dangle 1,Altitude 1,x 2,y 2,Count 2,Bkg Count 2,Telescope 2,Dangle 2,Altitude 2,x 3,y 3,Count 3,Bkg Count 3,Telescope 3,Dangle 3,Altitude 3,x 4,y 4,Count 4,Bkg Count 4,Telescope 4,Dangle 4,Altitude 4,x 5,y 5,Count 5,Bkg Count 5,Telescope 5,Dangle 5,Altitude 5,True X,True Y,True Energy Per Nucleon,True Z,True Height,Detecions,Phi,Epsilon,Theta
0.0,0.0,1547.0,255402.0,lst,0.7046040686367849,0.98936990887514,60.0,60.0,98.0,22104.0,mst,5.896105155771458,2.677703263579189,60.0,-60.0,416.0,41780.0,mst,3.9700736807115065,1.447658886484772,-60.0,60.0,0.0,19786.0,mst,0.7688277638179769,3.2228991131453326,-60.0,-60.0,137.0,22311.0,mst,1.937370980113649,2.4589789602936403,24.453249320145346,-27.72641198848278,1471.9562208694429,26,38291.37079656668,4,1.9303916517799524,1.0168590409632001
0.0,0.0,2199.0,37816.0,lst,3.3418674527628545,1.092907462377964,60.0,60.0,777.0,5664.0,mst,4.8255903083972385,1.4976165359325346,60.0,-60.0,0.0,3673.0,mst,3.698799772900057,2.7438474018658874,-60.0,60.0,217.0,8618.0,mst,1.3805826095063274,1.028791602010629,-60.0,-60.0,210.0,4749.0,mst,2.7222180805097134,2.5267471183582297,-11.304893482676334,51.09422087178419,588.417177108288,26,28690.5365115884,4,1.627085183978795,1.5346971162480214
