x 1,y 1,Count 1,Bkg Count 1,Telescope 1,Dangle 1,Altitude 1,x 2,y 2,Count 2,Bkg Count 2,Telescope 2,Dangle 2,Altitude 2,x 3,y 3,Count 3,Bkg Count 3,Telescope 3,Dangle 3,Altitude 3,x 4,y 4,Count 4,Bkg Count 4,Telescope 4,Dangle 4,Altitude 4,x 5,y 5,Count 5,Bkg Count 5,Telescope 5,Dangle 5,Altitude 5,True X,True Y,True Energy Per Nucleon,True Z,True Height,Detecions,Phi,Epsilon,Theta
0.0,0.0,625.0,21150.0,lst,3.7870029929936853,0.5309768486401636,60.0,60.0,817.0,2275.0,mst,5.110774584345205,1.4115360236185726,60.0,-60.0,0.0,1920.0,mst,3.868644814943853,1.9220586455924236,-60.0,60.0,399.0,2614.0,mst,0.8805590168834097,0.8287588533099381,-60.0,-60.0,1195.0,1774.0,mst,2.7158268443875064,1.5186671025588283,-19.435440633376544,26.596627666190955,455.73291251620054,26,23519.22565025243,4,1.378004539593675,1.6668550142548277
0.0,0.0,4103.0,16760.0,lst,4.666106464252635,1.032876404027734,60.0,60.0,0.0,1720.0,mst,5.1196539922343245,2.077732472922459,60.0,-60.0,256.0,1512.0,mst,4.247364533042619,2.1298473975322323,-60.0,60.0,486.0,2621.0,mst,6.061156899180274,0.8313449310064484,-60.0,-60.0,545.0,3151.0,mst,3.314842629488891,0.9701523091392354,-71.68255989693432,3.481722002017534,479.42892740379585,26,21653.038600885295,4,1.4531527973793021,5.197128438144333
