x 1,y 1,Count 1,Bkg Count 1,Telescope 1,Dangle 1,Altitude 1,x 2,y 2,Count 2,Bkg Count 2,Telescope 2,Dangle 2,Altitude 2,x 3,y 3,Count 3,Bkg Count 3,Telescope 3,Dangle 3,Altitude 3,x 4,y 4,Count 4,Bkg Count 4,Telescope 4,Dangle 4,Altitude 4,x 5,y 5,Count 5,Bkg Count 5,Telescope 5,Dangle 5,Altitude 5,True X,True Y,True Energy Per Nucleon,True Z,True Height,Detecions,Phi,Epsilon,Theta
0.0,0.0,6925.0,0.0,lst,4.686809349025331,1.224992768683051,60.0,60.0,0.0,0.0,mst,5.094286117017328,2.2256876071922536,60.0,-60.0,77.0,0.0,mst,4.324155419702371,2.2672241824078,-60.0,60.0,572.0,0.0,mst,5.8588622337546825,0.9052920659546442,-60.0,-60.0,1074.0,0.0,mst,3.5327914192449397,0.9492940538131459,-86.44097407039365,0.9914844475663642,385.2527200278813,26,20425.632976453242,4,1.7559403400966223,0.8682751561099711
0.0,0.0,1137.0,0.0,lst,1.772895898499233,0.7854013421666931,60.0,60.0,595.0,0.0,mst,5.928973592906296,1.0337995572819498,60.0,-60.0,918.0,0.0,mst,3.394894869692815,1.3128594796941562,-60.0,60.0,316.0,0.0,mst,1.1054863439657265,2.1214667964407266,-60.0,-60.0,129.0,0.0,mst,2.1546358318612637,2.2752655191624744,41.32337070371773,8.298350447758509,265.5766799259825,26,22264.27583364856,5,1.5896221919890605,3.9292698903271015
