x 1,y 1,Count 1,Bkg Count 1,Telescope 1,Dangle 1,Altitude 1,x 2,y 2,Count 2,Bkg Count 2,Telescope 2,Dangle 2,Altitude 2,x 3,y 3,Count 3,Bkg Count 3,Telescope 3,Dangle 3,Altitude 3,x 4,y 4,Count 4,Bkg Count 4,Telescope 4,Dangle 4,Altitude 4,x 5,y 5,Count 5,Bkg Count 5,Telescope 5,Dangle 5,Altitude 5,True X,True Y,True Energy Per Nucleon,True Z,True Height,Detecions,Phi,Epsilon,Theta
0.0,0.0,2134.0,38311.0,lst,2.1773862750733683,0.8414126447847917,60.0,60.0,235.0,6770.0,mst,5.741808567295793,0.5774857564866526,60.0,-60.0,1116.0,6715.0,mst,3.3197194318977554,1.494245892692714,-60.0,60.0,503.0,4368.0,mst,1.2717767034639815,1.737454464653161,-60.0,-60.0,305.0,3353.0,mst,2.306040413264555,2.224673905397667,42.44718082152002,29.387129751249518,564.762815844918,26,24216.00977399658,5,1.645764550561023,0.27267141029872466
0.0,0.0,521.0,29458.0,lst,2.400537579826203,0.6364397413373337,60.0,60.0,420.0,4321.0,mst,5.487003372492699,1.4621945927444342,60.0,-60.0,61.0,2609.0,mst,3.6437589536992365,2.1838471095004977,-60.0,60.0,291.0,3304.0,mst,1.0560953287689028,2.240297189044751,-60.0,-60.0,0.0,2839.0,mst,2.3671606199384114,2.7893834654972647,17.032336268017104,18.651099122293004,497.9845779506393,26,30052.38247405279,4,1.8088680370713475,4.35918852464627
0.0,0.0,974.0,379013.0,lst,2.906320371307884,0.7718422743660385,60.0,60.0,315.0,65134.0,mst,5.091297213741621,1.0642860295511731,60.0,-60.0,0.0,35241.0,mst,3.6143649030062037,2.1671020036864563,-60.0,60.0,931.0,72471.0,mst,1.2672705535759412,1.4499532441070049,-60.0,-60.0,117.0,25398.0,mst,2.5321992852269357,2.4021562883242993,8.896922748995934,38.572758045024216,3540.2107586783886,26,30880.938336058145,4,1.7468083709028182,4.817328001662716
0.0,0.0,2731.0,3361.0,lst,0.2131065483822745,1.2150474297004648,60.0,60.0,80.0,478.0,mst,5.928493192617411,2.492105681803963,60.0,-60.0,181.0,868.0,mst,4.749060254223324,0.8605443781592759,-60.0,60.0,0.0,418.0,mst,0.5386780772918054,2.7166622325068093,-60.0,-60.0,783.0,719.0,mst,1.5429051549260457,1.3832636112456105,13.268358298616874,-62.08202999025568,407.38462481729664,26,25415.652965522568,4,1.3743448644290228,3.3056111896047713
