x 1,y 1,Count 1,Bkg Count 1,Telescope 1,Dangle 1,Altitude 1,x 2,y 2,Count 2,Bkg Count 2,Telescope 2,Dangle 2,Altitude 2,x 3,y 3,Count 3,Bkg Count 3,Telescope 3,Dangle 3,Altitude 3,x 4,y 4,Count 4,Bkg Count 4,Telescope 4,Dangle 4,Altitude 4,x 5,y 5,Count 5,Bkg Count 5,Telescope 5,Dangle 5,Altitude 5,True X,True Y,True Energy Per Nucleon,True Z,True Height,Detecions,Phi,Epsilon,Theta
0.0,0.0,1276.0,25787.0,lst,4.454448678560705,1.0361122594926566,60.0,60.0,0.0,2884.0,mst,5.162710712914609,2.7105888149771538,60.0,-60.0,22.0,2616.0,mst,4.088366887056362,3.000742021712398,-60.0,60.0,536.0,4498.0,mst,0.3963077953800165,1.244194140850865,-60.0,-60.0,689.0,3840.0,mst,2.886785140020025,1.7714249345586242,-40.60800402804651,11.073769828912361,495.4863625917954,26,29578.79063581996,4,1.7871422776275756,0.9209066867252514
0.0,0.0,3436.0,32011.0,lst,0.32976489833053063,1.2850930728634964,60.0,60.0,274.0,5259.0,mst,6.024855132167268,2.2576498182108957,60.0,-60.0,279.0,8597.0,mst,5.106744515966121,0.6090104350295419,-60.0,60.0,0.0,3528.0,mst,0.5546586443243692,2.640068890261156,-60.0,-60.0,1143.0,6132.0,mst,1.4086018880226763,1.4504166886575824,24.634606711657085,-74.55231354219164,596.4536513908014,26,24869.104873096065,4,1.8221726488088394,4.651383057534406
