x 1,y 1,Count 1,Bkg Count 1,Telescope 1,Dangle 1,Altitude 1,x 2,y 2,Count 2,Bkg Count 2,Telescope 2,Dangle 2,Altitude 2,x 3,y 3,Count 3,Bkg Count 3,Telescope 3,Dangle 3,Altitude 3,x 4,y 4,Count 4,Bkg Count 4,Telescope 4,Dangle 4,Altitude 4,x 5,y 5,Count 5,Bkg Count 5,Telescope 5,Dangle 5,Altitude 5,True X,True Y,True Energy Per Nucleon,True Z,True Height,Detecions,Phi,Epsilon,Theta
0.0,0.0,546.0,0.0,lst,4.550100666463117,0.5485045900230716,60.0,60.0,34.0,0.0,mst,5.270945246517119,2.083634768785714,60.0,-60.0,0.0,0.0,mst,4.0619051034675895,2.1857943525320986,-60.0,60.0,564.0,0.0,mst,0.531304120713858,1.3471816154355345,-60.0,-60.0,1011.0,0.0,mst,2.699185030234289,1.5234600981481539,-27.5573850897093,4.95919917153617,244.32378422407837,26,22704.510603226794,4,1.8210172738662371,4.586304781113097
0.0,0.0,1902.0,20955.0,lst,6.074510497669196,0.8884946744140216,60.0,60.0,47.0,2402.0,mst,5.719404494818443,2.428833360531154,60.0,-60.0,722.0,3950.0,mst,4.5171683123767785,1.44466945037562,-60.0,60.0,388.0,2412.0,mst,0.4568746224945824,2.226938008357077,-60.0,-60.0,269.0,4758.0,mst,1.8361144428421805,1.0054035547146012,-9.67200415971655,-46.34307801626832,500.6398971604396,26,27706.17477206313,5,1.2494762241106947,0.30968386145193855
