x 1,y 1,Count 1,Telescope 1,Dangle 1,Altitude 1,x 2,y 2,Count 2,Telescope 2,Dangle 2,Altitude 2,x 3,y 3,Count 3,Telescope 3,Dangle 3,Altitude 3,x 4,y 4,Count 4,Telescope 4,Dangle 4,Altitude 4,x 5,y 5,Count 5,Telescope 5,Dangle 5,Altitude 5,True X,True Y,True Energy Per Nucleon,True Z,True Height,Detecions,Phi,Epsilon,Theta
0.0,0.0,5646.70825252,lst,5.17269261287,1.20386567615,60.0,60.0,71.6357270423,mst,5.36050492663,None,60.0,-60.0,89.8963800417,mst,4.52862119056,None,-60.0,60.0,2159.35131601,mst,6.14609590742,1.46746301147,-60.0,-60.0,692.857140796,mst,3.57882950654,0.396709412032,-71.5255570134,-35.2183331355,1061.06628578,26,25769.3126922,5,1.39430508942,3.56353820294
0.0,0.0,778.986508781,lst,6.04489074086,1.91864501759,60.0,60.0,67.0488339334,mst,5.67193165077,None,60.0,-60.0,181.787789776,mst,4.47561412484,None,-60.0,60.0,90.3654313113,mst,0.444819851471,None,-60.0,-60.0,196.781249931,mst,1.91369674739,None,-11.9347922828,-43.4981176029,480.293366924,26,33416.4151995,4,1.3415706609,4.44115262044
0.0,0.0,551.516182662,lst,1.89158485131,None,60.0,60.0,632.2959577,mst,0.462174748531,0.8531263466,60.0,-60.0,142.485168657,mst,2.94746741771,None,-60.0,60.0,71.696810462,mst,1.33479900452,None,-60.0,-60.0,48.7340635203,mst,2.13658537112,None,77.5474143382,26.3145097405,447.08644603,26,28973.9148751,4,1.88263408107,4.84979491687
